date,daily_return,fund
2021-01-04,-0.005678582087367564,combined_min_variance
2021-01-05,0.0017535752648596232,combined_min_variance
2021-01-06,0.0056560369882215095,combined_min_variance
2021-01-07,0.007070044868826859,combined_min_variance
2021-01-08,0.0014210623059465596,combined_min_variance
2021-01-11,-0.0033297328970427033,combined_min_variance
2021-01-12,-0.006299966318139999,combined_min_variance
2021-01-13,-9.526226079614166e-06,combined_min_variance
2021-01-14,0.0020689661898849114,combined_min_variance
2021-01-15,-0.0013912570196496306,combined_min_variance
2021-01-19,0.007564379137222832,combined_min_variance
2021-01-20,0.014285592400356312,combined_min_variance
2021-01-21,-0.008135484432027676,combined_min_variance
2021-01-22,-0.00042881978663284674,combined_min_variance
2021-01-25,0.005215147847673813,combined_min_variance
2021-01-26,-0.0017943553860104513,combined_min_variance
2021-01-27,-0.022580499165911705,combined_min_variance
2021-01-28,0.007036226390721016,combined_min_variance
2021-01-29,-0.007292582111715477,combined_min_variance
2021-02-01,0.00359019974276523,combined_min_variance
2021-02-02,0.008899720916946302,combined_min_variance
2021-02-03,-0.008226962228724113,combined_min_variance
2021-02-04,0.0021798601921812523,combined_min_variance
2021-02-05,0.013359076702456334,combined_min_variance
2021-02-08,0.0038375777253875027,combined_min_variance
2021-02-09,-0.003285075889433533,combined_min_variance
2021-02-10,-0.004158826706355824,combined_min_variance
2021-02-11,-0.0036003228889281537,combined_min_variance
2021-02-12,0.004055163235449601,combined_min_variance
2021-02-16,-0.01084506706518967,combined_min_variance
2021-02-17,0.00498351534102278,combined_min_variance
2021-02-18,-0.002440570886299553,combined_min_variance
2021-02-19,-0.009193480584755505,combined_min_variance
2021-02-22,-0.002304439139932702,combined_min_variance
2021-02-23,-0.004944316958949551,combined_min_variance
2021-02-24,-0.0013751148441975012,combined_min_variance
2021-02-25,-0.010063300575012394,combined_min_variance
2021-02-26,-0.015955392112720124,combined_min_variance
2021-03-01,0.01272793966657108,combined_min_variance
2021-03-02,0.004138145972275044,combined_min_variance
2021-03-03,-0.013037253318332102,combined_min_variance
2021-03-04,-0.005544304390575228,combined_min_variance
2021-03-05,0.016354330952696998,combined_min_variance
2021-03-08,-0.00469675888138673,combined_min_variance
2021-03-09,0.007842489180938153,combined_min_variance
2021-03-10,0.006461288527451323,combined_min_variance
2021-03-11,0.0018849729247663511,combined_min_variance
2021-03-12,0.0037222526537322455,combined_min_variance
2021-03-15,0.011930731102446945,combined_min_variance
2021-03-16,0.00732318111380292,combined_min_variance
2021-03-17,-0.005019197102322025,combined_min_variance
2021-03-18,-0.007238119358957666,combined_min_variance
2021-03-19,-0.0006192913655079731,combined_min_variance
2021-03-22,0.008738815483116615,combined_min_variance
2021-03-23,-0.001615937282925513,combined_min_variance
2021-03-24,-0.006281678438638479,combined_min_variance
2021-03-25,0.0018481853099273859,combined_min_variance
2021-03-26,0.01793210267825994,combined_min_variance
2021-03-29,0.009790293432094982,combined_min_variance
2021-03-30,-0.009034242821338263,combined_min_variance
2021-03-31,-0.00045040401087408983,combined_min_variance
2021-04-01,0.00868115633498855,combined_min_variance
2021-04-05,0.012797472512655762,combined_min_variance
2021-04-06,0.000787649916762387,combined_min_variance
2021-04-07,-0.0033872235065496655,combined_min_variance
2021-04-08,0.0004176605453325401,combined_min_variance
2021-04-09,0.002066744375111616,combined_min_variance
2021-04-12,0.0011458061742681807,combined_min_variance
2021-04-13,0.0067570511450423774,combined_min_variance
2021-04-14,-0.003520642525404386,combined_min_variance
2021-04-15,0.015089171066979115,combined_min_variance
2021-04-16,0.00499416518135651,combined_min_variance
2021-04-19,-0.004663314739450879,combined_min_variance
2021-04-20,0.0028547689003816643,combined_min_variance
2021-04-21,0.0036648667867231954,combined_min_variance
2021-04-22,-0.005524999760979692,combined_min_variance
2021-04-23,0.0034198142001059723,combined_min_variance
2021-04-26,-0.0009022295029943783,combined_min_variance
2021-04-27,-0.0010662249889912634,combined_min_variance
2021-04-28,-0.0043573839363894975,combined_min_variance
2021-04-29,0.006022596008300371,combined_min_variance
2021-04-30,0.0011860227323276162,combined_min_variance
2021-05-03,0.0053644589171323,combined_min_variance
2021-05-04,-0.0051944385147612085,combined_min_variance
2021-05-05,0.0029953280510808446,combined_min_variance
2021-05-06,0.00763855548606532,combined_min_variance
2021-05-07,0.006549817509009688,combined_min_variance
2021-05-10,-0.0025850391092426864,combined_min_variance
2021-05-11,-0.005204804476015873,combined_min_variance
2021-05-12,-0.01911879176227521,combined_min_variance
2021-05-13,0.011200152146367236,combined_min_variance
2021-05-14,0.009163001123959878,combined_min_variance
2021-05-17,-0.001825394941264423,combined_min_variance
2021-05-18,-0.0046853202243329955,combined_min_variance
2021-05-19,-0.005415211630029563,combined_min_variance
2021-05-20,0.012798903166462953,combined_min_variance
2021-05-21,-0.001986170129034151,combined_min_variance
2021-05-24,0.007060103919248804,combined_min_variance
2021-05-25,-0.003904624161802075,combined_min_variance
2021-05-26,0.0025956431194784943,combined_min_variance
2021-05-27,-0.0019822656604980464,combined_min_variance
2021-05-28,0.002311236300329431,combined_min_variance
2021-06-01,-0.0025937688538747398,combined_min_variance
2021-06-02,0.0027699241214548345,combined_min_variance
2021-06-03,0.0016836211355854883,combined_min_variance
2021-06-04,0.006862517842328594,combined_min_variance
2021-06-07,-0.0012433292465345131,combined_min_variance
2021-06-08,-0.004583185140128495,combined_min_variance
2021-06-09,0.0009311137579293004,combined_min_variance
2021-06-10,0.006622772152632379,combined_min_variance
2021-06-11,-0.0007488090448001331,combined_min_variance
2021-06-14,0.0007368331289205147,combined_min_variance
2021-06-15,-0.004276361255785711,combined_min_variance
2021-06-16,-0.009977058904462977,combined_min_variance
2021-06-17,-0.0013461865899172846,combined_min_variance
2021-06-18,-0.013317770777985828,combined_min_variance
2021-06-21,0.011982558741100081,combined_min_variance
2021-06-22,0.00011409019044443363,combined_min_variance
2021-06-23,-0.005486176801457875,combined_min_variance
2021-06-24,0.006026959199580277,combined_min_variance
2021-06-25,0.008330018885264625,combined_min_variance
2021-06-28,0.003360429781669499,combined_min_variance
2021-06-29,-0.0006441371308210481,combined_min_variance
2021-06-30,0.0025812692644609564,combined_min_variance
2021-07-01,0.004867977870434222,combined_min_variance
2021-07-02,0.004839646040953348,combined_min_variance
2021-07-06,-0.004410107899872029,combined_min_variance
2021-07-07,0.0019355529492153037,combined_min_variance
2021-07-08,-0.006941704665108426,combined_min_variance
2021-07-09,0.009999246273590542,combined_min_variance
2021-07-12,0.0042184292355861895,combined_min_variance
2021-07-13,-0.003617318577786407,combined_min_variance
2021-07-14,0.0020002980510005525,combined_min_variance
2021-07-15,0.00035141620921056696,combined_min_variance
2021-07-16,-0.0053213215063006416,combined_min_variance
2021-07-19,-0.01432485640431864,combined_min_variance
2021-07-20,0.008867845994081917,combined_min_variance
2021-07-21,0.005441175923289212,combined_min_variance
2021-07-22,-0.0005124873502714798,combined_min_variance
2021-07-23,0.007047326482149785,combined_min_variance
2021-07-26,0.003073757604016805,combined_min_variance
2021-07-27,-0.0002975781795392932,combined_min_variance
2021-07-28,0.0007576510807649822,combined_min_variance
2021-07-29,0.0048320049354820946,combined_min_variance
2021-07-30,-0.003686091629863484,combined_min_variance
2021-08-02,-0.0014898403171351034,combined_min_variance
2021-08-03,0.004505708223923232,combined_min_variance
2021-08-04,-0.006372864754316424,combined_min_variance
2021-08-05,0.004333406368213052,combined_min_variance
2021-08-06,0.0013940852389003184,combined_min_variance
2021-08-09,-0.0013392910629678625,combined_min_variance
2021-08-10,0.0034566770042841035,combined_min_variance
2021-08-11,0.007201474111264242,combined_min_variance
2021-08-12,0.002361910388938303,combined_min_variance
2021-08-13,0.0036498684572105057,combined_min_variance
2021-08-16,0.0020077049169773377,combined_min_variance
2021-08-17,-0.002464807963776433,combined_min_variance
2021-08-18,-0.012089406020497625,combined_min_variance
2021-08-19,-0.0006683067414666071,combined_min_variance
2021-08-20,0.005826610331935267,combined_min_variance
2021-08-23,0.005466916854218776,combined_min_variance
2021-08-24,-0.001267827934815128,combined_min_variance
2021-08-25,-0.000870528966470026,combined_min_variance
2021-08-26,-0.005797898740010282,combined_min_variance
2021-08-27,0.007768998813357131,combined_min_variance
2021-08-30,0.0013795882084960212,combined_min_variance
2021-08-31,0.0007368095258947024,combined_min_variance
2021-09-01,0.0004608945848949804,combined_min_variance
2021-09-02,0.005020085202323188,combined_min_variance
2021-09-03,-0.00213111160180424,combined_min_variance
2021-09-07,-0.011520673453563987,combined_min_variance
2021-09-08,0.0013022682354216371,combined_min_variance
2021-09-09,-0.00811116647751894,combined_min_variance
2021-09-10,-0.004464738774202896,combined_min_variance
2021-09-13,0.0017621187622055559,combined_min_variance
2021-09-14,-0.007806990901557828,combined_min_variance
2021-09-15,0.004996371880987203,combined_min_variance
2021-09-16,-0.004487616863979969,combined_min_variance
2021-09-17,-0.011076225451325982,combined_min_variance
2021-09-20,-0.014086642307501195,combined_min_variance
2021-09-21,-0.002518289770139535,combined_min_variance
2021-09-22,0.005385015582535152,combined_min_variance
2021-09-23,0.00754711560126246,combined_min_variance
2021-09-24,-0.0037326907746819986,combined_min_variance
2021-09-27,-0.0020731723626459175,combined_min_variance
2021-09-28,-0.011177736484528463,combined_min_variance
2021-09-29,0.005470554423099938,combined_min_variance
2021-09-30,-0.008943238621411703,combined_min_variance
2021-10-01,0.01012404305984544,combined_min_variance
2021-10-04,-0.003048235773674069,combined_min_variance
2021-10-05,0.004483842087722846,combined_min_variance
2021-10-06,0.003339968634624978,combined_min_variance
2021-10-07,0.007093274231466218,combined_min_variance
2021-10-08,-0.0031733862631692714,combined_min_variance
2021-10-11,-0.009101778728406396,combined_min_variance
2021-10-12,0.0001847561372760768,combined_min_variance
2021-10-13,0.004404891441644282,combined_min_variance
2021-10-14,0.013171332833200211,combined_min_variance
2021-10-15,0.0035196557486179133,combined_min_variance
2021-10-18,-0.0012435719790445839,combined_min_variance
2021-10-19,0.010513695505215087,combined_min_variance
2021-10-20,0.009617091289253442,combined_min_variance
2021-10-21,0.003146753333296874,combined_min_variance
2021-10-22,0.000969270279004237,combined_min_variance
2021-10-25,0.004378022189160982,combined_min_variance
2021-10-26,0.005054299487157075,combined_min_variance
2021-10-27,-0.013126221960204233,combined_min_variance
2021-10-28,0.007836604376136303,combined_min_variance
2021-10-29,-0.002761928744978855,combined_min_variance
2021-11-01,0.0054877362990261615,combined_min_variance
2021-11-02,0.005321906345770342,combined_min_variance
2021-11-03,0.005421667017027791,combined_min_variance
2021-11-04,0.004647893689598375,combined_min_variance
2021-11-05,0.0016111776384368048,combined_min_variance
2021-11-08,0.00186428733044294,combined_min_variance
2021-11-09,0.0003265245490213857,combined_min_variance
2021-11-10,-0.003766067881033391,combined_min_variance
2021-11-11,0.0005178229026164076,combined_min_variance
2021-11-12,0.002414809187503019,combined_min_variance
2021-11-15,-0.0015939595485741016,combined_min_variance
2021-11-16,-0.000328058317858725,combined_min_variance
2021-11-17,-0.004627379840642671,combined_min_variance
2021-11-18,-0.0017466424643725713,combined_min_variance
2021-11-19,-0.004923688456661248,combined_min_variance
2021-11-22,-0.0005807960476743414,combined_min_variance
2021-11-23,0.0055922440959036476,combined_min_variance
2021-11-24,0.001628072745576813,combined_min_variance
2021-11-26,-0.018192889165295566,combined_min_variance
2021-11-29,0.007481821716753034,combined_min_variance
2021-11-30,-0.02230906134626039,combined_min_variance
2021-12-01,-0.012634077357081212,combined_min_variance
2021-12-02,0.02079126831719906,combined_min_variance
2021-12-03,-0.0018001768871872981,combined_min_variance
2021-12-06,0.013894194772157652,combined_min_variance
2021-12-07,0.014160051502389567,combined_min_variance
2021-12-08,-0.00019963200149195325,combined_min_variance
2021-12-09,-0.007823713608451285,combined_min_variance
2021-12-10,0.004819813300404039,combined_min_variance
2021-12-13,-0.0067649375231727,combined_min_variance
2021-12-14,-0.0020218823962847724,combined_min_variance
2021-12-15,0.00990159114176541,combined_min_variance
2021-12-16,0.004330302275638312,combined_min_variance
2021-12-17,-0.012731232405468536,combined_min_variance
2021-12-20,-0.007511930704293342,combined_min_variance
2021-12-21,0.014322282724063471,combined_min_variance
2021-12-22,0.0057803253591854255,combined_min_variance
2021-12-23,0.005802018109207385,combined_min_variance
2021-12-27,0.01223756000373872,combined_min_variance
2021-12-28,0.0006120251389933298,combined_min_variance
2021-12-29,-2.9647669994178135e-05,combined_min_variance
2021-12-30,-0.000939405516424136,combined_min_variance
2021-12-31,-0.001497457610200416,combined_min_variance
2022-01-03,0.006521211801013973,combined_min_variance
2022-01-04,0.00715506302494739,combined_min_variance
2022-01-05,-0.010214191860775965,combined_min_variance
2022-01-06,-3.409265204012057e-05,combined_min_variance
2022-01-07,0.0007952320873439622,combined_min_variance
2022-01-10,-0.006582280631917181,combined_min_variance
2022-01-11,0.009507770615615922,combined_min_variance
2022-01-12,0.0032166014583554954,combined_min_variance
2022-01-13,-0.0051786904435754,combined_min_variance
2022-01-14,0.0013292509309208937,combined_min_variance
2022-01-18,-0.01044552417491703,combined_min_variance
2022-01-19,-0.006275798859735444,combined_min_variance
2022-01-20,-0.01171805374527322,combined_min_variance
2022-01-21,-0.01336855968073575,combined_min_variance
2022-01-24,0.0019400740963258136,combined_min_variance
2022-01-25,-0.0037772433000864488,combined_min_variance
2022-01-26,-0.009216188294077821,combined_min_variance
2022-01-27,-0.0032879265696330877,combined_min_variance
2022-01-28,0.01728297780936015,combined_min_variance
2022-01-31,0.01383125967692683,combined_min_variance
2022-02-01,0.010084753733501027,combined_min_variance
2022-02-02,0.009225287777140658,combined_min_variance
2022-02-03,-0.00906611084913362,combined_min_variance
2022-02-04,-5.430243133047611e-06,combined_min_variance
2022-02-07,0.0024719010058223616,combined_min_variance
2022-02-08,0.0038719196050129292,combined_min_variance
2022-02-09,0.012056547222912281,combined_min_variance
2022-02-10,-0.0172896152006583,combined_min_variance
2022-02-11,-0.010123255474071332,combined_min_variance
2022-02-14,-0.006059659576623678,combined_min_variance
2022-02-15,0.010292910695369518,combined_min_variance
2022-02-16,-0.0006916141594819869,combined_min_variance
2022-02-17,-0.015368289625123623,combined_min_variance
2022-02-18,-0.008254939183765814,combined_min_variance
2022-02-22,-0.005808370815243363,combined_min_variance
2022-02-23,-0.011356561340075247,combined_min_variance
2022-02-24,0.006412434758835047,combined_min_variance
2022-02-25,0.02555798063513029,combined_min_variance
2022-02-28,-0.001227674945057365,combined_min_variance
2022-03-01,-0.011747478308921633,combined_min_variance
2022-03-02,0.018788748626856415,combined_min_variance
2022-03-03,-0.0003491549106098906,combined_min_variance
2022-03-04,0.0012526068428501407,combined_min_variance
2022-03-07,-0.01670533380344199,combined_min_variance
2022-03-08,-0.004833158249060204,combined_min_variance
2022-03-09,0.014836710628297278,combined_min_variance
2022-03-10,-0.0014081226260775526,combined_min_variance
2022-03-11,-0.008261791197373679,combined_min_variance
2022-03-14,-0.008326853161193587,combined_min_variance
2022-03-15,0.00936029368420721,combined_min_variance
2022-03-16,0.015496953201745392,combined_min_variance
2022-03-17,0.014202770320198914,combined_min_variance
2022-03-18,0.004773428474947666,combined_min_variance
2022-03-21,0.0031724784301463737,combined_min_variance
2022-03-22,0.0058556976189303965,combined_min_variance
2022-03-23,-0.00921639319937893,combined_min_variance
2022-03-24,0.010291213189707988,combined_min_variance
2022-03-25,0.009108994588915807,combined_min_variance
2022-03-28,0.0014068097705134922,combined_min_variance
2022-03-29,0.01242333072115287,combined_min_variance
2022-03-30,-0.003751302252625306,combined_min_variance
2022-03-31,-0.014285202317903985,combined_min_variance
2022-04-01,0.007020401067836207,combined_min_variance
2022-04-04,0.0019348434758877692,combined_min_variance
2022-04-05,-0.00978467530822176,combined_min_variance
2022-04-06,-0.0005652989440422533,combined_min_variance
2022-04-07,0.0017574724873140814,combined_min_variance
2022-04-08,0.003154624741291601,combined_min_variance
2022-04-11,-0.01223443800822279,combined_min_variance
2022-04-12,-0.0005464373458420096,combined_min_variance
2022-04-13,0.008726366775970634,combined_min_variance
2022-04-14,-0.0020153823944015167,combined_min_variance
2022-04-18,0.0005246546587984698,combined_min_variance
2022-04-19,0.012223648537313034,combined_min_variance
2022-04-20,0.0019242808674012932,combined_min_variance
2022-04-21,-0.011752238379699664,combined_min_variance
2022-04-22,-0.022556001129597145,combined_min_variance
2022-04-25,-0.0024588589561798865,combined_min_variance
2022-04-26,-0.020239338664311372,combined_min_variance
2022-04-27,0.0009283341844980053,combined_min_variance
2022-04-28,0.01684735715722111,combined_min_variance
2022-04-29,-0.03475375792989972,combined_min_variance
2022-05-02,0.002692643003329734,combined_min_variance
2022-05-03,0.005897793948418878,combined_min_variance
2022-05-04,0.02986263314481124,combined_min_variance
2022-05-05,-0.024161555492525657,combined_min_variance
2022-05-06,-0.003613264741752018,combined_min_variance
2022-05-09,-0.03340551357718821,combined_min_variance
2022-05-10,-0.0051507774805302,combined_min_variance
2022-05-11,-0.0027151873995568303,combined_min_variance
2022-05-12,0.002772728339603809,combined_min_variance
2022-05-13,0.02044937489376019,combined_min_variance
2022-05-16,0.0014911865024615752,combined_min_variance
2022-05-17,0.01750304585410657,combined_min_variance
2022-05-18,-0.026874826531183015,combined_min_variance
2022-05-19,-0.0015473606086148046,combined_min_variance
2022-05-20,0.0013844294944809449,combined_min_variance
2022-05-23,0.018192350026870543,combined_min_variance
2022-05-24,0.0024940367500789306,combined_min_variance
2022-05-25,0.008009203859262804,combined_min_variance
2022-05-26,0.0131259535273027,combined_min_variance
2022-05-27,0.01827466077217054,combined_min_variance
2022-05-31,-0.007742904828180808,combined_min_variance
2022-06-01,-0.00537254809470401,combined_min_variance
2022-06-02,0.009519847734223246,combined_min_variance
2022-06-03,-0.006754762894631261,combined_min_variance
2022-06-06,-0.0008242922639052595,combined_min_variance
2022-06-07,0.008861818227048453,combined_min_variance
2022-06-08,-0.012221101190002847,combined_min_variance
2022-06-09,-0.02103205417015342,combined_min_variance
2022-06-10,-0.018747483274260714,combined_min_variance
2022-06-13,-0.03540258631214595,combined_min_variance
2022-06-14,-0.011572958951902499,combined_min_variance
2022-06-15,0.008152294387996563,combined_min_variance
2022-06-16,-0.020432997288919386,combined_min_variance
2022-06-17,-0.0037085398063739427,combined_min_variance
2022-06-21,0.021733555038775366,combined_min_variance
2022-06-22,0.002054694754313496,combined_min_variance
2022-06-23,0.00845813762684056,combined_min_variance
2022-06-24,0.021851436780061226,combined_min_variance
2022-06-27,-0.0024889240041866246,combined_min_variance
2022-06-28,-0.009955587891595914,combined_min_variance
2022-06-29,-0.0008732080074053086,combined_min_variance
2022-06-30,-0.005187006540514085,combined_min_variance
2022-07-01,0.01403705076812149,combined_min_variance
2022-07-05,-0.007801055624384367,combined_min_variance
2022-07-06,0.00013280119736510269,combined_min_variance
2022-07-07,0.009184505003384698,combined_min_variance
2022-07-08,-0.0031441157571930204,combined_min_variance
2022-07-11,-0.004290248402408636,combined_min_variance
2022-07-12,-0.004701028015784671,combined_min_variance
2022-07-13,-0.004169342420811278,combined_min_variance
2022-07-14,-0.004847340815160613,combined_min_variance
2022-07-15,0.0164910264147913,combined_min_variance
2022-07-18,-0.006259268543732506,combined_min_variance
2022-07-19,0.022571266039750862,combined_min_variance
2022-07-20,-0.0019484708585214847,combined_min_variance
2022-07-21,0.0036298931103389,combined_min_variance
2022-07-22,-0.0017575979242601466,combined_min_variance
2022-07-25,0.0028023024156588333,combined_min_variance
2022-07-26,-0.0023773227891275336,combined_min_variance
2022-07-27,0.007370337520663476,combined_min_variance
2022-07-28,0.010720393505346341,combined_min_variance
2022-07-29,0.007475035617913886,combined_min_variance
2022-08-01,-0.0032581100584404632,combined_min_variance
2022-08-02,-0.009737764214474089,combined_min_variance
2022-08-03,0.006853130893742664,combined_min_variance
2022-08-04,-0.00277956735826427,combined_min_variance
2022-08-05,0.000915523613082544,combined_min_variance
2022-08-08,0.0017053512857181838,combined_min_variance
2022-08-09,0.001825200560519565,combined_min_variance
2022-08-10,0.013748716828240876,combined_min_variance
2022-08-11,0.004351571469697091,combined_min_variance
2022-08-12,0.014156699734778518,combined_min_variance
2022-08-15,0.005096864415495022,combined_min_variance
2022-08-16,0.004132526785699403,combined_min_variance
2022-08-17,-0.006791450957630392,combined_min_variance
2022-08-18,0.0018677143505389346,combined_min_variance
2022-08-19,-0.006297255460481777,combined_min_variance
2022-08-22,-0.017025648212708015,combined_min_variance
2022-08-23,-0.0002577091341681927,combined_min_variance
2022-08-24,0.0015690551519429111,combined_min_variance
2022-08-25,0.011194567210555006,combined_min_variance
2022-08-26,-0.024240286764827965,combined_min_variance
2022-08-29,-0.0031271109227152187,combined_min_variance
2022-08-30,-0.01226407549037268,combined_min_variance
2022-08-31,-0.0060939302920792054,combined_min_variance
2022-09-01,0.004341439669573717,combined_min_variance
2022-09-02,-0.009550154807000083,combined_min_variance
2022-09-06,-0.0031770677241635776,combined_min_variance
2022-09-07,0.016318944374848394,combined_min_variance
2022-09-08,0.0037974529141008347,combined_min_variance
2022-09-09,0.012835271625427667,combined_min_variance
2022-09-12,0.008916028029780185,combined_min_variance
2022-09-13,-0.0357129753880792,combined_min_variance
2022-09-14,0.0034881622994578088,combined_min_variance
2022-09-15,-0.015250320307650654,combined_min_variance
2022-09-16,-0.005550726181128705,combined_min_variance
2022-09-19,0.005522546447565342,combined_min_variance
2022-09-20,-0.01519869561306934,combined_min_variance
2022-09-21,-0.016822090528231547,combined_min_variance
2022-09-22,-0.005307147878714348,combined_min_variance
2022-09-23,-0.020601171488964135,combined_min_variance
2022-09-26,-0.015352162201316936,combined_min_variance
2022-09-27,-0.005610603006327269,combined_min_variance
2022-09-28,0.0206196948993881,combined_min_variance
2022-09-29,-0.01898743649889116,combined_min_variance
2022-09-30,-0.014888937025587707,combined_min_variance
2022-10-03,0.028628117838314995,combined_min_variance
2022-10-04,0.023323996345401214,combined_min_variance
2022-10-05,-0.00778074939313517,combined_min_variance
2022-10-06,-0.015217142217365913,combined_min_variance
2022-10-07,-0.019110518706044317,combined_min_variance
2022-10-10,-0.0014158600229254325,combined_min_variance
2022-10-11,0.0017417636984868685,combined_min_variance
2022-10-12,-0.009771053419742555,combined_min_variance
2022-10-13,0.026306948702211255,combined_min_variance
2022-10-14,-0.014186119723808469,combined_min_variance
2022-10-17,0.017435174619429908,combined_min_variance
2022-10-18,0.012935415036349417,combined_min_variance
2022-10-19,-0.011022727454706407,combined_min_variance
2022-10-20,-0.005576465889998378,combined_min_variance
2022-10-21,0.019958640967881264,combined_min_variance
2022-10-24,0.011188182218367345,combined_min_variance
2022-10-25,0.013827342228477372,combined_min_variance
2022-10-26,0.009213406968552471,combined_min_variance
2022-10-27,0.0003358108207747155,combined_min_variance
2022-10-28,0.023263580558904387,combined_min_variance
2022-10-31,-0.006614990298653464,combined_min_variance
2022-11-01,0.00035081955778960415,combined_min_variance
2022-11-02,-0.0160713402785342,combined_min_variance
2022-11-03,-0.0034644631015537794,combined_min_variance
2022-11-04,0.013080169256377061,combined_min_variance
2022-11-07,0.003943166645452696,combined_min_variance
2022-11-08,0.00742663777782281,combined_min_variance
2022-11-09,-0.015611905436803313,combined_min_variance
2022-11-10,0.03751148312396213,combined_min_variance
2022-11-11,0.0025429920777948144,combined_min_variance
2022-11-14,-0.00916667251341966,combined_min_variance
2022-11-15,0.007746575722795639,combined_min_variance
2022-11-16,-0.003020274263941536,combined_min_variance
2022-11-17,-0.002720057222359318,combined_min_variance
2022-11-18,0.00847397431375446,combined_min_variance
2022-11-21,0.0037931033265937533,combined_min_variance
2022-11-22,0.01124451417159618,combined_min_variance
2022-11-23,0.002883243249845242,combined_min_variance
2022-11-25,0.0026252978786645517,combined_min_variance
2022-11-28,-0.015109828185828306,combined_min_variance
2022-11-29,0.003387385409058223,combined_min_variance
2022-11-30,0.019789966050933673,combined_min_variance
2022-12-01,0.00044715928004893666,combined_min_variance
2022-12-02,0.0012779740348274962,combined_min_variance
2022-12-05,-0.014657657745089626,combined_min_variance
2022-12-06,-0.007616619264147739,combined_min_variance
2022-12-07,0.0012656576942790317,combined_min_variance
2022-12-08,0.004489290173715339,combined_min_variance
2022-12-09,-0.01023286499210629,combined_min_variance
2022-12-12,0.014264647520852429,combined_min_variance
2022-12-13,0.00645866370905193,combined_min_variance
2022-12-14,-0.006072939313251063,combined_min_variance
2022-12-15,-0.016762928887494373,combined_min_variance
2022-12-16,-0.009012111964949318,combined_min_variance
2022-12-19,-0.004324439186769259,combined_min_variance
2022-12-20,0.0022997165881337156,combined_min_variance
2022-12-21,0.013077478980654693,combined_min_variance
2022-12-22,-0.006198384964695464,combined_min_variance
2022-12-23,0.0075796856747686065,combined_min_variance
2022-12-27,0.0032950433682995316,combined_min_variance
2022-12-28,-0.011662693579771078,combined_min_variance
2022-12-29,0.010206078813971441,combined_min_variance
2022-12-30,-0.0026322740894872097,combined_min_variance
2023-01-03,0.0042496359101185975,combined_min_variance
2023-01-04,0.012324013088611932,combined_min_variance
2023-01-05,-0.005271632129226874,combined_min_variance
2023-01-06,0.0194089466565929,combined_min_variance
2023-01-09,-0.007277189093117698,combined_min_variance
2023-01-10,0.004552399500680127,combined_min_variance
2023-01-11,0.005719404097336759,combined_min_variance
2023-01-12,5.1125880286412946e-05,combined_min_variance
2023-01-13,0.0022880650033344444,combined_min_variance
2023-01-17,-0.00661914027781068,combined_min_variance
2023-01-18,-0.018911014741021477,combined_min_variance
2023-01-19,-0.00419921839007135,combined_min_variance
2023-01-20,0.009888471669123966,combined_min_variance
2023-01-23,0.003366284175958493,combined_min_variance
2023-01-24,-0.0020070533213725358,combined_min_variance
2023-01-25,0.0020894373152183865,combined_min_variance
2023-01-26,0.0015316175247707632,combined_min_variance
2023-01-27,-0.0025670556745923567,combined_min_variance
2023-01-30,-0.005182615365092673,combined_min_variance
2023-01-31,0.010367192680376443,combined_min_variance
2023-02-01,-0.0038382036907644856,combined_min_variance
2023-02-02,-0.006637348802091198,combined_min_variance
2023-02-03,-0.010902750250814252,combined_min_variance
2023-02-06,-0.0013046018956439061,combined_min_variance
2023-02-07,0.00562708259888349,combined_min_variance
2023-02-08,-0.009534456688720976,combined_min_variance
2023-02-09,-0.007329138588215984,combined_min_variance
2023-02-10,0.012810878759374617,combined_min_variance
2023-02-13,0.007317900029157021,combined_min_variance
2023-02-14,-0.006775943200979423,combined_min_variance
2023-02-15,0.0002268376790221906,combined_min_variance
2023-02-16,-0.010429898783603536,combined_min_variance
2023-02-17,0.005859563426050558,combined_min_variance
2023-02-21,-0.011301232133067732,combined_min_variance
2023-02-22,-0.0059143478970253745,combined_min_variance
2023-02-23,0.00021563729193353558,combined_min_variance
2023-02-24,-0.006300309795408746,combined_min_variance
2023-02-27,-0.00022199150754858676,combined_min_variance
2023-02-28,-0.0073989464400144615,combined_min_variance
2023-03-01,-0.0029938803494651877,combined_min_variance
2023-03-02,0.008610594549139147,combined_min_variance
2023-03-03,0.01100158644729821,combined_min_variance
2023-03-06,0.0015826269320221725,combined_min_variance
2023-03-07,-0.01641874294476689,combined_min_variance
2023-03-08,-0.0010645005414381317,combined_min_variance
2023-03-09,-0.014808251491263321,combined_min_variance
2023-03-10,-0.009935740202626107,combined_min_variance
2023-03-13,0.002159435126227207,combined_min_variance
2023-03-14,0.010135038800281961,combined_min_variance
2023-03-15,-0.002775553504464499,combined_min_variance
2023-03-16,0.005677583394288572,combined_min_variance
2023-03-17,-0.012627620168118291,combined_min_variance
2023-03-20,0.012581669270138684,combined_min_variance
2023-03-21,0.002525045293352169,combined_min_variance
2023-03-22,-0.018293928015563125,combined_min_variance
2023-03-23,-0.0005365217733002711,combined_min_variance
2023-03-24,0.013257818315675789,combined_min_variance
2023-03-27,0.004829985526124354,combined_min_variance
2023-03-28,0.0018530940382546495,combined_min_variance
2023-03-29,0.011597118181622623,combined_min_variance
2023-03-30,0.0033742537682369166,combined_min_variance
2023-03-31,0.010865965015346991,combined_min_variance
2023-04-03,0.0066069511073301975,combined_min_variance
2023-04-04,0.002096998070019007,combined_min_variance
2023-04-05,0.013298413519018922,combined_min_variance
2023-04-06,0.0016484132893024484,combined_min_variance
2023-04-10,-0.000880648586708427,combined_min_variance
2023-04-11,0.0010170673397439573,combined_min_variance
2023-04-12,-0.0005538611853396162,combined_min_variance
2023-04-13,0.007596286343710841,combined_min_variance
2023-04-14,-0.006629450584184176,combined_min_variance
2023-04-17,0.003427336895164228,combined_min_variance
2023-04-18,-0.0024792261867927915,combined_min_variance
2023-04-19,0.002865967401094126,combined_min_variance
2023-04-20,-0.007490232258620918,combined_min_variance
2023-04-21,0.004475761541452481,combined_min_variance
2023-04-24,0.0012565352410402186,combined_min_variance
2023-04-25,-0.005318919715152989,combined_min_variance
2023-04-26,-0.0172378595394037,combined_min_variance
2023-04-27,0.009027349910000376,combined_min_variance
2023-04-28,0.002917305635069864,combined_min_variance
2023-05-01,-0.0016746787646744958,combined_min_variance
2023-05-02,-0.014298279534304284,combined_min_variance
2023-05-03,-0.008777048441128386,combined_min_variance
2023-05-04,-0.0008152918084127452,combined_min_variance
2023-05-05,0.01283472812141025,combined_min_variance
2023-05-08,-0.002104743557750643,combined_min_variance
2023-05-09,-0.0038500366839681094,combined_min_variance
2023-05-10,-0.0005328131402221148,combined_min_variance
2023-05-11,-0.005451420535208893,combined_min_variance
2023-05-12,0.0009673785311478427,combined_min_variance
2023-05-15,-0.001148603089769135,combined_min_variance
2023-05-16,-0.0172372317032466,combined_min_variance
2023-05-17,0.004961876681675651,combined_min_variance
2023-05-18,2.9149932971559616e-05,combined_min_variance
2023-05-19,-0.0005124678287250829,combined_min_variance
2023-05-22,-0.0012776829148700933,combined_min_variance
2023-05-23,-0.005535584901745204,combined_min_variance
2023-05-24,-0.008240081561942586,combined_min_variance
2023-05-25,-0.012715598421511702,combined_min_variance
2023-05-26,0.001285614681161971,combined_min_variance
2023-05-30,-0.004175656058160353,combined_min_variance
2023-05-31,0.0019625224123780488,combined_min_variance
2023-06-01,-0.0003757978184850165,combined_min_variance
2023-06-02,0.013256041017378213,combined_min_variance
2023-06-05,-0.0007078166812565585,combined_min_variance
2023-06-06,-0.003040106264364538,combined_min_variance
2023-06-07,0.007812079017128971,combined_min_variance
2023-06-08,0.005223157344591977,combined_min_variance
2023-06-09,-0.003197235142254574,combined_min_variance
2023-06-12,-0.0002837342418107996,combined_min_variance
2023-06-13,0.004257234384878687,combined_min_variance
2023-06-14,-0.0014828447654006132,combined_min_variance
2023-06-15,0.011544798793120307,combined_min_variance
2023-06-16,0.002456382361830264,combined_min_variance
2023-06-20,-0.009651817535245093,combined_min_variance
2023-06-21,0.0007706271145299524,combined_min_variance
2023-06-22,-0.00027721636058878496,combined_min_variance
2023-06-23,-0.0077381223257544565,combined_min_variance
2023-06-26,0.005795635030496422,combined_min_variance
2023-06-27,0.0011909413090794487,combined_min_variance
2023-06-28,-0.003299740289846224,combined_min_variance
2023-06-29,0.00430557997530522,combined_min_variance
2023-06-30,0.008851679426409988,combined_min_variance
2023-07-03,0.005421427826519382,combined_min_variance
2023-07-05,-0.00020005078903818506,combined_min_variance
2023-07-06,-0.011352441455769451,combined_min_variance
2023-07-07,-0.0037016719551942042,combined_min_variance
2023-07-10,0.0034738376683781692,combined_min_variance
2023-07-11,0.01236022700332512,combined_min_variance
2023-07-12,0.005587531485686314,combined_min_variance
2023-07-13,0.004141465682206923,combined_min_variance
2023-07-14,-0.004520664491885175,combined_min_variance
2023-07-17,-0.00702139466378714,combined_min_variance
2023-07-18,0.0030341102886525862,combined_min_variance
2023-07-19,0.007699280417966563,combined_min_variance
2023-07-20,0.00922886200538045,combined_min_variance
2023-07-21,0.0064907722709256314,combined_min_variance
2023-07-24,0.0033528941551336545,combined_min_variance
2023-07-25,0.0006728460787573671,combined_min_variance
2023-07-26,0.002409871035483617,combined_min_variance
2023-07-27,-0.006195760215959511,combined_min_variance
2023-07-28,0.0013198619072799355,combined_min_variance
2023-07-31,0.0001523334356472109,combined_min_variance
2023-08-01,-0.0061030717264984324,combined_min_variance
2023-08-02,-0.00875113783475378,combined_min_variance
2023-08-03,-0.006317951304126283,combined_min_variance
2023-08-04,-0.003223301469103176,combined_min_variance
2023-08-07,0.009260049429926597,combined_min_variance
2023-08-08,-0.0013340675126824754,combined_min_variance
2023-08-09,0.0016821283494104886,combined_min_variance
2023-08-10,0.0006135794939922069,combined_min_variance
2023-08-11,0.0049537078883202,combined_min_variance
2023-08-14,-0.0018634295297274251,combined_min_variance
2023-08-15,-0.011064632759422002,combined_min_variance
2023-08-16,-0.005576257377396111,combined_min_variance
2023-08-17,-0.004518561744999232,combined_min_variance
2023-08-18,0.0017097703886134988,combined_min_variance
2023-08-21,-0.0034912674202802205,combined_min_variance
2023-08-22,-0.0032362353258013838,combined_min_variance
2023-08-23,0.006793019447195477,combined_min_variance
2023-08-24,-0.008861200974062209,combined_min_variance
2023-08-25,0.004479267902979395,combined_min_variance
2023-08-28,0.005379488200997588,combined_min_variance
2023-08-29,0.009359288364756966,combined_min_variance
2023-08-30,0.0005650721466930042,combined_min_variance
2023-08-31,-0.00544724685003279,combined_min_variance
2023-09-01,0.0015879041606429176,combined_min_variance
2023-09-05,-0.010590147324503679,combined_min_variance
2023-09-06,-0.0032388324598460762,combined_min_variance
2023-09-07,0.0050879575591160405,combined_min_variance
2023-09-08,0.005437977039952127,combined_min_variance
2023-09-11,0.003450695958297973,combined_min_variance
2023-09-12,0.0026324244578293365,combined_min_variance
2023-09-13,0.0010832773105875781,combined_min_variance
2023-09-14,0.012951510106130795,combined_min_variance
2023-09-15,-0.006926718971518152,combined_min_variance
2023-09-18,0.0004495901474913697,combined_min_variance
2023-09-19,-0.0017754744145876973,combined_min_variance
2023-09-20,-0.0006498320944175976,combined_min_variance
2023-09-21,-0.01541371002707833,combined_min_variance
2023-09-22,-0.0029861766840174734,combined_min_variance
2023-09-25,0.0005292476555595635,combined_min_variance
2023-09-26,-0.010630900787468296,combined_min_variance
2023-09-27,-0.0047722032771410966,combined_min_variance
2023-09-28,0.00067201196725928,combined_min_variance
2023-09-29,-0.003711733302617533,combined_min_variance
2023-10-02,-0.01641303801400488,combined_min_variance
2023-10-03,-0.00636146462111241,combined_min_variance
2023-10-04,0.000867106641637395,combined_min_variance
2023-10-05,-0.0030906648602897603,combined_min_variance
2023-10-06,0.00856339974178429,combined_min_variance
2023-10-09,0.008870628774598781,combined_min_variance
2023-10-10,0.007958192287706257,combined_min_variance
2023-10-11,0.0031949583814047935,combined_min_variance
2023-10-12,-0.008663711826542667,combined_min_variance
2023-10-13,0.004126330384571516,combined_min_variance
2023-10-16,0.009555054432748847,combined_min_variance
2023-10-17,0.002912074650958933,combined_min_variance
2023-10-18,-0.01145502180921851,combined_min_variance
2023-10-19,-0.008672953156670691,combined_min_variance
2023-10-20,-0.006093592268401539,combined_min_variance
2023-10-23,-0.006112515629385773,combined_min_variance
2023-10-24,0.010900616058230866,combined_min_variance
2023-10-25,-0.0072338986258484676,combined_min_variance
2023-10-26,-0.0011134867478840205,combined_min_variance
2023-10-27,-0.013769202249364749,combined_min_variance
2023-10-30,0.008750459648216195,combined_min_variance
2023-10-31,0.005146568659405826,combined_min_variance
2023-11-01,0.0046804996475243495,combined_min_variance
2023-11-02,0.023494001517029607,combined_min_variance
2023-11-03,0.01087589708551408,combined_min_variance
2023-11-06,-0.004129977209360056,combined_min_variance
2023-11-07,-0.004041127756843416,combined_min_variance
2023-11-08,-0.0012391361323929426,combined_min_variance
2023-11-09,-0.009029978151079298,combined_min_variance
2023-11-10,0.010343225594872673,combined_min_variance
2023-11-13,-0.001327019342988925,combined_min_variance
2023-11-14,0.02145754660876862,combined_min_variance
2023-11-15,0.005886214876908387,combined_min_variance
2023-11-16,-0.0008844983025139922,combined_min_variance
2023-11-17,0.00308718345778582,combined_min_variance
2023-11-20,0.0035462206489974757,combined_min_variance
2023-11-21,-0.002780907355636817,combined_min_variance
2023-11-22,0.002989396128722674,combined_min_variance
2023-11-24,0.003071206072485816,combined_min_variance
2023-11-27,-0.0005604480784036097,combined_min_variance
2023-11-28,0.0023106080653344536,combined_min_variance
2023-11-29,0.003854258868576364,combined_min_variance
2023-11-30,0.0070486181221575805,combined_min_variance
2023-12-01,0.01043124393858339,combined_min_variance
2023-12-04,0.0025456703170938823,combined_min_variance
2023-12-05,-0.0013196565186203006,combined_min_variance
2023-12-06,-0.00037605267178299835,combined_min_variance
2023-12-07,0.008122624623117193,combined_min_variance
2023-12-08,0.010514856207447793,combined_min_variance
2023-12-11,-0.005327950092337125,combined_min_variance
2023-12-12,0.0017231795737992584,combined_min_variance
2023-12-13,0.022446754372463178,combined_min_variance
2023-12-14,0.013057907022419527,combined_min_variance
2023-12-15,-0.009188801625396455,combined_min_variance
2023-12-18,-0.0007028288814304653,combined_min_variance
2023-12-19,0.004482053154236632,combined_min_variance
2023-12-20,-0.009095040046854578,combined_min_variance
2023-12-21,0.011473601741572397,combined_min_variance
2023-12-22,0.004576504945732434,combined_min_variance
2023-12-26,0.0016754512805441288,combined_min_variance
2023-12-27,0.009970524194693391,combined_min_variance
2023-12-28,-0.00038119645650203093,combined_min_variance
2023-12-29,-0.005624265916081816,combined_min_variance
2021-01-04,-0.0032771465662511656,combined_max_sharpe
2021-01-05,0.048828189820484535,combined_max_sharpe
2021-01-06,0.08727269330786722,combined_max_sharpe
2021-01-07,0.04179644859372147,combined_max_sharpe
2021-01-08,0.015998600919484067,combined_max_sharpe
2021-01-11,-0.04294333507262088,combined_max_sharpe
2021-01-12,-0.026330244977021047,combined_max_sharpe
2021-01-13,0.06187347911492182,combined_max_sharpe
2021-01-14,0.02665179332184982,combined_max_sharpe
2021-01-15,-0.04528900989005277,combined_max_sharpe
2021-01-19,-0.009512570358325893,combined_max_sharpe
2021-01-20,0.0010629798308923175,combined_max_sharpe
2021-01-21,-0.08359170665030391,combined_max_sharpe
2021-01-22,0.04222927283317777,combined_max_sharpe
2021-01-25,0.0006841630248917855,combined_max_sharpe
2021-01-26,-1.920483890729529e-05,combined_max_sharpe
2021-01-27,-0.054064379428341934,combined_max_sharpe
2021-01-28,0.07438456055108097,combined_max_sharpe
2021-01-29,0.012926259910550537,combined_max_sharpe
2021-02-01,0.020001773785485694,combined_max_sharpe
2021-02-02,0.041725297681284905,combined_max_sharpe
2021-02-03,0.0249698996086663,combined_max_sharpe
2021-02-04,-0.010790121545414722,combined_max_sharpe
2021-02-05,0.027854357704341894,combined_max_sharpe
2021-02-08,0.10083715915845042,combined_max_sharpe
2021-02-09,0.002443062876257542,combined_max_sharpe
2021-02-10,-0.0004089146444638016,combined_max_sharpe
2021-02-11,0.04946191088933799,combined_max_sharpe
2021-02-12,0.020090123165659023,combined_max_sharpe
2021-02-16,0.012893511177045874,combined_max_sharpe
2021-02-17,0.021294517060133564,combined_max_sharpe
2021-02-18,-0.003849108046457225,combined_max_sharpe
2021-02-19,0.04092225164356507,combined_max_sharpe
2021-02-22,-0.04333640258285588,combined_max_sharpe
2021-02-23,-0.07556275758941108,combined_max_sharpe
2021-02-24,0.022331672780843394,combined_max_sharpe
2021-02-25,-0.055772731182477955,combined_max_sharpe
2021-02-26,0.008095698238546355,combined_max_sharpe
2021-03-01,0.04805324535777198,combined_max_sharpe
2021-03-02,-0.016977629625299563,combined_max_sharpe
2021-03-03,0.010947781466920539,combined_max_sharpe
2021-03-04,-0.02993934549399037,combined_max_sharpe
2021-03-05,0.019765279121718167,combined_max_sharpe
2021-03-08,-0.003914309125561406,combined_max_sharpe
2021-03-09,0.034972306430741354,combined_max_sharpe
2021-03-10,0.0032457682648213007,combined_max_sharpe
2021-03-11,0.016200453894166328,combined_max_sharpe
2021-03-12,-0.012731645900883288,combined_max_sharpe
2021-03-15,-0.03541596258235807,combined_max_sharpe
2021-03-16,0.03222077079694718,combined_max_sharpe
2021-03-17,0.022085920656492033,combined_max_sharpe
2021-03-18,-0.020733494148138965,combined_max_sharpe
2021-03-19,0.00784071184703606,combined_max_sharpe
2021-03-22,-0.022909680468427104,combined_max_sharpe
2021-03-23,-0.00033048208008882565,combined_max_sharpe
2021-03-24,-0.0229961475038342,combined_max_sharpe
2021-03-25,0.003529074979160593,combined_max_sharpe
2021-03-26,0.05249727252356791,combined_max_sharpe
2021-03-29,0.014787445487732207,combined_max_sharpe
2021-03-30,0.00896958633697013,combined_max_sharpe
2021-03-31,0.0014790415060373869,combined_max_sharpe
2021-04-01,0.001982671784263244,combined_max_sharpe
2021-04-05,0.004591674866196726,combined_max_sharpe
2021-04-06,-0.005135476188422599,combined_max_sharpe
2021-04-07,-0.019635980609220782,combined_max_sharpe
2021-04-08,0.02067039065487254,combined_max_sharpe
2021-04-09,0.001055979410253668,combined_max_sharpe
2021-04-12,0.006867646212027749,combined_max_sharpe
2021-04-13,0.023892122753566492,combined_max_sharpe
2021-04-14,-0.002326785334795628,combined_max_sharpe
2021-04-15,0.01636310649032431,combined_max_sharpe
2021-04-16,-0.012510423075845696,combined_max_sharpe
2021-04-19,-0.00872991762023169,combined_max_sharpe
2021-04-20,0.001579558765172311,combined_max_sharpe
2021-04-21,-0.007957211264490126,combined_max_sharpe
2021-04-22,-0.02316271693457326,combined_max_sharpe
2021-04-23,0.0072587598167465905,combined_max_sharpe
2021-04-26,0.03921578195851311,combined_max_sharpe
2021-04-27,0.023041360655446954,combined_max_sharpe
2021-04-28,0.004129662524479194,combined_max_sharpe
2021-04-29,-0.0005655224915110443,combined_max_sharpe
2021-04-30,0.019438988757504373,combined_max_sharpe
2021-05-03,0.012419610523247084,combined_max_sharpe
2021-05-04,-0.011072322564479096,combined_max_sharpe
2021-05-05,0.02834617027254785,combined_max_sharpe
2021-05-06,0.008736940438167072,combined_max_sharpe
2021-05-07,0.008463639680677556,combined_max_sharpe
2021-05-10,-0.014498033681486193,combined_max_sharpe
2021-05-11,-0.0005961824768563619,combined_max_sharpe
2021-05-12,-0.0394800724996012,combined_max_sharpe
2021-05-13,0.026000213091261673,combined_max_sharpe
2021-05-14,0.008925480536590986,combined_max_sharpe
2021-05-17,-0.012433839809721906,combined_max_sharpe
2021-05-18,-0.007772094921603691,combined_max_sharpe
2021-05-19,-0.04226328474955098,combined_max_sharpe
2021-05-20,0.03321214579232187,combined_max_sharpe
2021-05-21,-0.02156768000642614,combined_max_sharpe
2021-05-24,0.03591129099172808,combined_max_sharpe
2021-05-25,-0.005125331488076831,combined_max_sharpe
2021-05-26,0.01568993391096824,combined_max_sharpe
2021-05-27,-0.009089420132718457,combined_max_sharpe
2021-05-28,-0.011081017387399188,combined_max_sharpe
2021-06-01,0.002727206360057062,combined_max_sharpe
2021-06-02,-0.0011375178013313197,combined_max_sharpe
2021-06-03,0.006716064416055027,combined_max_sharpe
2021-06-04,-0.00215757900991473,combined_max_sharpe
2021-06-07,-0.0073987227657431025,combined_max_sharpe
2021-06-08,-0.0014811270418161454,combined_max_sharpe
2021-06-09,-0.007089312637056229,combined_max_sharpe
2021-06-10,-0.00830213183644849,combined_max_sharpe
2021-06-11,-0.003304666051980272,combined_max_sharpe
2021-06-14,-0.00507605600810414,combined_max_sharpe
2021-06-15,-0.003306362354607789,combined_max_sharpe
2021-06-16,-0.01509977008805509,combined_max_sharpe
2021-06-17,-0.012864722719836894,combined_max_sharpe
2021-06-18,-0.011053573092542637,combined_max_sharpe
2021-06-21,0.0023746659267447315,combined_max_sharpe
2021-06-22,-0.0016607897483174538,combined_max_sharpe
2021-06-23,0.00629595339679375,combined_max_sharpe
2021-06-24,0.01546565500913277,combined_max_sharpe
2021-06-25,-0.007232354052577033,combined_max_sharpe
2021-06-28,0.0011020849677332908,combined_max_sharpe
2021-06-29,0.01836738893633029,combined_max_sharpe
2021-06-30,0.004498416444332018,combined_max_sharpe
2021-07-01,-0.0015524743707218368,combined_max_sharpe
2021-07-02,0.005262198795129547,combined_max_sharpe
2021-07-06,-0.0006592236876137806,combined_max_sharpe
2021-07-07,-0.00046740268409596283,combined_max_sharpe
2021-07-08,-0.012814619989208156,combined_max_sharpe
2021-07-09,0.01864758632655273,combined_max_sharpe
2021-07-12,0.006494311765024186,combined_max_sharpe
2021-07-13,-0.01262655918468476,combined_max_sharpe
2021-07-14,-0.0004124478309151347,combined_max_sharpe
2021-07-15,-0.005687052267074727,combined_max_sharpe
2021-07-16,-0.014264388845383863,combined_max_sharpe
2021-07-19,-0.01517596997049988,combined_max_sharpe
2021-07-20,0.013935134390947696,combined_max_sharpe
2021-07-21,0.012877610015203305,combined_max_sharpe
2021-07-22,0.002288735725747579,combined_max_sharpe
2021-07-23,0.008496553244032262,combined_max_sharpe
2021-07-26,0.0037247159908447656,combined_max_sharpe
2021-07-27,-0.004294145983945008,combined_max_sharpe
2021-07-28,0.0029528109404928977,combined_max_sharpe
2021-07-29,0.007434441777663373,combined_max_sharpe
2021-07-30,-4.844440015035634e-07,combined_max_sharpe
2021-08-02,-0.0032043263077367505,combined_max_sharpe
2021-08-03,0.005664286432882523,combined_max_sharpe
2021-08-04,-0.002051523919755521,combined_max_sharpe
2021-08-05,0.006921398394156399,combined_max_sharpe
2021-08-06,0.0026785924751987888,combined_max_sharpe
2021-08-09,0.011019625369350257,combined_max_sharpe
2021-08-10,0.013354499696851003,combined_max_sharpe
2021-08-11,0.007330686067733861,combined_max_sharpe
2021-08-12,0.0060363999800171105,combined_max_sharpe
2021-08-13,0.003587000307117772,combined_max_sharpe
2021-08-16,-0.0010161347313942994,combined_max_sharpe
2021-08-17,-0.010257287055170483,combined_max_sharpe
2021-08-18,-0.0036363571509476383,combined_max_sharpe
2021-08-19,-0.001082481869332904,combined_max_sharpe
2021-08-20,0.010943218503848851,combined_max_sharpe
2021-08-23,0.007993539115418426,combined_max_sharpe
2021-08-24,-0.0005791685355579067,combined_max_sharpe
2021-08-25,0.0009871082350701881,combined_max_sharpe
2021-08-26,-0.0083863984984013,combined_max_sharpe
2021-08-27,0.013312698041815597,combined_max_sharpe
2021-08-30,0.0007998149436802627,combined_max_sharpe
2021-08-31,-0.00046161926974213306,combined_max_sharpe
2021-09-01,0.007471989535148385,combined_max_sharpe
2021-09-02,0.004296372844647811,combined_max_sharpe
2021-09-03,-0.002537842716501972,combined_max_sharpe
2021-09-07,-0.01626470300453139,combined_max_sharpe
2021-09-08,-0.0007994727444914241,combined_max_sharpe
2021-09-09,-0.006811598019777157,combined_max_sharpe
2021-09-10,-0.0051849110157489876,combined_max_sharpe
2021-09-13,-0.005620846216472425,combined_max_sharpe
2021-09-14,-0.009115497849121202,combined_max_sharpe
2021-09-15,0.008653506365316185,combined_max_sharpe
2021-09-16,-0.007690549358380054,combined_max_sharpe
2021-09-17,-0.01888594891382127,combined_max_sharpe
2021-09-20,-0.02110715637512576,combined_max_sharpe
2021-09-21,-0.00622065906515857,combined_max_sharpe
2021-09-22,0.013095868946993834,combined_max_sharpe
2021-09-23,0.007147841448060209,combined_max_sharpe
2021-09-24,-0.008297156968011183,combined_max_sharpe
2021-09-27,-0.005225788516386143,combined_max_sharpe
2021-09-28,-0.007601120668278541,combined_max_sharpe
2021-09-29,0.0014421122622665155,combined_max_sharpe
2021-09-30,-0.011966014068208717,combined_max_sharpe
2021-10-01,0.014604758579775477,combined_max_sharpe
2021-10-04,-0.007561055394957321,combined_max_sharpe
2021-10-05,0.006793008302263946,combined_max_sharpe
2021-10-06,0.00854474417838103,combined_max_sharpe
2021-10-07,0.0045249239232506965,combined_max_sharpe
2021-10-08,-0.001314174573558026,combined_max_sharpe
2021-10-11,-0.002925770420784212,combined_max_sharpe
2021-10-12,0.011036680497585105,combined_max_sharpe
2021-10-13,0.0113826183122649,combined_max_sharpe
2021-10-14,0.019846667976508865,combined_max_sharpe
2021-10-15,-0.0021605165746618376,combined_max_sharpe
2021-10-18,0.006015791895577696,combined_max_sharpe
2021-10-19,0.0005214361022813261,combined_max_sharpe
2021-10-20,0.00399259657525621,combined_max_sharpe
2021-10-21,-0.003997025981906401,combined_max_sharpe
2021-10-22,0.011253489877612235,combined_max_sharpe
2021-10-25,0.010179873550146101,combined_max_sharpe
2021-10-26,0.008257599554969772,combined_max_sharpe
2021-10-27,-0.023476282835841862,combined_max_sharpe
2021-10-28,0.02335891290882797,combined_max_sharpe
2021-10-29,0.004032165404610035,combined_max_sharpe
2021-11-01,0.004705125836580691,combined_max_sharpe
2021-11-02,0.011215468860360253,combined_max_sharpe
2021-11-03,-0.003499265595552604,combined_max_sharpe
2021-11-04,0.0023660619615702974,combined_max_sharpe
2021-11-05,-0.016450727518172396,combined_max_sharpe
2021-11-08,0.010660755223317837,combined_max_sharpe
2021-11-09,-0.00019822697971319829,combined_max_sharpe
2021-11-10,-0.007240060187703862,combined_max_sharpe
2021-11-11,0.006824113575594181,combined_max_sharpe
2021-11-12,0.002324399292069272,combined_max_sharpe
2021-11-15,0.0021370111758304083,combined_max_sharpe
2021-11-16,-0.00706270329930436,combined_max_sharpe
2021-11-17,-0.005029607020890713,combined_max_sharpe
2021-11-18,0.006344168832161325,combined_max_sharpe
2021-11-19,-0.007894718321247782,combined_max_sharpe
2021-11-22,0.0010531498230643786,combined_max_sharpe
2021-11-23,0.011964266096367804,combined_max_sharpe
2021-11-24,0.004581462899577031,combined_max_sharpe
2021-11-26,-0.030862115278848017,combined_max_sharpe
2021-11-29,0.01350939344285632,combined_max_sharpe
2021-11-30,-0.016446162088655507,combined_max_sharpe
2021-12-01,-0.010337757868000855,combined_max_sharpe
2021-12-02,0.028025208878322945,combined_max_sharpe
2021-12-03,-0.010628118052023749,combined_max_sharpe
2021-12-06,0.007732626203839588,combined_max_sharpe
2021-12-07,0.02056617168300122,combined_max_sharpe
2021-12-08,-0.0012405974982683254,combined_max_sharpe
2021-12-09,-0.009619507902542937,combined_max_sharpe
2021-12-10,0.0042185770579295165,combined_max_sharpe
2021-12-13,-0.008606068240561593,combined_max_sharpe
2021-12-14,0.0022898459672690643,combined_max_sharpe
2021-12-15,0.021799351970419635,combined_max_sharpe
2021-12-16,-0.0010853520505511019,combined_max_sharpe
2021-12-17,-0.014716726397799949,combined_max_sharpe
2021-12-20,-0.003260994387470493,combined_max_sharpe
2021-12-21,0.00910712941781382,combined_max_sharpe
2021-12-22,0.009561784531934849,combined_max_sharpe
2021-12-23,0.00225640102796043,combined_max_sharpe
2021-12-27,0.019897501158954767,combined_max_sharpe
2021-12-28,-0.004201419108718381,combined_max_sharpe
2021-12-29,0.00012582838581799916,combined_max_sharpe
2021-12-30,-0.0034086170894336767,combined_max_sharpe
2021-12-31,-0.0009379698222964871,combined_max_sharpe
2022-01-03,-0.009322354593250778,combined_max_sharpe
2022-01-04,0.000853498893534519,combined_max_sharpe
2022-01-05,-0.008991560258437573,combined_max_sharpe
2022-01-06,0.0032074607038523294,combined_max_sharpe
2022-01-07,-0.015532829563447622,combined_max_sharpe
2022-01-10,0.0031034399986993163,combined_max_sharpe
2022-01-11,0.008416655941744799,combined_max_sharpe
2022-01-12,0.010398391178301535,combined_max_sharpe
2022-01-13,-0.013777220781882402,combined_max_sharpe
2022-01-14,0.00028571527373956506,combined_max_sharpe
2022-01-18,-0.012178677261829966,combined_max_sharpe
2022-01-19,-0.012575099905443693,combined_max_sharpe
2022-01-20,-0.01791636430032057,combined_max_sharpe
2022-01-21,-0.012571572259298882,combined_max_sharpe
2022-01-24,-0.0015422286784063399,combined_max_sharpe
2022-01-25,-0.00029334694942682773,combined_max_sharpe
2022-01-26,-0.008972119917508025,combined_max_sharpe
2022-01-27,-0.0022314604035184446,combined_max_sharpe
2022-01-28,0.03253080254965033,combined_max_sharpe
2022-01-31,0.006977254406555636,combined_max_sharpe
2022-02-01,0.00714711624503812,combined_max_sharpe
2022-02-02,0.02644534555285344,combined_max_sharpe
2022-02-03,-0.00660833204900356,combined_max_sharpe
2022-02-04,-0.0020844788412057126,combined_max_sharpe
2022-02-07,0.005857191074663816,combined_max_sharpe
2022-02-08,0.0020321826938785384,combined_max_sharpe
2022-02-09,0.01997470533588243,combined_max_sharpe
2022-02-10,-0.018327393851058096,combined_max_sharpe
2022-02-11,-0.00592615024829807,combined_max_sharpe
2022-02-14,-0.007617115733333976,combined_max_sharpe
2022-02-15,0.0023027308172548057,combined_max_sharpe
2022-02-16,0.0011431536392623159,combined_max_sharpe
2022-02-17,-0.015073021485523924,combined_max_sharpe
2022-02-18,-0.008765100352632359,combined_max_sharpe
2022-02-22,-0.005655182944030753,combined_max_sharpe
2022-02-23,0.009275544058721073,combined_max_sharpe
2022-02-24,0.000694358492882276,combined_max_sharpe
2022-02-25,0.03539204439712837,combined_max_sharpe
2022-02-28,-0.002571335094481772,combined_max_sharpe
2022-03-01,0.006056866471088144,combined_max_sharpe
2022-03-02,0.01814898240233726,combined_max_sharpe
2022-03-03,0.008866995110899696,combined_max_sharpe
2022-03-04,0.008450331533668622,combined_max_sharpe
2022-03-07,-0.009521808067982845,combined_max_sharpe
2022-03-08,-0.02207661788397349,combined_max_sharpe
2022-03-09,0.008266815480604692,combined_max_sharpe
2022-03-10,0.006695281790956646,combined_max_sharpe
2022-03-11,-0.0067062648770015035,combined_max_sharpe
2022-03-14,-0.00957189680613585,combined_max_sharpe
2022-03-15,0.006092862691887307,combined_max_sharpe
2022-03-16,0.00654971446742823,combined_max_sharpe
2022-03-17,0.019695848079060257,combined_max_sharpe
2022-03-18,0.006740048925512412,combined_max_sharpe
2022-03-21,0.014199576410956448,combined_max_sharpe
2022-03-22,0.0065183310312770595,combined_max_sharpe
2022-03-23,0.00015448354052301433,combined_max_sharpe
2022-03-24,0.01901391548833064,combined_max_sharpe
2022-03-25,0.01095537919422254,combined_max_sharpe
2022-03-28,0.0016470902785025877,combined_max_sharpe
2022-03-29,0.010250848083544775,combined_max_sharpe
2022-03-30,0.0011667197203418921,combined_max_sharpe
2022-03-31,-0.012051718205611628,combined_max_sharpe
2022-04-01,0.009370185379228263,combined_max_sharpe
2022-04-04,-0.003106376389906006,combined_max_sharpe
2022-04-05,-0.003417965073108494,combined_max_sharpe
2022-04-06,0.015101099909137472,combined_max_sharpe
2022-04-07,0.015596239177325433,combined_max_sharpe
2022-04-08,0.004174748365420543,combined_max_sharpe
2022-04-11,-0.026818075036369023,combined_max_sharpe
2022-04-12,0.004434888839975168,combined_max_sharpe
2022-04-13,-0.007445665928396285,combined_max_sharpe
2022-04-14,0.006658865873479583,combined_max_sharpe
2022-04-18,0.0016433091014573797,combined_max_sharpe
2022-04-19,-0.004305728692057862,combined_max_sharpe
2022-04-20,0.004742778272177588,combined_max_sharpe
2022-04-21,-0.01702360373997484,combined_max_sharpe
2022-04-22,-0.025759696942550217,combined_max_sharpe
2022-04-25,-0.0069438653270498946,combined_max_sharpe
2022-04-26,-0.01100047934388073,combined_max_sharpe
2022-04-27,0.0018276651142647828,combined_max_sharpe
2022-04-28,0.017603694718384817,combined_max_sharpe
2022-04-29,-0.053947976078308514,combined_max_sharpe
2022-05-02,-0.013150698692835737,combined_max_sharpe
2022-05-03,0.00835325018407601,combined_max_sharpe
2022-05-04,0.0175027131054337,combined_max_sharpe
2022-05-05,-0.023693761782743673,combined_max_sharpe
2022-05-06,-0.0007478763768861835,combined_max_sharpe
2022-05-09,-0.05246155389979589,combined_max_sharpe
2022-05-10,-0.008560135953159465,combined_max_sharpe
2022-05-11,-0.0012800799097617455,combined_max_sharpe
2022-05-12,0.005839004734195634,combined_max_sharpe
2022-05-13,0.01617897009790881,combined_max_sharpe
2022-05-16,0.004204957579624425,combined_max_sharpe
2022-05-17,0.007651403223939235,combined_max_sharpe
2022-05-18,-0.03170583517247113,combined_max_sharpe
2022-05-19,0.0007696223260522236,combined_max_sharpe
2022-05-20,0.002104842341752072,combined_max_sharpe
2022-05-23,0.015291584455790194,combined_max_sharpe
2022-05-24,0.003034189933876717,combined_max_sharpe
2022-05-25,0.010710640093104197,combined_max_sharpe
2022-05-26,0.009346022576833129,combined_max_sharpe
2022-05-27,0.01912196140271724,combined_max_sharpe
2022-05-31,-0.015377675260407148,combined_max_sharpe
2022-06-01,0.0003620292741397567,combined_max_sharpe
2022-06-02,0.0017264489090073679,combined_max_sharpe
2022-06-03,0.00223169200818762,combined_max_sharpe
2022-06-06,-0.002969663085566638,combined_max_sharpe
2022-06-07,0.013306560075269404,combined_max_sharpe
2022-06-08,-0.007528054309042368,combined_max_sharpe
2022-06-09,-0.02477592978680886,combined_max_sharpe
2022-06-10,-0.012623419908412306,combined_max_sharpe
2022-06-13,-0.041702720673084365,combined_max_sharpe
2022-06-14,-0.007606952276862174,combined_max_sharpe
2022-06-15,-0.00479255020225669,combined_max_sharpe
2022-06-16,-0.02084573799713739,combined_max_sharpe
2022-06-17,-0.019650678621450063,combined_max_sharpe
2022-06-21,0.035659220322698935,combined_max_sharpe
2022-06-22,-0.0034797182439857827,combined_max_sharpe
2022-06-23,0.0033987566573259473,combined_max_sharpe
2022-06-24,0.01809782631716176,combined_max_sharpe
2022-06-27,0.012094898573512272,combined_max_sharpe
2022-06-28,0.0014321549098408003,combined_max_sharpe
2022-06-29,-0.005925620681169603,combined_max_sharpe
2022-06-30,-0.0064289415464458275,combined_max_sharpe
2022-07-01,0.013627478563202254,combined_max_sharpe
2022-07-05,-0.012993394617282956,combined_max_sharpe
2022-07-06,-0.0034374082413622907,combined_max_sharpe
2022-07-07,0.004044859293794794,combined_max_sharpe
2022-07-08,0.00034717437888724147,combined_max_sharpe
2022-07-11,0.00027043589351229494,combined_max_sharpe
2022-07-12,-0.008243768760993682,combined_max_sharpe
2022-07-13,-0.0031124316089986325,combined_max_sharpe
2022-07-14,-0.002169377164779572,combined_max_sharpe
2022-07-15,0.016269363836950306,combined_max_sharpe
2022-07-18,-0.01171528699516056,combined_max_sharpe
2022-07-19,0.010697658530488065,combined_max_sharpe
2022-07-20,-0.007879901839450604,combined_max_sharpe
2022-07-21,-0.0035979194296800535,combined_max_sharpe
2022-07-22,0.0032723110772163158,combined_max_sharpe
2022-07-25,0.017974214710037927,combined_max_sharpe
2022-07-26,0.0007334083198949131,combined_max_sharpe
2022-07-27,0.0027184099219354045,combined_max_sharpe
2022-07-28,0.004599450193632675,combined_max_sharpe
2022-07-29,-0.0005852358826506244,combined_max_sharpe
2022-08-01,-0.012500791404639975,combined_max_sharpe
2022-08-02,-0.005932404046117182,combined_max_sharpe
2022-08-03,-0.008889357566843127,combined_max_sharpe
2022-08-04,-0.016521483238251432,combined_max_sharpe
2022-08-05,0.004518690751168344,combined_max_sharpe
2022-08-08,0.007031864944427992,combined_max_sharpe
2022-08-09,0.014371583301782224,combined_max_sharpe
2022-08-10,0.0033727122797936934,combined_max_sharpe
2022-08-11,0.012983945374928047,combined_max_sharpe
2022-08-12,0.006317436593214402,combined_max_sharpe
2022-08-15,-0.007484048619910779,combined_max_sharpe
2022-08-16,0.0005635068580984825,combined_max_sharpe
2022-08-17,-0.0009829903331768715,combined_max_sharpe
2022-08-18,0.010850046797510553,combined_max_sharpe
2022-08-19,0.017292556956334842,combined_max_sharpe
2022-08-22,-0.013951815163115555,combined_max_sharpe
2022-08-23,0.01459690134341932,combined_max_sharpe
2022-08-24,0.0024662063012822195,combined_max_sharpe
2022-08-25,0.005461281034862055,combined_max_sharpe
2022-08-26,-0.013538496699073843,combined_max_sharpe
2022-08-29,0.004973856401991869,combined_max_sharpe
2022-08-30,-0.018025619600524782,combined_max_sharpe
2022-08-31,-0.01097793505048069,combined_max_sharpe
2022-09-01,-0.0007573221339540652,combined_max_sharpe
2022-09-02,-0.0003767217596354713,combined_max_sharpe
2022-09-06,-0.007821668394003485,combined_max_sharpe
2022-09-07,0.001868145414483319,combined_max_sharpe
2022-09-08,-0.0007460645097107198,combined_max_sharpe
2022-09-09,0.011994511742742946,combined_max_sharpe
2022-09-12,0.009189854862301332,combined_max_sharpe
2022-09-13,-0.02385614713516202,combined_max_sharpe
2022-09-14,0.02086319016914121,combined_max_sharpe
2022-09-15,-0.01995410754981359,combined_max_sharpe
2022-09-16,-0.00607996953013916,combined_max_sharpe
2022-09-19,0.004346774589169252,combined_max_sharpe
2022-09-20,-0.0090272736625568,combined_max_sharpe
2022-09-21,-0.01543393790778985,combined_max_sharpe
2022-09-22,-0.0010542872992088952,combined_max_sharpe
2022-09-23,-0.03350239130356883,combined_max_sharpe
2022-09-26,-0.018494743997094547,combined_max_sharpe
2022-09-27,-0.0029596394410421893,combined_max_sharpe
2022-09-28,0.02871340567690528,combined_max_sharpe
2022-09-29,-0.01447956165158326,combined_max_sharpe
2022-09-30,-0.01777297661897951,combined_max_sharpe
2022-10-03,0.037081350790176285,combined_max_sharpe
2022-10-04,0.029158354143151422,combined_max_sharpe
2022-10-05,0.012329500526894526,combined_max_sharpe
2022-10-06,0.0002927141494837135,combined_max_sharpe
2022-10-07,-0.009783767722690998,combined_max_sharpe
2022-10-10,-0.01639968956385707,combined_max_sharpe
2022-10-11,0.007170492389814002,combined_max_sharpe
2022-10-12,-0.0022256978128979785,combined_max_sharpe
2022-10-13,0.03652454761345799,combined_max_sharpe
2022-10-14,-0.01002161847211458,combined_max_sharpe
2022-10-17,0.010551156653284939,combined_max_sharpe
2022-10-18,0.0038428938366745066,combined_max_sharpe
2022-10-19,0.0018926565030033702,combined_max_sharpe
2022-10-20,0.0010401862616433552,combined_max_sharpe
2022-10-21,0.0291277957112373,combined_max_sharpe
2022-10-24,0.01383075395959434,combined_max_sharpe
2022-10-25,-0.0013871150139293654,combined_max_sharpe
2022-10-26,0.016612766604619716,combined_max_sharpe
2022-10-27,0.003035190379982015,combined_max_sharpe
2022-10-28,-0.017083845921519444,combined_max_sharpe
2022-10-31,-0.0012228522196810524,combined_max_sharpe
2022-11-01,0.007934739827397213,combined_max_sharpe
2022-11-02,-0.017652723363000063,combined_max_sharpe
2022-11-03,0.001559921178192787,combined_max_sharpe
2022-11-04,0.010941465464711987,combined_max_sharpe
2022-11-07,0.022798911244079432,combined_max_sharpe
2022-11-08,0.02167379386326193,combined_max_sharpe
2022-11-09,-0.026125831933242874,combined_max_sharpe
2022-11-10,0.012746005948113233,combined_max_sharpe
2022-11-11,0.005688427663314394,combined_max_sharpe
2022-11-14,0.0020020059166273667,combined_max_sharpe
2022-11-15,0.0027686583198479847,combined_max_sharpe
2022-11-16,-0.005224244735063394,combined_max_sharpe
2022-11-17,0.005594547393893794,combined_max_sharpe
2022-11-18,0.0008259835707784721,combined_max_sharpe
2022-11-21,-0.0009699807996080435,combined_max_sharpe
2022-11-22,0.0144861523996342,combined_max_sharpe
2022-11-23,-0.009321577124839872,combined_max_sharpe
2022-11-25,-0.0008624708356067191,combined_max_sharpe
2022-11-28,-0.014621066837849578,combined_max_sharpe
2022-11-29,0.0027821835237056463,combined_max_sharpe
2022-11-30,0.013675548430433714,combined_max_sharpe
2022-12-01,-0.0029862036749055475,combined_max_sharpe
2022-12-02,-0.0008541660290279044,combined_max_sharpe
2022-12-05,-0.007806283440827724,combined_max_sharpe
2022-12-06,-0.01317116298115808,combined_max_sharpe
2022-12-07,0.006404741765217631,combined_max_sharpe
2022-12-08,0.0028523560654760407,combined_max_sharpe
2022-12-09,-0.018014237086983673,combined_max_sharpe
2022-12-12,0.005968876237049189,combined_max_sharpe
2022-12-13,0.004156698991612755,combined_max_sharpe
2022-12-14,0.0020008087183665613,combined_max_sharpe
2022-12-15,-0.015025811956140448,combined_max_sharpe
2022-12-16,-0.0028605627173647922,combined_max_sharpe
2022-12-19,-1.2586420643660994e-05,combined_max_sharpe
2022-12-20,0.0018446105546708568,combined_max_sharpe
2022-12-21,0.01132713379444232,combined_max_sharpe
2022-12-22,-0.0064678052577017385,combined_max_sharpe
2022-12-23,0.0082259099830742,combined_max_sharpe
2022-12-27,0.0033634003197959158,combined_max_sharpe
2022-12-28,-0.0119762651659601,combined_max_sharpe
2022-12-29,0.002664824799395016,combined_max_sharpe
2022-12-30,0.0023364376134731206,combined_max_sharpe
2023-01-03,-0.010040493076183465,combined_max_sharpe
2023-01-04,0.006519075924224807,combined_max_sharpe
2023-01-05,0.016217622466441733,combined_max_sharpe
2023-01-06,0.012723204424408174,combined_max_sharpe
2023-01-09,-0.029549691553662223,combined_max_sharpe
2023-01-10,0.006634192243468902,combined_max_sharpe
2023-01-11,0.004163723571463974,combined_max_sharpe
2023-01-12,0.01010265841012008,combined_max_sharpe
2023-01-13,0.0021280745557882633,combined_max_sharpe
2023-01-17,-0.011780773244826688,combined_max_sharpe
2023-01-18,-0.015586616451770409,combined_max_sharpe
2023-01-19,0.009526789670502817,combined_max_sharpe
2023-01-20,0.006437319472972205,combined_max_sharpe
2023-01-23,-0.002391404267323637,combined_max_sharpe
2023-01-24,-0.008478569556563193,combined_max_sharpe
2023-01-25,-0.0010982279304022043,combined_max_sharpe
2023-01-26,0.0028841903638082565,combined_max_sharpe
2023-01-27,-0.014244325644962169,combined_max_sharpe
2023-01-30,-0.003344851610504167,combined_max_sharpe
2023-01-31,0.014225830555011807,combined_max_sharpe
2023-02-01,0.0004304941164517736,combined_max_sharpe
2023-02-02,-0.025833132357213295,combined_max_sharpe
2023-02-03,-0.002588794679778063,combined_max_sharpe
2023-02-06,-0.0008119290987316976,combined_max_sharpe
2023-02-07,0.01451108544509851,combined_max_sharpe
2023-02-08,0.0024142091312279942,combined_max_sharpe
2023-02-09,-0.0025813283800016594,combined_max_sharpe
2023-02-10,0.019352222322980252,combined_max_sharpe
2023-02-13,0.008337387560466616,combined_max_sharpe
2023-02-14,-0.001499006665531189,combined_max_sharpe
2023-02-15,-0.009832097360434222,combined_max_sharpe
2023-02-16,-0.008007427754915829,combined_max_sharpe
2023-02-17,0.008044132692070327,combined_max_sharpe
2023-02-21,-0.008215794901995777,combined_max_sharpe
2023-02-22,-0.0035856652933650506,combined_max_sharpe
2023-02-23,0.005977291911444568,combined_max_sharpe
2023-02-24,-0.005218856541337852,combined_max_sharpe
2023-02-27,-0.001587916130889502,combined_max_sharpe
2023-02-28,-0.015215888136879024,combined_max_sharpe
2023-03-01,0.002853238761630403,combined_max_sharpe
2023-03-02,0.003885082227191696,combined_max_sharpe
2023-03-03,0.005514462322869898,combined_max_sharpe
2023-03-06,0.025135329758652417,combined_max_sharpe
2023-03-07,-0.004977773969168932,combined_max_sharpe
2023-03-08,-0.017324430402828953,combined_max_sharpe
2023-03-09,-0.009491803300575322,combined_max_sharpe
2023-03-10,-0.0018234395819722925,combined_max_sharpe
2023-03-13,-0.013680278289293774,combined_max_sharpe
2023-03-14,0.01508266077604454,combined_max_sharpe
2023-03-15,-0.008134755883830062,combined_max_sharpe
2023-03-16,-0.00020398707575846174,combined_max_sharpe
2023-03-17,-0.026336899905088626,combined_max_sharpe
2023-03-20,0.02004850706858999,combined_max_sharpe
2023-03-21,0.0057770930841432085,combined_max_sharpe
2023-03-22,-0.01479777088393059,combined_max_sharpe
2023-03-23,-0.0005228265201184461,combined_max_sharpe
2023-03-24,0.006202596096070696,combined_max_sharpe
2023-03-27,0.015766049919655092,combined_max_sharpe
2023-03-28,-0.0011420691038457973,combined_max_sharpe
2023-03-29,-2.868508476274248e-05,combined_max_sharpe
2023-03-30,0.0072896462735477655,combined_max_sharpe
2023-03-31,0.00684764669414132,combined_max_sharpe
2023-04-03,0.021044818805122437,combined_max_sharpe
2023-04-04,-0.00796526614464494,combined_max_sharpe
2023-04-05,0.020388612086851984,combined_max_sharpe
2023-04-06,-0.0028662895184599184,combined_max_sharpe
2023-04-10,-0.0025222057814390506,combined_max_sharpe
2023-04-11,0.00010872566459776473,combined_max_sharpe
2023-04-12,0.0028003816568396935,combined_max_sharpe
2023-04-13,0.012330429773419187,combined_max_sharpe
2023-04-14,-0.000891756514846819,combined_max_sharpe
2023-04-17,0.0008356654022793196,combined_max_sharpe
2023-04-18,0.004400779113746468,combined_max_sharpe
2023-04-19,-0.0011239047954837934,combined_max_sharpe
2023-04-20,0.0018986530333467786,combined_max_sharpe
2023-04-21,0.012701493394559251,combined_max_sharpe
2023-04-24,0.0060290135607382065,combined_max_sharpe
2023-04-25,-0.006122430241814036,combined_max_sharpe
2023-04-26,-0.021695640357404542,combined_max_sharpe
2023-04-27,0.008584147220847061,combined_max_sharpe
2023-04-28,-0.002057860150903497,combined_max_sharpe
2023-05-01,0.006486284239654431,combined_max_sharpe
2023-05-02,0.0033585009785073246,combined_max_sharpe
2023-05-03,-0.013178578745583942,combined_max_sharpe
2023-05-04,-0.010300412588622326,combined_max_sharpe
2023-05-05,0.009713825208881425,combined_max_sharpe
2023-05-08,0.0035150894417080606,combined_max_sharpe
2023-05-09,-0.003966065377779112,combined_max_sharpe
2023-05-10,-0.002822434488812833,combined_max_sharpe
2023-05-11,-0.003144767025838672,combined_max_sharpe
2023-05-12,-0.0032666077329120452,combined_max_sharpe
2023-05-15,0.00578339698444581,combined_max_sharpe
2023-05-16,-0.006703772623789307,combined_max_sharpe
2023-05-17,0.0027790732955730456,combined_max_sharpe
2023-05-18,-4.048661158636939e-06,combined_max_sharpe
2023-05-19,0.00564041889691797,combined_max_sharpe
2023-05-22,-0.007910219020805763,combined_max_sharpe
2023-05-23,-0.014261816264442985,combined_max_sharpe
2023-05-24,-0.00014619252789996838,combined_max_sharpe
2023-05-25,-0.008337193649822609,combined_max_sharpe
2023-05-26,-0.003127872054083241,combined_max_sharpe
2023-05-30,-0.011351167882130591,combined_max_sharpe
2023-05-31,0.002584518586096572,combined_max_sharpe
2023-06-01,0.01665821659121742,combined_max_sharpe
2023-06-02,0.013001970612441809,combined_max_sharpe
2023-06-05,-0.009539250975857793,combined_max_sharpe
2023-06-06,-0.0044706081730714175,combined_max_sharpe
2023-06-07,-0.007100413860156734,combined_max_sharpe
2023-06-08,0.011922638978000718,combined_max_sharpe
2023-06-09,0.005028065138187397,combined_max_sharpe
2023-06-12,0.0005790838700334079,combined_max_sharpe
2023-06-13,0.0052731770616108575,combined_max_sharpe
2023-06-14,-0.011336823893701102,combined_max_sharpe
2023-06-15,0.0048392877531299415,combined_max_sharpe
2023-06-16,0.0019290054029721562,combined_max_sharpe
2023-06-20,-0.00329260915962727,combined_max_sharpe
2023-06-21,0.0061384576304587685,combined_max_sharpe
2023-06-22,0.005581003296182325,combined_max_sharpe
2023-06-23,-0.0024113640531553153,combined_max_sharpe
2023-06-26,-0.009289607680770305,combined_max_sharpe
2023-06-27,0.007451168438310167,combined_max_sharpe
2023-06-28,-0.0013186967182658082,combined_max_sharpe
2023-06-29,0.007344282962442781,combined_max_sharpe
2023-06-30,0.016958488886909668,combined_max_sharpe
2023-07-03,-0.01035492624660861,combined_max_sharpe
2023-07-05,-0.0009582505902457502,combined_max_sharpe
2023-07-06,-0.011142848975134782,combined_max_sharpe
2023-07-07,-0.003975922905517018,combined_max_sharpe
2023-07-10,0.014656505125683394,combined_max_sharpe
2023-07-11,-0.0005595547795972625,combined_max_sharpe
2023-07-12,0.0014245453620519862,combined_max_sharpe
2023-07-13,0.01508044435130811,combined_max_sharpe
2023-07-14,-0.0064099594546468824,combined_max_sharpe
2023-07-17,-0.0013808722510586908,combined_max_sharpe
2023-07-18,0.0044624635551443435,combined_max_sharpe
2023-07-19,-0.004466903081161518,combined_max_sharpe
2023-07-20,0.010170989686993565,combined_max_sharpe
2023-07-21,-0.00040819225521015285,combined_max_sharpe
2023-07-24,-0.007361422159039283,combined_max_sharpe
2023-07-25,0.02688060902064231,combined_max_sharpe
2023-07-26,-0.00961396162149578,combined_max_sharpe
2023-07-27,-0.001427015477464579,combined_max_sharpe
2023-07-28,0.0005531587849294224,combined_max_sharpe
2023-07-31,-0.0009565313211531857,combined_max_sharpe
2023-08-01,-0.008398801036745989,combined_max_sharpe
2023-08-02,-0.013471831504847268,combined_max_sharpe
2023-08-03,0.0004315879606872654,combined_max_sharpe
2023-08-04,0.0002771746375715915,combined_max_sharpe
2023-08-07,0.014500056371443349,combined_max_sharpe
2023-08-08,-0.003345544939869677,combined_max_sharpe
2023-08-09,-0.010832635639940365,combined_max_sharpe
2023-08-10,0.0013697229589391888,combined_max_sharpe
2023-08-11,0.0043491207052960765,combined_max_sharpe
2023-08-14,0.016212940151684223,combined_max_sharpe
2023-08-15,-0.010087334822249425,combined_max_sharpe
2023-08-16,-0.008165894970420867,combined_max_sharpe
2023-08-17,-0.02226204949608584,combined_max_sharpe
2023-08-18,0.004285941996698689,combined_max_sharpe
2023-08-21,0.009435563285879293,combined_max_sharpe
2023-08-22,-0.011685081636818468,combined_max_sharpe
2023-08-23,0.024771876537910305,combined_max_sharpe
2023-08-24,-0.015937731899379293,combined_max_sharpe
2023-08-25,0.0030107416557641296,combined_max_sharpe
2023-08-28,0.007040579310931278,combined_max_sharpe
2023-08-29,0.021193032309680206,combined_max_sharpe
2023-08-30,-0.00401258513922819,combined_max_sharpe
2023-08-31,-0.005524952003886232,combined_max_sharpe
2023-09-01,-0.0030789626908658526,combined_max_sharpe
2023-09-05,-0.012049622385089505,combined_max_sharpe
2023-09-06,-0.008747098060386444,combined_max_sharpe
2023-09-07,-0.000992126277347329,combined_max_sharpe
2023-09-08,0.0004979779364819787,combined_max_sharpe
2023-09-11,0.0033327100305391875,combined_max_sharpe
2023-09-12,0.005825002681551203,combined_max_sharpe
2023-09-13,-0.005817504657809039,combined_max_sharpe
2023-09-14,0.012797372721842552,combined_max_sharpe
2023-09-15,-0.0074557055612900856,combined_max_sharpe
2023-09-18,0.006416769713822378,combined_max_sharpe
2023-09-19,-0.003613808534716654,combined_max_sharpe
2023-09-20,-0.00986393986977746,combined_max_sharpe
2023-09-21,-0.015559272659727138,combined_max_sharpe
2023-09-22,-0.004116429855785484,combined_max_sharpe
2023-09-25,0.004294259814359489,combined_max_sharpe
2023-09-26,-0.008725968476616336,combined_max_sharpe
2023-09-27,0.0032795474341572877,combined_max_sharpe
2023-09-28,0.010943789731302517,combined_max_sharpe
2023-09-29,-0.009532383079968683,combined_max_sharpe
2023-10-02,-0.00361171402989199,combined_max_sharpe
2023-10-03,-0.015487567533228205,combined_max_sharpe
2023-10-04,0.007940987594253924,combined_max_sharpe
2023-10-05,0.003016432810787137,combined_max_sharpe
2023-10-06,0.017451701156253364,combined_max_sharpe
2023-10-09,-0.004749965451032064,combined_max_sharpe
2023-10-10,0.0043902458284519165,combined_max_sharpe
2023-10-11,0.016007589265645022,combined_max_sharpe
2023-10-12,-0.007175019374196061,combined_max_sharpe
2023-10-13,-0.011854933504068337,combined_max_sharpe
2023-10-16,0.006981902628307208,combined_max_sharpe
2023-10-17,-0.005182251838230302,combined_max_sharpe
2023-10-18,-0.020636530286946522,combined_max_sharpe
2023-10-19,-0.006993849002558247,combined_max_sharpe
2023-10-20,-0.0016986166051530054,combined_max_sharpe
2023-10-23,0.012122574056082587,combined_max_sharpe
2023-10-24,0.030847201196325537,combined_max_sharpe
2023-10-25,-0.017421579862553487,combined_max_sharpe
2023-10-26,-0.015714023264577083,combined_max_sharpe
2023-10-27,-0.019147813538806492,combined_max_sharpe
2023-10-30,0.018898004177359345,combined_max_sharpe
2023-10-31,-0.010632160346737994,combined_max_sharpe
2023-11-01,0.0035694261809928983,combined_max_sharpe
2023-11-02,0.005805176964646071,combined_max_sharpe
2023-11-03,0.013889821590721512,combined_max_sharpe
2023-11-06,0.020050502445008823,combined_max_sharpe
2023-11-07,0.0014026324847857922,combined_max_sharpe
2023-11-08,0.012260702576985525,combined_max_sharpe
2023-11-09,-0.005563100925634503,combined_max_sharpe
2023-11-10,0.01692949610154995,combined_max_sharpe
2023-11-13,0.003638647848355151,combined_max_sharpe
2023-11-14,0.010407688612325373,combined_max_sharpe
2023-11-15,-0.004226460049400598,combined_max_sharpe
2023-11-16,0.004377889768774417,combined_max_sharpe
2023-11-17,0.0008727726970855566,combined_max_sharpe
2023-11-20,0.0047186984494113566,combined_max_sharpe
2023-11-21,-0.006874940140878068,combined_max_sharpe
2023-11-22,-0.004766081810109893,combined_max_sharpe
2023-11-24,-0.0013146528816327737,combined_max_sharpe
2023-11-27,0.0008368183998726869,combined_max_sharpe
2023-11-28,-0.0062529983962362435,combined_max_sharpe
2023-11-29,0.0005736093990113659,combined_max_sharpe
2023-11-30,0.005867967813586573,combined_max_sharpe
2023-12-01,0.005798328386095394,combined_max_sharpe
2023-12-04,-0.001919418696136179,combined_max_sharpe
2023-12-05,0.0035924573417181055,combined_max_sharpe
2023-12-06,-0.007944555698230769,combined_max_sharpe
2023-12-07,0.0041595211619207,combined_max_sharpe
2023-12-08,0.011865480949448023,combined_max_sharpe
2023-12-11,-0.01108974620470857,combined_max_sharpe
2023-12-12,0.012995440934258248,combined_max_sharpe
2023-12-13,0.0045131625716420595,combined_max_sharpe
2023-12-14,-0.0034084808626935314,combined_max_sharpe
2023-12-15,0.004340662152744331,combined_max_sharpe
2023-12-18,0.011444269027564454,combined_max_sharpe
2023-12-19,0.006821631680522583,combined_max_sharpe
2023-12-20,-0.014281949074950544,combined_max_sharpe
2023-12-21,0.019609687312348655,combined_max_sharpe
2023-12-22,0.0006476025668233554,combined_max_sharpe
2023-12-26,0.0028759797064137607,combined_max_sharpe
2023-12-27,0.01219936218627689,combined_max_sharpe
2023-12-28,-0.0009448587962779909,combined_max_sharpe
2023-12-29,-0.0051599212783517544,combined_max_sharpe
2021-01-04,-0.003890754794180159,combined_risk_parity
2021-01-05,0.018120376539992038,combined_risk_parity
2021-01-06,0.04018247716107984,combined_risk_parity
2021-01-07,0.010143704534638193,combined_risk_parity
2021-01-08,0.001220860711885404,combined_risk_parity
2021-01-11,-0.021524225782496315,combined_risk_parity
2021-01-12,-0.0006109898860971218,combined_risk_parity
2021-01-13,0.013803567861465391,combined_risk_parity
2021-01-14,0.005860779073975743,combined_risk_parity
2021-01-15,-0.015495323336940951,combined_risk_parity
2021-01-19,0.007634480717274239,combined_risk_parity
2021-01-20,0.005661901921990958,combined_risk_parity
2021-01-21,-0.027791277934350513,combined_risk_parity
2021-01-22,0.007759507727108147,combined_risk_parity
2021-01-25,-0.0020777196750773348,combined_risk_parity
2021-01-26,-0.004617090510871493,combined_risk_parity
2021-01-27,-0.03390197079643123,combined_risk_parity
2021-01-28,0.024511344724528247,combined_risk_parity
2021-01-29,-0.007617075142822899,combined_risk_parity
2021-02-01,0.010204431715737181,combined_risk_parity
2021-02-02,0.0214035617840536,combined_risk_parity
2021-02-03,0.00942780995715251,combined_risk_parity
2021-02-04,0.004677017929212065,combined_risk_parity
2021-02-05,0.019298369448650814,combined_risk_parity
2021-02-08,0.024349974909302276,combined_risk_parity
2021-02-09,0.008633479616969737,combined_risk_parity
2021-02-10,0.008348949512855613,combined_risk_parity
2021-02-11,0.012119537999230365,combined_risk_parity
2021-02-12,0.012771234706878482,combined_risk_parity
2021-02-16,8.878331594455702e-05,combined_risk_parity
2021-02-17,0.009077872795865008,combined_risk_parity
2021-02-18,-0.004446512107421032,combined_risk_parity
2021-02-19,0.00908485215560188,combined_risk_parity
2021-02-22,-0.008683328312674089,combined_risk_parity
2021-02-23,-0.026107713165073616,combined_risk_parity
2021-02-24,0.018758703010906312,combined_risk_parity
2021-02-25,-0.024130059591711488,combined_risk_parity
2021-02-26,-0.010366431104046593,combined_risk_parity
2021-03-01,0.027648109503017666,combined_risk_parity
2021-03-02,-0.004995095667853326,combined_risk_parity
2021-03-03,-0.00033320893871828733,combined_risk_parity
2021-03-04,-0.009153766461762133,combined_risk_parity
2021-03-05,0.013226334721981786,combined_risk_parity
2021-03-08,0.0044615570870611574,combined_risk_parity
2021-03-09,0.013254338704809365,combined_risk_parity
2021-03-10,0.003480025766252344,combined_risk_parity
2021-03-11,0.004812708500153617,combined_risk_parity
2021-03-12,0.002555291877315304,combined_risk_parity
2021-03-15,-0.0011713058424097002,combined_risk_parity
2021-03-16,0.007015489487125955,combined_risk_parity
2021-03-17,0.006925596336963361,combined_risk_parity
2021-03-18,-0.01504850789771685,combined_risk_parity
2021-03-19,-0.0007063611481626306,combined_risk_parity
2021-03-22,-0.00010487066879600704,combined_risk_parity
2021-03-23,-0.0055651151834878385,combined_risk_parity
2021-03-24,-0.013883901971090518,combined_risk_parity
2021-03-25,0.00575361294981287,combined_risk_parity
2021-03-26,0.03094468102817685,combined_risk_parity
2021-03-29,0.00720851876096163,combined_risk_parity
2021-03-30,-0.0005418116981099119,combined_risk_parity
2021-03-31,0.010304119991946515,combined_risk_parity
2021-04-01,0.014672578757863942,combined_risk_parity
2021-04-05,0.023081966962157616,combined_risk_parity
2021-04-06,0.005966440099026121,combined_risk_parity
2021-04-07,-0.013625912450554611,combined_risk_parity
2021-04-08,0.010035511307399434,combined_risk_parity
2021-04-09,-0.002264637608147718,combined_risk_parity
2021-04-12,-0.00014566428523633677,combined_risk_parity
2021-04-13,0.019726945162833902,combined_risk_parity
2021-04-14,0.007179858177289758,combined_risk_parity
2021-04-15,0.018026410097255228,combined_risk_parity
2021-04-16,0.010810640530123879,combined_risk_parity
2021-04-19,-0.013429808386374403,combined_risk_parity
2021-04-20,-0.001719412335558194,combined_risk_parity
2021-04-21,0.002052752340624872,combined_risk_parity
2021-04-22,-0.01619857718772049,combined_risk_parity
2021-04-23,0.004644271415590373,combined_risk_parity
2021-04-26,0.026003937241607523,combined_risk_parity
2021-04-27,0.007995005006577838,combined_risk_parity
2021-04-28,0.0006928192729146096,combined_risk_parity
2021-04-29,0.005640496360681097,combined_risk_parity
2021-04-30,0.007084977550949065,combined_risk_parity
2021-05-03,0.015444054543423336,combined_risk_parity
2021-05-04,-0.005648499007211002,combined_risk_parity
2021-05-05,0.04372333086818185,combined_risk_parity
2021-05-06,0.022550097273660655,combined_risk_parity
2021-05-07,0.0018000016406711859,combined_risk_parity
2021-05-10,-0.014161891036241459,combined_risk_parity
2021-05-11,0.012826295389902966,combined_risk_parity
2021-05-12,-0.0431285166313494,combined_risk_parity
2021-05-13,0.01742943796387151,combined_risk_parity
2021-05-14,0.020617598770978445,combined_risk_parity
2021-05-17,-0.008442744291785171,combined_risk_parity
2021-05-18,-0.0043586035107385755,combined_risk_parity
2021-05-19,-0.05502496853780312,combined_risk_parity
2021-05-20,0.031663435606871106,combined_risk_parity
2021-05-21,-0.021497824737603276,combined_risk_parity
2021-05-24,0.047287331314570705,combined_risk_parity
2021-05-25,-0.004097105160568199,combined_risk_parity
2021-05-26,0.014872081029443264,combined_risk_parity
2021-05-27,-0.0039597014424025585,combined_risk_parity
2021-05-28,-0.011492925379301376,combined_risk_parity
2021-06-01,0.0019320991050394568,combined_risk_parity
2021-06-02,0.005887695082374621,combined_risk_parity
2021-06-03,0.006975701709594549,combined_risk_parity
2021-06-04,-0.006163965303206662,combined_risk_parity
2021-06-07,-0.015368342643534452,combined_risk_parity
2021-06-08,-0.002371154567070979,combined_risk_parity
2021-06-09,0.007302707257698666,combined_risk_parity
2021-06-10,-0.004799715458690143,combined_risk_parity
2021-06-11,-0.005929566468440189,combined_risk_parity
2021-06-14,0.0007492351693836753,combined_risk_parity
2021-06-15,0.0008401618357091983,combined_risk_parity
2021-06-16,-0.018244472644723616,combined_risk_parity
2021-06-17,-0.005570700136612286,combined_risk_parity
2021-06-18,-0.02218297042893265,combined_risk_parity
2021-06-21,-0.017547477815348333,combined_risk_parity
2021-06-22,-0.004652135019746895,combined_risk_parity
2021-06-23,0.011425151616436098,combined_risk_parity
2021-06-24,0.01693102791334944,combined_risk_parity
2021-06-25,-0.006932437710560354,combined_risk_parity
2021-06-28,0.0017426400271460009,combined_risk_parity
2021-06-29,0.012414481983307893,combined_risk_parity
2021-06-30,0.00536876522605812,combined_risk_parity
2021-07-01,-0.0033192767515803833,combined_risk_parity
2021-07-02,0.004263327713458633,combined_risk_parity
2021-07-06,-0.004212575069847085,combined_risk_parity
2021-07-07,-0.0021812792662466956,combined_risk_parity
2021-07-08,-0.014100931368607787,combined_risk_parity
2021-07-09,0.015525252970304146,combined_risk_parity
2021-07-12,6.666012125694553e-06,combined_risk_parity
2021-07-13,-0.009426809800300119,combined_risk_parity
2021-07-14,-0.00025849365444602,combined_risk_parity
2021-07-15,-0.006653536534465437,combined_risk_parity
2021-07-16,-0.011967131418521893,combined_risk_parity
2021-07-19,-0.02245957039543941,combined_risk_parity
2021-07-20,0.0028586259219501356,combined_risk_parity
2021-07-21,0.022601742030328026,combined_risk_parity
2021-07-22,0.004775657305063479,combined_risk_parity
2021-07-23,0.009348842887017789,combined_risk_parity
2021-07-26,0.008748477236540465,combined_risk_parity
2021-07-27,0.0027178679878509734,combined_risk_parity
2021-07-28,0.006353804842844131,combined_risk_parity
2021-07-29,0.008348407885710781,combined_risk_parity
2021-07-30,0.0002823173721804373,combined_risk_parity
2021-08-02,-0.0004144954999887855,combined_risk_parity
2021-08-03,0.002898455473873931,combined_risk_parity
2021-08-04,-0.000685582247470784,combined_risk_parity
2021-08-05,0.006763876655075019,combined_risk_parity
2021-08-06,0.006557461830400194,combined_risk_parity
2021-08-09,0.006843418909327442,combined_risk_parity
2021-08-10,0.00839153195052591,combined_risk_parity
2021-08-11,0.017641084177718844,combined_risk_parity
2021-08-12,-0.002135655200135237,combined_risk_parity
2021-08-13,0.017674559383084754,combined_risk_parity
2021-08-16,-0.008433254654068603,combined_risk_parity
2021-08-17,-0.015290825753124779,combined_risk_parity
2021-08-18,-0.008506412839214212,combined_risk_parity
2021-08-19,0.0064703088836362815,combined_risk_parity
2021-08-20,0.010881405382754462,combined_risk_parity
2021-08-23,0.012042506748717808,combined_risk_parity
2021-08-24,-0.009472567050769248,combined_risk_parity
2021-08-25,0.0038713081381516173,combined_risk_parity
2021-08-26,-0.016122481497608712,combined_risk_parity
2021-08-27,0.02151123226674198,combined_risk_parity
2021-08-30,-0.0064252483617915235,combined_risk_parity
2021-08-31,0.005361457888820467,combined_risk_parity
2021-09-01,0.007531067699489177,combined_risk_parity
2021-09-02,0.007735529282360308,combined_risk_parity
2021-09-03,0.00486683591692592,combined_risk_parity
2021-09-07,-0.03628095981293478,combined_risk_parity
2021-09-08,-0.0015716560248669779,combined_risk_parity
2021-09-09,-0.004756211936891715,combined_risk_parity
2021-09-10,-0.010110524390361905,combined_risk_parity
2021-09-13,-0.002580416306756818,combined_risk_parity
2021-09-14,-0.001432419515868749,combined_risk_parity
2021-09-15,0.012875051537632583,combined_risk_parity
2021-09-16,-0.00780368734541298,combined_risk_parity
2021-09-17,-0.014286215712741267,combined_risk_parity
2021-09-20,-0.03329331545513273,combined_risk_parity
2021-09-21,-0.010663478479630051,combined_risk_parity
2021-09-22,0.02564758130751815,combined_risk_parity
2021-09-23,0.012260223908901548,combined_risk_parity
2021-09-24,-0.012367511550657524,combined_risk_parity
2021-09-27,-0.002438326066047432,combined_risk_parity
2021-09-28,-0.014791132484124888,combined_risk_parity
2021-09-29,0.00746668734471468,combined_risk_parity
2021-09-30,-0.0017850033793431162,combined_risk_parity
2021-10-01,0.02459148163223043,combined_risk_parity
2021-10-04,-0.004760865119006868,combined_risk_parity
2021-10-05,0.011263409404533147,combined_risk_parity
2021-10-06,0.0052996406598413755,combined_risk_parity
2021-10-07,0.0056381560180195425,combined_risk_parity
2021-10-08,-0.0023150848948262966,combined_risk_parity
2021-10-11,-0.004783810819609661,combined_risk_parity
2021-10-12,-0.004723113417267522,combined_risk_parity
2021-10-13,0.00804623580702964,combined_risk_parity
2021-10-14,0.012013720336223652,combined_risk_parity
2021-10-15,0.007506264442978244,combined_risk_parity
2021-10-18,-0.0006564281322926676,combined_risk_parity
2021-10-19,0.010334411223166511,combined_risk_parity
2021-10-20,0.015919467021704395,combined_risk_parity
2021-10-21,-0.005106919703657937,combined_risk_parity
2021-10-22,-0.0005606793506842653,combined_risk_parity
2021-10-25,0.008201312790865542,combined_risk_parity
2021-10-26,0.0020380461203450533,combined_risk_parity
2021-10-27,-0.028659861087892757,combined_risk_parity
2021-10-28,0.016269624424211402,combined_risk_parity
2021-10-29,0.0023780289284411485,combined_risk_parity
2021-11-01,0.005496539455518862,combined_risk_parity
2021-11-02,0.009294275797061708,combined_risk_parity
2021-11-03,0.006961779327564758,combined_risk_parity
2021-11-04,-0.0004541795884501539,combined_risk_parity
2021-11-05,0.0018977906685878805,combined_risk_parity
2021-11-08,0.013160514517736173,combined_risk_parity
2021-11-09,0.009076821272139917,combined_risk_parity
2021-11-10,-0.014626270437855953,combined_risk_parity
2021-11-11,0.0028182639518571848,combined_risk_parity
2021-11-12,-0.001709109374505273,combined_risk_parity
2021-11-15,-0.0031997942733267997,combined_risk_parity
2021-11-16,-0.014269076752689023,combined_risk_parity
2021-11-17,-0.004503910391576134,combined_risk_parity
2021-11-18,-0.012178625840402222,combined_risk_parity
2021-11-19,0.0016083130038162287,combined_risk_parity
2021-11-22,-0.0043254668527288875,combined_risk_parity
2021-11-23,0.010080833081749263,combined_risk_parity
2021-11-24,-0.0028379924818224857,combined_risk_parity
2021-11-26,-0.029338476707881755,combined_risk_parity
2021-11-29,0.008916650891831268,combined_risk_parity
2021-11-30,-0.018449366912494755,combined_risk_parity
2021-12-01,-0.011750985011291237,combined_risk_parity
2021-12-02,0.01842454632077213,combined_risk_parity
2021-12-03,-0.009896650052684622,combined_risk_parity
2021-12-06,0.017967098671794038,combined_risk_parity
2021-12-07,0.011524713550818213,combined_risk_parity
2021-12-08,0.005738811185586794,combined_risk_parity
2021-12-09,-0.017306547344091622,combined_risk_parity
2021-12-10,-0.001750950694676707,combined_risk_parity
2021-12-13,-0.01847500062645433,combined_risk_parity
2021-12-14,0.0003731772543874315,combined_risk_parity
2021-12-15,0.015336483030759818,combined_risk_parity
2021-12-16,-0.0014557751549373454,combined_risk_parity
2021-12-17,-0.014493090540587993,combined_risk_parity
2021-12-20,-0.006322349334487458,combined_risk_parity
2021-12-21,0.01771832215144134,combined_risk_parity
2021-12-22,0.005884459350951686,combined_risk_parity
2021-12-23,0.012980871774251779,combined_risk_parity
2021-12-27,0.011695336888605877,combined_risk_parity
2021-12-28,-0.009558348712256833,combined_risk_parity
2021-12-29,-0.004461703030257021,combined_risk_parity
2021-12-30,0.0015601369410051648,combined_risk_parity
2021-12-31,-0.0034643943065615678,combined_risk_parity
2022-01-03,0.003123160162046699,combined_risk_parity
2022-01-04,0.00494542447656564,combined_risk_parity
2022-01-05,-0.018520541664949264,combined_risk_parity
2022-01-06,0.00035154698139848776,combined_risk_parity
2022-01-07,-0.005573185878732739,combined_risk_parity
2022-01-10,-0.010468008645634554,combined_risk_parity
2022-01-11,0.014117589837793544,combined_risk_parity
2022-01-12,0.01132489119099409,combined_risk_parity
2022-01-13,-0.009911573013603521,combined_risk_parity
2022-01-14,0.005830496410168116,combined_risk_parity
2022-01-18,-0.01153302363533437,combined_risk_parity
2022-01-19,-0.010489090579142503,combined_risk_parity
2022-01-20,-0.016972195148548957,combined_risk_parity
2022-01-21,-0.030061223982015498,combined_risk_parity
2022-01-24,-0.002854146683467806,combined_risk_parity
2022-01-25,-0.002743071610998366,combined_risk_parity
2022-01-26,-0.006530534848476083,combined_risk_parity
2022-01-27,-0.004293893754328957,combined_risk_parity
2022-01-28,0.018309617859772698,combined_risk_parity
2022-01-31,0.014107319571363014,combined_risk_parity
2022-02-01,0.012964162723813271,combined_risk_parity
2022-02-02,0.0017817301239004546,combined_risk_parity
2022-02-03,-0.005356465536997571,combined_risk_parity
2022-02-04,0.013733646897065197,combined_risk_parity
2022-02-07,0.013688791888446367,combined_risk_parity
2022-02-08,0.0029371659880817282,combined_risk_parity
2022-02-09,0.013799729865727304,combined_risk_parity
2022-02-10,-0.0184836291489719,combined_risk_parity
2022-02-11,-0.01848541179562176,combined_risk_parity
2022-02-14,-0.006096454332451162,combined_risk_parity
2022-02-15,0.017944771341906925,combined_risk_parity
2022-02-16,-0.002943942595038024,combined_risk_parity
2022-02-17,-0.02566904439235687,combined_risk_parity
2022-02-18,-0.00830897428468353,combined_risk_parity
2022-02-22,0.0010145262277304037,combined_risk_parity
2022-02-23,-0.013019673685019413,combined_risk_parity
2022-02-24,0.005844886592826031,combined_risk_parity
2022-02-25,0.028299068288828368,combined_risk_parity
2022-02-28,0.014981012301147338,combined_risk_parity
2022-03-01,-0.010226922298809879,combined_risk_parity
2022-03-02,0.013323609703012582,combined_risk_parity
2022-03-03,-0.003943445898772509,combined_risk_parity
2022-03-04,-0.010092048189367153,combined_risk_parity
2022-03-07,-0.01776908707754453,combined_risk_parity
2022-03-08,-0.0005181088985887559,combined_risk_parity
2022-03-09,0.022753857325534494,combined_risk_parity
2022-03-10,-0.008283750117282966,combined_risk_parity
2022-03-11,-0.0057257385408503655,combined_risk_parity
2022-03-14,-0.003629062472281809,combined_risk_parity
2022-03-15,0.008665417098065818,combined_risk_parity
2022-03-16,0.02011624343873986,combined_risk_parity
2022-03-17,0.01178501741210827,combined_risk_parity
2022-03-18,0.007895695606537636,combined_risk_parity
2022-03-21,0.0070109715696001045,combined_risk_parity
2022-03-22,0.015103216163539684,combined_risk_parity
2022-03-23,-0.006049250070386994,combined_risk_parity
2022-03-24,0.013068632416285836,combined_risk_parity
2022-03-25,0.005595401879406856,combined_risk_parity
2022-03-28,0.0014474188611262042,combined_risk_parity
2022-03-29,0.01268481019577725,combined_risk_parity
2022-03-30,-0.0019830263042148015,combined_risk_parity
2022-03-31,-0.017306133656382422,combined_risk_parity
2022-04-01,0.007345515668125023,combined_risk_parity
2022-04-04,0.0008953739066797082,combined_risk_parity
2022-04-05,-0.013658704065118675,combined_risk_parity
2022-04-06,-0.016328677696710422,combined_risk_parity
2022-04-07,0.007364622930832037,combined_risk_parity
2022-04-08,-0.00434863617354621,combined_risk_parity
2022-04-11,-0.023264955744011714,combined_risk_parity
2022-04-12,0.004007312985704973,combined_risk_parity
2022-04-13,0.013787966587576849,combined_risk_parity
2022-04-14,-0.005741101907638509,combined_risk_parity
2022-04-18,0.004428319975481327,combined_risk_parity
2022-04-19,0.014011769138049192,combined_risk_parity
2022-04-20,-0.0007653785091205789,combined_risk_parity
2022-04-21,-0.013784294691622685,combined_risk_parity
2022-04-22,-0.021214101715744404,combined_risk_parity
2022-04-25,-0.0004408850273058633,combined_risk_parity
2022-04-26,-0.028544543537565997,combined_risk_parity
2022-04-27,0.0044478831711573215,combined_risk_parity
2022-04-28,0.016149437880903193,combined_risk_parity
2022-04-29,-0.03535914037351933,combined_risk_parity
2022-05-02,0.0030438634196666235,combined_risk_parity
2022-05-03,0.003564029912301042,combined_risk_parity
2022-05-04,0.041779191869066076,combined_risk_parity
2022-05-05,-0.03567404621053816,combined_risk_parity
2022-05-06,-0.0014604223199472912,combined_risk_parity
2022-05-09,-0.05231015937226137,combined_risk_parity
2022-05-10,0.002289456630839913,combined_risk_parity
2022-05-11,-0.026863850658016598,combined_risk_parity
2022-05-12,-0.006284836576940929,combined_risk_parity
2022-05-13,0.02971034348845338,combined_risk_parity
2022-05-16,-0.008837458817569869,combined_risk_parity
2022-05-17,0.02352217655826354,combined_risk_parity
2022-05-18,-0.03656835295238528,combined_risk_parity
2022-05-19,0.0063987913113561935,combined_risk_parity
2022-05-20,-0.00472162270689022,combined_risk_parity
2022-05-23,0.010608109265878497,combined_risk_parity
2022-05-24,0.005686548913250513,combined_risk_parity
2022-05-25,0.005888223167806835,combined_risk_parity
2022-05-26,0.004244669034147537,combined_risk_parity
2022-05-27,0.011565068511086298,combined_risk_parity
2022-05-31,-0.004450962361167224,combined_risk_parity
2022-06-01,-0.016220122078898155,combined_risk_parity
2022-06-02,0.016240133807354812,combined_risk_parity
2022-06-03,-0.011271403291995531,combined_risk_parity
2022-06-06,0.004473021448710698,combined_risk_parity
2022-06-07,0.006515504781820811,combined_risk_parity
2022-06-08,-0.013009352302863543,combined_risk_parity
2022-06-09,-0.020680984995779597,combined_risk_parity
2022-06-10,-0.030169260382236572,combined_risk_parity
2022-06-13,-0.054737652165409836,combined_risk_parity
2022-06-14,-0.0034627853951064973,combined_risk_parity
2022-06-15,0.019983917419261744,combined_risk_parity
2022-06-16,-0.041892255552994244,combined_risk_parity
2022-06-17,0.002732871883782614,combined_risk_parity
2022-06-21,0.018731182956851007,combined_risk_parity
2022-06-22,-0.008861850562642583,combined_risk_parity
2022-06-23,0.0100016140490976,combined_risk_parity
2022-06-24,0.030300955456340234,combined_risk_parity
2022-06-27,-0.0037082095460848,combined_risk_parity
2022-06-28,-0.015119424936045183,combined_risk_parity
2022-06-29,-0.006696225000566495,combined_risk_parity
2022-06-30,-0.007535848717859894,combined_risk_parity
2022-07-01,0.005155360012899511,combined_risk_parity
2022-07-05,-0.008417589662965285,combined_risk_parity
2022-07-06,0.002744904067572163,combined_risk_parity
2022-07-07,0.01812251090033878,combined_risk_parity
2022-07-08,-0.004392454474492609,combined_risk_parity
2022-07-11,-0.01564164553513321,combined_risk_parity
2022-07-12,-0.007135968983798228,combined_risk_parity
2022-07-13,0.004273844927175244,combined_risk_parity
2022-07-14,0.0003954618362371806,combined_risk_parity
2022-07-15,0.01772329816929271,combined_risk_parity
2022-07-18,0.015313114732142499,combined_risk_parity
2022-07-19,0.02586875775096274,combined_risk_parity
2022-07-20,-0.003828157409285749,combined_risk_parity
2022-07-21,0.00855275720091389,combined_risk_parity
2022-07-22,-0.005418183269914842,combined_risk_parity
2022-07-25,-0.009139212362314906,combined_risk_parity
2022-07-26,-0.003336425903804737,combined_risk_parity
2022-07-27,0.02792847365268602,combined_risk_parity
2022-07-28,0.021607122134156637,combined_risk_parity
2022-07-29,0.007116952121869635,combined_risk_parity
2022-08-01,-0.003463816514591548,combined_risk_parity
2022-08-02,-0.011258405527666892,combined_risk_parity
2022-08-03,0.004307763973303617,combined_risk_parity
2022-08-04,-0.0011084059539739496,combined_risk_parity
2022-08-05,0.00894795495170603,combined_risk_parity
2022-08-08,0.003722581033028964,combined_risk_parity
2022-08-09,-0.007945398147576593,combined_risk_parity
2022-08-10,0.022285586386157935,combined_risk_parity
2022-08-11,0.00711277305876338,combined_risk_parity
2022-08-12,0.014744085826509505,combined_risk_parity
2022-08-15,0.0008230034027234436,combined_risk_parity
2022-08-16,0.002814440189481565,combined_risk_parity
2022-08-17,-0.007798589889117788,combined_risk_parity
2022-08-18,0.0004369317370867692,combined_risk_parity
2022-08-19,-0.025355329437994716,combined_risk_parity
2022-08-22,-0.01253747539978588,combined_risk_parity
2022-08-23,0.004000658103116927,combined_risk_parity
2022-08-24,0.0006884568862047301,combined_risk_parity
2022-08-25,0.013369768680934334,combined_risk_parity
2022-08-26,-0.036080888455400716,combined_risk_parity
2022-08-29,0.005030206035969886,combined_risk_parity
2022-08-30,-0.015619484591487915,combined_risk_parity
2022-08-31,-0.0055874896852431315,combined_risk_parity
2022-09-01,0.0034886436672656855,combined_risk_parity
2022-09-02,-0.007112650662027262,combined_risk_parity
2022-09-06,-0.01516233427813982,combined_risk_parity
2022-09-07,0.022888356862568352,combined_risk_parity
2022-09-08,0.006030335202376025,combined_risk_parity
2022-09-09,0.021971926470323123,combined_risk_parity
2022-09-12,0.00582841131417971,combined_risk_parity
2022-09-13,-0.045226225201349404,combined_risk_parity
2022-09-14,0.006167148570890118,combined_risk_parity
2022-09-15,-0.021520483858726548,combined_risk_parity
2022-09-16,-0.003864168641195474,combined_risk_parity
2022-09-19,0.008872265784185426,combined_risk_parity
2022-09-20,-0.012956882717406143,combined_risk_parity
2022-09-21,-0.020650512877607576,combined_risk_parity
2022-09-22,0.0034980863449201494,combined_risk_parity
2022-09-23,-0.016667819937102535,combined_risk_parity
2022-09-26,-0.01293929840562053,combined_risk_parity
2022-09-27,-0.005605479284624964,combined_risk_parity
2022-09-28,0.017534552039938048,combined_risk_parity
2022-09-29,-0.012207247581198729,combined_risk_parity
2022-09-30,-0.013137197439580913,combined_risk_parity
2022-10-03,0.030449618306372543,combined_risk_parity
2022-10-04,0.028809583357177367,combined_risk_parity
2022-10-05,-0.0034065901150966225,combined_risk_parity
2022-10-06,-0.010554134887437127,combined_risk_parity
2022-10-07,-0.020280218445497645,combined_risk_parity
2022-10-10,-0.012045546445742968,combined_risk_parity
2022-10-11,-0.005794294732439904,combined_risk_parity
2022-10-12,-0.0043924079566163825,combined_risk_parity
2022-10-13,0.02191998810456887,combined_risk_parity
2022-10-14,-0.014943014408954007,combined_risk_parity
2022-10-17,0.018691664879151734,combined_risk_parity
2022-10-18,0.007318470900009656,combined_risk_parity
2022-10-19,-0.010522088707603135,combined_risk_parity
2022-10-20,-0.003903969660213537,combined_risk_parity
2022-10-21,0.022006824865926086,combined_risk_parity
2022-10-24,0.003431330492379289,combined_risk_parity
2022-10-25,0.022866863952870086,combined_risk_parity
2022-10-26,0.008034988239200652,combined_risk_parity
2022-10-27,-0.0036329521156679458,combined_risk_parity
2022-10-28,0.023573826986520472,combined_risk_parity
2022-10-31,-0.006095718685837175,combined_risk_parity
2022-11-01,0.0011665474279613675,combined_risk_parity
2022-11-02,-0.01673441707622192,combined_risk_parity
2022-11-03,0.0006162937564336253,combined_risk_parity
2022-11-04,0.026903160842834097,combined_risk_parity
2022-11-07,0.006391610036462398,combined_risk_parity
2022-11-08,-0.013701324476817447,combined_risk_parity
2022-11-09,-0.04206236722983267,combined_risk_parity
2022-11-10,0.0675006791956451,combined_risk_parity
2022-11-11,0.006815255597190179,combined_risk_parity
2022-11-14,-0.0034026310492899126,combined_risk_parity
2022-11-15,0.010602315236801463,combined_risk_parity
2022-11-16,-0.011701976878377256,combined_risk_parity
2022-11-17,-0.0010528206157177627,combined_risk_parity
2022-11-18,0.004579782972334325,combined_risk_parity
2022-11-21,-0.001608971703776883,combined_risk_parity
2022-11-22,0.01870032919624996,combined_risk_parity
2022-11-23,0.010489829245412904,combined_risk_parity
2022-11-25,-0.00047379673324364794,combined_risk_parity
2022-11-28,-0.018339494590531833,combined_risk_parity
2022-11-29,0.006229594226936348,combined_risk_parity
2022-11-30,0.025515568887532702,combined_risk_parity
2022-12-01,-0.003572930901665892,combined_risk_parity
2022-12-02,0.0027007363878619557,combined_risk_parity
2022-12-05,-0.014665870362620126,combined_risk_parity
2022-12-06,-0.009217703200675515,combined_risk_parity
2022-12-07,-0.004218368396410738,combined_risk_parity
2022-12-08,0.009516938329560378,combined_risk_parity
2022-12-09,-0.00942279328702782,combined_risk_parity
2022-12-12,0.013429631001319246,combined_risk_parity
2022-12-13,0.01112670271869061,combined_risk_parity
2022-12-14,-0.009161190736121408,combined_risk_parity
2022-12-15,-0.021888844095310084,combined_risk_parity
2022-12-16,-0.021319753226927,combined_risk_parity
2022-12-19,-0.010728852442311063,combined_risk_parity
2022-12-20,0.008700123136576692,combined_risk_parity
2022-12-21,0.014259856269343466,combined_risk_parity
2022-12-22,-0.00862135975038459,combined_risk_parity
2022-12-23,0.00627764446682174,combined_risk_parity
2022-12-27,-0.0017391378059759658,combined_risk_parity
2022-12-28,-0.015186776727050941,combined_risk_parity
2022-12-29,0.011231947956177227,combined_risk_parity
2022-12-30,-0.001499488977580839,combined_risk_parity
2023-01-03,0.0014249108631881678,combined_risk_parity
2023-01-04,0.021530127426546655,combined_risk_parity
2023-01-05,-0.008150576794457376,combined_risk_parity
2023-01-06,0.02337325761487569,combined_risk_parity
2023-01-09,0.004700037490849591,combined_risk_parity
2023-01-10,0.007351108659663852,combined_risk_parity
2023-01-11,0.013105328625998681,combined_risk_parity
2023-01-12,0.010156315980829736,combined_risk_parity
2023-01-13,0.008511948595626748,combined_risk_parity
2023-01-17,-0.0041944376698762305,combined_risk_parity
2023-01-18,-0.020443878262173084,combined_risk_parity
2023-01-19,-0.002273349482211666,combined_risk_parity
2023-01-20,0.023514059303050755,combined_risk_parity
2023-01-23,0.01302064324129035,combined_risk_parity
2023-01-24,-0.00935320579502124,combined_risk_parity
2023-01-25,0.006658235723298152,combined_risk_parity
2023-01-26,0.006728874633475803,combined_risk_parity
2023-01-27,0.0007719281474348101,combined_risk_parity
2023-01-30,-0.016294006955992348,combined_risk_parity
2023-01-31,0.013220029608013516,combined_risk_parity
2023-02-01,0.009731505056982965,combined_risk_parity
2023-02-02,-0.0005500485124867093,combined_risk_parity
2023-02-03,-0.0083410692489316,combined_risk_parity
2023-02-06,-0.006746947547876075,combined_risk_parity
2023-02-07,0.015576413927813294,combined_risk_parity
2023-02-08,-0.010476762630954598,combined_risk_parity
2023-02-09,-0.017697535698175303,combined_risk_parity
2023-02-10,0.006180523038854831,combined_risk_parity
2023-02-13,0.006761791597266649,combined_risk_parity
2023-02-14,0.004442089540639553,combined_risk_parity
2023-02-15,0.011134968990990212,combined_risk_parity
2023-02-16,-0.01891393728273206,combined_risk_parity
2023-02-17,0.005827864390259856,combined_risk_parity
2023-02-21,-0.01778263938310214,combined_risk_parity
2023-02-22,-0.005864817854914084,combined_risk_parity
2023-02-23,0.0026098348420776894,combined_risk_parity
2023-02-24,-0.013726279036938727,combined_risk_parity
2023-02-27,0.0007106336017079125,combined_risk_parity
2023-02-28,-0.005696637618743371,combined_risk_parity
2023-03-01,0.003474361581112661,combined_risk_parity
2023-03-02,0.008291230851856669,combined_risk_parity
2023-03-03,0.007100174740261896,combined_risk_parity
2023-03-06,-0.0021608539506573357,combined_risk_parity
2023-03-07,-0.01578749718484145,combined_risk_parity
2023-03-08,-0.0018752779680403216,combined_risk_parity
2023-03-09,-0.0245362038404097,combined_risk_parity
2023-03-10,-0.011593807963097256,combined_risk_parity
2023-03-13,0.004382789544936422,combined_risk_parity
2023-03-14,0.01548183390210416,combined_risk_parity
2023-03-15,-0.01672843659227346,combined_risk_parity
2023-03-16,0.014869035327806144,combined_risk_parity
2023-03-17,0.0007420631691404363,combined_risk_parity
2023-03-20,0.0037514624390112905,combined_risk_parity
2023-03-21,0.019658805021547755,combined_risk_parity
2023-03-22,-0.024846038452477917,combined_risk_parity
2023-03-23,0.009246312215876316,combined_risk_parity
2023-03-24,0.0018179527117647087,combined_risk_parity
2023-03-27,0.00037268379532808243,combined_risk_parity
2023-03-28,0.006312994678021651,combined_risk_parity
2023-03-29,0.0177458448313086,combined_risk_parity
2023-03-30,0.0037976180354910437,combined_risk_parity
2023-03-31,0.014129093881529387,combined_risk_parity
2023-04-03,0.005473537217209084,combined_risk_parity
2023-04-04,-0.002758518085318804,combined_risk_parity
2023-04-05,0.00384838318421197,combined_risk_parity
2023-04-06,-0.0016324530409317138,combined_risk_parity
2023-04-10,0.006858489058566375,combined_risk_parity
2023-04-11,0.002778148823473418,combined_risk_parity
2023-04-12,-0.0026424747146835143,combined_risk_parity
2023-04-13,0.009702366753600433,combined_risk_parity
2023-04-14,-0.0022719367063586083,combined_risk_parity
2023-04-17,0.00018522706613807076,combined_risk_parity
2023-04-18,0.0036803527513123322,combined_risk_parity
2023-04-19,-0.009925908423353686,combined_risk_parity
2023-04-20,-0.008568364002944074,combined_risk_parity
2023-04-21,-0.00688944540075023,combined_risk_parity
2023-04-24,0.0004305062900748465,combined_risk_parity
2023-04-25,-0.009650637567961994,combined_risk_parity
2023-04-26,-0.012523996324433188,combined_risk_parity
2023-04-27,0.014707035570013054,combined_risk_parity
2023-04-28,0.008524585878158259,combined_risk_parity
2023-05-01,-0.005701460638165662,combined_risk_parity
2023-05-02,-0.011728617620718739,combined_risk_parity
2023-05-03,-0.009008965374414556,combined_risk_parity
2023-05-04,-0.006213969164150281,combined_risk_parity
2023-05-05,0.01804464903028992,combined_risk_parity
2023-05-08,-0.006554959489218448,combined_risk_parity
2023-05-09,-0.0008714536635478385,combined_risk_parity
2023-05-10,-0.001754988869366697,combined_risk_parity
2023-05-11,-0.010958382402106738,combined_risk_parity
2023-05-12,0.0004064625232982085,combined_risk_parity
2023-05-15,0.005193171560470089,combined_risk_parity
2023-05-16,-0.01190408038703456,combined_risk_parity
2023-05-17,0.01275165832915351,combined_risk_parity
2023-05-18,0.0029668728035717904,combined_risk_parity
2023-05-19,-0.001514450278415774,combined_risk_parity
2023-05-22,0.0019826777328277086,combined_risk_parity
2023-05-23,-0.004541268641508335,combined_risk_parity
2023-05-24,-0.012587796060454327,combined_risk_parity
2023-05-25,0.00017962156988919316,combined_risk_parity
2023-05-26,0.009530105655791186,combined_risk_parity
2023-05-30,7.578433379529443e-05,combined_risk_parity
2023-05-31,-0.00571396640174779,combined_risk_parity
2023-06-01,0.003122756880351518,combined_risk_parity
2023-06-02,0.02132852041270767,combined_risk_parity
2023-06-05,-0.01417536110529351,combined_risk_parity
2023-06-06,0.009414201121807915,combined_risk_parity
2023-06-07,0.0012151655515494275,combined_risk_parity
2023-06-08,0.004640053398329461,combined_risk_parity
2023-06-09,-0.004253699654141783,combined_risk_parity
2023-06-12,0.00443853694167972,combined_risk_parity
2023-06-13,0.00648216286749041,combined_risk_parity
2023-06-14,-0.0070893547692674475,combined_risk_parity
2023-06-15,0.009301110782040434,combined_risk_parity
2023-06-16,0.0023198408494336555,combined_risk_parity
2023-06-20,-0.005993356231431426,combined_risk_parity
2023-06-21,0.00888656915466569,combined_risk_parity
2023-06-22,-0.0052677029390709035,combined_risk_parity
2023-06-23,0.006400617430051086,combined_risk_parity
2023-06-26,0.006565141694990467,combined_risk_parity
2023-06-27,0.009790980390278443,combined_risk_parity
2023-06-28,-0.00808080814049297,combined_risk_parity
2023-06-29,0.010228184796819905,combined_risk_parity
2023-06-30,0.022603202991231905,combined_risk_parity
2023-07-03,0.0038772575981724585,combined_risk_parity
2023-07-05,-0.006060561334685031,combined_risk_parity
2023-07-06,-0.014258838320504313,combined_risk_parity
2023-07-07,0.003562092659664423,combined_risk_parity
2023-07-10,0.006097554230657368,combined_risk_parity
2023-07-11,0.01189302313810753,combined_risk_parity
2023-07-12,0.0061435571441208195,combined_risk_parity
2023-07-13,0.03726096308047561,combined_risk_parity
2023-07-14,-0.015765993628187,combined_risk_parity
2023-07-17,-0.0036493398954162443,combined_risk_parity
2023-07-18,0.005054130851559697,combined_risk_parity
2023-07-19,0.009944158028720694,combined_risk_parity
2023-07-20,0.0014145962126503096,combined_risk_parity
2023-07-21,0.003490923216112244,combined_risk_parity
2023-07-24,-0.0019643631749951666,combined_risk_parity
2023-07-25,0.002921939450274057,combined_risk_parity
2023-07-26,0.004385740905184215,combined_risk_parity
2023-07-27,-0.0034876241260207164,combined_risk_parity
2023-07-28,0.004778237695945107,combined_risk_parity
2023-07-31,0.0007234954733570975,combined_risk_parity
2023-08-01,-0.0016767673196569446,combined_risk_parity
2023-08-02,-0.017607225545439344,combined_risk_parity
2023-08-03,-0.007005576565142809,combined_risk_parity
2023-08-04,-0.003047998051579566,combined_risk_parity
2023-08-07,0.007853063301314753,combined_risk_parity
2023-08-08,-0.0004139619684981684,combined_risk_parity
2023-08-09,-0.0020039056710249013,combined_risk_parity
2023-08-10,-0.0009152087186206451,combined_risk_parity
2023-08-11,0.0009789535037611965,combined_risk_parity
2023-08-14,0.0017471645415393197,combined_risk_parity
2023-08-15,-0.01576839806135726,combined_risk_parity
2023-08-16,-0.013305220169425744,combined_risk_parity
2023-08-17,-0.018618058375637507,combined_risk_parity
2023-08-18,0.002471885241369139,combined_risk_parity
2023-08-21,-0.0020742084303499273,combined_risk_parity
2023-08-22,-0.0064817016705362865,combined_risk_parity
2023-08-23,0.011351836612056927,combined_risk_parity
2023-08-24,-0.012212596412256194,combined_risk_parity
2023-08-25,0.003910768741890752,combined_risk_parity
2023-08-28,0.005986453806978164,combined_risk_parity
2023-08-29,0.019163789948962444,combined_risk_parity
2023-08-30,-0.0023872081640791652,combined_risk_parity
2023-08-31,-0.008881755663568983,combined_risk_parity
2023-09-01,0.0012194401811214358,combined_risk_parity
2023-09-05,-0.007538113444384513,combined_risk_parity
2023-09-06,-0.0032371809520299437,combined_risk_parity
2023-09-07,0.0011196778357605054,combined_risk_parity
2023-09-08,0.001355175013367869,combined_risk_parity
2023-09-11,-0.0031409107050021784,combined_risk_parity
2023-09-12,0.005296249437674424,combined_risk_parity
2023-09-13,0.0010123337048559907,combined_risk_parity
2023-09-14,0.012813333441212053,combined_risk_parity
2023-09-15,-0.005808530218916478,combined_risk_parity
2023-09-18,0.00307322177542228,combined_risk_parity
2023-09-19,-0.00151198052084307,combined_risk_parity
2023-09-20,-0.006164775560719364,combined_risk_parity
2023-09-21,-0.018790123872734134,combined_risk_parity
2023-09-22,-0.002574682455493939,combined_risk_parity
2023-09-25,0.003190848654452438,combined_risk_parity
2023-09-26,-0.010548755017963485,combined_risk_parity
2023-09-27,0.00037824047969263567,combined_risk_parity
2023-09-28,0.0075548927291206,combined_risk_parity
2023-09-29,1.8517727138480408e-05,combined_risk_parity
2023-10-02,-0.015670879792627775,combined_risk_parity
2023-10-03,-0.007155150739297567,combined_risk_parity
2023-10-04,0.00016981327522039942,combined_risk_parity
2023-10-05,-0.003383397491625158,combined_risk_parity
2023-10-06,0.010446034496043382,combined_risk_parity
2023-10-09,0.002148672978453955,combined_risk_parity
2023-10-10,0.005664866368411877,combined_risk_parity
2023-10-11,0.0013104718559174369,combined_risk_parity
2023-10-12,-0.008315333978963658,combined_risk_parity
2023-10-13,0.0021009296326924033,combined_risk_parity
2023-10-16,0.013352363471423599,combined_risk_parity
2023-10-17,-0.0008165491795922448,combined_risk_parity
2023-10-18,-0.013069182735187835,combined_risk_parity
2023-10-19,-0.004911795990365634,combined_risk_parity
2023-10-20,-0.0038914319414627696,combined_risk_parity
2023-10-23,0.004044908075954013,combined_risk_parity
2023-10-24,0.009045168664367689,combined_risk_parity
2023-10-25,-0.009453075722180179,combined_risk_parity
2023-10-26,-0.001825313137646128,combined_risk_parity
2023-10-27,-0.010215886757690747,combined_risk_parity
2023-10-30,0.010352945548555044,combined_risk_parity
2023-10-31,0.006494664734265535,combined_risk_parity
2023-11-01,0.0074731466890766395,combined_risk_parity
2023-11-02,0.019716930895427788,combined_risk_parity
2023-11-03,0.011609533501200538,combined_risk_parity
2023-11-06,0.0012650560466206794,combined_risk_parity
2023-11-07,-0.00565682063775113,combined_risk_parity
2023-11-08,0.0005373236373398128,combined_risk_parity
2023-11-09,-0.004262813716021547,combined_risk_parity
2023-11-10,0.011558798455876484,combined_risk_parity
2023-11-13,-0.00346295064002965,combined_risk_parity
2023-11-14,0.015143199718425288,combined_risk_parity
2023-11-15,0.011433957330833114,combined_risk_parity
2023-11-16,-0.004929837579479824,combined_risk_parity
2023-11-17,0.0024150821575656565,combined_risk_parity
2023-11-20,0.0016107362148039153,combined_risk_parity
2023-11-21,-0.010749734228255233,combined_risk_parity
2023-11-22,0.009313950446122763,combined_risk_parity
2023-11-24,0.0038162340401079907,combined_risk_parity
2023-11-27,-0.003595268554405201,combined_risk_parity
2023-11-28,0.0035147730414762253,combined_risk_parity
2023-11-29,0.0036377976713231897,combined_risk_parity
2023-11-30,0.004697903801838479,combined_risk_parity
2023-12-01,0.01043124393858339,combined_risk_parity
2023-12-04,0.0025456703170938823,combined_risk_parity
2023-12-05,-0.0013196565186203006,combined_risk_parity
2023-12-06,-0.00037605267178299835,combined_risk_parity
2023-12-07,0.008122624623117193,combined_risk_parity
2023-12-08,0.010514856207447793,combined_risk_parity
2023-12-11,-0.005327950092337125,combined_risk_parity
2023-12-12,0.0017231795737992584,combined_risk_parity
2023-12-13,0.022446754372463178,combined_risk_parity
2023-12-14,0.013057907022419527,combined_risk_parity
2023-12-15,-0.009188801625396455,combined_risk_parity
2023-12-18,-0.0007028288814304653,combined_risk_parity
2023-12-19,0.004482053154236632,combined_risk_parity
2023-12-20,-0.009095040046854578,combined_risk_parity
2023-12-21,0.011473601741572397,combined_risk_parity
2023-12-22,0.004576504945732434,combined_risk_parity
2023-12-26,0.0016754512805441288,combined_risk_parity
2023-12-27,0.009970524194693391,combined_risk_parity
2023-12-28,-0.00038119645650203093,combined_risk_parity
2023-12-29,-0.005624265916081816,combined_risk_parity
2021-01-04,-0.004130983699989953,equity_min_variance
2021-01-05,0.0010515996013944684,equity_min_variance
2021-01-06,0.004241762832079759,equity_min_variance
2021-01-07,0.006952287240804242,equity_min_variance
2021-01-08,0.0005453255602286417,equity_min_variance
2021-01-11,-0.0023876087133886713,equity_min_variance
2021-01-12,-0.005695335786270834,equity_min_variance
2021-01-13,-0.0021789188835264527,equity_min_variance
2021-01-14,0.001626771835627695,equity_min_variance
2021-01-15,-0.001143326720895791,equity_min_variance
2021-01-19,0.008430753247266427,equity_min_variance
2021-01-20,0.015523339831683327,equity_min_variance
2021-01-21,-0.00715626023155254,equity_min_variance
2021-01-22,-0.0013460748290209607,equity_min_variance
2021-01-25,0.004709726597935676,equity_min_variance
2021-01-26,-0.0021710152882952966,equity_min_variance
2021-01-27,-0.022179632709734387,equity_min_variance
2021-01-28,0.005475791745493742,equity_min_variance
2021-01-29,-0.008001156744883109,equity_min_variance
2021-02-01,0.003706761579669245,equity_min_variance
2021-02-02,0.009161438425080418,equity_min_variance
2021-02-03,-0.008435907703140995,equity_min_variance
2021-02-04,0.0023254786525664685,equity_min_variance
2021-02-05,0.013017844012963327,equity_min_variance
2021-02-08,0.003969582186214026,equity_min_variance
2021-02-09,-0.0035132405197238737,equity_min_variance
2021-02-10,-0.0040345747478778785,equity_min_variance
2021-02-11,-0.003662638918334562,equity_min_variance
2021-02-12,0.003917819475595024,equity_min_variance
2021-02-16,-0.010867241899913248,equity_min_variance
2021-02-17,0.00489220954402211,equity_min_variance
2021-02-18,-0.0025584996111815026,equity_min_variance
2021-02-19,-0.00922150018230988,equity_min_variance
2021-02-22,-0.0022992685343793287,equity_min_variance
2021-02-23,-0.004640823758235665,equity_min_variance
2021-02-24,-0.0015160823386931438,equity_min_variance
2021-02-25,-0.009993529885836436,equity_min_variance
2021-02-26,-0.015728330337540074,equity_min_variance
2021-03-01,0.012939181879966868,equity_min_variance
2021-03-02,0.003927621038969352,equity_min_variance
2021-03-03,-0.01328517989879314,equity_min_variance
2021-03-04,-0.005739272964182893,equity_min_variance
2021-03-05,0.016380361257229317,equity_min_variance
2021-03-08,-0.004490118510767253,equity_min_variance
2021-03-09,0.007904351743863846,equity_min_variance
2021-03-10,0.006365011280328004,equity_min_variance
2021-03-11,0.0020262795517967534,equity_min_variance
2021-03-12,0.0038251393345605685,equity_min_variance
2021-03-15,0.011700220353249413,equity_min_variance
2021-03-16,0.007335104888619658,equity_min_variance
2021-03-17,-0.004992532700622777,equity_min_variance
2021-03-18,-0.007309991055691233,equity_min_variance
2021-03-19,-0.0006259532437917568,equity_min_variance
2021-03-22,0.0088193110875057,equity_min_variance
2021-03-23,-0.0015801063443298719,equity_min_variance
2021-03-24,-0.006402648510993205,equity_min_variance
2021-03-25,0.0019558095138376874,equity_min_variance
2021-03-26,0.01773609397654738,equity_min_variance
2021-03-29,0.009672075587377147,equity_min_variance
2021-03-30,-0.008909524876866672,equity_min_variance
2021-03-31,-0.0005130994910740358,equity_min_variance
2021-04-01,0.009477062363945337,equity_min_variance
2021-04-05,0.011181898410220699,equity_min_variance
2021-04-06,0.0008908529858089168,equity_min_variance
2021-04-07,-0.001994666900111812,equity_min_variance
2021-04-08,-0.0013316617993267541,equity_min_variance
2021-04-09,0.002876558557639884,equity_min_variance
2021-04-12,0.00047005356709290996,equity_min_variance
2021-04-13,0.004518277508326368,equity_min_variance
2021-04-14,-0.0033128075041140843,equity_min_variance
2021-04-15,0.012833743814076365,equity_min_variance
2021-04-16,0.0046629598569496505,equity_min_variance
2021-04-19,-0.0035201979026140318,equity_min_variance
2021-04-20,0.0024378557498109595,equity_min_variance
2021-04-21,0.004884480783440803,equity_min_variance
2021-04-22,-0.004352807279353636,equity_min_variance
2021-04-23,0.0035529519470415584,equity_min_variance
2021-04-26,-0.004069127130822487,equity_min_variance
2021-04-27,-0.0019828680672890147,equity_min_variance
2021-04-28,-0.003984171165320121,equity_min_variance
2021-04-29,0.006244438144865044,equity_min_variance
2021-04-30,-0.0007072583932520067,equity_min_variance
2021-05-03,0.004798956411274926,equity_min_variance
2021-05-04,-0.004016877325416807,equity_min_variance
2021-05-05,0.0018763318248575397,equity_min_variance
2021-05-06,0.007927939464088278,equity_min_variance
2021-05-07,0.007459003024324662,equity_min_variance
2021-05-10,-0.0028398135205025743,equity_min_variance
2021-05-11,-0.006251369089399524,equity_min_variance
2021-05-12,-0.017589875781509088,equity_min_variance
2021-05-13,0.010706494699031883,equity_min_variance
2021-05-14,0.010329835436992623,equity_min_variance
2021-05-17,-0.00015436785140642055,equity_min_variance
2021-05-18,-0.005914261525836804,equity_min_variance
2021-05-19,-0.0020172899360005572,equity_min_variance
2021-05-20,0.01077508693016065,equity_min_variance
2021-05-21,0.00032690912672757224,equity_min_variance
2021-05-24,0.005103789990583368,equity_min_variance
2021-05-25,-0.0041802986804686075,equity_min_variance
2021-05-26,0.0021986073504331387,equity_min_variance
2021-05-27,-0.0006187174823617097,equity_min_variance
2021-05-28,0.0038647944731801144,equity_min_variance
2021-06-01,0.006155867931106328,equity_min_variance
2021-06-02,0.003927973385446997,equity_min_variance
2021-06-03,0.0015356426218946573,equity_min_variance
2021-06-04,0.00663026846810969,equity_min_variance
2021-06-07,-0.0019190242636381515,equity_min_variance
2021-06-08,-0.002625652344064506,equity_min_variance
2021-06-09,-0.002621494186845723,equity_min_variance
2021-06-10,0.003598385643246949,equity_min_variance
2021-06-11,-0.00019304660451298513,equity_min_variance
2021-06-14,-0.0015218262616063984,equity_min_variance
2021-06-15,-0.0014924320060200659,equity_min_variance
2021-06-16,-0.007942953726279381,equity_min_variance
2021-06-17,-0.008628992318018567,equity_min_variance
2021-06-18,-0.015075440337741249,equity_min_variance
2021-06-21,0.016981836922855056,equity_min_variance
2021-06-22,0.0013849084679286626,equity_min_variance
2021-06-23,-0.003409218992398384,equity_min_variance
2021-06-24,0.008045844887354254,equity_min_variance
2021-06-25,0.007796049512859091,equity_min_variance
2021-06-28,-0.0016871117212886432,equity_min_variance
2021-06-29,-0.000415124161758313,equity_min_variance
2021-06-30,0.004396661504242162,equity_min_variance
2021-07-01,0.0065884442362662094,equity_min_variance
2021-07-02,0.0037870288658624985,equity_min_variance
2021-07-06,-0.008689862235726457,equity_min_variance
2021-07-07,9.602564581949127e-05,equity_min_variance
2021-07-08,-0.006922522612545075,equity_min_variance
2021-07-09,0.01211670315324331,equity_min_variance
2021-07-12,0.004299687110597881,equity_min_variance
2021-07-13,-0.004766188522257003,equity_min_variance
2021-07-14,-0.0013789228043061595,equity_min_variance
2021-07-15,-0.0012527313665276262,equity_min_variance
2021-07-16,-0.009458350867190799,equity_min_variance
2021-07-19,-0.017265279227803593,equity_min_variance
2021-07-20,0.011365506267585474,equity_min_variance
2021-07-21,0.01031280545381726,equity_min_variance
2021-07-22,-0.0012903191319496312,equity_min_variance
2021-07-23,0.005172454986152822,equity_min_variance
2021-07-26,0.005689444061937252,equity_min_variance
2021-07-27,-0.002067414333794766,equity_min_variance
2021-07-28,0.002450610591411265,equity_min_variance
2021-07-29,0.0063301812971962015,equity_min_variance
2021-07-30,-0.005476928437086,equity_min_variance
2021-08-02,-0.002594615119592887,equity_min_variance
2021-08-03,0.00655593755869915,equity_min_variance
2021-08-04,-0.00799518489455228,equity_min_variance
2021-08-05,0.004858409186381642,equity_min_variance
2021-08-06,0.003386159313318462,equity_min_variance
2021-08-09,-0.0025151353318879433,equity_min_variance
2021-08-10,0.00622520196822989,equity_min_variance
2021-08-11,0.008553749273534146,equity_min_variance
2021-08-12,0.0018025545333928796,equity_min_variance
2021-08-13,0.0011371561711445756,equity_min_variance
2021-08-16,-0.0013067599761297922,equity_min_variance
2021-08-17,-0.005347927817360969,equity_min_variance
2021-08-18,-0.012821725418145536,equity_min_variance
2021-08-19,-0.004620087357378639,equity_min_variance
2021-08-20,0.005321036088544203,equity_min_variance
2021-08-23,0.010275235784609368,equity_min_variance
2021-08-24,0.0021334034039965657,equity_min_variance
2021-08-25,0.0002972607359191245,equity_min_variance
2021-08-26,-0.007054964671320488,equity_min_variance
2021-08-27,0.011274058695481981,equity_min_variance
2021-08-30,-0.0008556941413459171,equity_min_variance
2021-08-31,-0.0003515428249847853,equity_min_variance
2021-09-01,-0.002052550198318417,equity_min_variance
2021-09-02,0.006924134192625771,equity_min_variance
2021-09-03,-0.0034739609787678314,equity_min_variance
2021-09-07,-0.010009097258011456,equity_min_variance
2021-09-08,-0.001972143961338453,equity_min_variance
2021-09-09,-0.006242056306770113,equity_min_variance
2021-09-10,-0.0037122719779800503,equity_min_variance
2021-09-13,0.005540850199334926,equity_min_variance
2021-09-14,-0.009594622715975656,equity_min_variance
2021-09-15,0.008697701909292485,equity_min_variance
2021-09-16,-0.004843745212585662,equity_min_variance
2021-09-17,-0.011501394104243305,equity_min_variance
2021-09-20,-0.017107007363820308,equity_min_variance
2021-09-21,-0.002108905432231736,equity_min_variance
2021-09-22,0.008905878341474214,equity_min_variance
2021-09-23,0.011459114793696433,equity_min_variance
2021-09-24,-0.0023443356466225375,equity_min_variance
2021-09-27,0.0032894814945791896,equity_min_variance
2021-09-28,-0.011152180037691917,equity_min_variance
2021-09-29,0.003919694130095626,equity_min_variance
2021-09-30,-0.010112777369907561,equity_min_variance
2021-10-01,0.012342170182835963,equity_min_variance
2021-10-04,-0.0027451043939078824,equity_min_variance
2021-10-05,0.005693677902995396,equity_min_variance
2021-10-06,0.0010971533003962212,equity_min_variance
2021-10-07,0.008043666617446345,equity_min_variance
2021-10-08,-0.0008405341466329585,equity_min_variance
2021-10-11,-0.008973806475380097,equity_min_variance
2021-10-12,-0.0007657505468342872,equity_min_variance
2021-10-13,0.0032749128553063644,equity_min_variance
2021-10-14,0.012783921551769491,equity_min_variance
2021-10-15,0.004786977308970226,equity_min_variance
2021-10-18,0.00027362495568025166,equity_min_variance
2021-10-19,0.009805851901735375,equity_min_variance
2021-10-20,0.008858487613223512,equity_min_variance
2021-10-21,0.0007577563531104434,equity_min_variance
2021-10-22,0.0012181275672072383,equity_min_variance
2021-10-25,0.006157737969974208,equity_min_variance
2021-10-26,0.0050350392780108095,equity_min_variance
2021-10-27,-0.016021570019775676,equity_min_variance
2021-10-28,0.00817774736044386,equity_min_variance
2021-10-29,-0.0029640878507516404,equity_min_variance
2021-11-01,0.007461175731891197,equity_min_variance
2021-11-02,0.004540063787491217,equity_min_variance
2021-11-03,0.005006007983429449,equity_min_variance
2021-11-04,0.004566805541999329,equity_min_variance
2021-11-05,0.004317548129979448,equity_min_variance
2021-11-08,0.0037433371955652994,equity_min_variance
2021-11-09,-0.000714518786703906,equity_min_variance
2021-11-10,-0.007127343452293765,equity_min_variance
2021-11-11,0.0010659591267172443,equity_min_variance
2021-11-12,0.002158136556547572,equity_min_variance
2021-11-15,-0.0008570796974349081,equity_min_variance
2021-11-16,-4.381857837486617e-05,equity_min_variance
2021-11-17,-0.006410498431443284,equity_min_variance
2021-11-18,-0.0012952494090488888,equity_min_variance
2021-11-19,-0.008108011963673636,equity_min_variance
2021-11-22,0.0021290502357046793,equity_min_variance
2021-11-23,0.007614035389942485,equity_min_variance
2021-11-24,0.0015933253638177255,equity_min_variance
2021-11-26,-0.02190708025971444,equity_min_variance
2021-11-29,0.0071002398395622725,equity_min_variance
2021-11-30,-0.02273665219716921,equity_min_variance
2021-12-01,-0.013137975243081345,equity_min_variance
2021-12-02,0.02151402602295716,equity_min_variance
2021-12-03,-0.0009151530011433476,equity_min_variance
2021-12-06,0.013552429844853974,equity_min_variance
2021-12-07,0.014952137327276696,equity_min_variance
2021-12-08,-0.0005769049565259764,equity_min_variance
2021-12-09,-0.006819833181712463,equity_min_variance
2021-12-10,0.005428423454781844,equity_min_variance
2021-12-13,-0.006038152907783945,equity_min_variance
2021-12-14,-0.001934503618555359,equity_min_variance
2021-12-15,0.008657972774681654,equity_min_variance
2021-12-16,0.004803852555990488,equity_min_variance
2021-12-17,-0.012437317144134917,equity_min_variance
2021-12-20,-0.008131606148534015,equity_min_variance
2021-12-21,0.01462265780225411,equity_min_variance
2021-12-22,0.005938186176970402,equity_min_variance
2021-12-23,0.005000741890955202,equity_min_variance
2021-12-27,0.012643323884424486,equity_min_variance
2021-12-28,0.0017823302262577132,equity_min_variance
2021-12-29,0.0003804504800486439,equity_min_variance
2021-12-30,-0.001522675024277136,equity_min_variance
2021-12-31,-0.001103778985073085,equity_min_variance
2022-01-03,0.007893532580496583,equity_min_variance
2022-01-04,0.008287326862424099,equity_min_variance
2022-01-05,-0.00981102456784561,equity_min_variance
2022-01-06,0.0005963769310551341,equity_min_variance
2022-01-07,0.0013930725716407813,equity_min_variance
2022-01-10,-0.006524926800297903,equity_min_variance
2022-01-11,0.010108670902059984,equity_min_variance
2022-01-12,0.002808856818174212,equity_min_variance
2022-01-13,-0.005023576980461087,equity_min_variance
2022-01-14,0.0018072024404420664,equity_min_variance
2022-01-18,-0.010761970773172893,equity_min_variance
2022-01-19,-0.006784420342637871,equity_min_variance
2022-01-20,-0.011862060931541647,equity_min_variance
2022-01-21,-0.012930960558085396,equity_min_variance
2022-01-24,0.002307455792883594,equity_min_variance
2022-01-25,-0.003389437755906941,equity_min_variance
2022-01-26,-0.008848441165001993,equity_min_variance
2022-01-27,-0.0034117832324707773,equity_min_variance
2022-01-28,0.016886259704974198,equity_min_variance
2022-01-31,0.014021638256743595,equity_min_variance
2022-02-01,0.010950258432124882,equity_min_variance
2022-02-02,0.009991702955684325,equity_min_variance
2022-02-03,-0.009513828554154826,equity_min_variance
2022-02-04,-0.0009650934505631592,equity_min_variance
2022-02-07,0.0023266470700742483,equity_min_variance
2022-02-08,0.004025120961881328,equity_min_variance
2022-02-09,0.012606793313618202,equity_min_variance
2022-02-10,-0.016922118858680186,equity_min_variance
2022-02-11,-0.010206802133622505,equity_min_variance
2022-02-14,-0.006341009055696149,equity_min_variance
2022-02-15,0.010470141652055799,equity_min_variance
2022-02-16,-0.00045210611220674723,equity_min_variance
2022-02-17,-0.01523585324930586,equity_min_variance
2022-02-18,-0.008409016441980766,equity_min_variance
2022-02-22,-0.006636163123505223,equity_min_variance
2022-02-23,-0.011444759515712766,equity_min_variance
2022-02-24,0.006646162013312931,equity_min_variance
2022-02-25,0.025427521482620966,equity_min_variance
2022-02-28,-0.002195598379704531,equity_min_variance
2022-03-01,-0.012896231197349313,equity_min_variance
2022-03-02,0.019780619392027854,equity_min_variance
2022-03-03,-0.000841849061040849,equity_min_variance
2022-03-04,0.0018169686926337782,equity_min_variance
2022-03-07,-0.01776749892036473,equity_min_variance
2022-03-08,-0.004451663647359794,equity_min_variance
2022-03-09,0.015019626125899072,equity_min_variance
2022-03-10,-0.0008810613935192379,equity_min_variance
2022-03-11,-0.008321164119682882,equity_min_variance
2022-03-14,-0.009521426509802988,equity_min_variance
2022-03-15,0.009821014009503297,equity_min_variance
2022-03-16,0.015830145929724593,equity_min_variance
2022-03-17,0.014569366617528792,equity_min_variance
2022-03-18,0.004900691902451891,equity_min_variance
2022-03-21,0.0036164035562298484,equity_min_variance
2022-03-22,0.0055469342443239394,equity_min_variance
2022-03-23,-0.009675333619606638,equity_min_variance
2022-03-24,0.010775713212324893,equity_min_variance
2022-03-25,0.009012400337871585,equity_min_variance
2022-03-28,0.0008465485017869992,equity_min_variance
2022-03-29,0.012421936723784477,equity_min_variance
2022-03-30,-0.004279865159334702,equity_min_variance
2022-03-31,-0.014612859704207257,equity_min_variance
2022-04-01,0.006186125023239843,equity_min_variance
2022-04-04,0.0023851263573864538,equity_min_variance
2022-04-05,-0.010698340505611342,equity_min_variance
2022-04-06,-0.0012633246356550413,equity_min_variance
2022-04-07,0.0016102370143205459,equity_min_variance
2022-04-08,0.003154132343436489,equity_min_variance
2022-04-11,-0.011840453695113766,equity_min_variance
2022-04-12,-0.0008602131354637924,equity_min_variance
2022-04-13,0.009111691535789813,equity_min_variance
2022-04-14,-0.002157609439999568,equity_min_variance
2022-04-18,0.0008561339045568396,equity_min_variance
2022-04-19,0.012514123824200307,equity_min_variance
2022-04-20,0.001500873359236508,equity_min_variance
2022-04-21,-0.012365582660085608,equity_min_variance
2022-04-22,-0.02310687701405425,equity_min_variance
2022-04-25,-0.0025623220050974235,equity_min_variance
2022-04-26,-0.02058994664206025,equity_min_variance
2022-04-27,0.0004532832337849468,equity_min_variance
2022-04-28,0.0175969767603209,equity_min_variance
2022-04-29,-0.03513723368055066,equity_min_variance
2022-05-02,0.0042827520663408876,equity_min_variance
2022-05-03,0.006419254004216236,equity_min_variance
2022-05-04,0.030597475828033585,equity_min_variance
2022-05-05,-0.025223333537134417,equity_min_variance
2022-05-06,-0.003734814055229669,equity_min_variance
2022-05-09,-0.03505511084284931,equity_min_variance
2022-05-10,-0.00435015726679066,equity_min_variance
2022-05-11,-0.003418132781437833,equity_min_variance
2022-05-12,0.0022033135934364763,equity_min_variance
2022-05-13,0.022291124944625016,equity_min_variance
2022-05-16,0.0013181692032246063,equity_min_variance
2022-05-17,0.01945053993405474,equity_min_variance
2022-05-18,-0.02801387185213911,equity_min_variance
2022-05-19,-0.0018228315479148116,equity_min_variance
2022-05-20,0.0006859801810684969,equity_min_variance
2022-05-23,0.019290594368582818,equity_min_variance
2022-05-24,0.00041604997641936375,equity_min_variance
2022-05-25,0.008934932428617258,equity_min_variance
2022-05-26,0.01523442887493036,equity_min_variance
2022-05-27,0.019582410573768305,equity_min_variance
2022-05-31,-0.007686832348451913,equity_min_variance
2022-06-01,-0.005248085487194567,equity_min_variance
2022-06-02,0.014666480722361937,equity_min_variance
2022-06-03,-0.00828168804204499,equity_min_variance
2022-06-06,-0.0004726634839063061,equity_min_variance
2022-06-07,0.010212564518665373,equity_min_variance
2022-06-08,-0.01288874606797629,equity_min_variance
2022-06-09,-0.023559022078012803,equity_min_variance
2022-06-10,-0.02572519852341478,equity_min_variance
2022-06-13,-0.04038529147505947,equity_min_variance
2022-06-14,-0.0064914420956830995,equity_min_variance
2022-06-15,0.010895650187921786,equity_min_variance
2022-06-16,-0.028833026531388663,equity_min_variance
2022-06-17,-0.0040129501461385695,equity_min_variance
2022-06-21,0.021283145794544635,equity_min_variance
2022-06-22,-0.0034361485113255366,equity_min_variance
2022-06-23,0.0025338360448495245,equity_min_variance
2022-06-24,0.028722864719396543,equity_min_variance
2022-06-27,-0.00309911627675398,equity_min_variance
2022-06-28,-0.009510549810128442,equity_min_variance
2022-06-29,-0.005108620032928052,equity_min_variance
2022-06-30,-0.00757003786096443,equity_min_variance
2022-07-01,0.01073505233633957,equity_min_variance
2022-07-05,-0.006293927342713395,equity_min_variance
2022-07-06,-0.0001359733330719327,equity_min_variance
2022-07-07,0.01411019528266564,equity_min_variance
2022-07-08,-0.0033276940985262084,equity_min_variance
2022-07-11,-0.007581620815643344,equity_min_variance
2022-07-12,-0.003861931864105577,equity_min_variance
2022-07-13,-0.0037269688378600164,equity_min_variance
2022-07-14,-0.0041632110087867465,equity_min_variance
2022-07-15,0.018608815343360563,equity_min_variance
2022-07-18,-0.0032098002043968576,equity_min_variance
2022-07-19,0.02738512068575297,equity_min_variance
2022-07-20,0.002652137007976472,equity_min_variance
2022-07-21,0.0053510570351762285,equity_min_variance
2022-07-22,-0.0049439479230477265,equity_min_variance
2022-07-25,0.0035859017301082836,equity_min_variance
2022-07-26,-0.004859655657097753,equity_min_variance
2022-07-27,0.011691570468449711,equity_min_variance
2022-07-28,0.010345161395059147,equity_min_variance
2022-07-29,0.009706179215131488,equity_min_variance
2022-08-01,-0.001616763289435657,equity_min_variance
2022-08-02,-0.009763777204931854,equity_min_variance
2022-08-03,0.0063489694907891345,equity_min_variance
2022-08-04,-0.0016205048618749824,equity_min_variance
2022-08-05,0.0015885986438003053,equity_min_variance
2022-08-08,-0.00012185518376140353,equity_min_variance
2022-08-09,-0.0008059676403024054,equity_min_variance
2022-08-10,0.016739152484819587,equity_min_variance
2022-08-11,0.005926270642628073,equity_min_variance
2022-08-12,0.014869254887947707,equity_min_variance
2022-08-15,0.004334572828434533,equity_min_variance
2022-08-16,0.0029590749949569162,equity_min_variance
2022-08-17,-0.008142599544448665,equity_min_variance
2022-08-18,0.003991893977378181,equity_min_variance
2022-08-19,-0.008808503379777,equity_min_variance
2022-08-22,-0.019339684380979445,equity_min_variance
2022-08-23,0.0019793433425868744,equity_min_variance
2022-08-24,0.0023558955475155587,equity_min_variance
2022-08-25,0.013855207018783833,equity_min_variance
2022-08-26,-0.02769034731246524,equity_min_variance
2022-08-29,-0.0038147275975503724,equity_min_variance
2022-08-30,-0.01336454234573552,equity_min_variance
2022-08-31,-0.007346647125874834,equity_min_variance
2022-09-01,-0.0006877551969647986,equity_min_variance
2022-09-02,-0.009523452905370693,equity_min_variance
2022-09-06,-0.003960837321840623,equity_min_variance
2022-09-07,0.015912572907354688,equity_min_variance
2022-09-08,0.006066542642071269,equity_min_variance
2022-09-09,0.01464305635253413,equity_min_variance
2022-09-12,0.008484821861791864,equity_min_variance
2022-09-13,-0.04004930998571301,equity_min_variance
2022-09-14,0.0031318623014507828,equity_min_variance
2022-09-15,-0.016171537094844503,equity_min_variance
2022-09-16,-0.007247144972022487,equity_min_variance
2022-09-19,0.006236594572679689,equity_min_variance
2022-09-20,-0.015572445225681552,equity_min_variance
2022-09-21,-0.016955160199631784,equity_min_variance
2022-09-22,-0.009265739650809665,equity_min_variance
2022-09-23,-0.02221841628898861,equity_min_variance
2022-09-26,-0.016062688619373502,equity_min_variance
2022-09-27,-0.0036657890507521204,equity_min_variance
2022-09-28,0.021300718433708198,equity_min_variance
2022-09-29,-0.019865724827656667,equity_min_variance
2022-09-30,-0.014866290633047612,equity_min_variance
2022-10-03,0.0321847780436476,equity_min_variance
2022-10-04,0.02965210942898404,equity_min_variance
2022-10-05,-0.0032365855896064845,equity_min_variance
2022-10-06,-0.011450484466690943,equity_min_variance
2022-10-07,-0.023496317394339133,equity_min_variance
2022-10-10,-0.005697925739041466,equity_min_variance
2022-10-11,-0.003330502897853404,equity_min_variance
2022-10-12,-0.0056226617637749115,equity_min_variance
2022-10-13,0.029678419866633287,equity_min_variance
2022-10-14,-0.018412143694895345,equity_min_variance
2022-10-17,0.020060602583880396,equity_min_variance
2022-10-18,0.011945856181977304,equity_min_variance
2022-10-19,-0.007761574600824359,equity_min_variance
2022-10-20,-0.004160841489002483,equity_min_variance
2022-10-21,0.023757129279621484,equity_min_variance
2022-10-24,0.008125459137320446,equity_min_variance
2022-10-25,0.01680246788305665,equity_min_variance
2022-10-26,0.00496287504956456,equity_min_variance
2022-10-27,-0.0001484410730095846,equity_min_variance
2022-10-28,0.02428404944569426,equity_min_variance
2022-10-31,-0.007574400264519285,equity_min_variance
2022-11-01,0.0023824155053552665,equity_min_variance
2022-11-02,-0.017184054928434212,equity_min_variance
2022-11-03,-0.0024372190071154636,equity_min_variance
2022-11-04,0.01858260290394176,equity_min_variance
2022-11-07,0.007644605369874352,equity_min_variance
2022-11-08,0.006914344387095318,equity_min_variance
2022-11-09,-0.02140736571925811,equity_min_variance
2022-11-10,0.0495644501631361,equity_min_variance
2022-11-11,0.011668351522039636,equity_min_variance
2022-11-14,-0.008784826109372682,equity_min_variance
2022-11-15,0.009768660956136387,equity_min_variance
2022-11-16,-0.010351341361087306,equity_min_variance
2022-11-17,-0.0023031547499413737,equity_min_variance
2022-11-18,0.005043184604821627,equity_min_variance
2022-11-21,0.0008225379434163571,equity_min_variance
2022-11-22,0.014802864627182206,equity_min_variance
2022-11-23,0.0033861557980510845,equity_min_variance
2022-11-25,0.0007421905149644115,equity_min_variance
2022-11-28,-0.018420829031751167,equity_min_variance
2022-11-29,0.004199710872548122,equity_min_variance
2022-11-30,0.023794226081712402,equity_min_variance
2022-12-01,-0.0002670937734517385,equity_min_variance
2022-12-02,0.0015015822510261346,equity_min_variance
2022-12-05,-0.017223212605578297,equity_min_variance
2022-12-06,-0.01234790929014816,equity_min_variance
2022-12-07,-0.001182573828345057,equity_min_variance
2022-12-08,0.007090693516795498,equity_min_variance
2022-12-09,-0.01023016726281893,equity_min_variance
2022-12-12,0.01662403157485824,equity_min_variance
2022-12-13,0.008769632273229216,equity_min_variance
2022-12-14,-0.008793645194072683,equity_min_variance
2022-12-15,-0.02158506981452662,equity_min_variance
2022-12-16,-0.009499489174056307,equity_min_variance
2022-12-19,-0.006694591923182898,equity_min_variance
2022-12-20,0.0031792629903663805,equity_min_variance
2022-12-21,0.017830127277777864,equity_min_variance
2022-12-22,-0.011582264695177423,equity_min_variance
2022-12-23,0.0077500298545201485,equity_min_variance
2022-12-27,0.00026554827864285965,equity_min_variance
2022-12-28,-0.012808033008290868,equity_min_variance
2022-12-29,0.013599359712046972,equity_min_variance
2022-12-30,-0.001881776224189355,equity_min_variance
2023-01-03,0.0022509057491670536,equity_min_variance
2023-01-04,0.018428178719494946,equity_min_variance
2023-01-05,-0.00679763801193668,equity_min_variance
2023-01-06,0.023249459158050576,equity_min_variance
2023-01-09,0.00017208903132034806,equity_min_variance
2023-01-10,0.0076166049742021616,equity_min_variance
2023-01-11,0.009853849638699681,equity_min_variance
2023-01-12,0.007037757028810943,equity_min_variance
2023-01-13,0.0034311464254617023,equity_min_variance
2023-01-17,-0.004052224805721267,equity_min_variance
2023-01-18,-0.015965505018307232,equity_min_variance
2023-01-19,-0.007476202030265405,equity_min_variance
2023-01-20,0.01531290783669132,equity_min_variance
2023-01-23,0.011435710954858265,equity_min_variance
2023-01-24,-0.0028834216294746045,equity_min_variance
2023-01-25,0.0018486905394841727,equity_min_variance
2023-01-26,0.008422064284225664,equity_min_variance
2023-01-27,-0.0012064818542402757,equity_min_variance
2023-01-30,-0.010144239154965132,equity_min_variance
2023-01-31,0.011922802217140906,equity_min_variance
2023-02-01,0.006518284067217186,equity_min_variance
2023-02-02,0.00015704536703527562,equity_min_variance
2023-02-03,-0.012768350780830776,equity_min_variance
2023-02-06,-0.004594982931553284,equity_min_variance
2023-02-07,0.010953461048114671,equity_min_variance
2023-02-08,-0.009564990182089908,equity_min_variance
2023-02-09,-0.00969477310696571,equity_min_variance
2023-02-10,0.0076019262954780615,equity_min_variance
2023-02-13,0.00875099441629904,equity_min_variance
2023-02-14,-0.0006439293321590841,equity_min_variance
2023-02-15,0.000289213417215781,equity_min_variance
2023-02-16,-0.013939445741509309,equity_min_variance
2023-02-17,-0.0027721399648127057,equity_min_variance
2023-02-21,-0.0175027760743078,equity_min_variance
2023-02-22,-0.005551258644505817,equity_min_variance
2023-02-23,0.005478965095513966,equity_min_variance
2023-02-24,-0.009477223615106892,equity_min_variance
2023-02-27,0.0017761100564900145,equity_min_variance
2023-02-28,-0.004292925502667183,equity_min_variance
2023-03-01,-0.001058031993739652,equity_min_variance
2023-03-02,0.01196363459680069,equity_min_variance
2023-03-03,0.013041698662887865,equity_min_variance
2023-03-06,-0.001808663736776781,equity_min_variance
2023-03-07,-0.01716608729068231,equity_min_variance
2023-03-08,0.0031917270516937154,equity_min_variance
2023-03-09,-0.017318717825019155,equity_min_variance
2023-03-10,-0.013042274760361036,equity_min_variance
2023-03-13,-0.0035160180638044696,equity_min_variance
2023-03-14,0.014545495217757273,equity_min_variance
2023-03-15,-0.00968814247115212,equity_min_variance
2023-03-16,0.01420064899894593,equity_min_variance
2023-03-17,-0.012241012240181462,equity_min_variance
2023-03-20,0.011381656021337803,equity_min_variance
2023-03-21,0.008352348230895293,equity_min_variance
2023-03-22,-0.019948754862968057,equity_min_variance
2023-03-23,0.0017877909140547074,equity_min_variance
2023-03-24,0.007631212702629166,equity_min_variance
2023-03-27,0.004297343942389522,equity_min_variance
2023-03-28,0.0015994860897350026,equity_min_variance
2023-03-29,0.015570466202065451,equity_min_variance
2023-03-30,0.00490929345758783,equity_min_variance
2023-03-31,0.01245554165487161,equity_min_variance
2023-04-03,0.006940014431519135,equity_min_variance
2023-04-04,-0.005064090563162218,equity_min_variance
2023-04-05,0.0037000673038339784,equity_min_variance
2023-04-06,-0.00016101982917674738,equity_min_variance
2023-04-10,0.003514247817485642,equity_min_variance
2023-04-11,0.002569206481788522,equity_min_variance
2023-04-12,-0.0022219339949199985,equity_min_variance
2023-04-13,0.006972895720065671,equity_min_variance
2023-04-14,-0.005796901834398555,equity_min_variance
2023-04-17,0.0050131419049538805,equity_min_variance
2023-04-18,0.0003185701739072887,equity_min_variance
2023-04-19,0.0021501861398795594,equity_min_variance
2023-04-20,-0.006963271769652834,equity_min_variance
2023-04-21,-0.0010172047667623987,equity_min_variance
2023-04-24,0.001757089349559311,equity_min_variance
2023-04-25,-0.01495420920531913,equity_min_variance
2023-04-26,-0.012476823412631973,equity_min_variance
2023-04-27,0.014661913021796058,equity_min_variance
2023-04-28,0.009482238561268225,equity_min_variance
2023-05-01,-0.003422566579296094,equity_min_variance
2023-05-02,-0.016682054474223176,equity_min_variance
2023-05-03,-0.012217496177713009,equity_min_variance
2023-05-04,-0.005351289952589208,equity_min_variance
2023-05-05,0.017515249613176284,equity_min_variance
2023-05-08,-0.0006943661313251723,equity_min_variance
2023-05-09,-0.004258718762879401,equity_min_variance
2023-05-10,-0.0017783329876314966,equity_min_variance
2023-05-11,-0.008972948417903201,equity_min_variance
2023-05-12,-0.0008388740546909411,equity_min_variance
2023-05-15,0.0045668756813419045,equity_min_variance
2023-05-16,-0.01596931677803586,equity_min_variance
2023-05-17,0.012319075380388223,equity_min_variance
2023-05-18,0.005885373981134899,equity_min_variance
2023-05-19,-0.0024750102388178593,equity_min_variance
2023-05-22,0.0006733174629292172,equity_min_variance
2023-05-23,-0.007158860298573354,equity_min_variance
2023-05-24,-0.009243029757406197,equity_min_variance
2023-05-25,9.278741905413914e-05,equity_min_variance
2023-05-26,0.00866367468365841,equity_min_variance
2023-05-30,-0.0018190711166541518,equity_min_variance
2023-05-31,-0.004663092855496196,equity_min_variance
2023-06-01,0.005148317863618266,equity_min_variance
2023-06-02,0.0195001976644241,equity_min_variance
2023-06-05,-0.0058969493851712155,equity_min_variance
2023-06-06,0.004403184679716095,equity_min_variance
2023-06-07,0.008253330916676531,equity_min_variance
2023-06-08,0.004105881849056212,equity_min_variance
2023-06-09,-0.002802731516898365,equity_min_variance
2023-06-12,0.0052286646422442075,equity_min_variance
2023-06-13,0.007318719029048488,equity_min_variance
2023-06-14,0.00012724349296770374,equity_min_variance
2023-06-15,0.010003512200136696,equity_min_variance
2023-06-16,0.0005502064556709696,equity_min_variance
2023-06-20,-0.012622406708579167,equity_min_variance
2023-06-21,-0.003164890673324904,equity_min_variance
2023-06-22,-0.005592422870120341,equity_min_variance
2023-06-23,-0.0072595814398227175,equity_min_variance
2023-06-26,0.006682503230795585,equity_min_variance
2023-06-27,0.00722289618202543,equity_min_variance
2023-06-28,-0.0017040372863230948,equity_min_variance
2023-06-29,0.006333876012833468,equity_min_variance
2023-06-30,0.008314033679412115,equity_min_variance
2023-07-03,0.005677130992006776,equity_min_variance
2023-07-05,-0.004240653464778885,equity_min_variance
2023-07-06,-0.01208413893391219,equity_min_variance
2023-07-07,0.0006819149565187501,equity_min_variance
2023-07-10,0.0047796696983343516,equity_min_variance
2023-07-11,0.014211688018259465,equity_min_variance
2023-07-12,0.008237350960354339,equity_min_variance
2023-07-13,0.00561328999863137,equity_min_variance
2023-07-14,-0.00660968743374577,equity_min_variance
2023-07-17,-0.003559608817588056,equity_min_variance
2023-07-18,0.005936202752823029,equity_min_variance
2023-07-19,0.006037952272526241,equity_min_variance
2023-07-20,0.001748075801550906,equity_min_variance
2023-07-21,0.004489892359851595,equity_min_variance
2023-07-24,0.005464941830862186,equity_min_variance
2023-07-25,0.0034160131953540483,equity_min_variance
2023-07-26,0.0021904630775948686,equity_min_variance
2023-07-27,-0.004634011643839129,equity_min_variance
2023-07-28,0.004241321399844554,equity_min_variance
2023-07-31,0.004314741590100031,equity_min_variance
2023-08-01,-0.0036317010240047827,equity_min_variance
2023-08-02,-0.013699281238668088,equity_min_variance
2023-08-03,-0.004931584621457254,equity_min_variance
2023-08-04,-0.0021970232173001117,equity_min_variance
2023-08-07,0.00802041392341124,equity_min_variance
2023-08-08,-0.003440940743932581,equity_min_variance
2023-08-09,-0.0019255958226743846,equity_min_variance
2023-08-10,0.0009644399956669524,equity_min_variance
2023-08-11,0.0016758150228857098,equity_min_variance
2023-08-14,0.001706277599671522,equity_min_variance
2023-08-15,-0.013225456282507148,equity_min_variance
2023-08-16,-0.008186117279367163,equity_min_variance
2023-08-17,-0.004655788275770239,equity_min_variance
2023-08-18,0.001733029370723882,equity_min_variance
2023-08-21,-0.0005131283529655392,equity_min_variance
2023-08-22,-0.004904403466574165,equity_min_variance
2023-08-23,0.007321780440630267,equity_min_variance
2023-08-24,-0.012228581664713427,equity_min_variance
2023-08-25,0.004912513294952161,equity_min_variance
2023-08-28,0.008364884527056865,equity_min_variance
2023-08-29,0.011982477817999241,equity_min_variance
2023-08-30,0.001584965920883681,equity_min_variance
2023-08-31,-0.003055568691088684,equity_min_variance
2023-09-01,0.004049068438607959,equity_min_variance
2023-09-05,-0.00872481301933522,equity_min_variance
2023-09-06,-0.00417614715166231,equity_min_variance
2023-09-07,-0.00017340816510796246,equity_min_variance
2023-09-08,0.002637923536046846,equity_min_variance
2023-09-11,0.0028656874463991564,equity_min_variance
2023-09-12,0.00230824385120429,equity_min_variance
2023-09-13,-0.0009672270966173914,equity_min_variance
2023-09-14,0.012360870706178877,equity_min_variance
2023-09-15,-0.010489077213557506,equity_min_variance
2023-09-18,-0.0002499500385179255,equity_min_variance
2023-09-19,-0.0042135020148569065,equity_min_variance
2023-09-20,-0.005264643861468341,equity_min_variance
2023-09-21,-0.0185880687890133,equity_min_variance
2023-09-22,-0.0033341264056424035,equity_min_variance
2023-09-25,0.002086940375641444,equity_min_variance
2023-09-26,-0.012038678588931193,equity_min_variance
2023-09-27,-0.0014106684457594152,equity_min_variance
2023-09-28,0.004051206390830819,equity_min_variance
2023-09-29,-0.001064597661618716,equity_min_variance
2023-10-02,-0.01427779454884416,equity_min_variance
2023-10-03,-0.008623840049693498,equity_min_variance
2023-10-04,0.0014587619619191327,equity_min_variance
2023-10-05,-0.0018481504494788203,equity_min_variance
2023-10-06,0.010572819190709796,equity_min_variance
2023-10-09,0.008763926303623772,equity_min_variance
2023-10-10,0.008282561086268073,equity_min_variance
2023-10-11,0.0033651576290092255,equity_min_variance
2023-10-12,-0.008311144835865697,equity_min_variance
2023-10-13,0.0011147766253742542,equity_min_variance
2023-10-16,0.010057492329704917,equity_min_variance
2023-10-17,0.0027932697004872196,equity_min_variance
2023-10-18,-0.01429852367233557,equity_min_variance
2023-10-19,-0.00931339622377608,equity_min_variance
2023-10-20,-0.008972743882415863,equity_min_variance
2023-10-23,-0.0065969844195609105,equity_min_variance
2023-10-24,0.010865236461424663,equity_min_variance
2023-10-25,-0.012071946699170878,equity_min_variance
2023-10-26,-0.002091230643623225,equity_min_variance
2023-10-27,-0.010091752733279386,equity_min_variance
2023-10-30,0.010000411649502999,equity_min_variance
2023-10-31,0.005876567388702726,equity_min_variance
2023-11-01,0.004883111660390649,equity_min_variance
2023-11-02,0.02579496016750301,equity_min_variance
2023-11-03,0.012794021607402124,equity_min_variance
2023-11-06,-0.004456576056500966,equity_min_variance
2023-11-07,-0.003739062977469132,equity_min_variance
2023-11-08,-0.0011798844009914002,equity_min_variance
2023-11-09,-0.008903880726641446,equity_min_variance
2023-11-10,0.010646732594233559,equity_min_variance
2023-11-13,-0.001133590703610896,equity_min_variance
2023-11-14,0.02459404341561296,equity_min_variance
2023-11-15,0.005349194798091734,equity_min_variance
2023-11-16,0.000763167978912289,equity_min_variance
2023-11-17,0.0031683198127045106,equity_min_variance
2023-11-20,0.004432305553655234,equity_min_variance
2023-11-21,-0.0023448833096139056,equity_min_variance
2023-11-22,0.0017220553186484738,equity_min_variance
2023-11-24,0.002442867504645432,equity_min_variance
2023-11-27,0.000531490573988136,equity_min_variance
2023-11-28,0.0020426557000202085,equity_min_variance
2023-11-29,0.004678034968830293,equity_min_variance
2023-11-30,0.006384512229031318,equity_min_variance
2023-12-01,0.009225927380084264,equity_min_variance
2023-12-04,-0.001813409218366713,equity_min_variance
2023-12-05,-0.005261485729965481,equity_min_variance
2023-12-06,-0.0007160063436409091,equity_min_variance
2023-12-07,0.004900293951280299,equity_min_variance
2023-12-08,0.0032286936961363594,equity_min_variance
2023-12-11,0.006783475745804726,equity_min_variance
2023-12-12,0.0007978025859253558,equity_min_variance
2023-12-13,0.020902411458579084,equity_min_variance
2023-12-14,0.01449340725484245,equity_min_variance
2023-12-15,-0.0030117831579425246,equity_min_variance
2023-12-18,-0.0013770380177555875,equity_min_variance
2023-12-19,0.008156436334441007,equity_min_variance
2023-12-20,-0.014752978135857561,equity_min_variance
2023-12-21,0.008160532810200164,equity_min_variance
2023-12-22,0.0019599641329174915,equity_min_variance
2023-12-26,0.006506457589898613,equity_min_variance
2023-12-27,0.0014553578874705291,equity_min_variance
2023-12-28,0.0012242203691481572,equity_min_variance
2023-12-29,-0.003035118739159235,equity_min_variance
2021-01-04,-0.005527070119997994,equity_max_sharpe
2021-01-05,0.005861083110793732,equity_max_sharpe
2021-01-06,-0.011816051993385484,equity_max_sharpe
2021-01-07,0.021295819306800513,equity_max_sharpe
2021-01-08,-0.00026895189015506106,equity_max_sharpe
2021-01-11,-0.0038048913551599313,equity_max_sharpe
2021-01-12,-0.017203419999938088,equity_max_sharpe
2021-01-13,-0.0008595277177432186,equity_max_sharpe
2021-01-14,-0.014754990002758641,equity_max_sharpe
2021-01-15,-0.004800749562336144,equity_max_sharpe
2021-01-19,0.009775914018552214,equity_max_sharpe
2021-01-20,0.02755085452998918,equity_max_sharpe
2021-01-21,-0.0014526825358644677,equity_max_sharpe
2021-01-22,-0.005570794066450917,equity_max_sharpe
2021-01-25,0.0016173799685272041,equity_max_sharpe
2021-01-26,-0.008110470720788295,equity_max_sharpe
2021-01-27,-0.04035039369930646,equity_max_sharpe
2021-01-28,0.020820384597061634,equity_max_sharpe
2021-01-29,-0.00646084210082757,equity_max_sharpe
2021-02-01,0.003411870808174516,equity_max_sharpe
2021-02-02,0.0234831473588009,equity_max_sharpe
2021-02-03,-0.012158510848383482,equity_max_sharpe
2021-02-04,-0.0060594077824043125,equity_max_sharpe
2021-02-05,0.003209138351352391,equity_max_sharpe
2021-02-08,0.024640860099559066,equity_max_sharpe
2021-02-09,-0.01853437228120335,equity_max_sharpe
2021-02-10,0.0015908151465807766,equity_max_sharpe
2021-02-11,0.0014352772020660074,equity_max_sharpe
2021-02-12,0.002154078532042896,equity_max_sharpe
2021-02-16,-0.003912541475467415,equity_max_sharpe
2021-02-17,-0.013194053029865895,equity_max_sharpe
2021-02-18,-0.0006927273670781411,equity_max_sharpe
2021-02-19,-0.0013182314340590905,equity_max_sharpe
2021-02-22,-0.01798506844400472,equity_max_sharpe
2021-02-23,-0.011966894152093706,equity_max_sharpe
2021-02-24,0.015877588402715928,equity_max_sharpe
2021-02-25,-0.033780197719151916,equity_max_sharpe
2021-02-26,0.004612652312991454,equity_max_sharpe
2021-03-01,0.01807202196684332,equity_max_sharpe
2021-03-02,-0.007027058664101837,equity_max_sharpe
2021-03-03,-0.02090128708954539,equity_max_sharpe
2021-03-04,-0.018889151556093556,equity_max_sharpe
2021-03-05,0.013728758893717934,equity_max_sharpe
2021-03-08,-0.02800285034730153,equity_max_sharpe
2021-03-09,0.01899051523939891,equity_max_sharpe
2021-03-10,0.0015773810596190754,equity_max_sharpe
2021-03-11,0.01696417840185979,equity_max_sharpe
2021-03-12,0.011722011461283518,equity_max_sharpe
2021-03-15,-0.006068173835334627,equity_max_sharpe
2021-03-16,0.0029158443591310243,equity_max_sharpe
2021-03-17,-0.0017908943239654815,equity_max_sharpe
2021-03-18,-0.01193257686956396,equity_max_sharpe
2021-03-19,-0.0027811213368354407,equity_max_sharpe
2021-03-22,0.010597350036791839,equity_max_sharpe
2021-03-23,-0.009382988570079524,equity_max_sharpe
2021-03-24,-0.005503200815987206,equity_max_sharpe
2021-03-25,0.008345166064164187,equity_max_sharpe
2021-03-26,0.026080870147261882,equity_max_sharpe
2021-03-29,0.00573772739323158,equity_max_sharpe
2021-03-30,0.005540097527751458,equity_max_sharpe
2021-03-31,0.003227905298993295,equity_max_sharpe
2021-04-01,0.008404148714807323,equity_max_sharpe
2021-04-05,0.0027259522919182867,equity_max_sharpe
2021-04-06,-0.00021679449555912084,equity_max_sharpe
2021-04-07,-0.0031060278764001876,equity_max_sharpe
2021-04-08,0.002445749961977451,equity_max_sharpe
2021-04-09,0.005764438620434853,equity_max_sharpe
2021-04-12,0.002913988722067646,equity_max_sharpe
2021-04-13,-0.0033826607534812305,equity_max_sharpe
2021-04-14,0.0005751315932051266,equity_max_sharpe
2021-04-15,0.008300351242006707,equity_max_sharpe
2021-04-16,-0.0013267687174392106,equity_max_sharpe
2021-04-19,-0.0016537086213502424,equity_max_sharpe
2021-04-20,-0.01091879283268043,equity_max_sharpe
2021-04-21,0.010392378430028909,equity_max_sharpe
2021-04-22,-0.011527816122984372,equity_max_sharpe
2021-04-23,0.01017371693214663,equity_max_sharpe
2021-04-26,0.0058908518112102005,equity_max_sharpe
2021-04-27,0.00777745338355799,equity_max_sharpe
2021-04-28,0.004635285466458924,equity_max_sharpe
2021-04-29,0.008526971751276093,equity_max_sharpe
2021-04-30,-0.005874047516805328,equity_max_sharpe
2021-05-03,0.006050388931147163,equity_max_sharpe
2021-05-04,0.0023726020264820957,equity_max_sharpe
2021-05-05,0.005290697366154477,equity_max_sharpe
2021-05-06,0.005217834898347885,equity_max_sharpe
2021-05-07,0.009749795854124112,equity_max_sharpe
2021-05-10,-0.004266027045038691,equity_max_sharpe
2021-05-11,-0.010142023267599158,equity_max_sharpe
2021-05-12,-0.015304299048524676,equity_max_sharpe
2021-05-13,0.0123639097571462,equity_max_sharpe
2021-05-14,0.010763415858463458,equity_max_sharpe
2021-05-17,0.0056484346508633215,equity_max_sharpe
2021-05-18,-0.008482885195846801,equity_max_sharpe
2021-05-19,0.0036665319311629824,equity_max_sharpe
2021-05-20,0.008583230546671924,equity_max_sharpe
2021-05-21,0.0017601885987640086,equity_max_sharpe
2021-05-24,0.008784720573936231,equity_max_sharpe
2021-05-25,-0.005471380959762025,equity_max_sharpe
2021-05-26,0.0047407869681597055,equity_max_sharpe
2021-05-27,4.5073424120802125e-05,equity_max_sharpe
2021-05-28,0.007756499610986317,equity_max_sharpe
2021-06-01,0.009856331692351193,equity_max_sharpe
2021-06-02,-0.0054926286760995854,equity_max_sharpe
2021-06-03,0.0046858552105865136,equity_max_sharpe
2021-06-04,0.006630114969778333,equity_max_sharpe
2021-06-07,-0.0005206583408042809,equity_max_sharpe
2021-06-08,0.00020753087134033955,equity_max_sharpe
2021-06-09,-0.015343564742280597,equity_max_sharpe
2021-06-10,-0.003153615567831717,equity_max_sharpe
2021-06-11,0.0007468114383977513,equity_max_sharpe
2021-06-14,-0.00815431248669856,equity_max_sharpe
2021-06-15,-0.005547438125005596,equity_max_sharpe
2021-06-16,-0.010154958222587773,equity_max_sharpe
2021-06-17,-0.013722875082670628,equity_max_sharpe
2021-06-18,-0.007163625349668421,equity_max_sharpe
2021-06-21,0.02082063487680147,equity_max_sharpe
2021-06-22,0.001819956978883369,equity_max_sharpe
2021-06-23,-0.0010730775356169156,equity_max_sharpe
2021-06-24,0.011278349663224175,equity_max_sharpe
2021-06-25,-0.0006119655525155686,equity_max_sharpe
2021-06-28,0.0009611064944375454,equity_max_sharpe
2021-06-29,0.006445939190026732,equity_max_sharpe
2021-06-30,0.003877215487033048,equity_max_sharpe
2021-07-01,0.0018329233100507557,equity_max_sharpe
2021-07-02,0.004675305972697075,equity_max_sharpe
2021-07-06,-0.0019480003320873074,equity_max_sharpe
2021-07-07,0.0014497033188622587,equity_max_sharpe
2021-07-08,-0.011270760989570687,equity_max_sharpe
2021-07-09,0.018962506121290808,equity_max_sharpe
2021-07-12,0.008920269928838275,equity_max_sharpe
2021-07-13,-0.0120265195349402,equity_max_sharpe
2021-07-14,-0.0009718284788753983,equity_max_sharpe
2021-07-15,-0.004299133296450446,equity_max_sharpe
2021-07-16,-0.014396800111895987,equity_max_sharpe
2021-07-19,-0.013288863069935552,equity_max_sharpe
2021-07-20,0.015926669964860515,equity_max_sharpe
2021-07-21,0.009357301216536034,equity_max_sharpe
2021-07-22,0.0022273647803488653,equity_max_sharpe
2021-07-23,0.007296397921457482,equity_max_sharpe
2021-07-26,0.002899008805071375,equity_max_sharpe
2021-07-27,-0.005568076243042514,equity_max_sharpe
2021-07-28,0.0033119703638645245,equity_max_sharpe
2021-07-29,0.008497327869090188,equity_max_sharpe
2021-07-30,-0.0016924842391030422,equity_max_sharpe
2021-08-02,-0.0031126798448347856,equity_max_sharpe
2021-08-03,0.00813096586969304,equity_max_sharpe
2021-08-04,-0.004438146418738803,equity_max_sharpe
2021-08-05,0.005242158158172679,equity_max_sharpe
2021-08-06,0.001974896150055706,equity_max_sharpe
2021-08-09,0.009336002388696927,equity_max_sharpe
2021-08-10,0.01583225849127637,equity_max_sharpe
2021-08-11,0.006547465264149226,equity_max_sharpe
2021-08-12,0.0074646854955257025,equity_max_sharpe
2021-08-13,0.0004030772135853668,equity_max_sharpe
2021-08-16,0.00034232648356680384,equity_max_sharpe
2021-08-17,-0.009088005378382075,equity_max_sharpe
2021-08-18,-0.004199028345647391,equity_max_sharpe
2021-08-19,-0.00314131618912839,equity_max_sharpe
2021-08-20,0.009255025365275692,equity_max_sharpe
2021-08-23,0.00941535211833547,equity_max_sharpe
2021-08-24,0.002869569147966479,equity_max_sharpe
2021-08-25,-0.0005269886023439702,equity_max_sharpe
2021-08-26,-0.006475654227276594,equity_max_sharpe
2021-08-27,0.011410964391832003,equity_max_sharpe
2021-08-30,0.0027346405315228544,equity_max_sharpe
2021-08-31,-0.0021964196716555287,equity_max_sharpe
2021-09-01,0.004422908648357627,equity_max_sharpe
2021-09-02,0.0023737268443887304,equity_max_sharpe
2021-09-03,-0.0029546890294842917,equity_max_sharpe
2021-09-07,-0.008221456568159254,equity_max_sharpe
2021-09-08,-0.001642096864945731,equity_max_sharpe
2021-09-09,-0.007505052879821748,equity_max_sharpe
2021-09-10,-0.0023584708386306732,equity_max_sharpe
2021-09-13,-0.004089934518163906,equity_max_sharpe
2021-09-14,-0.011303499353942871,equity_max_sharpe
2021-09-15,0.007085773596977976,equity_max_sharpe
2021-09-16,-0.006327441907337415,equity_max_sharpe
2021-09-17,-0.018974174946989063,equity_max_sharpe
2021-09-20,-0.01886674678447112,equity_max_sharpe
2021-09-21,-0.0035451859265649257,equity_max_sharpe
2021-09-22,0.007493508503622219,equity_max_sharpe
2021-09-23,0.00719651328918542,equity_max_sharpe
2021-09-24,-0.005845995372270201,equity_max_sharpe
2021-09-27,-0.002984027087179213,equity_max_sharpe
2021-09-28,-0.007817302313469979,equity_max_sharpe
2021-09-29,-0.0008043039919987045,equity_max_sharpe
2021-09-30,-0.013925250471186158,equity_max_sharpe
2021-10-01,0.008286959636756559,equity_max_sharpe
2021-10-04,-0.008951073156584605,equity_max_sharpe
2021-10-05,0.007633202065699948,equity_max_sharpe
2021-10-06,0.007448479890483898,equity_max_sharpe
2021-10-07,0.00596246120004926,equity_max_sharpe
2021-10-08,-0.0013460962740343095,equity_max_sharpe
2021-10-11,-0.0034161274849158884,equity_max_sharpe
2021-10-12,0.012374262671866164,equity_max_sharpe
2021-10-13,0.01019152922019742,equity_max_sharpe
2021-10-14,0.021501849918434263,equity_max_sharpe
2021-10-15,-0.0026406979964048627,equity_max_sharpe
2021-10-18,0.007020755298221054,equity_max_sharpe
2021-10-19,0.0004991886771556511,equity_max_sharpe
2021-10-20,0.0017811958274598515,equity_max_sharpe
2021-10-21,-0.002625177699264327,equity_max_sharpe
2021-10-22,0.011380108553478945,equity_max_sharpe
2021-10-25,0.01229034267324847,equity_max_sharpe
2021-10-26,0.011982845186746858,equity_max_sharpe
2021-10-27,-0.01868652673597072,equity_max_sharpe
2021-10-28,0.020504507463709694,equity_max_sharpe
2021-10-29,0.004151770463568258,equity_max_sharpe
2021-11-01,0.004247449274905463,equity_max_sharpe
2021-11-02,0.010620352012194861,equity_max_sharpe
2021-11-03,-0.0043614830465069625,equity_max_sharpe
2021-11-04,0.0061945289386840675,equity_max_sharpe
2021-11-05,-0.017783576568156812,equity_max_sharpe
2021-11-08,0.01048154058640901,equity_max_sharpe
2021-11-09,-0.003320428037847253,equity_max_sharpe
2021-11-10,-0.005614622352710541,equity_max_sharpe
2021-11-11,0.007839738710840396,equity_max_sharpe
2021-11-12,0.003072131021396464,equity_max_sharpe
2021-11-15,0.0018657911333071215,equity_max_sharpe
2021-11-16,-0.003164441665336786,equity_max_sharpe
2021-11-17,-0.0074573083530315035,equity_max_sharpe
2021-11-18,0.009424106537861214,equity_max_sharpe
2021-11-19,-0.008498218766243255,equity_max_sharpe
2021-11-22,0.0031308736469344714,equity_max_sharpe
2021-11-23,0.011792736894168883,equity_max_sharpe
2021-11-24,0.004765829623281998,equity_max_sharpe
2021-11-26,-0.02775668517712896,equity_max_sharpe
2021-11-29,0.012455760555505273,equity_max_sharpe
2021-11-30,-0.01641358951426334,equity_max_sharpe
2021-12-01,-0.010173295865585734,equity_max_sharpe
2021-12-02,0.025747561146553844,equity_max_sharpe
2021-12-03,-0.0076904833329248575,equity_max_sharpe
2021-12-06,0.006677618558968571,equity_max_sharpe
2021-12-07,0.021874461607684526,equity_max_sharpe
2021-12-08,-0.0017724365497113325,equity_max_sharpe
2021-12-09,-0.007591543473998886,equity_max_sharpe
2021-12-10,0.005320846806942977,equity_max_sharpe
2021-12-13,-0.0060762899318306685,equity_max_sharpe
2021-12-14,0.0024004165590285832,equity_max_sharpe
2021-12-15,0.01901570064440675,equity_max_sharpe
2021-12-16,0.0006383271467258012,equity_max_sharpe
2021-12-17,-0.013589316662711248,equity_max_sharpe
2021-12-20,-0.00457760756623777,equity_max_sharpe
2021-12-21,0.008788109776977757,equity_max_sharpe
2021-12-22,0.009272711157095674,equity_max_sharpe
2021-12-23,-0.0001936146859356129,equity_max_sharpe
2021-12-27,0.01946819679707934,equity_max_sharpe
2021-12-28,-0.002692517589906891,equity_max_sharpe
2021-12-29,0.001385832040312299,equity_max_sharpe
2021-12-30,-0.004047371852617752,equity_max_sharpe
2021-12-31,-0.000231906091666186,equity_max_sharpe
2022-01-03,-0.008413786034982686,equity_max_sharpe
2022-01-04,0.0007800014401686443,equity_max_sharpe
2022-01-05,-0.007783938635963613,equity_max_sharpe
2022-01-06,0.002404929902345599,equity_max_sharpe
2022-01-07,-0.014612101730097946,equity_max_sharpe
2022-01-10,0.0036337023167316274,equity_max_sharpe
2022-01-11,0.0074294293508021265,equity_max_sharpe
2022-01-12,0.008613219376298702,equity_max_sharpe
2022-01-13,-0.013654947315061314,equity_max_sharpe
2022-01-14,-0.0009097548109489928,equity_max_sharpe
2022-01-18,-0.01233959877579647,equity_max_sharpe
2022-01-19,-0.011638157517403044,equity_max_sharpe
2022-01-20,-0.017161659385114717,equity_max_sharpe
2022-01-21,-0.01107022032043935,equity_max_sharpe
2022-01-24,-0.0004927795251008663,equity_max_sharpe
2022-01-25,-0.0005020909449112492,equity_max_sharpe
2022-01-26,-0.0097069803163416,equity_max_sharpe
2022-01-27,-0.001772333551664266,equity_max_sharpe
2022-01-28,0.03273529176059039,equity_max_sharpe
2022-01-31,0.007571866971303472,equity_max_sharpe
2022-02-01,0.006546524669208038,equity_max_sharpe
2022-02-02,0.027044764083731687,equity_max_sharpe
2022-02-03,-0.008081692289610455,equity_max_sharpe
2022-02-04,-0.003089773548169839,equity_max_sharpe
2022-02-07,0.004279479613467172,equity_max_sharpe
2022-02-08,0.0028402820744556807,equity_max_sharpe
2022-02-09,0.019924434441908324,equity_max_sharpe
2022-02-10,-0.019071870765625734,equity_max_sharpe
2022-02-11,-0.006139213792575423,equity_max_sharpe
2022-02-14,-0.006876937895352466,equity_max_sharpe
2022-02-15,0.00251702375196296,equity_max_sharpe
2022-02-16,0.0016372997443706166,equity_max_sharpe
2022-02-17,-0.014530156284811326,equity_max_sharpe
2022-02-18,-0.00878469431500195,equity_max_sharpe
2022-02-22,-0.006961316413845332,equity_max_sharpe
2022-02-23,0.008283955994433146,equity_max_sharpe
2022-02-24,0.001588074062386772,equity_max_sharpe
2022-02-25,0.03509699787917633,equity_max_sharpe
2022-02-28,-0.004353779089210409,equity_max_sharpe
2022-03-01,0.005679649314454645,equity_max_sharpe
2022-03-02,0.019427789935312734,equity_max_sharpe
2022-03-03,0.008223244588756425,equity_max_sharpe
2022-03-04,0.01047872739983199,equity_max_sharpe
2022-03-07,-0.009705581576981108,equity_max_sharpe
2022-03-08,-0.022391462380859664,equity_max_sharpe
2022-03-09,0.008097767082645124,equity_max_sharpe
2022-03-10,0.007948846971905564,equity_max_sharpe
2022-03-11,-0.0067735174659922055,equity_max_sharpe
2022-03-14,-0.01099397731138233,equity_max_sharpe
2022-03-15,0.007455082326215771,equity_max_sharpe
2022-03-16,0.005952951475231725,equity_max_sharpe
2022-03-17,0.019704866247791285,equity_max_sharpe
2022-03-18,0.00700855855865845,equity_max_sharpe
2022-03-21,0.014729091961233294,equity_max_sharpe
2022-03-22,0.002171364026148023,equity_max_sharpe
2022-03-23,0.0006396260026321326,equity_max_sharpe
2022-03-24,0.018834630126549252,equity_max_sharpe
2022-03-25,0.010986528183343586,equity_max_sharpe
2022-03-28,0.0019452724373946063,equity_max_sharpe
2022-03-29,0.00929638011156818,equity_max_sharpe
2022-03-30,0.0007665550043544028,equity_max_sharpe
2022-03-31,-0.01110004895778263,equity_max_sharpe
2022-04-01,0.009448818016277968,equity_max_sharpe
2022-04-04,-0.002962589232422122,equity_max_sharpe
2022-04-05,-0.003053511658272124,equity_max_sharpe
2022-04-06,0.016662547154122874,equity_max_sharpe
2022-04-07,0.013167829686659997,equity_max_sharpe
2022-04-08,0.004778285067924663,equity_max_sharpe
2022-04-11,-0.025408913031132536,equity_max_sharpe
2022-04-12,0.003927439701954751,equity_max_sharpe
2022-04-13,-0.00658729253974084,equity_max_sharpe
2022-04-14,0.006763491490094121,equity_max_sharpe
2022-04-18,0.0019741614516704665,equity_max_sharpe
2022-04-19,-0.0046625723846133345,equity_max_sharpe
2022-04-20,0.004698104346658166,equity_max_sharpe
2022-04-21,-0.01737129005653359,equity_max_sharpe
2022-04-22,-0.026819406274810602,equity_max_sharpe
2022-04-25,-0.006863260670047493,equity_max_sharpe
2022-04-26,-0.010063026355125081,equity_max_sharpe
2022-04-27,0.001153636852510969,equity_max_sharpe
2022-04-28,0.018763766960189058,equity_max_sharpe
2022-04-29,-0.053269498052954625,equity_max_sharpe
2022-05-02,-0.013138732957451004,equity_max_sharpe
2022-05-03,0.00832618690048214,equity_max_sharpe
2022-05-04,0.017503658248288572,equity_max_sharpe
2022-05-05,-0.02369647405950483,equity_max_sharpe
2022-05-06,-0.0007482141546021194,equity_max_sharpe
2022-05-09,-0.05240854097773295,equity_max_sharpe
2022-05-10,-0.008558309536908504,equity_max_sharpe
2022-05-11,-0.0012590351043368425,equity_max_sharpe
2022-05-12,0.005842742247323517,equity_max_sharpe
2022-05-13,0.01617099756999206,equity_max_sharpe
2022-05-16,0.004219844047983759,equity_max_sharpe
2022-05-17,0.007658998036749402,equity_max_sharpe
2022-05-18,-0.03171694258016901,equity_max_sharpe
2022-05-19,0.0007560797026748221,equity_max_sharpe
2022-05-20,0.002125328889162181,equity_max_sharpe
2022-05-23,0.015303576536978948,equity_max_sharpe
2022-05-24,0.0030336979017537313,equity_max_sharpe
2022-05-25,0.010689491147048829,equity_max_sharpe
2022-05-26,0.00933282570628535,equity_max_sharpe
2022-05-27,0.01912207370398129,equity_max_sharpe
2022-05-31,-0.015377158177761037,equity_max_sharpe
2022-06-01,0.0003629391852706277,equity_max_sharpe
2022-06-02,0.0017332947716204945,equity_max_sharpe
2022-06-03,0.002237326961759579,equity_max_sharpe
2022-06-06,-0.0029781794988918684,equity_max_sharpe
2022-06-07,0.013310676314285973,equity_max_sharpe
2022-06-08,-0.007524189367854534,equity_max_sharpe
2022-06-09,-0.024798204073927115,equity_max_sharpe
2022-06-10,-0.012642073487413204,equity_max_sharpe
2022-06-13,-0.041708931653633326,equity_max_sharpe
2022-06-14,-0.007571669629878029,equity_max_sharpe
2022-06-15,-0.0048028922098513685,equity_max_sharpe
2022-06-16,-0.020864143144478934,equity_max_sharpe
2022-06-17,-0.01964270059468014,equity_max_sharpe
2022-06-21,0.03566792252664244,equity_max_sharpe
2022-06-22,-0.003481032519550293,equity_max_sharpe
2022-06-23,0.0033874424516920124,equity_max_sharpe
2022-06-24,0.018110910946827145,equity_max_sharpe
2022-06-27,0.012091287295313986,equity_max_sharpe
2022-06-28,0.0014530572890526481,equity_max_sharpe
2022-06-29,-0.005945149183706554,equity_max_sharpe
2022-06-30,-0.006433753464805141,equity_max_sharpe
2022-07-01,0.013599377250455522,equity_max_sharpe
2022-07-05,-0.012943696284616744,equity_max_sharpe
2022-07-06,-0.003449873258266897,equity_max_sharpe
2022-07-07,0.004030846449382276,equity_max_sharpe
2022-07-08,0.00035871538310839175,equity_max_sharpe
2022-07-11,0.00028073412096945563,equity_max_sharpe
2022-07-12,-0.008240258716522201,equity_max_sharpe
2022-07-13,-0.0031017606330674885,equity_max_sharpe
2022-07-14,-0.002166550039483824,equity_max_sharpe
2022-07-15,0.016291104935468037,equity_max_sharpe
2022-07-18,-0.011761787069733765,equity_max_sharpe
2022-07-19,0.01066628461929365,equity_max_sharpe
2022-07-20,-0.007901595447360193,equity_max_sharpe
2022-07-21,-0.0035883924283242165,equity_max_sharpe
2022-07-22,0.003274276093265576,equity_max_sharpe
2022-07-25,0.01796179351303304,equity_max_sharpe
2022-07-26,0.0007321906412574508,equity_max_sharpe
2022-07-27,0.002716307550226286,equity_max_sharpe
2022-07-28,0.004544190827086838,equity_max_sharpe
2022-07-29,-0.0007264185907951442,equity_max_sharpe
2022-08-01,-0.012512883944305147,equity_max_sharpe
2022-08-02,-0.005941578593563907,equity_max_sharpe
2022-08-03,-0.00886114263431936,equity_max_sharpe
2022-08-04,-0.016495246012446677,equity_max_sharpe
2022-08-05,0.004519634063225979,equity_max_sharpe
2022-08-08,0.007018622702237456,equity_max_sharpe
2022-08-09,0.014347067884904917,equity_max_sharpe
2022-08-10,0.0033676740260356053,equity_max_sharpe
2022-08-11,0.012962826178069473,equity_max_sharpe
2022-08-12,0.0063262122341423595,equity_max_sharpe
2022-08-15,-0.007486051118759611,equity_max_sharpe
2022-08-16,0.000569446671968489,equity_max_sharpe
2022-08-17,-0.0009661320929374029,equity_max_sharpe
2022-08-18,0.01083814635729538,equity_max_sharpe
2022-08-19,0.017185821214222904,equity_max_sharpe
2022-08-22,-0.013925694720704103,equity_max_sharpe
2022-08-23,0.014559323844046087,equity_max_sharpe
2022-08-24,0.0024584264314546278,equity_max_sharpe
2022-08-25,0.005479095409390165,equity_max_sharpe
2022-08-26,-0.01353374835292125,equity_max_sharpe
2022-08-29,0.004944007689246681,equity_max_sharpe
2022-08-30,-0.018007619281380626,equity_max_sharpe
2022-08-31,-0.010986809332701783,equity_max_sharpe
2022-09-01,-0.000922014708666033,equity_max_sharpe
2022-09-02,-0.00029922281826470646,equity_max_sharpe
2022-09-06,-0.007887205564000487,equity_max_sharpe
2022-09-07,0.001762092651956133,equity_max_sharpe
2022-09-08,-0.0007617844714107669,equity_max_sharpe
2022-09-09,0.01204451397221673,equity_max_sharpe
2022-09-12,0.009202975106841104,equity_max_sharpe
2022-09-13,-0.023854988457535885,equity_max_sharpe
2022-09-14,0.020907813015253438,equity_max_sharpe
2022-09-15,-0.020019610606130427,equity_max_sharpe
2022-09-16,-0.006136043842620143,equity_max_sharpe
2022-09-19,0.004343991300252772,equity_max_sharpe
2022-09-20,-0.00901744533113119,equity_max_sharpe
2022-09-21,-0.015456071948900462,equity_max_sharpe
2022-09-22,-0.0011095778697443968,equity_max_sharpe
2022-09-23,-0.03364593123825198,equity_max_sharpe
2022-09-26,-0.01848596940045836,equity_max_sharpe
2022-09-27,-0.002880639970466945,equity_max_sharpe
2022-09-28,0.028809355297771056,equity_max_sharpe
2022-09-29,-0.01436943561510338,equity_max_sharpe
2022-09-30,-0.017710311673065273,equity_max_sharpe
2022-10-03,0.03703885914530033,equity_max_sharpe
2022-10-04,0.029117077331291732,equity_max_sharpe
2022-10-05,0.012322744674572984,equity_max_sharpe
2022-10-06,0.00026761882754212777,equity_max_sharpe
2022-10-07,-0.009777728039996934,equity_max_sharpe
2022-10-10,-0.01633459461505415,equity_max_sharpe
2022-10-11,0.007145566435497409,equity_max_sharpe
2022-10-12,-0.00224644876552317,equity_max_sharpe
2022-10-13,0.0364953139177817,equity_max_sharpe
2022-10-14,-0.010004923527899293,equity_max_sharpe
2022-10-17,0.01057447227867348,equity_max_sharpe
2022-10-18,0.003846655056307254,equity_max_sharpe
2022-10-19,0.0018547266392025907,equity_max_sharpe
2022-10-20,0.001017896073042543,equity_max_sharpe
2022-10-21,0.029116438051087455,equity_max_sharpe
2022-10-24,0.01383248303521677,equity_max_sharpe
2022-10-25,-0.0013847496466052813,equity_max_sharpe
2022-10-26,0.016589323542968465,equity_max_sharpe
2022-10-27,0.003039528426879758,equity_max_sharpe
2022-10-28,-0.017006998186034947,equity_max_sharpe
2022-10-31,-0.0012238329337239547,equity_max_sharpe
2022-11-01,0.007935906052381873,equity_max_sharpe
2022-11-02,-0.017646708548365246,equity_max_sharpe
2022-11-03,0.0015615876271097664,equity_max_sharpe
2022-11-04,0.010944277541031975,equity_max_sharpe
2022-11-07,0.022798861558817454,equity_max_sharpe
2022-11-08,0.021706780278827102,equity_max_sharpe
2022-11-09,-0.0261161523433436,equity_max_sharpe
2022-11-10,0.012733139285419828,equity_max_sharpe
2022-11-11,0.005680631526127526,equity_max_sharpe
2022-11-14,0.0020069230822609297,equity_max_sharpe
2022-11-15,0.002761103420168186,equity_max_sharpe
2022-11-16,-0.005210672932274573,equity_max_sharpe
2022-11-17,0.005597337558410155,equity_max_sharpe
2022-11-18,0.0008132076981165511,equity_max_sharpe
2022-11-21,-0.0009721503248279965,equity_max_sharpe
2022-11-22,0.01447352231111591,equity_max_sharpe
2022-11-23,-0.009318113041745672,equity_max_sharpe
2022-11-25,-0.0008609402882455308,equity_max_sharpe
2022-11-28,-0.014622422950377696,equity_max_sharpe
2022-11-29,0.0027823807191869722,equity_max_sharpe
2022-11-30,0.013673181751847993,equity_max_sharpe
2022-12-01,-0.002981233925620463,equity_max_sharpe
2022-12-02,-0.000847885126399247,equity_max_sharpe
2022-12-05,-0.007795812842838578,equity_max_sharpe
2022-12-06,-0.013158405324268738,equity_max_sharpe
2022-12-07,0.006408103298937283,equity_max_sharpe
2022-12-08,0.002848230810195108,equity_max_sharpe
2022-12-09,-0.018015976572023012,equity_max_sharpe
2022-12-12,0.005960350925214665,equity_max_sharpe
2022-12-13,0.004150354366323484,equity_max_sharpe
2022-12-14,0.002007254502557736,equity_max_sharpe
2022-12-15,-0.015028862366616397,equity_max_sharpe
2022-12-16,-0.002854928712201877,equity_max_sharpe
2022-12-19,-1.272906649161154e-05,equity_max_sharpe
2022-12-20,0.0018416093203411877,equity_max_sharpe
2022-12-21,0.011321165133247702,equity_max_sharpe
2022-12-22,-0.006456090896076099,equity_max_sharpe
2022-12-23,0.008210032703751171,equity_max_sharpe
2022-12-27,0.0033613382083654136,equity_max_sharpe
2022-12-28,-0.011965006298685334,equity_max_sharpe
2022-12-29,0.0026647513638810294,equity_max_sharpe
2022-12-30,0.002330954714623871,equity_max_sharpe
2023-01-03,-0.010041764902490709,equity_max_sharpe
2023-01-04,0.006520320286932671,equity_max_sharpe
2023-01-05,0.016213472041452875,equity_max_sharpe
2023-01-06,0.01273894124176621,equity_max_sharpe
2023-01-09,-0.029533043450449978,equity_max_sharpe
2023-01-10,0.006637812557034722,equity_max_sharpe
2023-01-11,0.0041571959244426195,equity_max_sharpe
2023-01-12,0.010094853056325038,equity_max_sharpe
2023-01-13,0.0021264021075226647,equity_max_sharpe
2023-01-17,-0.011777739464915336,equity_max_sharpe
2023-01-18,-0.015585936878480412,equity_max_sharpe
2023-01-19,0.00951669202039258,equity_max_sharpe
2023-01-20,0.006439386379302129,equity_max_sharpe
2023-01-23,-0.0023966557210251434,equity_max_sharpe
2023-01-24,-0.008481804264915788,equity_max_sharpe
2023-01-25,-0.001105190544970935,equity_max_sharpe
2023-01-26,0.0028876416786810044,equity_max_sharpe
2023-01-27,-0.014236353066732292,equity_max_sharpe
2023-01-30,-0.0033567301060725015,equity_max_sharpe
2023-01-31,0.014217344643744743,equity_max_sharpe
2023-02-01,0.000452374322162088,equity_max_sharpe
2023-02-02,-0.025818288097000517,equity_max_sharpe
2023-02-03,-0.002571022995038688,equity_max_sharpe
2023-02-06,-0.0008157252375845564,equity_max_sharpe
2023-02-07,0.014479804697283414,equity_max_sharpe
2023-02-08,0.0024140860370216385,equity_max_sharpe
2023-02-09,-0.0025891734857354785,equity_max_sharpe
2023-02-10,0.019330097113680056,equity_max_sharpe
2023-02-13,0.008350601085225144,equity_max_sharpe
2023-02-14,-0.0014954530316169136,equity_max_sharpe
2023-02-15,-0.009830562590042152,equity_max_sharpe
2023-02-16,-0.008013121342042675,equity_max_sharpe
2023-02-17,0.008066397671721019,equity_max_sharpe
2023-02-21,-0.008223367256455252,equity_max_sharpe
2023-02-22,-0.003583127480915542,equity_max_sharpe
2023-02-23,0.005964758436556551,equity_max_sharpe
2023-02-24,-0.0052301526656583636,equity_max_sharpe
2023-02-27,-0.0015804063020594568,equity_max_sharpe
2023-02-28,-0.015201397881542613,equity_max_sharpe
2023-03-01,0.0028672767830546734,equity_max_sharpe
2023-03-02,0.003884474292605877,equity_max_sharpe
2023-03-03,0.005505454998184469,equity_max_sharpe
2023-03-06,0.02515695407153239,equity_max_sharpe
2023-03-07,-0.0049748706465182445,equity_max_sharpe
2023-03-08,-0.017336813208972155,equity_max_sharpe
2023-03-09,-0.009484179343561992,equity_max_sharpe
2023-03-10,-0.0018259764873311878,equity_max_sharpe
2023-03-13,-0.013689905038520023,equity_max_sharpe
2023-03-14,0.015083819336239304,equity_max_sharpe
2023-03-15,-0.008147963350539059,equity_max_sharpe
2023-03-16,-0.00020191193390485442,equity_max_sharpe
2023-03-17,-0.026328528714889464,equity_max_sharpe
2023-03-20,0.020040310805127304,equity_max_sharpe
2023-03-21,0.0057946783110069035,equity_max_sharpe
2023-03-22,-0.014797297125948204,equity_max_sharpe
2023-03-23,-0.0005380257121544785,equity_max_sharpe
2023-03-24,0.0061912983880228105,equity_max_sharpe
2023-03-27,0.015789817120659296,equity_max_sharpe
2023-03-28,-0.0011459087463477767,equity_max_sharpe
2023-03-29,-2.9918641963303568e-05,equity_max_sharpe
2023-03-30,0.007291929922231679,equity_max_sharpe
2023-03-31,0.00683246377977226,equity_max_sharpe
2023-04-03,0.02104852931746265,equity_max_sharpe
2023-04-04,-0.007963993872747134,equity_max_sharpe
2023-04-05,0.020389468643848805,equity_max_sharpe
2023-04-06,-0.0028661614185622386,equity_max_sharpe
2023-04-10,-0.002521094433960532,equity_max_sharpe
2023-04-11,0.0001089969395488429,equity_max_sharpe
2023-04-12,0.0028018296043146166,equity_max_sharpe
2023-04-13,0.012330363094112866,equity_max_sharpe
2023-04-14,-0.0008915241049187888,equity_max_sharpe
2023-04-17,0.0008340742219795276,equity_max_sharpe
2023-04-18,0.0044010917647487385,equity_max_sharpe
2023-04-19,-0.0011250220743448157,equity_max_sharpe
2023-04-20,0.0018975505989458348,equity_max_sharpe
2023-04-21,0.012699889381410678,equity_max_sharpe
2023-04-24,0.006029926146915047,equity_max_sharpe
2023-04-25,-0.006120950923967852,equity_max_sharpe
2023-04-26,-0.021695603274129185,equity_max_sharpe
2023-04-27,0.008586081194879495,equity_max_sharpe
2023-04-28,-0.0020552955349409465,equity_max_sharpe
2023-05-01,0.006497921005475053,equity_max_sharpe
2023-05-02,0.0033492155476594473,equity_max_sharpe
2023-05-03,-0.01320230386851137,equity_max_sharpe
2023-05-04,-0.010309312434700742,equity_max_sharpe
2023-05-05,0.009723160608143667,equity_max_sharpe
2023-05-08,0.0035185039409627635,equity_max_sharpe
2023-05-09,-0.003960052577321224,equity_max_sharpe
2023-05-10,-0.002835458333613453,equity_max_sharpe
2023-05-11,-0.003147224064972376,equity_max_sharpe
2023-05-12,-0.003266326221250197,equity_max_sharpe
2023-05-15,0.005815391477911635,equity_max_sharpe
2023-05-16,-0.006712988675923463,equity_max_sharpe
2023-05-17,0.002808295242493939,equity_max_sharpe
2023-05-18,1.1759298469129044e-05,equity_max_sharpe
2023-05-19,0.005625142572516518,equity_max_sharpe
2023-05-22,-0.00790712327679551,equity_max_sharpe
2023-05-23,-0.014279414925018826,equity_max_sharpe
2023-05-24,-0.0001569336734924409,equity_max_sharpe
2023-05-25,-0.00832314850781318,equity_max_sharpe
2023-05-26,-0.0031072816489945013,equity_max_sharpe
2023-05-30,-0.011339019525083493,equity_max_sharpe
2023-05-31,0.002564586554975521,equity_max_sharpe
2023-06-01,0.021495967778978713,equity_max_sharpe
2023-06-02,0.010054554640833074,equity_max_sharpe
2023-06-05,-0.005645858849437809,equity_max_sharpe
2023-06-06,-0.008586992858035072,equity_max_sharpe
2023-06-07,-0.006147589729652794,equity_max_sharpe
2023-06-08,0.01188496385560165,equity_max_sharpe
2023-06-09,0.003046755878891837,equity_max_sharpe
2023-06-12,-0.00010229223616724242,equity_max_sharpe
2023-06-13,0.0075327432883911145,equity_max_sharpe
2023-06-14,-0.0039033621492020032,equity_max_sharpe
2023-06-15,0.005054325465121948,equity_max_sharpe
2023-06-16,0.003201570265725644,equity_max_sharpe
2023-06-20,-0.003048629094224227,equity_max_sharpe
2023-06-21,0.004952559920589438,equity_max_sharpe
2023-06-22,0.007356383909885135,equity_max_sharpe
2023-06-23,-0.003383286872956345,equity_max_sharpe
2023-06-26,-0.008158815939127715,equity_max_sharpe
2023-06-27,0.007603149278886683,equity_max_sharpe
2023-06-28,0.0025647597426331405,equity_max_sharpe
2023-06-29,0.005842272911030148,equity_max_sharpe
2023-06-30,0.019413576554068043,equity_max_sharpe
2023-07-03,-0.009090838528330498,equity_max_sharpe
2023-07-05,-0.0003879788077970816,equity_max_sharpe
2023-07-06,-0.01230667064564308,equity_max_sharpe
2023-07-07,-0.00460765303033254,equity_max_sharpe
2023-07-10,0.013277127024182146,equity_max_sharpe
2023-07-11,-0.00014500520783589446,equity_max_sharpe
2023-07-12,0.00040079578797659274,equity_max_sharpe
2023-07-13,0.0016686195897098956,equity_max_sharpe
2023-07-14,-0.0022610790511400345,equity_max_sharpe
2023-07-17,0.001049361053523993,equity_max_sharpe
2023-07-18,0.003103735017003754,equity_max_sharpe
2023-07-19,-0.00608615796294849,equity_max_sharpe
2023-07-20,0.011431221981460916,equity_max_sharpe
2023-07-21,-0.0007832649645877865,equity_max_sharpe
2023-07-24,-0.003747451963419893,equity_max_sharpe
2023-07-25,0.029475407220897653,equity_max_sharpe
2023-07-26,-0.011581865345545611,equity_max_sharpe
2023-07-27,-0.0018054752175500784,equity_max_sharpe
2023-07-28,0.0013194990621647688,equity_max_sharpe
2023-07-31,0.00021558287555673497,equity_max_sharpe
2023-08-01,-0.009469433195004763,equity_max_sharpe
2023-08-02,-0.011227198630930298,equity_max_sharpe
2023-08-03,0.0030396939020305358,equity_max_sharpe
2023-08-04,0.003159662979464772,equity_max_sharpe
2023-08-07,0.013667072447474062,equity_max_sharpe
2023-08-08,-0.0061056219419638345,equity_max_sharpe
2023-08-09,-0.012048112401104922,equity_max_sharpe
2023-08-10,0.0031820478196915064,equity_max_sharpe
2023-08-11,0.00465101803005157,equity_max_sharpe
2023-08-14,0.017496104129184398,equity_max_sharpe
2023-08-15,-0.008440433624126751,equity_max_sharpe
2023-08-16,-0.0040926728284464454,equity_max_sharpe
2023-08-17,-0.01163417834272314,equity_max_sharpe
2023-08-18,0.003897171640185173,equity_max_sharpe
2023-08-21,0.013568609243761591,equity_max_sharpe
2023-08-22,-0.012360338165945992,equity_max_sharpe
2023-08-23,0.024565741397807008,equity_max_sharpe
2023-08-24,-0.016123511503471622,equity_max_sharpe
2023-08-25,0.002225442377142217,equity_max_sharpe
2023-08-28,0.0096346081707201,equity_max_sharpe
2023-08-29,0.015442292718670068,equity_max_sharpe
2023-08-30,-0.0015712004064437155,equity_max_sharpe
2023-08-31,-0.002807286396361395,equity_max_sharpe
2023-09-01,-0.0011175500702296144,equity_max_sharpe
2023-09-05,-0.01208973950162616,equity_max_sharpe
2023-09-06,-0.009200363645003961,equity_max_sharpe
2023-09-07,-0.0013166043366421075,equity_max_sharpe
2023-09-08,0.0003407717593530914,equity_max_sharpe
2023-09-11,0.006320476966919353,equity_max_sharpe
2023-09-12,0.003173464971790067,equity_max_sharpe
2023-09-13,-0.006598020372671533,equity_max_sharpe
2023-09-14,0.011868582059142839,equity_max_sharpe
2023-09-15,-0.010475776878253504,equity_max_sharpe
2023-09-18,0.004898209243308033,equity_max_sharpe
2023-09-19,-0.0049623947889355785,equity_max_sharpe
2023-09-20,-0.010565464286439653,equity_max_sharpe
2023-09-21,-0.01474210996342599,equity_max_sharpe
2023-09-22,-0.004390526127751129,equity_max_sharpe
2023-09-25,0.003675919277183072,equity_max_sharpe
2023-09-26,-0.009668391175334976,equity_max_sharpe
2023-09-27,0.001745205058882539,equity_max_sharpe
2023-09-28,0.009454106273214061,equity_max_sharpe
2023-09-29,-0.010692156707836346,equity_max_sharpe
2023-10-02,-0.004661677450332252,equity_max_sharpe
2023-10-03,-0.012456363849131803,equity_max_sharpe
2023-10-04,0.007120685923889907,equity_max_sharpe
2023-10-05,0.0037838952367033048,equity_max_sharpe
2023-10-06,0.018555021690263705,equity_max_sharpe
2023-10-09,-0.0024957697961561403,equity_max_sharpe
2023-10-10,0.006230990986531054,equity_max_sharpe
2023-10-11,0.015710535222860096,equity_max_sharpe
2023-10-12,-0.0077021971408710406,equity_max_sharpe
2023-10-13,-0.013381055672927949,equity_max_sharpe
2023-10-16,0.002973656626330968,equity_max_sharpe
2023-10-17,-0.004163141417143165,equity_max_sharpe
2023-10-18,-0.022503038274524826,equity_max_sharpe
2023-10-19,-0.007811164756007468,equity_max_sharpe
2023-10-20,-0.004893605111368154,equity_max_sharpe
2023-10-23,0.009131278472277649,equity_max_sharpe
2023-10-24,0.03422634492240013,equity_max_sharpe
2023-10-25,-0.018850810764957128,equity_max_sharpe
2023-10-26,-0.014893077768085242,equity_max_sharpe
2023-10-27,-0.018159184964193525,equity_max_sharpe
2023-10-30,0.01993195136916596,equity_max_sharpe
2023-10-31,-0.011124570819214873,equity_max_sharpe
2023-11-01,0.0039008069137656835,equity_max_sharpe
2023-11-02,0.009793289514385099,equity_max_sharpe
2023-11-03,0.013608522167870783,equity_max_sharpe
2023-11-06,0.018742586831875158,equity_max_sharpe
2023-11-07,0.0014409478936861773,equity_max_sharpe
2023-11-08,0.012036162351712077,equity_max_sharpe
2023-11-09,-0.00391180785708804,equity_max_sharpe
2023-11-10,0.017876554222247782,equity_max_sharpe
2023-11-13,0.004896350489901714,equity_max_sharpe
2023-11-14,0.012524101898463192,equity_max_sharpe
2023-11-15,-0.0070636280362656075,equity_max_sharpe
2023-11-16,0.004435665284697059,equity_max_sharpe
2023-11-17,0.002569540481092948,equity_max_sharpe
2023-11-20,0.00696528304945286,equity_max_sharpe
2023-11-21,-0.0030016765218165258,equity_max_sharpe
2023-11-22,-0.008749280915672699,equity_max_sharpe
2023-11-24,-0.0016278685285064428,equity_max_sharpe
2023-11-27,0.002490581387166516,equity_max_sharpe
2023-11-28,-0.006650015135284215,equity_max_sharpe
2023-11-29,0.0004995922043489484,equity_max_sharpe
2023-11-30,0.007051517706351605,equity_max_sharpe
2023-12-01,0.0025746884916944207,equity_max_sharpe
2023-12-04,-0.01269267662069162,equity_max_sharpe
2023-12-05,-0.002069669127010188,equity_max_sharpe
2023-12-06,-0.006449067464692844,equity_max_sharpe
2023-12-07,0.0046830600375790486,equity_max_sharpe
2023-12-08,0.009858275660607804,equity_max_sharpe
2023-12-11,-0.002175720167932651,equity_max_sharpe
2023-12-12,0.014752589435816196,equity_max_sharpe
2023-12-13,0.0019603388106442846,equity_max_sharpe
2023-12-14,-0.004800082231881838,equity_max_sharpe
2023-12-15,0.008988327443866616,equity_max_sharpe
2023-12-18,0.008557775119773103,equity_max_sharpe
2023-12-19,0.00936866512948907,equity_max_sharpe
2023-12-20,-0.021238211560013813,equity_max_sharpe
2023-12-21,0.021105593642748215,equity_max_sharpe
2023-12-22,-0.0003790965177003522,equity_max_sharpe
2023-12-26,0.007300844620609786,equity_max_sharpe
2023-12-27,0.003406252782897617,equity_max_sharpe
2023-12-28,0.0015933956708834396,equity_max_sharpe
2023-12-29,-0.0029280839398109783,equity_max_sharpe
2021-01-04,-0.013701064199660194,equity_risk_parity
2021-01-05,0.012674408604811126,equity_risk_parity
2021-01-06,0.013264430714510802,equity_risk_parity
2021-01-07,0.00967979681270283,equity_risk_parity
2021-01-08,0.00286576936205043,equity_risk_parity
2021-01-11,-8.806647741709233e-05,equity_risk_parity
2021-01-12,0.0030128435744148875,equity_risk_parity
2021-01-13,8.709165777319493e-05,equity_risk_parity
2021-01-14,0.0030886482948785645,equity_risk_parity
2021-01-15,-0.010835450462099164,equity_risk_parity
2021-01-19,0.007283796632033242,equity_risk_parity
2021-01-20,0.007972222095949907,equity_risk_parity
2021-01-21,-0.00735487307514049,equity_risk_parity
2021-01-22,-0.002800837129231697,equity_risk_parity
2021-01-25,0.0019324605381932257,equity_risk_parity
2021-01-26,-0.005039220682649926,equity_risk_parity
2021-01-27,-0.025815778404221425,equity_risk_parity
2021-01-28,0.010643214962448225,equity_risk_parity
2021-01-29,-0.01479378312667068,equity_risk_parity
2021-02-01,0.008517686014717273,equity_risk_parity
2021-02-02,0.017473889706152945,equity_risk_parity
2021-02-03,0.0019027846101926744,equity_risk_parity
2021-02-04,0.009138734300265725,equity_risk_parity
2021-02-05,0.0063170016890456634,equity_risk_parity
2021-02-08,0.013036997474039061,equity_risk_parity
2021-02-09,-0.0027438667563593655,equity_risk_parity
2021-02-10,0.0014557026145883098,equity_risk_parity
2021-02-11,-0.001030383556659906,equity_risk_parity
2021-02-12,0.004467629428637099,equity_risk_parity
2021-02-16,0.000556028999220457,equity_risk_parity
2021-02-17,0.002470031678470778,equity_risk_parity
2021-02-18,-0.00591935577812522,equity_risk_parity
2021-02-19,0.0011058595895655538,equity_risk_parity
2021-02-22,0.002141918707192052,equity_risk_parity
2021-02-23,0.000247470338147786,equity_risk_parity
2021-02-24,0.014576435503532907,equity_risk_parity
2021-02-25,-0.018364899811465815,equity_risk_parity
2021-02-26,-0.012928311779984667,equity_risk_parity
2021-03-01,0.019963326496913784,equity_risk_parity
2021-03-02,-0.002791341663546041,equity_risk_parity
2021-03-03,-0.00703708544492842,equity_risk_parity
2021-03-04,-0.007899217627752664,equity_risk_parity
2021-03-05,0.017580768996769722,equity_risk_parity
2021-03-08,0.0018204582191550921,equity_risk_parity
2021-03-09,0.00731862450172656,equity_risk_parity
2021-03-10,0.009821255768227703,equity_risk_parity
2021-03-11,0.0052964407390700486,equity_risk_parity
2021-03-12,0.007082392417840363,equity_risk_parity
2021-03-15,0.0058419800122470064,equity_risk_parity
2021-03-16,-0.00020791992646234796,equity_risk_parity
2021-03-17,0.0021785532396102394,equity_risk_parity
2021-03-18,-0.01347521339947774,equity_risk_parity
2021-03-19,-0.004686513277944681,equity_risk_parity
2021-03-22,0.005873122338467359,equity_risk_parity
2021-03-23,-0.008100983457706072,equity_risk_parity
2021-03-24,-0.003305425688800321,equity_risk_parity
2021-03-25,0.007122806063378128,equity_risk_parity
2021-03-26,0.019635042704920398,equity_risk_parity
2021-03-29,0.0011022909356362364,equity_risk_parity
2021-03-30,-0.0033269240650195884,equity_risk_parity
2021-03-31,-0.00091454863134901,equity_risk_parity
2021-04-01,0.011919235422437929,equity_risk_parity
2021-04-05,0.005203894475596235,equity_risk_parity
2021-04-06,0.0003117814222571469,equity_risk_parity
2021-04-07,-0.0009843279076349233,equity_risk_parity
2021-04-08,-0.0012589867542405495,equity_risk_parity
2021-04-09,0.0025702524318601074,equity_risk_parity
2021-04-12,-0.00040732999993068985,equity_risk_parity
2021-04-13,0.0017323719424837082,equity_risk_parity
2021-04-14,0.003358111298976989,equity_risk_parity
2021-04-15,0.009449393897939494,equity_risk_parity
2021-04-16,0.0028414438132387267,equity_risk_parity
2021-04-19,-0.0035293475918233954,equity_risk_parity
2021-04-20,-0.008747199313497123,equity_risk_parity
2021-04-21,0.01074810100907438,equity_risk_parity
2021-04-22,-0.009628306971395236,equity_risk_parity
2021-04-23,0.008856224632086745,equity_risk_parity
2021-04-26,0.0010310242022457852,equity_risk_parity
2021-04-27,0.0010263258205212857,equity_risk_parity
2021-04-28,0.000517314964177531,equity_risk_parity
2021-04-29,0.008854898351562737,equity_risk_parity
2021-04-30,-0.0067296475233175465,equity_risk_parity
2021-05-03,0.007437644948144481,equity_risk_parity
2021-05-04,-0.002314237599044822,equity_risk_parity
2021-05-05,0.005992361499102264,equity_risk_parity
2021-05-06,0.008050152328450045,equity_risk_parity
2021-05-07,0.009636659392556052,equity_risk_parity
2021-05-10,-0.004327123236936115,equity_risk_parity
2021-05-11,-0.009261384465219461,equity_risk_parity
2021-05-12,-0.01593679259010353,equity_risk_parity
2021-05-13,0.008494958615479204,equity_risk_parity
2021-05-14,0.01398983911872532,equity_risk_parity
2021-05-17,0.003109889447838574,equity_risk_parity
2021-05-18,-0.008646340971441622,equity_risk_parity
2021-05-19,-0.005355264782657149,equity_risk_parity
2021-05-20,0.008595708763838073,equity_risk_parity
2021-05-21,0.0023746797752530234,equity_risk_parity
2021-05-24,0.006160084121522577,equity_risk_parity
2021-05-25,-0.00548226486313403,equity_risk_parity
2021-05-26,0.003712752675729429,equity_risk_parity
2021-05-27,0.0024932641976573256,equity_risk_parity
2021-05-28,0.0029368120789191243,equity_risk_parity
2021-06-01,0.006155867931106328,equity_risk_parity
2021-06-02,0.003927973385446997,equity_risk_parity
2021-06-03,0.0015356426218946573,equity_risk_parity
2021-06-04,0.00663026846810969,equity_risk_parity
2021-06-07,-0.0019190242636381515,equity_risk_parity
2021-06-08,-0.002625652344064506,equity_risk_parity
2021-06-09,-0.002621494186845723,equity_risk_parity
2021-06-10,0.003598385643246949,equity_risk_parity
2021-06-11,-0.00019304660451298513,equity_risk_parity
2021-06-14,-0.0015218262616063984,equity_risk_parity
2021-06-15,-0.0014924320060200659,equity_risk_parity
2021-06-16,-0.007942953726279381,equity_risk_parity
2021-06-17,-0.008628992318018567,equity_risk_parity
2021-06-18,-0.015075440337741249,equity_risk_parity
2021-06-21,0.016981836922855056,equity_risk_parity
2021-06-22,0.0013849084679286626,equity_risk_parity
2021-06-23,-0.003409218992398384,equity_risk_parity
2021-06-24,0.008045844887354254,equity_risk_parity
2021-06-25,0.007796049512859091,equity_risk_parity
2021-06-28,-0.0016871117212886432,equity_risk_parity
2021-06-29,-0.000415124161758313,equity_risk_parity
2021-06-30,0.004396661504242162,equity_risk_parity
2021-07-01,0.0065884442362662094,equity_risk_parity
2021-07-02,0.0037870288658624985,equity_risk_parity
2021-07-06,-0.008689862235726457,equity_risk_parity
2021-07-07,9.602564581949127e-05,equity_risk_parity
2021-07-08,-0.006922522612545075,equity_risk_parity
2021-07-09,0.01211670315324331,equity_risk_parity
2021-07-12,0.004299687110597881,equity_risk_parity
2021-07-13,-0.004766188522257003,equity_risk_parity
2021-07-14,-0.0013789228043061595,equity_risk_parity
2021-07-15,-0.0012527313665276262,equity_risk_parity
2021-07-16,-0.009458350867190799,equity_risk_parity
2021-07-19,-0.017265279227803593,equity_risk_parity
2021-07-20,0.011365506267585474,equity_risk_parity
2021-07-21,0.01031280545381726,equity_risk_parity
2021-07-22,-0.0012903191319496312,equity_risk_parity
2021-07-23,0.005172454986152822,equity_risk_parity
2021-07-26,0.005689444061937252,equity_risk_parity
2021-07-27,-0.002067414333794766,equity_risk_parity
2021-07-28,0.002450610591411265,equity_risk_parity
2021-07-29,0.0063301812971962015,equity_risk_parity
2021-07-30,-0.005476928437086,equity_risk_parity
2021-08-02,-0.002594615119592887,equity_risk_parity
2021-08-03,0.00655593755869915,equity_risk_parity
2021-08-04,-0.00799518489455228,equity_risk_parity
2021-08-05,0.004858409186381642,equity_risk_parity
2021-08-06,0.003386159313318462,equity_risk_parity
2021-08-09,-0.0025151353318879433,equity_risk_parity
2021-08-10,0.00622520196822989,equity_risk_parity
2021-08-11,0.008553749273534146,equity_risk_parity
2021-08-12,0.0018025545333928796,equity_risk_parity
2021-08-13,0.0011371561711445756,equity_risk_parity
2021-08-16,-0.0013067599761297922,equity_risk_parity
2021-08-17,-0.005347927817360969,equity_risk_parity
2021-08-18,-0.012821725418145536,equity_risk_parity
2021-08-19,-0.004620087357378639,equity_risk_parity
2021-08-20,0.005321036088544203,equity_risk_parity
2021-08-23,0.010275235784609368,equity_risk_parity
2021-08-24,0.0021334034039965657,equity_risk_parity
2021-08-25,0.0002972607359191245,equity_risk_parity
2021-08-26,-0.007054964671320488,equity_risk_parity
2021-08-27,0.011274058695481981,equity_risk_parity
2021-08-30,-0.0008556941413459171,equity_risk_parity
2021-08-31,-0.0003515428249847853,equity_risk_parity
2021-09-01,-0.002052550198318417,equity_risk_parity
2021-09-02,0.006924134192625771,equity_risk_parity
2021-09-03,-0.0034739609787678314,equity_risk_parity
2021-09-07,-0.010009097258011456,equity_risk_parity
2021-09-08,-0.001972143961338453,equity_risk_parity
2021-09-09,-0.006242056306770113,equity_risk_parity
2021-09-10,-0.0037122719779800503,equity_risk_parity
2021-09-13,0.005540850199334926,equity_risk_parity
2021-09-14,-0.009594622715975656,equity_risk_parity
2021-09-15,0.008697701909292485,equity_risk_parity
2021-09-16,-0.004843745212585662,equity_risk_parity
2021-09-17,-0.011501394104243305,equity_risk_parity
2021-09-20,-0.017107007363820308,equity_risk_parity
2021-09-21,-0.002108905432231736,equity_risk_parity
2021-09-22,0.008905878341474214,equity_risk_parity
2021-09-23,0.011459114793696433,equity_risk_parity
2021-09-24,-0.0023443356466225375,equity_risk_parity
2021-09-27,0.0032894814945791896,equity_risk_parity
2021-09-28,-0.011152180037691917,equity_risk_parity
2021-09-29,0.003919694130095626,equity_risk_parity
2021-09-30,-0.010112777369907561,equity_risk_parity
2021-10-01,0.012342170182835963,equity_risk_parity
2021-10-04,-0.0027451043939078824,equity_risk_parity
2021-10-05,0.005693677902995396,equity_risk_parity
2021-10-06,0.0010971533003962212,equity_risk_parity
2021-10-07,0.008043666617446345,equity_risk_parity
2021-10-08,-0.0008405341466329585,equity_risk_parity
2021-10-11,-0.008973806475380097,equity_risk_parity
2021-10-12,-0.0007657505468342872,equity_risk_parity
2021-10-13,0.0032749128553063644,equity_risk_parity
2021-10-14,0.012783921551769491,equity_risk_parity
2021-10-15,0.004786977308970226,equity_risk_parity
2021-10-18,0.00027362495568025166,equity_risk_parity
2021-10-19,0.009805851901735375,equity_risk_parity
2021-10-20,0.008858487613223512,equity_risk_parity
2021-10-21,0.0007577563531104434,equity_risk_parity
2021-10-22,0.0012181275672072383,equity_risk_parity
2021-10-25,0.006157737969974208,equity_risk_parity
2021-10-26,0.0050350392780108095,equity_risk_parity
2021-10-27,-0.016021570019775676,equity_risk_parity
2021-10-28,0.00817774736044386,equity_risk_parity
2021-10-29,-0.0029640878507516404,equity_risk_parity
2021-11-01,0.007461175731891197,equity_risk_parity
2021-11-02,0.004540063787491217,equity_risk_parity
2021-11-03,0.005006007983429449,equity_risk_parity
2021-11-04,0.004566805541999329,equity_risk_parity
2021-11-05,0.004317548129979448,equity_risk_parity
2021-11-08,0.0037433371955652994,equity_risk_parity
2021-11-09,-0.000714518786703906,equity_risk_parity
2021-11-10,-0.007127343452293765,equity_risk_parity
2021-11-11,0.0010659591267172443,equity_risk_parity
2021-11-12,0.002158136556547572,equity_risk_parity
2021-11-15,-0.0008570796974349081,equity_risk_parity
2021-11-16,-4.381857837486617e-05,equity_risk_parity
2021-11-17,-0.006410498431443284,equity_risk_parity
2021-11-18,-0.0012952494090488888,equity_risk_parity
2021-11-19,-0.008108011963673636,equity_risk_parity
2021-11-22,0.0021290502357046793,equity_risk_parity
2021-11-23,0.007614035389942485,equity_risk_parity
2021-11-24,0.0015933253638177255,equity_risk_parity
2021-11-26,-0.02190708025971444,equity_risk_parity
2021-11-29,0.0071002398395622725,equity_risk_parity
2021-11-30,-0.02273665219716921,equity_risk_parity
2021-12-01,-0.013137975243081345,equity_risk_parity
2021-12-02,0.02151402602295716,equity_risk_parity
2021-12-03,-0.0009151530011433476,equity_risk_parity
2021-12-06,0.013552429844853974,equity_risk_parity
2021-12-07,0.014952137327276696,equity_risk_parity
2021-12-08,-0.0005769049565259764,equity_risk_parity
2021-12-09,-0.006819833181712463,equity_risk_parity
2021-12-10,0.005428423454781844,equity_risk_parity
2021-12-13,-0.006038152907783945,equity_risk_parity
2021-12-14,-0.001934503618555359,equity_risk_parity
2021-12-15,0.008657972774681654,equity_risk_parity
2021-12-16,0.004803852555990488,equity_risk_parity
2021-12-17,-0.012437317144134917,equity_risk_parity
2021-12-20,-0.008131606148534015,equity_risk_parity
2021-12-21,0.01462265780225411,equity_risk_parity
2021-12-22,0.005938186176970402,equity_risk_parity
2021-12-23,0.005000741890955202,equity_risk_parity
2021-12-27,0.012643323884424486,equity_risk_parity
2021-12-28,0.0017823302262577132,equity_risk_parity
2021-12-29,0.0003804504800486439,equity_risk_parity
2021-12-30,-0.001522675024277136,equity_risk_parity
2021-12-31,-0.001103778985073085,equity_risk_parity
2022-01-03,0.007893532580496583,equity_risk_parity
2022-01-04,0.008287326862424099,equity_risk_parity
2022-01-05,-0.00981102456784561,equity_risk_parity
2022-01-06,0.0005963769310551341,equity_risk_parity
2022-01-07,0.0013930725716407813,equity_risk_parity
2022-01-10,-0.006524926800297903,equity_risk_parity
2022-01-11,0.010108670902059984,equity_risk_parity
2022-01-12,0.002808856818174212,equity_risk_parity
2022-01-13,-0.005023576980461087,equity_risk_parity
2022-01-14,0.0018072024404420664,equity_risk_parity
2022-01-18,-0.010761970773172893,equity_risk_parity
2022-01-19,-0.006784420342637871,equity_risk_parity
2022-01-20,-0.011862060931541647,equity_risk_parity
2022-01-21,-0.012930960558085396,equity_risk_parity
2022-01-24,0.002307455792883594,equity_risk_parity
2022-01-25,-0.003389437755906941,equity_risk_parity
2022-01-26,-0.008848441165001993,equity_risk_parity
2022-01-27,-0.0034117832324707773,equity_risk_parity
2022-01-28,0.016886259704974198,equity_risk_parity
2022-01-31,0.014021638256743595,equity_risk_parity
2022-02-01,0.010950258432124882,equity_risk_parity
2022-02-02,0.009991702955684325,equity_risk_parity
2022-02-03,-0.009513828554154826,equity_risk_parity
2022-02-04,-0.0009650934505631592,equity_risk_parity
2022-02-07,0.0023266470700742483,equity_risk_parity
2022-02-08,0.004025120961881328,equity_risk_parity
2022-02-09,0.012606793313618202,equity_risk_parity
2022-02-10,-0.016922118858680186,equity_risk_parity
2022-02-11,-0.010206802133622505,equity_risk_parity
2022-02-14,-0.006341009055696149,equity_risk_parity
2022-02-15,0.010470141652055799,equity_risk_parity
2022-02-16,-0.00045210611220674723,equity_risk_parity
2022-02-17,-0.01523585324930586,equity_risk_parity
2022-02-18,-0.008409016441980766,equity_risk_parity
2022-02-22,-0.006636163123505223,equity_risk_parity
2022-02-23,-0.011444759515712766,equity_risk_parity
2022-02-24,0.006646162013312931,equity_risk_parity
2022-02-25,0.025427521482620966,equity_risk_parity
2022-02-28,-0.002195598379704531,equity_risk_parity
2022-03-01,-0.012896231197349313,equity_risk_parity
2022-03-02,0.019780619392027854,equity_risk_parity
2022-03-03,-0.000841849061040849,equity_risk_parity
2022-03-04,0.0018169686926337782,equity_risk_parity
2022-03-07,-0.01776749892036473,equity_risk_parity
2022-03-08,-0.004451663647359794,equity_risk_parity
2022-03-09,0.015019626125899072,equity_risk_parity
2022-03-10,-0.0008810613935192379,equity_risk_parity
2022-03-11,-0.008321164119682882,equity_risk_parity
2022-03-14,-0.009521426509802988,equity_risk_parity
2022-03-15,0.009821014009503297,equity_risk_parity
2022-03-16,0.015830145929724593,equity_risk_parity
2022-03-17,0.014569366617528792,equity_risk_parity
2022-03-18,0.004900691902451891,equity_risk_parity
2022-03-21,0.0036164035562298484,equity_risk_parity
2022-03-22,0.0055469342443239394,equity_risk_parity
2022-03-23,-0.009675333619606638,equity_risk_parity
2022-03-24,0.010775713212324893,equity_risk_parity
2022-03-25,0.009012400337871585,equity_risk_parity
2022-03-28,0.0008465485017869992,equity_risk_parity
2022-03-29,0.012421936723784477,equity_risk_parity
2022-03-30,-0.004279865159334702,equity_risk_parity
2022-03-31,-0.014612859704207257,equity_risk_parity
2022-04-01,0.006186125023239843,equity_risk_parity
2022-04-04,0.0023851263573864538,equity_risk_parity
2022-04-05,-0.010698340505611342,equity_risk_parity
2022-04-06,-0.0012633246356550413,equity_risk_parity
2022-04-07,0.0016102370143205459,equity_risk_parity
2022-04-08,0.003154132343436489,equity_risk_parity
2022-04-11,-0.011840453695113766,equity_risk_parity
2022-04-12,-0.0008602131354637924,equity_risk_parity
2022-04-13,0.009111691535789813,equity_risk_parity
2022-04-14,-0.002157609439999568,equity_risk_parity
2022-04-18,0.0008561339045568396,equity_risk_parity
2022-04-19,0.012514123824200307,equity_risk_parity
2022-04-20,0.001500873359236508,equity_risk_parity
2022-04-21,-0.012365582660085608,equity_risk_parity
2022-04-22,-0.02310687701405425,equity_risk_parity
2022-04-25,-0.0025623220050974235,equity_risk_parity
2022-04-26,-0.02058994664206025,equity_risk_parity
2022-04-27,0.0004532832337849468,equity_risk_parity
2022-04-28,0.0175969767603209,equity_risk_parity
2022-04-29,-0.03513723368055066,equity_risk_parity
2022-05-02,0.0042827520663408876,equity_risk_parity
2022-05-03,0.006419254004216236,equity_risk_parity
2022-05-04,0.030597475828033585,equity_risk_parity
2022-05-05,-0.025223333537134417,equity_risk_parity
2022-05-06,-0.003734814055229669,equity_risk_parity
2022-05-09,-0.03505511084284931,equity_risk_parity
2022-05-10,-0.00435015726679066,equity_risk_parity
2022-05-11,-0.003418132781437833,equity_risk_parity
2022-05-12,0.0022033135934364763,equity_risk_parity
2022-05-13,0.022291124944625016,equity_risk_parity
2022-05-16,0.0013181692032246063,equity_risk_parity
2022-05-17,0.01945053993405474,equity_risk_parity
2022-05-18,-0.02801387185213911,equity_risk_parity
2022-05-19,-0.0018228315479148116,equity_risk_parity
2022-05-20,0.0006859801810684969,equity_risk_parity
2022-05-23,0.019290594368582818,equity_risk_parity
2022-05-24,0.00041604997641936375,equity_risk_parity
2022-05-25,0.008934932428617258,equity_risk_parity
2022-05-26,0.01523442887493036,equity_risk_parity
2022-05-27,0.019582410573768305,equity_risk_parity
2022-05-31,-0.007686832348451913,equity_risk_parity
2022-06-01,-0.005248085487194567,equity_risk_parity
2022-06-02,0.014666480722361937,equity_risk_parity
2022-06-03,-0.00828168804204499,equity_risk_parity
2022-06-06,-0.0004726634839063061,equity_risk_parity
2022-06-07,0.010212564518665373,equity_risk_parity
2022-06-08,-0.01288874606797629,equity_risk_parity
2022-06-09,-0.023559022078012803,equity_risk_parity
2022-06-10,-0.02572519852341478,equity_risk_parity
2022-06-13,-0.04038529147505947,equity_risk_parity
2022-06-14,-0.0064914420956830995,equity_risk_parity
2022-06-15,0.010895650187921786,equity_risk_parity
2022-06-16,-0.028833026531388663,equity_risk_parity
2022-06-17,-0.0040129501461385695,equity_risk_parity
2022-06-21,0.021283145794544635,equity_risk_parity
2022-06-22,-0.0034361485113255366,equity_risk_parity
2022-06-23,0.0025338360448495245,equity_risk_parity
2022-06-24,0.028722864719396543,equity_risk_parity
2022-06-27,-0.00309911627675398,equity_risk_parity
2022-06-28,-0.009510549810128442,equity_risk_parity
2022-06-29,-0.005108620032928052,equity_risk_parity
2022-06-30,-0.00757003786096443,equity_risk_parity
2022-07-01,0.01073505233633957,equity_risk_parity
2022-07-05,-0.006293927342713395,equity_risk_parity
2022-07-06,-0.0001359733330719327,equity_risk_parity
2022-07-07,0.01411019528266564,equity_risk_parity
2022-07-08,-0.0033276940985262084,equity_risk_parity
2022-07-11,-0.007581620815643344,equity_risk_parity
2022-07-12,-0.003861931864105577,equity_risk_parity
2022-07-13,-0.0037269688378600164,equity_risk_parity
2022-07-14,-0.0041632110087867465,equity_risk_parity
2022-07-15,0.018608815343360563,equity_risk_parity
2022-07-18,-0.0032098002043968576,equity_risk_parity
2022-07-19,0.02738512068575297,equity_risk_parity
2022-07-20,0.002652137007976472,equity_risk_parity
2022-07-21,0.0053510570351762285,equity_risk_parity
2022-07-22,-0.0049439479230477265,equity_risk_parity
2022-07-25,0.0035859017301082836,equity_risk_parity
2022-07-26,-0.004859655657097753,equity_risk_parity
2022-07-27,0.011691570468449711,equity_risk_parity
2022-07-28,0.010345161395059147,equity_risk_parity
2022-07-29,0.009706179215131488,equity_risk_parity
2022-08-01,-0.001616763289435657,equity_risk_parity
2022-08-02,-0.009763777204931854,equity_risk_parity
2022-08-03,0.0063489694907891345,equity_risk_parity
2022-08-04,-0.0016205048618749824,equity_risk_parity
2022-08-05,0.0015885986438003053,equity_risk_parity
2022-08-08,-0.00012185518376140353,equity_risk_parity
2022-08-09,-0.0008059676403024054,equity_risk_parity
2022-08-10,0.016739152484819587,equity_risk_parity
2022-08-11,0.005926270642628073,equity_risk_parity
2022-08-12,0.014869254887947707,equity_risk_parity
2022-08-15,0.004334572828434533,equity_risk_parity
2022-08-16,0.0029590749949569162,equity_risk_parity
2022-08-17,-0.008142599544448665,equity_risk_parity
2022-08-18,0.003991893977378181,equity_risk_parity
2022-08-19,-0.008808503379777,equity_risk_parity
2022-08-22,-0.019339684380979445,equity_risk_parity
2022-08-23,0.0019793433425868744,equity_risk_parity
2022-08-24,0.0023558955475155587,equity_risk_parity
2022-08-25,0.013855207018783833,equity_risk_parity
2022-08-26,-0.02769034731246524,equity_risk_parity
2022-08-29,-0.0038147275975503724,equity_risk_parity
2022-08-30,-0.01336454234573552,equity_risk_parity
2022-08-31,-0.007346647125874834,equity_risk_parity
2022-09-01,-0.0006877551969647986,equity_risk_parity
2022-09-02,-0.009523452905370693,equity_risk_parity
2022-09-06,-0.003960837321840623,equity_risk_parity
2022-09-07,0.015912572907354688,equity_risk_parity
2022-09-08,0.006066542642071269,equity_risk_parity
2022-09-09,0.01464305635253413,equity_risk_parity
2022-09-12,0.008484821861791864,equity_risk_parity
2022-09-13,-0.04004930998571301,equity_risk_parity
2022-09-14,0.0031318623014507828,equity_risk_parity
2022-09-15,-0.016171537094844503,equity_risk_parity
2022-09-16,-0.007247144972022487,equity_risk_parity
2022-09-19,0.006236594572679689,equity_risk_parity
2022-09-20,-0.015572445225681552,equity_risk_parity
2022-09-21,-0.016955160199631784,equity_risk_parity
2022-09-22,-0.009265739650809665,equity_risk_parity
2022-09-23,-0.02221841628898861,equity_risk_parity
2022-09-26,-0.016062688619373502,equity_risk_parity
2022-09-27,-0.0036657890507521204,equity_risk_parity
2022-09-28,0.021300718433708198,equity_risk_parity
2022-09-29,-0.019865724827656667,equity_risk_parity
2022-09-30,-0.014866290633047612,equity_risk_parity
2022-10-03,0.0321847780436476,equity_risk_parity
2022-10-04,0.02965210942898404,equity_risk_parity
2022-10-05,-0.0032365855896064845,equity_risk_parity
2022-10-06,-0.011450484466690943,equity_risk_parity
2022-10-07,-0.023496317394339133,equity_risk_parity
2022-10-10,-0.005697925739041466,equity_risk_parity
2022-10-11,-0.003330502897853404,equity_risk_parity
2022-10-12,-0.0056226617637749115,equity_risk_parity
2022-10-13,0.029678419866633287,equity_risk_parity
2022-10-14,-0.018412143694895345,equity_risk_parity
2022-10-17,0.020060602583880396,equity_risk_parity
2022-10-18,0.011945856181977304,equity_risk_parity
2022-10-19,-0.007761574600824359,equity_risk_parity
2022-10-20,-0.004160841489002483,equity_risk_parity
2022-10-21,0.023757129279621484,equity_risk_parity
2022-10-24,0.008125459137320446,equity_risk_parity
2022-10-25,0.01680246788305665,equity_risk_parity
2022-10-26,0.00496287504956456,equity_risk_parity
2022-10-27,-0.0001484410730095846,equity_risk_parity
2022-10-28,0.02428404944569426,equity_risk_parity
2022-10-31,-0.007574400264519285,equity_risk_parity
2022-11-01,0.0023824155053552665,equity_risk_parity
2022-11-02,-0.017184054928434212,equity_risk_parity
2022-11-03,-0.0024372190071154636,equity_risk_parity
2022-11-04,0.01858260290394176,equity_risk_parity
2022-11-07,0.007644605369874352,equity_risk_parity
2022-11-08,0.006914344387095318,equity_risk_parity
2022-11-09,-0.02140736571925811,equity_risk_parity
2022-11-10,0.0495644501631361,equity_risk_parity
2022-11-11,0.011668351522039636,equity_risk_parity
2022-11-14,-0.008784826109372682,equity_risk_parity
2022-11-15,0.009768660956136387,equity_risk_parity
2022-11-16,-0.010351341361087306,equity_risk_parity
2022-11-17,-0.0023031547499413737,equity_risk_parity
2022-11-18,0.005043184604821627,equity_risk_parity
2022-11-21,0.0008225379434163571,equity_risk_parity
2022-11-22,0.014802864627182206,equity_risk_parity
2022-11-23,0.0033861557980510845,equity_risk_parity
2022-11-25,0.0007421905149644115,equity_risk_parity
2022-11-28,-0.018420829031751167,equity_risk_parity
2022-11-29,0.004199710872548122,equity_risk_parity
2022-11-30,0.023794226081712402,equity_risk_parity
2022-12-01,-0.0002670937734517385,equity_risk_parity
2022-12-02,0.0015015822510261346,equity_risk_parity
2022-12-05,-0.017223212605578297,equity_risk_parity
2022-12-06,-0.01234790929014816,equity_risk_parity
2022-12-07,-0.001182573828345057,equity_risk_parity
2022-12-08,0.007090693516795498,equity_risk_parity
2022-12-09,-0.01023016726281893,equity_risk_parity
2022-12-12,0.01662403157485824,equity_risk_parity
2022-12-13,0.008769632273229216,equity_risk_parity
2022-12-14,-0.008793645194072683,equity_risk_parity
2022-12-15,-0.02158506981452662,equity_risk_parity
2022-12-16,-0.009499489174056307,equity_risk_parity
2022-12-19,-0.006694591923182898,equity_risk_parity
2022-12-20,0.0031792629903663805,equity_risk_parity
2022-12-21,0.017830127277777864,equity_risk_parity
2022-12-22,-0.011582264695177423,equity_risk_parity
2022-12-23,0.0077500298545201485,equity_risk_parity
2022-12-27,0.00026554827864285965,equity_risk_parity
2022-12-28,-0.012808033008290868,equity_risk_parity
2022-12-29,0.013599359712046972,equity_risk_parity
2022-12-30,-0.001881776224189355,equity_risk_parity
2023-01-03,0.0022509057491670536,equity_risk_parity
2023-01-04,0.018428178719494946,equity_risk_parity
2023-01-05,-0.00679763801193668,equity_risk_parity
2023-01-06,0.023249459158050576,equity_risk_parity
2023-01-09,0.00017208903132034806,equity_risk_parity
2023-01-10,0.0076166049742021616,equity_risk_parity
2023-01-11,0.009853849638699681,equity_risk_parity
2023-01-12,0.007037757028810943,equity_risk_parity
2023-01-13,0.0034311464254617023,equity_risk_parity
2023-01-17,-0.004052224805721267,equity_risk_parity
2023-01-18,-0.015965505018307232,equity_risk_parity
2023-01-19,-0.007476202030265405,equity_risk_parity
2023-01-20,0.01531290783669132,equity_risk_parity
2023-01-23,0.011435710954858265,equity_risk_parity
2023-01-24,-0.0028834216294746045,equity_risk_parity
2023-01-25,0.0018486905394841727,equity_risk_parity
2023-01-26,0.008422064284225664,equity_risk_parity
2023-01-27,-0.0012064818542402757,equity_risk_parity
2023-01-30,-0.010144239154965132,equity_risk_parity
2023-01-31,0.011922802217140906,equity_risk_parity
2023-02-01,0.006518284067217186,equity_risk_parity
2023-02-02,0.00015704536703527562,equity_risk_parity
2023-02-03,-0.012768350780830776,equity_risk_parity
2023-02-06,-0.004594982931553284,equity_risk_parity
2023-02-07,0.010953461048114671,equity_risk_parity
2023-02-08,-0.009564990182089908,equity_risk_parity
2023-02-09,-0.00969477310696571,equity_risk_parity
2023-02-10,0.0076019262954780615,equity_risk_parity
2023-02-13,0.00875099441629904,equity_risk_parity
2023-02-14,-0.0006439293321590841,equity_risk_parity
2023-02-15,0.000289213417215781,equity_risk_parity
2023-02-16,-0.013939445741509309,equity_risk_parity
2023-02-17,-0.0027721399648127057,equity_risk_parity
2023-02-21,-0.0175027760743078,equity_risk_parity
2023-02-22,-0.005551258644505817,equity_risk_parity
2023-02-23,0.005478965095513966,equity_risk_parity
2023-02-24,-0.009477223615106892,equity_risk_parity
2023-02-27,0.0017761100564900145,equity_risk_parity
2023-02-28,-0.004292925502667183,equity_risk_parity
2023-03-01,-0.001058031993739652,equity_risk_parity
2023-03-02,0.01196363459680069,equity_risk_parity
2023-03-03,0.013041698662887865,equity_risk_parity
2023-03-06,-0.001808663736776781,equity_risk_parity
2023-03-07,-0.01716608729068231,equity_risk_parity
2023-03-08,0.0031917270516937154,equity_risk_parity
2023-03-09,-0.017318717825019155,equity_risk_parity
2023-03-10,-0.013042274760361036,equity_risk_parity
2023-03-13,-0.0035160180638044696,equity_risk_parity
2023-03-14,0.014545495217757273,equity_risk_parity
2023-03-15,-0.00968814247115212,equity_risk_parity
2023-03-16,0.01420064899894593,equity_risk_parity
2023-03-17,-0.012241012240181462,equity_risk_parity
2023-03-20,0.011381656021337803,equity_risk_parity
2023-03-21,0.008352348230895293,equity_risk_parity
2023-03-22,-0.019948754862968057,equity_risk_parity
2023-03-23,0.0017877909140547074,equity_risk_parity
2023-03-24,0.007631212702629166,equity_risk_parity
2023-03-27,0.004297343942389522,equity_risk_parity
2023-03-28,0.0015994860897350026,equity_risk_parity
2023-03-29,0.015570466202065451,equity_risk_parity
2023-03-30,0.00490929345758783,equity_risk_parity
2023-03-31,0.01245554165487161,equity_risk_parity
2023-04-03,0.006940014431519135,equity_risk_parity
2023-04-04,-0.005064090563162218,equity_risk_parity
2023-04-05,0.0037000673038339784,equity_risk_parity
2023-04-06,-0.00016101982917674738,equity_risk_parity
2023-04-10,0.003514247817485642,equity_risk_parity
2023-04-11,0.002569206481788522,equity_risk_parity
2023-04-12,-0.0022219339949199985,equity_risk_parity
2023-04-13,0.006972895720065671,equity_risk_parity
2023-04-14,-0.005796901834398555,equity_risk_parity
2023-04-17,0.0050131419049538805,equity_risk_parity
2023-04-18,0.0003185701739072887,equity_risk_parity
2023-04-19,0.0021501861398795594,equity_risk_parity
2023-04-20,-0.006963271769652834,equity_risk_parity
2023-04-21,-0.0010172047667623987,equity_risk_parity
2023-04-24,0.001757089349559311,equity_risk_parity
2023-04-25,-0.01495420920531913,equity_risk_parity
2023-04-26,-0.012476823412631973,equity_risk_parity
2023-04-27,0.014661913021796058,equity_risk_parity
2023-04-28,0.009482238561268225,equity_risk_parity
2023-05-01,-0.003422566579296094,equity_risk_parity
2023-05-02,-0.016682054474223176,equity_risk_parity
2023-05-03,-0.012217496177713009,equity_risk_parity
2023-05-04,-0.005351289952589208,equity_risk_parity
2023-05-05,0.017515249613176284,equity_risk_parity
2023-05-08,-0.0006943661313251723,equity_risk_parity
2023-05-09,-0.004258718762879401,equity_risk_parity
2023-05-10,-0.0017783329876314966,equity_risk_parity
2023-05-11,-0.008972948417903201,equity_risk_parity
2023-05-12,-0.0008388740546909411,equity_risk_parity
2023-05-15,0.0045668756813419045,equity_risk_parity
2023-05-16,-0.01596931677803586,equity_risk_parity
2023-05-17,0.012319075380388223,equity_risk_parity
2023-05-18,0.005885373981134899,equity_risk_parity
2023-05-19,-0.0024750102388178593,equity_risk_parity
2023-05-22,0.0006733174629292172,equity_risk_parity
2023-05-23,-0.007158860298573354,equity_risk_parity
2023-05-24,-0.009243029757406197,equity_risk_parity
2023-05-25,9.278741905413914e-05,equity_risk_parity
2023-05-26,0.00866367468365841,equity_risk_parity
2023-05-30,-0.0018190711166541518,equity_risk_parity
2023-05-31,-0.004663092855496196,equity_risk_parity
2023-06-01,0.005148317863618266,equity_risk_parity
2023-06-02,0.0195001976644241,equity_risk_parity
2023-06-05,-0.0058969493851712155,equity_risk_parity
2023-06-06,0.004403184679716095,equity_risk_parity
2023-06-07,0.008253330916676531,equity_risk_parity
2023-06-08,0.004105881849056212,equity_risk_parity
2023-06-09,-0.002802731516898365,equity_risk_parity
2023-06-12,0.0052286646422442075,equity_risk_parity
2023-06-13,0.007318719029048488,equity_risk_parity
2023-06-14,0.00012724349296770374,equity_risk_parity
2023-06-15,0.010003512200136696,equity_risk_parity
2023-06-16,0.0005502064556709696,equity_risk_parity
2023-06-20,-0.012622406708579167,equity_risk_parity
2023-06-21,-0.003164890673324904,equity_risk_parity
2023-06-22,-0.005592422870120341,equity_risk_parity
2023-06-23,-0.0072595814398227175,equity_risk_parity
2023-06-26,0.006682503230795585,equity_risk_parity
2023-06-27,0.00722289618202543,equity_risk_parity
2023-06-28,-0.0017040372863230948,equity_risk_parity
2023-06-29,0.006333876012833468,equity_risk_parity
2023-06-30,0.008314033679412115,equity_risk_parity
2023-07-03,0.005677130992006776,equity_risk_parity
2023-07-05,-0.004240653464778885,equity_risk_parity
2023-07-06,-0.01208413893391219,equity_risk_parity
2023-07-07,0.0006819149565187501,equity_risk_parity
2023-07-10,0.0047796696983343516,equity_risk_parity
2023-07-11,0.014211688018259465,equity_risk_parity
2023-07-12,0.008237350960354339,equity_risk_parity
2023-07-13,0.00561328999863137,equity_risk_parity
2023-07-14,-0.00660968743374577,equity_risk_parity
2023-07-17,-0.003559608817588056,equity_risk_parity
2023-07-18,0.005936202752823029,equity_risk_parity
2023-07-19,0.006037952272526241,equity_risk_parity
2023-07-20,0.001748075801550906,equity_risk_parity
2023-07-21,0.004489892359851595,equity_risk_parity
2023-07-24,0.005464941830862186,equity_risk_parity
2023-07-25,0.0034160131953540483,equity_risk_parity
2023-07-26,0.0021904630775948686,equity_risk_parity
2023-07-27,-0.004634011643839129,equity_risk_parity
2023-07-28,0.004241321399844554,equity_risk_parity
2023-07-31,0.004314741590100031,equity_risk_parity
2023-08-01,-0.0036317010240047827,equity_risk_parity
2023-08-02,-0.013699281238668088,equity_risk_parity
2023-08-03,-0.004931584621457254,equity_risk_parity
2023-08-04,-0.0021970232173001117,equity_risk_parity
2023-08-07,0.00802041392341124,equity_risk_parity
2023-08-08,-0.003440940743932581,equity_risk_parity
2023-08-09,-0.0019255958226743846,equity_risk_parity
2023-08-10,0.0009644399956669524,equity_risk_parity
2023-08-11,0.0016758150228857098,equity_risk_parity
2023-08-14,0.001706277599671522,equity_risk_parity
2023-08-15,-0.013225456282507148,equity_risk_parity
2023-08-16,-0.008186117279367163,equity_risk_parity
2023-08-17,-0.004655788275770239,equity_risk_parity
2023-08-18,0.001733029370723882,equity_risk_parity
2023-08-21,-0.0005131283529655392,equity_risk_parity
2023-08-22,-0.004904403466574165,equity_risk_parity
2023-08-23,0.007321780440630267,equity_risk_parity
2023-08-24,-0.012228581664713427,equity_risk_parity
2023-08-25,0.004912513294952161,equity_risk_parity
2023-08-28,0.008364884527056865,equity_risk_parity
2023-08-29,0.011982477817999241,equity_risk_parity
2023-08-30,0.001584965920883681,equity_risk_parity
2023-08-31,-0.003055568691088684,equity_risk_parity
2023-09-01,0.004049068438607959,equity_risk_parity
2023-09-05,-0.00872481301933522,equity_risk_parity
2023-09-06,-0.00417614715166231,equity_risk_parity
2023-09-07,-0.00017340816510796246,equity_risk_parity
2023-09-08,0.002637923536046846,equity_risk_parity
2023-09-11,0.0028656874463991564,equity_risk_parity
2023-09-12,0.00230824385120429,equity_risk_parity
2023-09-13,-0.0009672270966173914,equity_risk_parity
2023-09-14,0.012360870706178877,equity_risk_parity
2023-09-15,-0.010489077213557506,equity_risk_parity
2023-09-18,-0.0002499500385179255,equity_risk_parity
2023-09-19,-0.0042135020148569065,equity_risk_parity
2023-09-20,-0.005264643861468341,equity_risk_parity
2023-09-21,-0.0185880687890133,equity_risk_parity
2023-09-22,-0.0033341264056424035,equity_risk_parity
2023-09-25,0.002086940375641444,equity_risk_parity
2023-09-26,-0.012038678588931193,equity_risk_parity
2023-09-27,-0.0014106684457594152,equity_risk_parity
2023-09-28,0.004051206390830819,equity_risk_parity
2023-09-29,-0.001064597661618716,equity_risk_parity
2023-10-02,-0.01427779454884416,equity_risk_parity
2023-10-03,-0.008623840049693498,equity_risk_parity
2023-10-04,0.0014587619619191327,equity_risk_parity
2023-10-05,-0.0018481504494788203,equity_risk_parity
2023-10-06,0.010572819190709796,equity_risk_parity
2023-10-09,0.008763926303623772,equity_risk_parity
2023-10-10,0.008282561086268073,equity_risk_parity
2023-10-11,0.0033651576290092255,equity_risk_parity
2023-10-12,-0.008311144835865697,equity_risk_parity
2023-10-13,0.0011147766253742542,equity_risk_parity
2023-10-16,0.010057492329704917,equity_risk_parity
2023-10-17,0.0027932697004872196,equity_risk_parity
2023-10-18,-0.01429852367233557,equity_risk_parity
2023-10-19,-0.00931339622377608,equity_risk_parity
2023-10-20,-0.008972743882415863,equity_risk_parity
2023-10-23,-0.0065969844195609105,equity_risk_parity
2023-10-24,0.010865236461424663,equity_risk_parity
2023-10-25,-0.012071946699170878,equity_risk_parity
2023-10-26,-0.002091230643623225,equity_risk_parity
2023-10-27,-0.010091752733279386,equity_risk_parity
2023-10-30,0.010000411649502999,equity_risk_parity
2023-10-31,0.005876567388702726,equity_risk_parity
2023-11-01,0.004883111660390649,equity_risk_parity
2023-11-02,0.02579496016750301,equity_risk_parity
2023-11-03,0.012794021607402124,equity_risk_parity
2023-11-06,-0.004456576056500966,equity_risk_parity
2023-11-07,-0.003739062977469132,equity_risk_parity
2023-11-08,-0.0011798844009914002,equity_risk_parity
2023-11-09,-0.008903880726641446,equity_risk_parity
2023-11-10,0.010646732594233559,equity_risk_parity
2023-11-13,-0.001133590703610896,equity_risk_parity
2023-11-14,0.02459404341561296,equity_risk_parity
2023-11-15,0.005349194798091734,equity_risk_parity
2023-11-16,0.000763167978912289,equity_risk_parity
2023-11-17,0.0031683198127045106,equity_risk_parity
2023-11-20,0.004432305553655234,equity_risk_parity
2023-11-21,-0.0023448833096139056,equity_risk_parity
2023-11-22,0.0017220553186484738,equity_risk_parity
2023-11-24,0.002442867504645432,equity_risk_parity
2023-11-27,0.000531490573988136,equity_risk_parity
2023-11-28,0.0020426557000202085,equity_risk_parity
2023-11-29,0.004678034968830293,equity_risk_parity
2023-11-30,0.006384512229031318,equity_risk_parity
2023-12-01,0.009225927380084264,equity_risk_parity
2023-12-04,-0.001813409218366713,equity_risk_parity
2023-12-05,-0.005261485729965481,equity_risk_parity
2023-12-06,-0.0007160063436409091,equity_risk_parity
2023-12-07,0.004900293951280299,equity_risk_parity
2023-12-08,0.0032286936961363594,equity_risk_parity
2023-12-11,0.006783475745804726,equity_risk_parity
2023-12-12,0.0007978025859253558,equity_risk_parity
2023-12-13,0.020902411458579084,equity_risk_parity
2023-12-14,0.01449340725484245,equity_risk_parity
2023-12-15,-0.0030117831579425246,equity_risk_parity
2023-12-18,-0.0013770380177555875,equity_risk_parity
2023-12-19,0.008156436334441007,equity_risk_parity
2023-12-20,-0.014752978135857561,equity_risk_parity
2023-12-21,0.008160532810200164,equity_risk_parity
2023-12-22,0.0019599641329174915,equity_risk_parity
2023-12-26,0.006506457589898613,equity_risk_parity
2023-12-27,0.0014553578874705291,equity_risk_parity
2023-12-28,0.0012242203691481572,equity_risk_parity
2023-12-29,-0.003035118739159235,equity_risk_parity
2020-10-01,-0.016235219681526407,crypto_min_variance
2020-10-02,-0.011975295891057874,crypto_min_variance
2020-10-03,-0.0011040396805406688,crypto_min_variance
2020-10-04,0.03005723641880225,crypto_min_variance
2020-10-05,0.010734610144293876,crypto_min_variance
2020-10-06,-0.018617315280491712,crypto_min_variance
2020-10-07,0.006632279359233547,crypto_min_variance
2020-10-08,0.01660962024315804,crypto_min_variance
2020-10-09,0.01432984690656636,crypto_min_variance
2020-10-10,0.015588259242038903,crypto_min_variance
2020-10-11,0.005398991511514467,crypto_min_variance
2020-10-12,0.00964285585933344,crypto_min_variance
2020-10-13,-0.00848251579104303,crypto_min_variance
2020-10-14,-0.013342862431864336,crypto_min_variance
2020-10-15,-0.003178755614349644,crypto_min_variance
2020-10-16,-0.005727127599306202,crypto_min_variance
2020-10-17,0.008681928898663534,crypto_min_variance
2020-10-18,0.002558487632655712,crypto_min_variance
2020-10-19,0.026899893808676047,crypto_min_variance
2020-10-20,-0.004585095779161229,crypto_min_variance
2020-10-21,0.052901551009312264,crypto_min_variance
2020-10-22,0.01561769554083686,crypto_min_variance
2020-10-23,-0.0071359411969522425,crypto_min_variance
2020-10-24,0.011966747515679232,crypto_min_variance
2020-10-25,-0.011426481008515234,crypto_min_variance
2020-10-26,-0.009208777143256734,crypto_min_variance
2020-10-27,0.028052680764512106,crypto_min_variance
2020-10-28,-0.028885227092786014,crypto_min_variance
2020-10-29,-0.002032355430578609,crypto_min_variance
2020-10-30,-0.0034654690741006706,crypto_min_variance
2020-10-31,0.010793936787828796,crypto_min_variance
2020-11-01,-0.0005471765613567908,crypto_min_variance
2020-11-02,-0.02274645193774053,crypto_min_variance
2020-11-03,0.016071153542326952,crypto_min_variance
2020-11-04,0.0010578526740973632,crypto_min_variance
2020-11-05,0.0669821518252231,crypto_min_variance
2020-11-06,0.029185983549025962,crypto_min_variance
2020-11-07,-0.043228427693556615,crypto_min_variance
2020-11-08,0.029005234743491426,crypto_min_variance
2020-11-09,-0.014160423808489725,crypto_min_variance
2020-11-10,0.004567135672440678,crypto_min_variance
2020-11-11,0.015556724853014785,crypto_min_variance
2020-11-12,0.011939040423710745,crypto_min_variance
2020-11-13,0.019866786952121948,crypto_min_variance
2020-11-14,-0.0054878877599775,crypto_min_variance
2020-11-15,-0.0019513117571980446,crypto_min_variance
2020-11-16,0.04529191093964424,crypto_min_variance
2020-11-17,0.05609149327267737,crypto_min_variance
2020-11-18,-0.005478979458105071,crypto_min_variance
2020-11-19,0.0075788875659508126,crypto_min_variance
2020-11-20,0.05460589462761668,crypto_min_variance
2020-11-21,0.18101756447514666,crypto_min_variance
2020-11-22,-0.031009741666635844,crypto_min_variance
2020-11-23,0.1761366478801996,crypto_min_variance
2020-11-24,0.13647273482751943,crypto_min_variance
2020-11-25,-0.04220310137405352,crypto_min_variance
2020-11-26,-0.12213025209579996,crypto_min_variance
2020-11-27,0.04560307899836039,crypto_min_variance
2020-11-28,0.05487057641656938,crypto_min_variance
2020-11-29,-0.0026352307761573854,crypto_min_variance
2020-11-30,0.07662037058301249,crypto_min_variance
2020-12-01,-0.053942039844462664,crypto_min_variance
2020-12-02,0.021273347631617655,crypto_min_variance
2020-12-03,0.021259759727658013,crypto_min_variance
2020-12-04,-0.056506493043770326,crypto_min_variance
2020-12-05,0.02880902193859483,crypto_min_variance
2020-12-06,0.006756423647219557,crypto_min_variance
2020-12-07,-0.00873942129707456,crypto_min_variance
2020-12-08,-0.05690712890282562,crypto_min_variance
2020-12-09,0.023725474999010638,crypto_min_variance
2020-12-10,-0.019595203731276344,crypto_min_variance
2020-12-11,-0.013454918852949506,crypto_min_variance
2020-12-12,0.036495309703572294,crypto_min_variance
2020-12-13,0.022007150751155523,crypto_min_variance
2020-12-14,-0.00030257712018061584,crypto_min_variance
2020-12-15,0.006257161985240861,crypto_min_variance
2020-12-16,0.08603909354390547,crypto_min_variance
2020-12-17,0.04003822274888883,crypto_min_variance
2020-12-18,0.011298558310658985,crypto_min_variance
2020-12-19,0.022863339951736044,crypto_min_variance
2020-12-20,-0.009176266889421643,crypto_min_variance
2020-12-21,-0.04196143569907264,crypto_min_variance
2020-12-22,0.02303545679756744,crypto_min_variance
2020-12-23,-0.08138376626444112,crypto_min_variance
2020-12-24,0.06013749228720357,crypto_min_variance
2020-12-25,0.03807959944502479,crypto_min_variance
2020-12-26,0.03769650203949697,crypto_min_variance
2020-12-27,0.0037131886891281314,crypto_min_variance
2020-12-28,0.026725990468451692,crypto_min_variance
2020-12-29,-0.013826467633355266,crypto_min_variance
2020-12-30,0.023127549874415905,crypto_min_variance
2020-12-31,0.0005795634088978769,crypto_min_variance
2021-01-01,0.006762085336753285,crypto_min_variance
2021-01-02,0.0588197073668643,crypto_min_variance
2021-01-03,0.08548428609401819,crypto_min_variance
2021-01-04,0.01229745354520733,crypto_min_variance
2021-01-05,0.03405205288042015,crypto_min_variance
2021-01-06,0.07881034855302187,crypto_min_variance
2021-01-07,0.029198319882754686,crypto_min_variance
2021-01-08,0.008071560924390257,crypto_min_variance
2021-01-09,0.05384713727164027,crypto_min_variance
2021-01-10,-0.009357189409145943,crypto_min_variance
2021-01-11,-0.11328210428856847,crypto_min_variance
2021-01-12,-0.038966604145222974,crypto_min_variance
2021-01-13,0.08794204252711349,crypto_min_variance
2021-01-14,0.03930724104262537,crypto_min_variance
2021-01-15,-0.04186002242893921,crypto_min_variance
2021-01-16,0.003739588322609722,crypto_min_variance
2021-01-17,-0.010042195931208866,crypto_min_variance
2021-01-18,0.026520632868967185,crypto_min_variance
2021-01-19,0.0025440568541522193,crypto_min_variance
2021-01-20,-0.008151402689427708,crypto_min_variance
2021-01-21,-0.12815327182342162,crypto_min_variance
2021-01-22,0.06294177261947509,crypto_min_variance
2021-01-23,-0.011750172285045254,crypto_min_variance
2021-01-24,0.028386611183041113,crypto_min_variance
2021-01-25,-0.010704244178345432,crypto_min_variance
2021-01-26,0.0032793685326941093,crypto_min_variance
2021-01-27,-0.06567973425269207,crypto_min_variance
2021-01-28,0.08730298866711778,crypto_min_variance
2021-01-29,0.03560361093301609,crypto_min_variance
2021-01-30,-0.005686807740997487,crypto_min_variance
2021-01-31,-0.028903630835121163,crypto_min_variance
2021-02-01,0.02053483440666131,crypto_min_variance
2021-02-02,0.04150591525918222,crypto_min_variance
2021-02-03,0.04401636997868651,crypto_min_variance
2021-02-04,-0.02277447364965758,crypto_min_variance
2021-02-05,0.06146674301357227,crypto_min_variance
2021-02-06,0.013872360516732287,crypto_min_variance
2021-02-07,-0.006327060939981979,crypto_min_variance
2021-02-08,0.14646888114409823,crypto_min_variance
2021-02-09,0.05518650330400987,crypto_min_variance
2021-02-10,-0.004894543530178315,crypto_min_variance
2021-02-11,0.11434385116688889,crypto_min_variance
2021-02-12,-0.005435289550063424,crypto_min_variance
2021-02-13,0.07974197961729215,crypto_min_variance
2021-02-14,-0.001874690258380074,crypto_min_variance
2021-02-15,-0.04606833111080749,crypto_min_variance
2021-02-16,0.017851570909699497,crypto_min_variance
2021-02-17,0.04838095668515692,crypto_min_variance
2021-02-18,0.0016799437119324795,crypto_min_variance
2021-02-19,0.07879676728030703,crypto_min_variance
2021-02-20,-0.013777979625996225,crypto_min_variance
2021-02-21,0.028074824370437033,crypto_min_variance
2021-02-22,-0.07322078711214522,crypto_min_variance
2021-02-23,-0.13367659040680063,crypto_min_variance
2021-02-24,0.03516235659813426,crypto_min_variance
2021-02-25,-0.05792734724263597,crypto_min_variance
2021-02-26,-0.01444029075011471,crypto_min_variance
2021-02-27,0.012126475333161909,crypto_min_variance
2021-02-28,-0.03149639390841116,crypto_min_variance
2021-03-01,0.08757835924002452,crypto_min_variance
2021-03-02,-0.02639320024716214,crypto_min_variance
2021-03-03,0.04344462123693867,crypto_min_variance
2021-03-04,-0.026443585612916206,crypto_min_variance
2021-03-05,0.0037322934815504413,crypto_min_variance
2021-03-06,0.002080384781091308,crypto_min_variance
2021-03-07,0.04187858626651981,crypto_min_variance
2021-03-08,0.020968402339459,crypto_min_variance
2021-03-09,0.04227593651974833,crypto_min_variance
2021-03-10,0.00798128606446181,crypto_min_variance
2021-03-11,0.024563380384411228,crypto_min_variance
2021-03-12,-0.014869057626771431,crypto_min_variance
2021-03-13,0.06663965006318259,crypto_min_variance
2021-03-14,-0.03181703338462217,crypto_min_variance
2021-03-15,-0.047457158433002126,crypto_min_variance
2021-03-16,0.0251329422981804,crypto_min_variance
2021-03-17,0.040120210986567546,crypto_min_variance
2021-03-18,-0.02175131807464384,crypto_min_variance
2021-03-19,0.023673457560885146,crypto_min_variance
2021-03-20,0.003256226230214841,crypto_min_variance
2021-03-21,-0.006176152867235299,crypto_min_variance
2021-03-22,-0.05246128801976888,crypto_min_variance
2021-03-23,0.0007875677389698468,crypto_min_variance
2021-03-24,-0.03898856036227914,crypto_min_variance
2021-03-25,-0.015237011798779268,crypto_min_variance
2021-03-26,0.08295739127847372,crypto_min_variance
2021-03-27,0.007959703557430788,crypto_min_variance
2021-03-28,-0.0009814252853321632,crypto_min_variance
2021-03-29,0.031237036880365155,crypto_min_variance
2021-03-30,0.019340484232666034,crypto_min_variance
2021-03-31,0.06011450083268048,crypto_min_variance
2021-04-01,-0.0025462918999739044,crypto_min_variance
2021-04-02,0.02830466823092861,crypto_min_variance
2021-04-03,-0.01731352397342685,crypto_min_variance
2021-04-04,0.06026762762650807,crypto_min_variance
2021-04-05,0.025608031746330494,crypto_min_variance
2021-04-06,-0.013332458527605255,crypto_min_variance
2021-04-07,-0.05019513829181094,crypto_min_variance
2021-04-08,0.05496329541314729,crypto_min_variance
2021-04-09,-0.012385291034860071,crypto_min_variance
2021-04-10,0.04475058747673809,crypto_min_variance
2021-04-11,0.0018857960143539953,crypto_min_variance
2021-04-12,0.003431677709000428,crypto_min_variance
2021-04-13,0.07710473690838593,crypto_min_variance
2021-04-14,7.330615275242646e-05,crypto_min_variance
2021-04-15,0.04224196585276453,crypto_min_variance
2021-04-16,-0.013697424914472484,crypto_min_variance
2021-04-17,-0.01852036585545072,crypto_min_variance
2021-04-18,-0.07179139390754324,crypto_min_variance
2021-04-19,-0.027993306627058474,crypto_min_variance
2021-04-20,0.023164781856177107,crypto_min_variance
2021-04-21,-0.04234259251512031,crypto_min_variance
2021-04-22,-0.040143788122876,crypto_min_variance
2021-04-23,-0.01300687362552915,crypto_min_variance
2021-04-24,-0.036100232657459576,crypto_min_variance
2021-04-25,-0.010664692333794053,crypto_min_variance
2021-04-26,0.1149232259440397,crypto_min_variance
2021-04-27,0.031122156496895894,crypto_min_variance
2021-04-28,-0.0010040143646605497,crypto_min_variance
2021-04-29,-0.016672192631152938,crypto_min_variance
2021-04-30,0.0709440697687309,crypto_min_variance
2021-05-01,0.02297513484867189,crypto_min_variance
2021-05-02,-0.01577172550999154,crypto_min_variance
2021-05-03,0.04617357103922831,crypto_min_variance
2021-05-04,-0.04552578094712987,crypto_min_variance
2021-05-05,0.10617192872574248,crypto_min_variance
2021-05-06,0.013687477467744335,crypto_min_variance
2021-05-07,0.0034850150270500416,crypto_min_variance
2021-05-08,0.03765645989788294,crypto_min_variance
2021-05-09,-0.007923982041965524,crypto_min_variance
2021-05-10,-0.04231526047675762,crypto_min_variance
2021-05-11,0.03145529387416075,crypto_min_variance
2021-05-12,-0.13334324527248725,crypto_min_variance
2021-05-13,0.01355569508265909,crypto_min_variance
2021-05-14,0.03181056572618486,crypto_min_variance
2021-05-15,-0.06688266889802646,crypto_min_variance
2021-05-16,-0.0074025515015458156,crypto_min_variance
2021-05-17,-0.06578480022598657,crypto_min_variance
2021-05-18,-0.003033745681749718,crypto_min_variance
2021-05-19,-0.18740254796834044,crypto_min_variance
2021-05-20,0.1182083839413792,crypto_min_variance
2021-05-21,-0.09972978391784408,crypto_min_variance
2021-05-22,-0.013521783116045802,crypto_min_variance
2021-05-23,-0.08458776497291587,crypto_min_variance
2021-05-24,0.16241257072628995,crypto_min_variance
2021-05-25,0.002943055983352897,crypto_min_variance
2021-05-26,0.037088342874453575,crypto_min_variance
2021-05-27,-0.03282012243447721,crypto_min_variance
2021-05-28,-0.0810249591535891,crypto_min_variance
2021-05-29,-0.03852873803205842,crypto_min_variance
2021-05-30,0.036652636746313215,crypto_min_variance
2021-05-31,0.06507704704166536,crypto_min_variance
2021-06-01,-0.01993353406174464,crypto_min_variance
2021-06-02,0.02494162459352088,crypto_min_variance
2021-06-03,0.04584034940991541,crypto_min_variance
2021-06-04,-0.05891246207350029,crypto_min_variance
2021-06-05,-0.033333335725105356,crypto_min_variance
2021-06-06,0.013507823342007737,crypto_min_variance
2021-06-07,-0.060466857089078604,crypto_min_variance
2021-06-08,-0.00782447851769063,crypto_min_variance
2021-06-09,0.09943669419589611,crypto_min_variance
2021-06-10,-0.02439522470294151,crypto_min_variance
2021-06-11,0.003971947774062892,crypto_min_variance
2021-06-12,-0.03636174255410837,crypto_min_variance
2021-06-13,0.09105614908498301,crypto_min_variance
2021-06-14,0.02521078269595179,crypto_min_variance
2021-06-15,0.009589996275136103,crypto_min_variance
2021-06-16,-0.059576786257047466,crypto_min_variance
2021-06-17,-0.00571105301187639,crypto_min_variance
2021-06-18,-0.0594687200324588,crypto_min_variance
2021-06-19,-0.008680039459267732,crypto_min_variance
2021-06-20,0.008197785213809695,crypto_min_variance
2021-06-21,-0.1221906646648924,crypto_min_variance
2021-06-22,0.019362796934306366,crypto_min_variance
2021-06-23,0.042307520840334116,crypto_min_variance
2021-06-24,0.022056711085142313,crypto_min_variance
2021-06-25,-0.08743540959586493,crypto_min_variance
2021-06-26,0.01560211745581003,crypto_min_variance
2021-06-27,0.07760739535867786,crypto_min_variance
2021-06-28,0.00544664656166553,crypto_min_variance
2021-06-29,0.04109191370131318,crypto_min_variance
2021-06-30,-0.007601483849568123,crypto_min_variance
2021-07-01,-0.04759731104038505,crypto_min_variance
2021-07-02,0.011167990411190893,crypto_min_variance
2021-07-03,0.02524702043407091,crypto_min_variance
2021-07-04,0.022804417384265765,crypto_min_variance
2021-07-05,-0.04553317751216617,crypto_min_variance
2021-07-06,0.022940200806560986,crypto_min_variance
2021-07-07,-0.009716317356629764,crypto_min_variance
2021-07-08,-0.03980136364165301,crypto_min_variance
2021-07-09,0.02496334770006522,crypto_min_variance
2021-07-10,-0.009831495235084227,crypto_min_variance
2021-07-11,0.019876652992769226,crypto_min_variance
2021-07-12,-0.0349083755640232,crypto_min_variance
2021-07-13,-0.020339027020392114,crypto_min_variance
2021-07-14,0.008463469438690755,crypto_min_variance
2021-07-15,-0.03369755027040969,crypto_min_variance
2021-07-16,-0.012249809801305361,crypto_min_variance
2021-07-17,0.004782477914098771,crypto_min_variance
2021-07-18,0.0063764696931274765,crypto_min_variance
2021-07-19,-0.032856370492901556,crypto_min_variance
2021-07-20,-0.029558016076387642,crypto_min_variance
2021-07-21,0.08447537962552754,crypto_min_variance
2021-07-22,0.008449161588400936,crypto_min_variance
2021-07-23,0.041207825025900514,crypto_min_variance
2021-07-24,0.022973874905188346,crypto_min_variance
2021-07-25,0.024961564463343543,crypto_min_variance
2021-07-26,0.048917962679459095,crypto_min_variance
2021-07-27,0.050235652567870936,crypto_min_variance
2021-07-28,0.011847774654820247,crypto_min_variance
2021-07-29,0.007493024771620643,crypto_min_variance
2021-07-30,0.05181567545130274,crypto_min_variance
2021-07-31,-0.006054388295988126,crypto_min_variance
2021-08-01,-0.03088742944011578,crypto_min_variance
2021-08-02,-0.012598320109007938,crypto_min_variance
2021-08-03,-0.029323809986305526,crypto_min_variance
2021-08-04,0.0500903326415731,crypto_min_variance
2021-08-05,0.02989968271415793,crypto_min_variance
2021-08-06,0.04320299792148669,crypto_min_variance
2021-08-07,0.049706557416051775,crypto_min_variance
2021-08-08,-0.022024090318378597,crypto_min_variance
2021-08-09,0.0572974177059705,crypto_min_variance
2021-08-10,-0.015318716068806719,crypto_min_variance
2021-08-11,0.0014219945649993682,crypto_min_variance
2021-08-12,-0.02778709473287708,crypto_min_variance
2021-08-13,0.07853985529883982,crypto_min_variance
2021-08-14,-0.015014597371690492,crypto_min_variance
2021-08-15,0.0015611814914998105,crypto_min_variance
2021-08-16,-0.026456373005092307,crypto_min_variance
2021-08-17,-0.03135390845572142,crypto_min_variance
2021-08-18,0.00225690040602666,crypto_min_variance
2021-08-19,0.04472809885513252,crypto_min_variance
2021-08-20,0.05199359593361132,crypto_min_variance
2021-08-21,-0.010505238385302498,crypto_min_variance
2021-08-22,0.007884917545587601,crypto_min_variance
2021-08-23,0.007946389717320087,crypto_min_variance
2021-08-24,-0.03838844274742742,crypto_min_variance
2021-08-25,0.024577389322961052,crypto_min_variance
2021-08-26,-0.04077052769560605,crypto_min_variance
2021-08-27,0.04682146603853963,crypto_min_variance
2021-08-28,-0.004036467877973453,crypto_min_variance
2021-08-29,-0.002168376116824271,crypto_min_variance
2021-08-30,-0.030078782813318425,crypto_min_variance
2021-08-31,0.013410157642203333,crypto_min_variance
2021-09-01,0.0362059588542189,crypto_min_variance
2021-09-02,0.010824654628217434,crypto_min_variance
2021-09-03,0.013999630851526732,crypto_min_variance
2021-09-04,-0.002172112928312991,crypto_min_variance
2021-09-05,0.036062646966342204,crypto_min_variance
2021-09-06,0.015889569472528776,crypto_min_variance
2021-09-07,-0.11180907011855135,crypto_min_variance
2021-09-08,-0.013604543250691112,crypto_min_variance
2021-09-09,0.0065909187202691346,crypto_min_variance
2021-09-10,-0.03261521501600266,crypto_min_variance
2021-09-11,0.009121034646371906,crypto_min_variance
2021-09-12,0.021201488462407592,crypto_min_variance
2021-09-13,-0.02528397821993435,crypto_min_variance
2021-09-14,0.04801606768321406,crypto_min_variance
2021-09-15,0.02329916238674112,crypto_min_variance
2021-09-16,-0.00901537211473324,crypto_min_variance
2021-09-17,-0.012447438530661001,crypto_min_variance
2021-09-18,0.02099642577534772,crypto_min_variance
2021-09-19,-0.021302268290919083,crypto_min_variance
2021-09-20,-0.09397362092222676,crypto_min_variance
2021-09-21,-0.049669445640317715,crypto_min_variance
2021-09-22,0.07255961802002803,crypto_min_variance
2021-09-23,0.029854730083681853,crypto_min_variance
2021-09-24,-0.04583098379440166,crypto_min_variance
2021-09-25,-0.002959302656832765,crypto_min_variance
2021-09-26,0.010067646619958633,crypto_min_variance
2021-09-27,-0.02259356317744226,crypto_min_variance
2021-09-28,-0.02876698477915703,crypto_min_variance
2021-09-29,0.013256079323697715,crypto_min_variance
2021-09-30,0.0529378081955616,crypto_min_variance
2021-10-01,0.0992998211333248,crypto_min_variance
2021-10-02,-0.002841119493223812,crypto_min_variance
2021-10-03,0.009846117403698784,crypto_min_variance
2021-10-04,0.013972331529734166,crypto_min_variance
2021-10-05,0.04759492539475092,crypto_min_variance
2021-10-06,0.06526680751758354,crypto_min_variance
2021-10-07,-0.023122935900828336,crypto_min_variance
2021-10-08,0.0013995816027371597,crypto_min_variance
2021-10-09,0.016033581199149063,crypto_min_variance
2021-10-10,-0.0098975679099522,crypto_min_variance
2021-10-11,0.047120730964703435,crypto_min_variance
2021-10-12,-0.023428762284711045,crypto_min_variance
2021-10-13,0.02563137873252215,crypto_min_variance
2021-10-14,0.007063010444874994,crypto_min_variance
2021-10-15,0.06558254043704818,crypto_min_variance
2021-10-16,-0.010891690214253968,crypto_min_variance
2021-10-17,0.009791327024039042,crypto_min_variance
2021-10-18,0.0021955304436579535,crypto_min_variance
2021-10-19,0.03577333305068057,crypto_min_variance
2021-10-20,0.03432804443553915,crypto_min_variance
2021-10-21,-0.05190235731236483,crypto_min_variance
2021-10-22,-0.02379848685770311,crypto_min_variance
2021-10-23,0.018017581438846603,crypto_min_variance
2021-10-24,-0.009605486895952918,crypto_min_variance
2021-10-25,0.03414820945196126,crypto_min_variance
2021-10-26,-0.03884304205924843,crypto_min_variance
2021-10-27,-0.03404475704758725,crypto_min_variance
2021-10-28,0.04553401193173264,crypto_min_variance
2021-10-29,0.027022140499305965,crypto_min_variance
2021-10-30,-0.00787864910799478,crypto_min_variance
2021-10-31,-0.009122109716954967,crypto_min_variance
2021-11-01,-0.0038409328783886435,crypto_min_variance
2021-11-02,0.03866408989148229,crypto_min_variance
2021-11-03,-0.0032107861691521122,crypto_min_variance
2021-11-04,-0.023260076101784568,crypto_min_variance
2021-11-05,-0.005875019862885847,crypto_min_variance
2021-11-06,0.006696460041337446,crypto_min_variance
2021-11-07,0.028552687824705276,crypto_min_variance
2021-11-08,0.06454465386200657,crypto_min_variance
2021-11-09,-0.009485628402976723,crypto_min_variance
2021-11-10,-0.02869943360169946,crypto_min_variance
2021-11-11,0.0012873191160100866,crypto_min_variance
2021-11-12,-0.01233363978775469,crypto_min_variance
2021-11-13,0.004109887604844104,crypto_min_variance
2021-11-14,0.013499957799993679,crypto_min_variance
2021-11-15,-0.02781178719910731,crypto_min_variance
2021-11-16,-0.05546242078431948,crypto_min_variance
2021-11-17,0.004707026609473355,crypto_min_variance
2021-11-18,-0.05771018621484509,crypto_min_variance
2021-11-19,0.02574890884725936,crypto_min_variance
2021-11-20,0.027033431646603125,crypto_min_variance
2021-11-21,-0.01766599181450286,crypto_min_variance
2021-11-22,-0.04164994003356244,crypto_min_variance
2021-11-23,0.02641482358809838,crypto_min_variance
2021-11-24,-0.022463037121256153,crypto_min_variance
2021-11-25,0.016772422719338657,crypto_min_variance
2021-11-26,-0.06396504902681613,crypto_min_variance
2021-11-27,0.022597873811315807,crypto_min_variance
2021-11-28,0.04475352281124395,crypto_min_variance
2021-11-29,0.01213996453622276,crypto_min_variance
2021-11-30,-0.008593216508662026,crypto_min_variance
2021-12-01,0.002584496066293588,crypto_min_variance
2021-12-02,-0.013475694054571056,crypto_min_variance
2021-12-03,-0.05232659924417321,crypto_min_variance
2021-12-04,-0.07624702163211491,crypto_min_variance
2021-12-05,0.004984450514455627,crypto_min_variance
2021-12-06,0.025946000786111586,crypto_min_variance
2021-12-07,0.001089931632682992,crypto_min_variance
2021-12-08,-0.0005914742863162261,crypto_min_variance
2021-12-09,-0.057673872608823756,crypto_min_variance
2021-12-10,-0.01321804890067852,crypto_min_variance
2021-12-11,0.044873360686055755,crypto_min_variance
2021-12-12,0.014640565163616809,crypto_min_variance
2021-12-13,-0.06884469812646375,crypto_min_variance
2021-12-14,-0.0034278387418981587,crypto_min_variance
2021-12-15,0.051384948559592664,crypto_min_variance
2021-12-16,-0.024056841191749653,crypto_min_variance
2021-12-17,-0.029724928341872056,crypto_min_variance
2021-12-18,0.014692551915493327,crypto_min_variance
2021-12-19,-0.003688407723519505,crypto_min_variance
2021-12-20,0.0036255766849872767,crypto_min_variance
2021-12-21,0.04167750173731854,crypto_min_variance
2021-12-22,-0.006615018522183567,crypto_min_variance
2021-12-23,0.04306715080283964,crypto_min_variance
2021-12-24,-0.000791505938026558,crypto_min_variance
2021-12-25,-0.005831858050471701,crypto_min_variance
2021-12-26,0.006143791035531159,crypto_min_variance
2021-12-27,-0.0037267998893976938,crypto_min_variance
2021-12-28,-0.060095095597204606,crypto_min_variance
2021-12-29,-0.02616932940050847,crypto_min_variance
2021-12-30,0.01656212057201221,crypto_min_variance
2021-12-31,-0.017470978682680254,crypto_min_variance
2022-01-01,0.02980939647136727,crypto_min_variance
2022-01-02,-0.007163274962024396,crypto_min_variance
2022-01-03,-0.0187368774698079,crypto_min_variance
2022-01-04,-0.0120655550135127,crypto_min_variance
2022-01-05,-0.05073406061509756,crypto_min_variance
2022-01-06,-0.009366159015892994,crypto_min_variance
2022-01-07,-0.037140704691869926,crypto_min_variance
2022-01-08,0.004235994902819668,crypto_min_variance
2022-01-09,0.004256970472081847,crypto_min_variance
2022-01-10,-0.0021554853640055687,crypto_min_variance
2022-01-11,0.021869109453241508,crypto_min_variance
2022-01-12,0.028389418684672717,crypto_min_variance
2022-01-13,-0.030888714484173414,crypto_min_variance
2022-01-14,0.011930269358978679,crypto_min_variance
2022-01-15,0.0018027786773091594,crypto_min_variance
2022-01-16,-0.0014711291913973568,crypto_min_variance
2022-01-17,-0.02002436679096498,crypto_min_variance
2022-01-18,0.0029604828561313732,crypto_min_variance
2022-01-19,-0.014897823244158783,crypto_min_variance
2022-01-20,-0.02548634039729204,crypto_min_variance
2022-01-21,-0.10381165615712487,crypto_min_variance
2022-01-22,-0.03914348468076912,crypto_min_variance
2022-01-23,0.03558509252717301,crypto_min_variance
2022-01-24,0.010406744495611069,crypto_min_variance
2022-01-25,0.00817572703087155,crypto_min_variance
2022-01-26,-0.0027570168785626663,crypto_min_variance
2022-01-27,0.007763821260712288,crypto_min_variance
2022-01-28,0.017397102127314053,crypto_min_variance
2022-01-29,0.009364930838458248,crypto_min_variance
2022-01-30,-0.005783656346668669,crypto_min_variance
2022-01-31,0.014914536104501334,crypto_min_variance
2022-02-01,0.01254436140746985,crypto_min_variance
2022-02-02,-0.03945703056793292,crypto_min_variance
2022-02-03,0.006249491078279302,crypto_min_variance
2022-02-04,0.10684239016817496,crypto_min_variance
2022-02-05,0.009689343398792363,crypto_min_variance
2022-02-06,0.020141082977514727,crypto_min_variance
2022-02-07,0.036827039734336146,crypto_min_variance
2022-02-08,-0.0016526853189664165,crypto_min_variance
2022-02-09,0.016283326133534504,crypto_min_variance
2022-02-10,-0.020951020409060443,crypto_min_variance
2022-02-11,-0.04169118084489763,crypto_min_variance
2022-02-12,0.0006892973642118521,crypto_min_variance
2022-02-13,0.0027846733770124405,crypto_min_variance
2022-02-14,0.005814403517689173,crypto_min_variance
2022-02-15,0.04844158815546826,crypto_min_variance
2022-02-16,-0.014552586484956678,crypto_min_variance
2022-02-17,-0.07354534369166726,crypto_min_variance
2022-02-18,-0.011060764767996938,crypto_min_variance
2022-02-19,0.0016345115522447308,crypto_min_variance
2022-02-20,-0.03829032707514678,crypto_min_variance
2022-02-21,-0.03877841421827284,crypto_min_variance
2022-02-22,0.03427549688166068,crypto_min_variance
2022-02-23,-0.023107532907109575,crypto_min_variance
2022-02-24,0.02252594710922172,crypto_min_variance
2022-02-25,0.02236305855696244,crypto_min_variance
2022-02-26,0.0026773683860699523,crypto_min_variance
2022-02-27,-0.036686824458231675,crypto_min_variance
2022-02-28,0.12305294184053847,crypto_min_variance
2022-03-01,0.010622701507904111,crypto_min_variance
2022-03-02,-0.013151167266610617,crypto_min_variance
2022-03-03,-0.030082512143989878,crypto_min_variance
2022-03-04,-0.06754948243859042,crypto_min_variance
2022-03-05,0.017652787853610814,crypto_min_variance
2022-03-06,-0.03125834536278997,crypto_min_variance
2022-03-07,-0.015149761093080425,crypto_min_variance
2022-03-08,0.0244894774413251,crypto_min_variance
2022-03-09,0.0636062385683849,crypto_min_variance
2022-03-10,-0.048487666538713385,crypto_min_variance
2022-03-11,-0.009250012841869024,crypto_min_variance
2022-03-12,0.002119232364655219,crypto_min_variance
2022-03-13,-0.022530475170032885,crypto_min_variance
2022-03-14,0.03271424518797729,crypto_min_variance
2022-03-15,-0.00010338366925579989,crypto_min_variance
2022-03-16,0.03865702286851201,crypto_min_variance
2022-03-17,-0.0022177162263046814,crypto_min_variance
2022-03-18,0.02518801973993313,crypto_min_variance
2022-03-19,0.02071346331531064,crypto_min_variance
2022-03-20,-0.017175307463180935,crypto_min_variance
2022-03-21,0.00954696064411853,crypto_min_variance
2022-03-22,0.04630878039214354,crypto_min_variance
2022-03-23,0.013783769190179186,crypto_min_variance
2022-03-24,0.020299237231905153,crypto_min_variance
2022-03-25,-0.002700485894715895,crypto_min_variance
2022-03-26,0.010478607446727135,crypto_min_variance
2022-03-27,0.04711986889253856,crypto_min_variance
2022-03-28,0.00022901244898194614,crypto_min_variance
2022-03-29,0.010600542067054174,crypto_min_variance
2022-03-30,0.00917520361495425,crypto_min_variance
2022-03-31,-0.016768755333093383,crypto_min_variance
2022-04-01,0.017381806754329595,crypto_min_variance
2022-04-02,-0.01080567986688778,crypto_min_variance
2022-04-03,0.011644744366361653,crypto_min_variance
2022-04-04,-0.007389843941599946,crypto_min_variance
2022-04-05,-0.02446134538293004,crypto_min_variance
2022-04-06,-0.07278263803227941,crypto_min_variance
2022-04-07,0.015270615524088527,crypto_min_variance
2022-04-08,-0.029180681206093653,crypto_min_variance
2022-04-09,0.01633786495086159,crypto_min_variance
2022-04-10,-0.016403397477107742,crypto_min_variance
2022-04-11,-0.07069061437023816,crypto_min_variance
2022-04-12,0.022768494057685506,crypto_min_variance
2022-04-13,0.03825974435234779,crypto_min_variance
2022-04-14,-0.026378230620500345,crypto_min_variance
2022-04-15,0.017900896270295577,crypto_min_variance
2022-04-16,0.0012560440827631436,crypto_min_variance
2022-04-17,-0.025378148824846618,crypto_min_variance
2022-04-18,0.02603114048554811,crypto_min_variance
2022-04-19,0.01732615117275275,crypto_min_variance
2022-04-20,-0.010214197565563172,crypto_min_variance
2022-04-21,0.016369129310365053,crypto_min_variance
2022-04-22,-0.023880141270757296,crypto_min_variance
2022-04-23,-0.00481276627838068,crypto_min_variance
2022-04-24,-0.010977094005112922,crypto_min_variance
2022-04-25,0.016733068262593905,crypto_min_variance
2022-04-26,-0.059143244821432135,crypto_min_variance
2022-04-27,0.02757279481535577,crypto_min_variance
2022-04-28,0.010267835726318286,crypto_min_variance
2022-04-29,-0.02681693196567773,crypto_min_variance
2022-04-30,-0.027488751189465567,crypto_min_variance
2022-05-01,0.053253243915364415,crypto_min_variance
2022-05-02,-0.005252728107776575,crypto_min_variance
2022-05-03,-0.0013698055632395617,crypto_min_variance
2022-05-04,0.09510242382486826,crypto_min_variance
2022-05-05,-0.09195360320084943,crypto_min_variance
2022-05-06,0.03199137028476949,crypto_min_variance
2022-05-07,-0.022893490052884376,crypto_min_variance
2022-05-08,-0.014407233615563219,crypto_min_variance
2022-05-09,-0.13011093270707674,crypto_min_variance
2022-05-10,0.037211411425671304,crypto_min_variance
2022-05-11,-0.08219787184117203,crypto_min_variance
2022-05-12,-0.0369501147799969,crypto_min_variance
2022-05-13,0.04522129811666549,crypto_min_variance
2022-05-14,0.01364189150757535,crypto_min_variance
2022-05-15,0.028503170859786334,crypto_min_variance
2022-05-16,-0.05161606068448928,crypto_min_variance
2022-05-17,0.032354514361242225,crypto_min_variance
2022-05-18,-0.05529802624171666,crypto_min_variance
2022-05-19,0.04824121504685378,crypto_min_variance
2022-05-20,-0.032162255360367716,crypto_min_variance
2022-05-21,0.016055825119399042,crypto_min_variance
2022-05-22,0.03745022278916528,crypto_min_variance
2022-05-23,-0.03494414231718521,crypto_min_variance
2022-05-24,0.026523975464794076,crypto_min_variance
2022-05-25,0.006376041288588794,crypto_min_variance
2022-05-26,-0.030076629534432617,crypto_min_variance
2022-05-27,-0.027569057371393084,crypto_min_variance
2022-05-28,0.01140364011605756,crypto_min_variance
2022-05-29,0.015736030488276754,crypto_min_variance
2022-05-30,0.07010102288006961,crypto_min_variance
2022-05-31,0.00496511445457246,crypto_min_variance
2022-06-01,-0.047383202158717316,crypto_min_variance
2022-06-02,0.015049454714323092,crypto_min_variance
2022-06-03,-0.03049478530493717,crypto_min_variance
2022-06-04,0.003335429194502892,crypto_min_variance
2022-06-05,0.0031702754056170414,crypto_min_variance
2022-06-06,0.02984365714362087,crypto_min_variance
2022-06-07,-0.006184581988304982,crypto_min_variance
2022-06-08,-0.022389624121570084,crypto_min_variance
2022-06-09,-0.001058655311528089,crypto_min_variance
2022-06-10,-0.03851295375031585,crypto_min_variance
2022-06-11,-0.042119987466215404,crypto_min_variance
2022-06-12,-0.03703615843306189,crypto_min_variance
2022-06-13,-0.15796707898190057,crypto_min_variance
2022-06-14,-0.03950277754932995,crypto_min_variance
2022-06-15,0.052037031453343124,crypto_min_variance
2022-06-16,-0.09478170119137279,crypto_min_variance
2022-06-17,0.01623561965294735,crypto_min_variance
2022-06-18,-0.04372788465341031,crypto_min_variance
2022-06-19,0.06457101706837806,crypto_min_variance
2022-06-20,-0.0017035323773582206,crypto_min_variance
2022-06-21,0.020570357135524225,crypto_min_variance
2022-06-22,-0.03714885917876624,crypto_min_variance
2022-06-23,0.044504689758493886,crypto_min_variance
2022-06-24,0.029416935430879625,crypto_min_variance
2022-06-25,0.0036400716988519316,crypto_min_variance
2022-06-26,-0.017396380778561808,crypto_min_variance
2022-06-27,0.0010451472355510368,crypto_min_variance
2022-06-28,-0.027348896707880037,crypto_min_variance
2022-06-29,-0.016364840861407163,crypto_min_variance
2022-06-30,-0.012347317064108002,crypto_min_variance
2022-07-01,-0.017602331724757947,crypto_min_variance
2022-07-02,0.004383790476680463,crypto_min_variance
2022-07-03,0.009650089344193266,crypto_min_variance
2022-07-04,0.03470676035102533,crypto_min_variance
2022-07-05,-0.005409144699386957,crypto_min_variance
2022-07-06,0.014065315492515836,crypto_min_variance
2022-07-07,0.037811821356906056,crypto_min_variance
2022-07-08,-0.0015328786192595214,crypto_min_variance
2022-07-09,0.0035477210922924907,crypto_min_variance
2022-07-10,-0.03834065670833288,crypto_min_variance
2022-07-11,-0.04804927001727285,crypto_min_variance
2022-07-12,-0.020517399302117167,crypto_min_variance
2022-07-13,0.04326286453529784,crypto_min_variance
2022-07-14,0.022269875274833345,crypto_min_variance
2022-07-15,0.012811408898029453,crypto_min_variance
2022-07-16,0.035204370705892565,crypto_min_variance
2022-07-17,-0.01694963620049654,crypto_min_variance
2022-07-18,0.07800018261522082,crypto_min_variance
2022-07-19,0.020303287771699045,crypto_min_variance
2022-07-20,-0.023443103776458682,crypto_min_variance
2022-07-21,0.009729908282569661,crypto_min_variance
2022-07-22,-0.01654778229820847,crypto_min_variance
2022-07-23,-0.003346236020597588,crypto_min_variance
2022-07-24,0.014544506668079864,crypto_min_variance
2022-07-25,-0.06336663230914427,crypto_min_variance
2022-07-26,0.003251087737540659,crypto_min_variance
2022-07-27,0.07505181296580371,crypto_min_variance
2022-07-28,0.051328175251949756,crypto_min_variance
2022-07-29,-0.004295843337674571,crypto_min_variance
2022-07-30,-0.0019705679544820684,crypto_min_variance
2022-07-31,-0.012572215198040167,crypto_min_variance
2022-08-01,0.0033485059615942147,crypto_min_variance
2022-08-02,-0.019831889933221842,crypto_min_variance
2022-08-03,-0.0064873707595686555,crypto_min_variance
2022-08-04,0.002872665458331518,crypto_min_variance
2022-08-05,0.025916957557797663,crypto_min_variance
2022-08-06,-0.005529562164492012,crypto_min_variance
2022-08-07,0.0058209304738883125,crypto_min_variance
2022-08-08,0.02164696269274366,crypto_min_variance
2022-08-09,-0.032083621778503824,crypto_min_variance
2022-08-10,0.03470817493451435,crypto_min_variance
2022-08-11,0.0008127482877297867,crypto_min_variance
2022-08-12,0.009032861618878757,crypto_min_variance
2022-08-13,-0.0017562984350891389,crypto_min_variance
2022-08-14,-0.003136684552515141,crypto_min_variance
2022-08-15,-0.013369444061979131,crypto_min_variance
2022-08-16,-0.001208503727819574,crypto_min_variance
2022-08-17,-0.017013694196181525,crypto_min_variance
2022-08-18,-0.014577338775516863,crypto_min_variance
2022-08-19,-0.08055712156973688,crypto_min_variance
2022-08-20,0.01472112644212131,crypto_min_variance
2022-08-21,0.014651989666838394,crypto_min_variance
2022-08-22,-0.004169224663025867,crypto_min_variance
2022-08-23,0.013735826798346683,crypto_min_variance
2022-08-24,-0.012223043509566761,crypto_min_variance
2022-08-25,0.00954370998411463,crypto_min_variance
2022-08-26,-0.061990115574621696,crypto_min_variance
2022-08-27,0.0035986561682223757,crypto_min_variance
2022-08-28,-0.02474553128231868,crypto_min_variance
2022-08-29,0.036054999844412725,crypto_min_variance
2022-08-30,-0.009528127296689327,crypto_min_variance
2022-08-31,0.0005501419241707747,crypto_min_variance
2022-09-01,0.005361243019554684,crypto_min_variance
2022-09-02,-0.006435243210944499,crypto_min_variance
2022-09-03,0.001458183306980702,crypto_min_variance
2022-09-04,0.0072988254710470435,crypto_min_variance
2022-09-05,-0.004888021141428962,crypto_min_variance
2022-09-06,-0.04477281210040293,crypto_min_variance
2022-09-07,0.027369905748041788,crypto_min_variance
2022-09-08,0.002866154594114089,crypto_min_variance
2022-09-09,0.06804209276926543,crypto_min_variance
2022-09-10,0.013122567679115193,crypto_min_variance
2022-09-11,-0.00472459449227427,crypto_min_variance
2022-09-12,0.0074236738584382515,crypto_min_variance
2022-09-13,-0.06780448097784046,crypto_min_variance
2022-09-14,0.006660458216778621,crypto_min_variance
2022-09-15,-0.02249733479887536,crypto_min_variance
2022-09-16,0.02046069300964971,crypto_min_variance
2022-09-17,0.028343414330028915,crypto_min_variance
2022-09-18,-0.03803078165209239,crypto_min_variance
2022-09-19,0.015046598245636634,crypto_min_variance
2022-09-20,0.002017764023902871,crypto_min_variance
2022-09-21,-0.02351288816000878,crypto_min_variance
2022-09-22,0.06819495663675189,crypto_min_variance
2022-09-23,0.007300927110193622,crypto_min_variance
2022-09-24,-0.020528547705895395,crypto_min_variance
2022-09-25,-0.004662805624333444,crypto_min_variance
2022-09-26,-0.0037125396559535935,crypto_min_variance
2022-09-27,-0.012629151249396647,crypto_min_variance
2022-09-28,0.004846186819404272,crypto_min_variance
2022-09-29,0.03073831079223087,crypto_min_variance
2022-09-30,-0.004060158380209188,crypto_min_variance
2022-10-01,0.0002142235167692944,crypto_min_variance
2022-10-02,-0.010577724533732335,crypto_min_variance
2022-10-03,0.015967229747665013,crypto_min_variance
2022-10-04,0.02501887532693262,crypto_min_variance
2022-10-05,-0.0005652648106808243,crypto_min_variance
2022-10-06,-0.0006144871940041475,crypto_min_variance
2022-10-07,-0.0010937799246373472,crypto_min_variance
2022-10-08,-0.0012868421971773025,crypto_min_variance
2022-10-09,0.009144001247723396,crypto_min_variance
2022-10-10,-0.014976072701094948,crypto_min_variance
2022-10-11,-0.0200275436540302,crypto_min_variance
2022-10-12,0.004010460264009289,crypto_min_variance
2022-10-13,-0.008344231187809645,crypto_min_variance
2022-10-14,0.018841456181839404,crypto_min_variance
2022-10-15,-0.018355204795891006,crypto_min_variance
2022-10-16,0.00502636769005866,crypto_min_variance
2022-10-17,0.012079232127586886,crypto_min_variance
2022-10-18,-0.0118525827136127,crypto_min_variance
2022-10-19,-0.011515081850340784,crypto_min_variance
2022-10-20,0.00023288145977843223,crypto_min_variance
2022-10-21,0.0022898853595870435,crypto_min_variance
2022-10-22,0.002233351661173764,crypto_min_variance
2022-10-23,0.010286374957667837,crypto_min_variance
2022-10-24,-0.013085435174321439,crypto_min_variance
2022-10-25,0.025456626440499147,crypto_min_variance
2022-10-26,0.021366297100068387,crypto_min_variance
2022-10-27,-0.015411463700899047,crypto_min_variance
2022-10-28,0.013210089770502472,crypto_min_variance
2022-10-29,0.008835036004926751,crypto_min_variance
2022-10-30,-0.01534926161617323,crypto_min_variance
2022-10-31,0.00047443658320929613,crypto_min_variance
2022-11-01,-0.00527238866161992,crypto_min_variance
2022-11-02,-0.014758234977930586,crypto_min_variance
2022-11-03,0.006025514694125848,crypto_min_variance
2022-11-04,0.05371178927578818,crypto_min_variance
2022-11-05,-0.0030186651452675283,crypto_min_variance
2022-11-06,-0.023033095482991907,crypto_min_variance
2022-11-07,-0.008199593303353767,crypto_min_variance
2022-11-08,-0.08930673577741195,crypto_min_variance
2022-11-09,-0.12840033904992992,crypto_min_variance
2022-11-10,0.11988774987784119,crypto_min_variance
2022-11-11,-0.027481183928743085,crypto_min_variance
2022-11-12,-0.024637002799843516,crypto_min_variance
2022-11-13,-0.05092595043192419,crypto_min_variance
2022-11-14,0.017014002607913605,crypto_min_variance
2022-11-15,0.0163563373296938,crypto_min_variance
2022-11-16,-0.015348164622219154,crypto_min_variance
2022-11-17,0.005896432176405875,crypto_min_variance
2022-11-18,0.003929051903147967,crypto_min_variance
2022-11-19,0.01473247683191026,crypto_min_variance
2022-11-20,-0.037909784028044013,crypto_min_variance
2022-11-21,-0.0011177370398501537,crypto_min_variance
2022-11-22,0.01707257663958313,crypto_min_variance
2022-11-23,0.026550830300358926,crypto_min_variance
2022-11-24,0.017929445881702945,crypto_min_variance
2022-11-25,-0.002714070395191617,crypto_min_variance
2022-11-26,-0.006535909984961336,crypto_min_variance
2022-11-27,0.004995810783705468,crypto_min_variance
2022-11-28,-0.012406224573089025,crypto_min_variance
2022-11-29,0.01215688027520597,crypto_min_variance
2022-11-30,0.02961842491013785,crypto_min_variance
2022-12-01,-0.013534839612869297,crypto_min_variance
2022-12-02,0.005798053575881888,crypto_min_variance
2022-12-03,-0.014100093950136764,crypto_min_variance
2022-12-04,0.003662096626486611,crypto_min_variance
2022-12-05,-0.003949034877355073,crypto_min_variance
2022-12-06,0.005129336301479037,crypto_min_variance
2022-12-07,-0.01406024662733904,crypto_min_variance
2022-12-08,0.023770118963101182,crypto_min_variance
2022-12-09,-0.0027445597150794316,crypto_min_variance
2022-12-10,0.0005166588773936376,crypto_min_variance
2022-12-11,-0.010559767002184643,crypto_min_variance
2022-12-12,-9.139513226970558e-05,crypto_min_variance
2022-12-13,0.021273625544363257,crypto_min_variance
2022-12-14,0.007586309440049449,crypto_min_variance
2022-12-15,-0.011536073782434323,crypto_min_variance
2022-12-16,-0.0534333808033823,crypto_min_variance
2022-12-17,0.022234770280406203,crypto_min_variance
2022-12-18,-0.009289087442411435,crypto_min_variance
2022-12-19,-0.01592908266509574,crypto_min_variance
2022-12-20,0.028130388830693395,crypto_min_variance
2022-12-21,-0.005364218375441547,crypto_min_variance
2022-12-22,0.007846432515479248,crypto_min_variance
2022-12-23,-0.01059628642838672,crypto_min_variance
2022-12-24,0.003222919499151204,crypto_min_variance
2022-12-25,-0.0015736667906038446,crypto_min_variance
2022-12-26,0.0058366770649416625,crypto_min_variance
2022-12-27,-0.00946720669359476,crypto_min_variance
2022-12-28,-0.009599085417884843,crypto_min_variance
2022-12-29,-0.0014709455210773958,crypto_min_variance
2022-12-30,0.0024851771092388565,crypto_min_variance
2022-12-31,-0.0029018696307904516,crypto_min_variance
2023-01-01,0.006411318348754405,crypto_min_variance
2023-01-02,0.008455780906296246,crypto_min_variance
2023-01-03,-0.003631887337754289,crypto_min_variance
2023-01-04,0.004394179972356475,crypto_min_variance
2023-01-05,-0.012678979591173539,crypto_min_variance
2023-01-06,-0.0025266916192618998,crypto_min_variance
2023-01-07,-0.0030902212110200454,crypto_min_variance
2023-01-08,0.021467705150792993,crypto_min_variance
2023-01-09,0.014233722324087704,crypto_min_variance
2023-01-10,0.0067621310746653835,crypto_min_variance
2023-01-11,0.03078569317358891,crypto_min_variance
2023-01-12,0.025709214205917475,crypto_min_variance
2023-01-13,0.04877657896361876,crypto_min_variance
2023-01-14,0.037982895117642496,crypto_min_variance
2023-01-15,0.001271215045837454,crypto_min_variance
2023-01-16,0.004871704684798253,crypto_min_variance
2023-01-17,-0.007250675633449135,crypto_min_variance
2023-01-18,-0.03501983285287168,crypto_min_variance
2023-01-19,0.02082007688242197,crypto_min_variance
2023-01-20,0.056574403560846226,crypto_min_variance
2023-01-21,-0.005580903026909539,crypto_min_variance
2023-01-22,-0.0006262265202651203,crypto_min_variance
2023-01-23,0.02074220620620984,crypto_min_variance
2023-01-24,-0.031830323487358994,crypto_min_variance
2023-01-25,0.024364601317451516,crypto_min_variance
2023-01-26,-0.003310462203953049,crypto_min_variance
2023-01-27,0.015466158201264983,crypto_min_variance
2023-01-28,-0.004961113573039572,crypto_min_variance
2023-01-29,0.01987422221321887,crypto_min_variance
2023-01-30,-0.03404860010589884,crypto_min_variance
2023-01-31,0.007619421996093686,crypto_min_variance
2023-02-01,0.018524996123687965,crypto_min_variance
2023-02-02,0.0008388202365097073,crypto_min_variance
2023-02-03,0.004771966616710828,crypto_min_variance
2023-02-04,-0.003788895526401276,crypto_min_variance
2023-02-05,-0.0062863985773470455,crypto_min_variance
2023-02-06,-0.013655674376849792,crypto_min_variance
2023-02-07,0.034559915573296796,crypto_min_variance
2023-02-08,0.0035374255753596543,crypto_min_variance
2023-02-09,-0.05791820565982534,crypto_min_variance
2023-02-10,0.004576463239743663,crypto_min_variance
2023-02-11,0.00796273822553936,crypto_min_variance
2023-02-12,-0.003689386964972323,crypto_min_variance
2023-02-13,0.015257698423360933,crypto_min_variance
2023-02-14,0.017611825380562895,crypto_min_variance
2023-02-15,0.06767585605712763,crypto_min_variance
2023-02-16,-0.04556467335901024,crypto_min_variance
2023-02-17,0.04743507653080974,crypto_min_variance
2023-02-18,2.777576339255865e-05,crypto_min_variance
2023-02-19,-0.004550977064452675,crypto_min_variance
2023-02-20,0.024658743739142203,crypto_min_variance
2023-02-21,-0.024010796389285195,crypto_min_variance
2023-02-22,-0.005308886808291351,crypto_min_variance
2023-02-23,-0.004073105855858046,crypto_min_variance
2023-02-24,-0.02635453503097255,crypto_min_variance
2023-02-25,-0.0018398274953394986,crypto_min_variance
2023-02-26,0.01945419322500434,crypto_min_variance
2023-02-27,-0.0019298823648887515,crypto_min_variance
2023-02-28,-0.009390828036187704,crypto_min_variance
2023-03-01,0.015098251281643459,crypto_min_variance
2023-03-02,-0.004810906130019258,crypto_min_variance
2023-03-03,-0.03756092969449415,crypto_min_variance
2023-03-04,-0.006874258263494951,crypto_min_variance
2023-03-05,0.005244519762090885,crypto_min_variance
2023-03-06,0.0021878306078998147,crypto_min_variance
2023-03-07,-0.013873169372334427,crypto_min_variance
2023-03-08,-0.016952433852716966,crypto_min_variance
2023-03-09,-0.08749441928087469,crypto_min_variance
2023-03-10,-0.011913689361380727,crypto_min_variance
2023-03-11,0.02768724453117997,crypto_min_variance
2023-03-12,0.08205788914016357,crypto_min_variance
2023-03-13,0.05197155811724045,crypto_min_variance
2023-03-14,0.010149180528937811,crypto_min_variance
2023-03-15,-0.026114208385094408,crypto_min_variance
2023-03-16,0.0094405648025899,crypto_min_variance
2023-03-17,0.05375729625372953,crypto_min_variance
2023-03-18,-0.024978120073378737,crypto_min_variance
2023-03-19,0.02241638348877974,crypto_min_variance
2023-03-20,-0.019607660535113217,crypto_min_variance
2023-03-21,0.03562698388396354,crypto_min_variance
2023-03-22,-0.0813773487333068,crypto_min_variance
2023-03-23,0.06765118898707695,crypto_min_variance
2023-03-24,-0.02960684001291674,crypto_min_variance
2023-03-25,0.004893569642094242,crypto_min_variance
2023-03-26,0.011279314291431423,crypto_min_variance
2023-03-27,-0.01403889511110038,crypto_min_variance
2023-03-28,0.013160164273586983,crypto_min_variance
2023-03-29,0.01689976653596727,crypto_min_variance
2023-03-30,0.005826163511906748,crypto_min_variance
2023-03-31,0.01768292211800915,crypto_min_variance
2023-04-01,0.003955353360351803,crypto_min_variance
2023-04-02,-0.016387079856191887,crypto_min_variance
2023-04-03,-0.00012574957616997144,crypto_min_variance
2023-04-04,0.003516844558614264,crypto_min_variance
2023-04-05,0.004326487157627286,crypto_min_variance
2023-04-06,-0.003689695880699726,crypto_min_variance
2023-04-07,-0.0003053915752832963,crypto_min_variance
2023-04-08,-0.0020884849109294983,crypto_min_variance
2023-04-09,0.008970123644078811,crypto_min_variance
2023-04-10,0.021150216844522098,crypto_min_variance
2023-04-11,-0.0019794448337145665,crypto_min_variance
2023-04-12,-0.013243145610514494,crypto_min_variance
2023-04-13,0.0065959668774887735,crypto_min_variance
2023-04-14,0.011197334972232983,crypto_min_variance
2023-04-15,-0.004103129825906494,crypto_min_variance
2023-04-16,0.005672729296541243,crypto_min_variance
2023-04-17,-0.019742668982628452,crypto_min_variance
2023-04-18,0.02016540259267329,crypto_min_variance
2023-04-19,-0.03429545786043003,crypto_min_variance
2023-04-20,-0.012762661816800518,crypto_min_variance
2023-04-21,-0.018272957355992117,crypto_min_variance
2023-04-22,0.019236379423341433,crypto_min_variance
2023-04-23,0.0008084018884922807,crypto_min_variance
2023-04-24,-0.0068489235896815395,crypto_min_variance
2023-04-25,0.008689480550937007,crypto_min_variance
2023-04-26,-0.006373673138284738,crypto_min_variance
2023-04-27,0.01764001121513837,crypto_min_variance
2023-04-28,0.0067554420012548395,crypto_min_variance
2023-04-29,0.011208556010370819,crypto_min_variance
2023-04-30,-0.006927810292308656,crypto_min_variance
2023-05-01,-0.006081233235357817,crypto_min_variance
2023-05-02,0.014394852068094247,crypto_min_variance
2023-05-03,0.003992278904611279,crypto_min_variance
2023-05-04,-0.0022101636829894382,crypto_min_variance
2023-05-05,0.021427357736156505,crypto_min_variance
2023-05-06,-0.015353320647201532,crypto_min_variance
2023-05-07,-0.012898406062532067,crypto_min_variance
2023-05-08,-0.02124624900464804,crypto_min_variance
2023-05-09,0.012365052687987465,crypto_min_variance
2023-05-10,-0.0022822602728698477,crypto_min_variance
2023-05-11,-0.020449354360336264,crypto_min_variance
2023-05-12,0.009053906738367633,crypto_min_variance
2023-05-13,-0.0005439683428748593,crypto_min_variance
2023-05-14,0.003973118303376483,crypto_min_variance
2023-05-15,0.008877893746057923,crypto_min_variance
2023-05-16,0.0008786278870145322,crypto_min_variance
2023-05-17,0.00915679452159246,crypto_min_variance
2023-05-18,-0.013251252893943249,crypto_min_variance
2023-05-19,0.004183212945120934,crypto_min_variance
2023-05-20,0.017159024766821976,crypto_min_variance
2023-05-21,0.011053364286088004,crypto_min_variance
2023-05-22,0.021844058049461688,crypto_min_variance
2023-05-23,0.006737290158798123,crypto_min_variance
2023-05-24,-0.02446058700764141,crypto_min_variance
2023-05-25,0.001460124834686612,crypto_min_variance
2023-05-26,-0.0040656418458345795,crypto_min_variance
2023-05-27,0.01403698732705911,crypto_min_variance
2023-05-28,0.017439179308431585,crypto_min_variance
2023-05-29,-0.012352969565507223,crypto_min_variance
2023-05-30,0.002457563255382286,crypto_min_variance
2023-05-31,-0.010999161076776766,crypto_min_variance
2023-06-01,-0.00700504803598222,crypto_min_variance
2023-06-02,0.030470134154125517,crypto_min_variance
2023-06-03,-0.0032645391579624763,crypto_min_variance
2023-06-04,0.0019090477931811849,crypto_min_variance
2023-06-05,-0.055567419705904994,crypto_min_variance
2023-06-06,0.03446928333226702,crypto_min_variance
2023-06-07,-0.03397566127408609,crypto_min_variance
2023-06-08,0.007310911144695708,crypto_min_variance
2023-06-09,-0.011508540340358878,crypto_min_variance
2023-06-10,-0.08270980281888682,crypto_min_variance
2023-06-11,0.0016502033140609273,crypto_min_variance
2023-06-12,0.00048789843885728136,crypto_min_variance
2023-06-13,0.0022993820597000175,crypto_min_variance
2023-06-14,-0.0431723460804432,crypto_min_variance
2023-06-15,0.005789103691559106,crypto_min_variance
2023-06-16,0.011168012818247086,crypto_min_variance
2023-06-17,0.00953205851289305,crypto_min_variance
2023-06-18,-0.005460914609440515,crypto_min_variance
2023-06-19,0.006550246328475962,crypto_min_variance
2023-06-20,0.027151896154307277,crypto_min_variance
2023-06-21,0.06914386829461867,crypto_min_variance
2023-06-22,-0.0036441032838237077,crypto_min_variance
2023-06-23,0.0747016117794201,crypto_min_variance
2023-06-24,0.011652634564868593,crypto_min_variance
2023-06-25,-0.010868836642279278,crypto_min_variance
2023-06-26,0.005978334015964882,crypto_min_variance
2023-06-27,0.02263140143154352,crypto_min_variance
2023-06-28,-0.03996466241134235,crypto_min_variance
2023-06-29,0.029699728716752083,crypto_min_variance
2023-06-30,0.09404904955033086,crypto_min_variance
2023-07-01,0.0017577150258126402,crypto_min_variance
2023-07-02,-0.003995396576755139,crypto_min_variance
2023-07-03,0.011496995253569196,crypto_min_variance
2023-07-04,-0.009230740621910326,crypto_min_variance
2023-07-05,-0.009565851634326494,crypto_min_variance
2023-07-06,-0.016770468140598956,crypto_min_variance
2023-07-07,0.016290257361727692,crypto_min_variance
2023-07-08,0.010282573877629136,crypto_min_variance
2023-07-09,-0.015517943803514263,crypto_min_variance
2023-07-10,0.006300510050112922,crypto_min_variance
2023-07-11,-0.0015167921674240723,crypto_min_variance
2023-07-12,-0.00433796156620436,crypto_min_variance
2023-07-13,0.19396095819512527,crypto_min_variance
2023-07-14,-0.052119222620648005,crypto_min_variance
2023-07-15,-0.004563616735868358,crypto_min_variance
2023-07-16,0.002105103617725857,crypto_min_variance
2023-07-17,-0.004822719839522632,crypto_min_variance
2023-07-18,0.005075459419882872,crypto_min_variance
2023-07-19,0.03490091165859385,crypto_min_variance
2023-07-20,0.005138006519326015,crypto_min_variance
2023-07-21,-0.007820191989016045,crypto_min_variance
2023-07-22,0.008490923884439347,crypto_min_variance
2023-07-23,0.0028423722170531976,crypto_min_variance
2023-07-24,-0.03368210035041596,crypto_min_variance
2023-07-25,0.002882154847520916,crypto_min_variance
2023-07-26,0.01618001081524825,crypto_min_variance
2023-07-27,0.0022768428979997144,crypto_min_variance
2023-07-28,0.015468462918166231,crypto_min_variance
2023-07-29,-0.009753389888819075,crypto_min_variance
2023-07-30,-0.01991225270611398,crypto_min_variance
2023-07-31,-0.01849864191223791,crypto_min_variance
2023-08-01,0.00880065084643659,crypto_min_variance
2023-08-02,-0.025309876335170782,crypto_min_variance
2023-08-03,-0.00040962689131122747,crypto_min_variance
2023-08-04,-0.0032019732798957176,crypto_min_variance
2023-08-05,0.004325747629570816,crypto_min_variance
2023-08-06,-0.004498979905496398,crypto_min_variance
2023-08-07,0.004241647015108482,crypto_min_variance
2023-08-08,0.01116880873959404,crypto_min_variance
2023-08-09,-0.0029763338615008145,crypto_min_variance
2023-08-10,-0.0017223887151591964,crypto_min_variance
2023-08-11,-0.002161719871487867,crypto_min_variance
2023-08-12,0.0023046722546923998,crypto_min_variance
2023-08-13,-0.004878924603234943,crypto_min_variance
2023-08-14,0.003682898810655437,crypto_min_variance
2023-08-15,-0.013968380276128305,crypto_min_variance
2023-08-16,-0.02551718267364502,crypto_min_variance
2023-08-17,-0.058832192011931884,crypto_min_variance
2023-08-18,-0.006917182032804448,crypto_min_variance
2023-08-19,0.0076827973829486675,crypto_min_variance
2023-08-20,0.01285034523516912,crypto_min_variance
2023-08-21,-0.007894968903909066,crypto_min_variance
2023-08-22,-0.0055665853042348706,crypto_min_variance
2023-08-23,0.025664285493790913,crypto_min_variance
2023-08-24,-0.010889722323187438,crypto_min_variance
2023-08-25,-8.481241460628667e-05,crypto_min_variance
2023-08-26,-0.0011893821638118427,crypto_min_variance
2023-08-27,0.006405860375896296,crypto_min_variance
2023-08-28,-0.007788819895986011,crypto_min_variance
2023-08-29,0.047127855548628306,crypto_min_variance
2023-08-30,-0.01748549984944506,crypto_min_variance
2023-08-31,-0.02464833919796461,crypto_min_variance
2023-09-01,-0.007683609271249261,crypto_min_variance
2023-09-02,0.006778809218674438,crypto_min_variance
2023-09-03,0.0012791924528860348,crypto_min_variance
2023-09-04,-0.0007842328610273434,crypto_min_variance
2023-09-05,0.0007492145977379144,crypto_min_variance
2023-09-06,0.006128558865859961,crypto_min_variance
2023-09-07,0.009390514217227917,crypto_min_variance
2023-09-08,-0.005637040260063744,crypto_min_variance
2023-09-09,-0.0003005830922370896,crypto_min_variance
2023-09-10,-0.009071792653308056,crypto_min_variance
2023-09-11,-0.02404895604984795,crypto_min_variance
2023-09-12,0.031889564643526505,crypto_min_variance
2023-09-13,0.00982323949155404,crypto_min_variance
2023-09-14,0.019415123178145643,crypto_min_variance
2023-09-15,0.005161005829173018,crypto_min_variance
2023-09-16,-0.0036911885828797455,crypto_min_variance
2023-09-17,-0.0042713595084509955,crypto_min_variance
2023-09-18,0.009122794565630027,crypto_min_variance
2023-09-19,0.009631832148132298,crypto_min_variance
2023-09-20,-0.004997400545691328,crypto_min_variance
2023-09-21,-0.019657956260613868,crypto_min_variance
2023-09-22,0.0028855803047357982,crypto_min_variance
2023-09-23,0.001753668262661496,crypto_min_variance
2023-09-24,-0.006761521472188945,crypto_min_variance
2023-09-25,0.006441724715983357,crypto_min_variance
2023-09-26,-0.00047725761463948327,crypto_min_variance
2023-09-27,0.005681771513860212,crypto_min_variance
2023-09-28,0.023477583522349056,crypto_min_variance
2023-09-29,0.012219065210867297,crypto_min_variance
2023-09-30,-8.39684690112073e-05,crypto_min_variance
2023-10-01,0.029753467575598158,crypto_min_variance
2023-10-02,-0.027631609386402477,crypto_min_variance
2023-10-03,0.008923072299372786,crypto_min_variance
2023-10-04,-0.005519626384578745,crypto_min_variance
2023-10-05,-0.012913411212447178,crypto_min_variance
2023-10-06,0.00883156316609096,crypto_min_variance
2023-10-07,0.00043936593375180487,crypto_min_variance
2023-10-08,-0.0020576582870310673,crypto_min_variance
2023-10-09,-0.022942480451139596,crypto_min_variance
2023-10-10,-0.004051885735514537,crypto_min_variance
2023-10-11,-0.0074042308294879336,crypto_min_variance
2023-10-12,-0.010779835925921223,crypto_min_variance
2023-10-13,0.00628388654696516,crypto_min_variance
2023-10-14,-0.00041153805508746625,crypto_min_variance
2023-10-15,0.010023602499717881,crypto_min_variance
2023-10-16,0.03189153953176507,crypto_min_variance
2023-10-17,-0.010769387825619136,crypto_min_variance
2023-10-18,-0.0008931748699877929,crypto_min_variance
2023-10-19,0.008201846328260966,crypto_min_variance
2023-10-20,0.02155576993634583,crypto_min_variance
2023-10-21,0.013193917787471025,crypto_min_variance
2023-10-22,0.002540371005918675,crypto_min_variance
2023-10-23,0.05829135731116844,crypto_min_variance
2023-10-24,0.009022662249819492,crypto_min_variance
2023-10-25,0.009580954846546853,crypto_min_variance
2023-10-26,-0.0008755007005318341,crypto_min_variance
2023-10-27,-0.0034655976287307285,crypto_min_variance
2023-10-28,0.006471313920866121,crypto_min_variance
2023-10-29,0.010318852188222876,crypto_min_variance
2023-10-30,0.0058927780517978945,crypto_min_variance
2023-10-31,0.008935683480583266,crypto_min_variance
2023-11-01,0.02590678855244828,crypto_min_variance
2023-11-02,-0.010475497802114864,crypto_min_variance
2023-11-03,-0.002392579612114532,crypto_min_variance
2023-11-04,0.008814131005983064,crypto_min_variance
2023-11-05,0.012892710082528182,crypto_min_variance
2023-11-06,0.00847851185330583,crypto_min_variance
2023-11-07,-0.006997915017473242,crypto_min_variance
2023-11-08,0.010916196121610737,crypto_min_variance
2023-11-09,0.04384378263037565,crypto_min_variance
2023-11-10,0.030031472658708355,crypto_min_variance
2023-11-11,0.0002311057293337108,crypto_min_variance
2023-11-12,0.00020244440886126337,crypto_min_variance
2023-11-13,-0.01284404012340182,crypto_min_variance
2023-11-14,-0.03489585005437949,crypto_min_variance
2023-11-15,0.04216368876076164,crypto_min_variance
2023-11-16,-0.033002806223575445,crypto_min_variance
2023-11-17,0.0062992569813074585,crypto_min_variance
2023-11-18,-0.00018930007930770447,crypto_min_variance
2023-11-19,0.016400580950160795,crypto_min_variance
2023-11-20,-0.008830925609822552,crypto_min_variance
2023-11-21,-0.05016588307672808,crypto_min_variance
2023-11-22,0.052653757314079556,crypto_min_variance
2023-11-23,0.0021909513246756436,crypto_min_variance
2023-11-24,0.015099632100419908,crypto_min_variance
2023-11-25,0.01758582680316064,crypto_min_variance
2023-11-26,-0.010025394169802339,crypto_min_variance
2023-11-27,-0.02840135400031872,crypto_min_variance
2023-11-28,0.011859351939922958,crypto_min_variance
2023-11-29,-0.0012288280962783414,crypto_min_variance
2023-11-30,-0.0004883875184358047,crypto_min_variance
2023-12-01,0.012996659022462005,crypto_min_variance
2023-12-02,0.01880626870942642,crypto_min_variance
2023-12-03,0.005734297368257761,crypto_min_variance
2023-12-04,0.022905464589164454,crypto_min_variance
2023-12-05,0.022422344330253682,crypto_min_variance
2023-12-06,-0.0018785620029919776,crypto_min_variance
2023-12-07,0.01786900338338387,crypto_min_variance
2023-12-08,0.030176714905250458,crypto_min_variance
2023-12-09,0.0015034850981951995,crypto_min_variance
2023-12-10,0.00563526277118527,crypto_min_variance
2023-12-11,-0.054058197032074234,crypto_min_variance
2023-12-12,0.002937405726247599,crypto_min_variance
2023-12-13,0.028235156650091055,crypto_min_variance
2023-12-14,0.009898813833791594,crypto_min_variance
2023-12-15,-0.0394089158145222,crypto_min_variance
2023-12-16,0.013582124823048668,crypto_min_variance
2023-12-17,-0.016241524318734355,crypto_min_variance
2023-12-18,0.005929909661517847,crypto_min_variance
2023-12-19,-0.011153387255349293,crypto_min_variance
2023-12-20,0.021983395312159225,crypto_min_variance
2023-12-21,0.0217476678182306,crypto_min_variance
2023-12-22,0.014738115734430894,crypto_min_variance
2023-12-23,-0.0010673273652996845,crypto_min_variance
2023-12-24,-0.015055423472134281,crypto_min_variance
2023-12-25,0.012026862479245524,crypto_min_variance
2023-12-26,-0.02308169716614462,crypto_min_variance
2023-12-27,0.03842383821526435,crypto_min_variance
2023-12-28,-0.010249888512762761,crypto_min_variance
2023-12-29,-0.01021375221239016,crypto_min_variance
2023-12-30,-0.0005033994284883844,crypto_min_variance
2023-12-31,0.002255157129739285,crypto_min_variance
2020-10-01,-0.02417747198228641,crypto_max_sharpe
2020-10-02,-0.03276153307909451,crypto_max_sharpe
2020-10-03,0.002713187472529623,crypto_max_sharpe
2020-10-04,0.02338089323745638,crypto_max_sharpe
2020-10-05,0.007508581469724985,crypto_max_sharpe
2020-10-06,-0.04196330546572625,crypto_max_sharpe
2020-10-07,0.006204884588166467,crypto_max_sharpe
2020-10-08,0.025727112916875638,crypto_max_sharpe
2020-10-09,0.0497889557582433,crypto_max_sharpe
2020-10-10,0.021357408874438374,crypto_max_sharpe
2020-10-11,0.012587814168970323,crypto_max_sharpe
2020-10-12,0.033243552265892845,crypto_max_sharpe
2020-10-13,-0.014274950612982031,crypto_max_sharpe
2020-10-14,-0.008629627663716413,crypto_max_sharpe
2020-10-15,-0.005715269532587454,crypto_max_sharpe
2020-10-16,-0.027337841065137165,crypto_max_sharpe
2020-10-17,0.012435351503501169,crypto_max_sharpe
2020-10-18,0.019752467408113972,crypto_max_sharpe
2020-10-19,0.007706951387387485,crypto_max_sharpe
2020-10-20,-0.040475704884506664,crypto_max_sharpe
2020-10-21,0.05126632342056678,crypto_max_sharpe
2020-10-22,0.04921644916167148,crypto_max_sharpe
2020-10-23,-0.015113060559013914,crypto_max_sharpe
2020-10-24,0.003755468349426196,crypto_max_sharpe
2020-10-25,-0.015477033997421065,crypto_max_sharpe
2020-10-26,-0.03045557383803299,crypto_max_sharpe
2020-10-27,0.013690316821598943,crypto_max_sharpe
2020-10-28,-0.03775556200241888,crypto_max_sharpe
2020-10-29,-0.01825221920579535,crypto_max_sharpe
2020-10-30,-0.01473895821314394,crypto_max_sharpe
2020-10-31,0.004260137714192595,crypto_max_sharpe
2020-11-01,0.030310967118822252,crypto_max_sharpe
2020-11-02,-0.04299359448392014,crypto_max_sharpe
2020-11-03,0.018793644729829896,crypto_max_sharpe
2020-11-04,0.016684004354377925,crypto_max_sharpe
2020-11-05,0.0490816731842036,crypto_max_sharpe
2020-11-06,0.07423289256553059,crypto_max_sharpe
2020-11-07,-0.060123500277869564,crypto_max_sharpe
2020-11-08,0.04667984589888994,crypto_max_sharpe
2020-11-09,-0.011894041117858504,crypto_max_sharpe
2020-11-10,0.0019638957683126876,crypto_max_sharpe
2020-11-11,0.011598710797430788,crypto_max_sharpe
2020-11-12,0.005332649563449038,crypto_max_sharpe
2020-11-13,0.012575651104109985,crypto_max_sharpe
2020-11-14,-0.018197471644642606,crypto_max_sharpe
2020-11-15,-0.02242670916148362,crypto_max_sharpe
2020-11-16,0.03771928060530749,crypto_max_sharpe
2020-11-17,0.05316921911347309,crypto_max_sharpe
2020-11-18,-0.012436794574014282,crypto_max_sharpe
2020-11-19,-0.004967756667251457,crypto_max_sharpe
2020-11-20,0.08463725040514289,crypto_max_sharpe
2020-11-21,0.08036637761558946,crypto_max_sharpe
2020-11-22,0.04202234062174054,crypto_max_sharpe
2020-11-23,0.041311272488701194,crypto_max_sharpe
2020-11-24,0.06729721124914087,crypto_max_sharpe
2020-11-25,-0.04900337764692879,crypto_max_sharpe
2020-11-26,-0.09977149889443485,crypto_max_sharpe
2020-11-27,0.010174771286933375,crypto_max_sharpe
2020-11-28,0.11042995241802325,crypto_max_sharpe
2020-11-29,0.01761789000594171,crypto_max_sharpe
2020-11-30,0.04894520583682158,crypto_max_sharpe
2020-12-01,-0.05882041408083724,crypto_max_sharpe
2020-12-02,0.01804256755491298,crypto_max_sharpe
2020-12-03,0.017008545843111504,crypto_max_sharpe
2020-12-04,-0.06904142115659356,crypto_max_sharpe
2020-12-05,0.042758950576955335,crypto_max_sharpe
2020-12-06,0.010970162852156583,crypto_max_sharpe
2020-12-07,-0.01814170639852301,crypto_max_sharpe
2020-12-08,-0.06356066623548358,crypto_max_sharpe
2020-12-09,0.039551018198076784,crypto_max_sharpe
2020-12-10,-0.028250595376483757,crypto_max_sharpe
2020-12-11,-0.02271478524447181,crypto_max_sharpe
2020-12-12,0.03648042158806679,crypto_max_sharpe
2020-12-13,0.04016808837291956,crypto_max_sharpe
2020-12-14,0.0014694907423268514,crypto_max_sharpe
2020-12-15,-0.004123550683387539,crypto_max_sharpe
2020-12-16,0.10418873221362457,crypto_max_sharpe
2020-12-17,0.027498182015358884,crypto_max_sharpe
2020-12-18,0.011657859330867824,crypto_max_sharpe
2020-12-19,0.013239382769880752,crypto_max_sharpe
2020-12-20,-0.02110611296433116,crypto_max_sharpe
2020-12-21,-0.04265207525285685,crypto_max_sharpe
2020-12-22,0.021888234793672447,crypto_max_sharpe
2020-12-23,-0.09527536236815567,crypto_max_sharpe
2020-12-24,0.08858049685757544,crypto_max_sharpe
2020-12-25,0.01998740435956098,crypto_max_sharpe
2020-12-26,0.02886472065942407,crypto_max_sharpe
2020-12-27,0.0010044615219629844,crypto_max_sharpe
2020-12-28,0.0463814836708442,crypto_max_sharpe
2020-12-29,0.01095494147316071,crypto_max_sharpe
2020-12-30,0.013779964587970796,crypto_max_sharpe
2020-12-31,-0.004664233492438231,crypto_max_sharpe
2021-01-01,0.007368109829979768,crypto_max_sharpe
2021-01-02,0.08405983341643251,crypto_max_sharpe
2021-01-03,0.037371302510863603,crypto_max_sharpe
2021-01-04,-0.010175612112825914,crypto_max_sharpe
2021-01-05,0.07312232891565006,crypto_max_sharpe
2021-01-06,0.10670853046226335,crypto_max_sharpe
2021-01-07,0.04972291670367806,crypto_max_sharpe
2021-01-08,0.033993622783628906,crypto_max_sharpe
2021-01-09,-0.0010649109303946314,crypto_max_sharpe
2021-01-10,-0.05126696020965968,crypto_max_sharpe
2021-01-11,-0.07584990514797157,crypto_max_sharpe
2021-01-12,-0.03600347566765272,crypto_max_sharpe
2021-01-13,0.09909073967774444,crypto_max_sharpe
2021-01-14,0.0433096468467301,crypto_max_sharpe
2021-01-15,-0.05610618805433983,crypto_max_sharpe
2021-01-16,0.003947623680641905,crypto_max_sharpe
2021-01-17,-0.0004139570767210579,crypto_max_sharpe
2021-01-18,0.018150885994269363,crypto_max_sharpe
2021-01-19,-0.013604512964958052,crypto_max_sharpe
2021-01-20,-0.010734390123086584,crypto_max_sharpe
2021-01-21,-0.13787748208667053,crypto_max_sharpe
2021-01-22,0.07740435832504174,crypto_max_sharpe
2021-01-23,-0.0262992575276358,crypto_max_sharpe
2021-01-24,0.009580363177504426,crypto_max_sharpe
2021-01-25,-0.0014488088685630897,crypto_max_sharpe
2021-01-26,0.005781167893904603,crypto_max_sharpe
2021-01-27,-0.0685630744002278,crypto_max_sharpe
2021-01-28,0.10015268368224618,crypto_max_sharpe
2021-01-29,0.0232068537371703,crypto_max_sharpe
2021-01-30,0.0035881784434044894,crypto_max_sharpe
2021-01-31,-0.03552361362957113,crypto_max_sharpe
2021-02-01,0.03698662009608035,crypto_max_sharpe
2021-02-02,0.07502898148898618,crypto_max_sharpe
2021-02-03,0.06691607792351853,crypto_max_sharpe
2021-02-04,-0.02203232667875491,crypto_max_sharpe
2021-02-05,0.06590242727672659,crypto_max_sharpe
2021-02-06,0.024798344040354366,crypto_max_sharpe
2021-02-07,-0.012538142334426752,crypto_max_sharpe
2021-02-08,0.1359216036816234,crypto_max_sharpe
2021-02-09,0.010511049220728645,crypto_max_sharpe
2021-02-10,0.0071830947494392824,crypto_max_sharpe
2021-02-11,0.04548301675578433,crypto_max_sharpe
2021-02-12,0.007485900891579007,crypto_max_sharpe
2021-02-13,-0.011696281778026079,crypto_max_sharpe
2021-02-14,0.011063959184023767,crypto_max_sharpe
2021-02-15,-0.01255545833802741,crypto_max_sharpe
2021-02-16,0.01592999531860782,crypto_max_sharpe
2021-02-17,0.04873757607487579,crypto_max_sharpe
2021-02-18,0.013631231275482809,crypto_max_sharpe
2021-02-19,0.05132014268612782,crypto_max_sharpe
2021-02-20,0.014598272229930978,crypto_max_sharpe
2021-02-21,0.015521197515122922,crypto_max_sharpe
2021-02-22,-0.05985467172736066,crypto_max_sharpe
2021-02-23,-0.10942359228076612,crypto_max_sharpe
2021-02-24,0.03216830098000769,crypto_max_sharpe
2021-02-25,-0.058774159973407944,crypto_max_sharpe
2021-02-26,-0.0012927634484281793,crypto_max_sharpe
2021-02-27,0.008477733225015667,crypto_max_sharpe
2021-02-28,-0.024667177316184515,crypto_max_sharpe
2021-03-01,0.059815298451498265,crypto_max_sharpe
2021-03-02,-0.034658294702360676,crypto_max_sharpe
2021-03-03,0.02611800047561888,crypto_max_sharpe
2021-03-04,-0.05497229174279146,crypto_max_sharpe
2021-03-05,0.021999588339631674,crypto_max_sharpe
2021-03-06,-0.011632989105887902,crypto_max_sharpe
2021-03-07,0.030936985083317364,crypto_max_sharpe
2021-03-08,0.008258080651711758,crypto_max_sharpe
2021-03-09,0.05632918175541083,crypto_max_sharpe
2021-03-10,-0.0040253567273600644,crypto_max_sharpe
2021-03-11,0.017442984592813765,crypto_max_sharpe
2021-03-12,-0.03239550271436698,crypto_max_sharpe
2021-03-13,0.06591368423837766,crypto_max_sharpe
2021-03-14,-0.03465920751756576,crypto_max_sharpe
2021-03-15,-0.045470388363564096,crypto_max_sharpe
2021-03-16,0.08252301169123437,crypto_max_sharpe
2021-03-17,0.062314054446216634,crypto_max_sharpe
2021-03-18,-0.04715748812498802,crypto_max_sharpe
2021-03-19,0.023588868531159546,crypto_max_sharpe
2021-03-20,-0.026527946223362922,crypto_max_sharpe
2021-03-21,-0.013861542728370247,crypto_max_sharpe
2021-03-22,-0.05725650643754749,crypto_max_sharpe
2021-03-23,0.006225379801736795,crypto_max_sharpe
2021-03-24,-0.03789162047556384,crypto_max_sharpe
2021-03-25,-0.004246665915295235,crypto_max_sharpe
2021-03-26,0.07909428849600343,crypto_max_sharpe
2021-03-27,-0.0012109376188154655,crypto_max_sharpe
2021-03-28,0.0041430282339659594,crypto_max_sharpe
2021-03-29,0.024118146617041814,crypto_max_sharpe
2021-03-30,0.01620637167280062,crypto_max_sharpe
2021-03-31,-0.0058757537902710405,crypto_max_sharpe
2021-04-01,-0.006308337673158669,crypto_max_sharpe
2021-04-02,0.014334059361122023,crypto_max_sharpe
2021-04-03,-0.012304894658736893,crypto_max_sharpe
2021-04-04,0.04907748376187643,crypto_max_sharpe
2021-04-05,0.013939935136637122,crypto_max_sharpe
2021-04-06,-0.014605353956618813,crypto_max_sharpe
2021-04-07,-0.05136660508072816,crypto_max_sharpe
2021-04-08,0.04931722153065038,crypto_max_sharpe
2021-04-09,-0.010388162592878484,crypto_max_sharpe
2021-04-10,0.03128055923907332,crypto_max_sharpe
2021-04-11,0.008621669890009691,crypto_max_sharpe
2021-04-12,0.010144274163270168,crypto_max_sharpe
2021-04-13,0.0715419314322526,crypto_max_sharpe
2021-04-14,-0.0025259678961839075,crypto_max_sharpe
2021-04-15,0.0263732588189855,crypto_max_sharpe
2021-04-16,-0.0291156409655287,crypto_max_sharpe
2021-04-17,-0.01789275320430466,crypto_max_sharpe
2021-04-18,-0.07658330818716197,crypto_max_sharpe
2021-04-19,-0.028182825836191857,crypto_max_sharpe
2021-04-20,0.023050046257835664,crypto_max_sharpe
2021-04-21,-0.048594327077765065,crypto_max_sharpe
2021-04-22,-0.048842274011681654,crypto_max_sharpe
2021-04-23,-0.008828037650252422,crypto_max_sharpe
2021-04-24,-0.03029841676989527,crypto_max_sharpe
2021-04-25,-0.017462528100145557,crypto_max_sharpe
2021-04-26,0.11456878873627664,crypto_max_sharpe
2021-04-27,0.032967965044694854,crypto_max_sharpe
2021-04-28,-0.0011777468446128928,crypto_max_sharpe
2021-04-29,-0.021026681577181034,crypto_max_sharpe
2021-04-30,0.07083614955636629,crypto_max_sharpe
2021-05-01,0.02193553371509251,crypto_max_sharpe
2021-05-02,-0.018589667615044898,crypto_max_sharpe
2021-05-03,0.03862833917518518,crypto_max_sharpe
2021-05-04,-0.04471499175293324,crypto_max_sharpe
2021-05-05,0.1275494132864366,crypto_max_sharpe
2021-05-06,0.044629003417288,crypto_max_sharpe
2021-05-07,-0.00021060917724684118,crypto_max_sharpe
2021-05-08,0.020037713535604403,crypto_max_sharpe
2021-05-09,0.011358916049542709,crypto_max_sharpe
2021-05-10,-0.05465243523513207,crypto_max_sharpe
2021-05-11,0.04257568047598905,crypto_max_sharpe
2021-05-12,-0.13551964346820886,crypto_max_sharpe
2021-05-13,0.0686290368445236,crypto_max_sharpe
2021-05-14,0.03445858697447927,crypto_max_sharpe
2021-05-15,-0.027213617377124875,crypto_max_sharpe
2021-05-16,0.006588222593993737,crypto_max_sharpe
2021-05-17,-0.07120614723942875,crypto_max_sharpe
2021-05-18,-0.0026795028272468225,crypto_max_sharpe
2021-05-19,-0.21233065394462758,crypto_max_sharpe
2021-05-20,0.14181904602997905,crypto_max_sharpe
2021-05-21,-0.11187016938324422,crypto_max_sharpe
2021-05-22,-0.02790256056186982,crypto_max_sharpe
2021-05-23,-0.09019248125076443,crypto_max_sharpe
2021-05-24,0.17179792660888468,crypto_max_sharpe
2021-05-25,0.002992021668620422,crypto_max_sharpe
2021-05-26,0.060732027646318874,crypto_max_sharpe
2021-05-27,-0.04409831182008801,crypto_max_sharpe
2021-05-28,-0.0798166658446912,crypto_max_sharpe
2021-05-29,-0.047144488266834546,crypto_max_sharpe
2021-05-30,0.05714264512282987,crypto_max_sharpe
2021-05-31,0.0760912498098195,crypto_max_sharpe
2021-06-01,-0.017259334828714216,crypto_max_sharpe
2021-06-02,0.014191469082278032,crypto_max_sharpe
2021-06-03,0.04347668272816771,crypto_max_sharpe
2021-06-04,-0.06745441852848676,crypto_max_sharpe
2021-06-05,-0.028441407519021716,crypto_max_sharpe
2021-06-06,0.01608611415877693,crypto_max_sharpe
2021-06-07,-0.07065226684314287,crypto_max_sharpe
2021-06-08,-0.0012216766828380497,crypto_max_sharpe
2021-06-09,0.04742431651883613,crypto_max_sharpe
2021-06-10,-0.05537011612830163,crypto_max_sharpe
2021-06-11,-0.04336632177181418,crypto_max_sharpe
2021-06-12,0.0066945035981924176,crypto_max_sharpe
2021-06-13,0.060593635946622135,crypto_max_sharpe
2021-06-14,0.01009502241163632,crypto_max_sharpe
2021-06-15,0.013751170229422526,crypto_max_sharpe
2021-06-16,-0.07373665362367447,crypto_max_sharpe
2021-06-17,0.0008457037782642737,crypto_max_sharpe
2021-06-18,-0.050721838578192485,crypto_max_sharpe
2021-06-19,-0.020077341928082425,crypto_max_sharpe
2021-06-20,0.019974594013029708,crypto_max_sharpe
2021-06-21,-0.18099546956856344,crypto_max_sharpe
2021-06-22,-0.02768219837461379,crypto_max_sharpe
2021-06-23,0.08439027785165644,crypto_max_sharpe
2021-06-24,0.05868671672322766,crypto_max_sharpe
2021-06-25,-0.07880979170249248,crypto_max_sharpe
2021-06-26,0.005588047720138544,crypto_max_sharpe
2021-06-27,0.06553977017131175,crypto_max_sharpe
2021-06-28,0.010297026432987093,crypto_max_sharpe
2021-06-29,0.09661618460651644,crypto_max_sharpe
2021-06-30,0.019094618340867023,crypto_max_sharpe
2021-07-01,-0.05253113824215886,crypto_max_sharpe
2021-07-02,0.029852297041378595,crypto_max_sharpe
2021-07-03,0.02683398723398621,crypto_max_sharpe
2021-07-04,0.02495013227697522,crypto_max_sharpe
2021-07-05,-0.042021214596724775,crypto_max_sharpe
2021-07-06,0.02084181845769048,crypto_max_sharpe
2021-07-07,-0.01595225908158103,crypto_max_sharpe
2021-07-08,-0.0601879340957492,crypto_max_sharpe
2021-07-09,0.012928759821651585,crypto_max_sharpe
2021-07-10,-0.01355907181899103,crypto_max_sharpe
2021-07-11,0.010243740809754157,crypto_max_sharpe
2021-07-12,-0.0324373437739847,crypto_max_sharpe
2021-07-13,-0.04219968715802959,crypto_max_sharpe
2021-07-14,0.004469927081243665,crypto_max_sharpe
2021-07-15,-0.039375871115076705,crypto_max_sharpe
2021-07-16,-0.03696339315195172,crypto_max_sharpe
2021-07-17,0.002387124505300227,crypto_max_sharpe
2021-07-18,0.008503918923761193,crypto_max_sharpe
2021-07-19,-0.03948655794492422,crypto_max_sharpe
2021-07-20,-0.04835093698329125,crypto_max_sharpe
2021-07-21,0.10244146606790534,crypto_max_sharpe
2021-07-22,0.015048260804563014,crypto_max_sharpe
2021-07-23,0.033186062852988515,crypto_max_sharpe
2021-07-24,0.03978816343433061,crypto_max_sharpe
2021-07-25,-0.00763457851230534,crypto_max_sharpe
2021-07-26,0.017169469628924232,crypto_max_sharpe
2021-07-27,0.019171581352311652,crypto_max_sharpe
2021-07-28,0.00045063226756498115,crypto_max_sharpe
2021-07-29,0.007413891934959796,crypto_max_sharpe
2021-07-30,0.02733552253532519,crypto_max_sharpe
2021-07-31,0.012459450935771372,crypto_max_sharpe
2021-08-01,-0.005723025288370561,crypto_max_sharpe
2021-08-02,0.004441561119203333,crypto_max_sharpe
2021-08-03,0.008056520871919434,crypto_max_sharpe
2021-08-04,0.030197217740540273,crypto_max_sharpe
2021-08-05,0.014057345300270899,crypto_max_sharpe
2021-08-06,0.012638200697848156,crypto_max_sharpe
2021-08-07,0.08032525846998938,crypto_max_sharpe
2021-08-08,-0.03865185264722928,crypto_max_sharpe
2021-08-09,0.0373062220395429,crypto_max_sharpe
2021-08-10,0.0747216642105457,crypto_max_sharpe
2021-08-11,0.05415491174833433,crypto_max_sharpe
2021-08-12,-0.0012613041271973772,crypto_max_sharpe
2021-08-13,0.1326994890456965,crypto_max_sharpe
2021-08-14,0.024518004049891316,crypto_max_sharpe
2021-08-15,0.027065674953692102,crypto_max_sharpe
2021-08-16,-0.05071389580630427,crypto_max_sharpe
2021-08-17,-0.07440868053048372,crypto_max_sharpe
2021-08-18,0.06024182891298577,crypto_max_sharpe
2021-08-19,0.10894638310525474,crypto_max_sharpe
2021-08-20,0.02405349786053927,crypto_max_sharpe
2021-08-21,-0.017535228081720006,crypto_max_sharpe
2021-08-22,0.06754617325557895,crypto_max_sharpe
2021-08-23,0.05031369458885791,crypto_max_sharpe
2021-08-24,-0.06675384721146928,crypto_max_sharpe
2021-08-25,0.009237120231460498,crypto_max_sharpe
2021-08-26,-0.06519681354293413,crypto_max_sharpe
2021-08-27,0.12181812673464237,crypto_max_sharpe
2021-08-28,-0.01993365216457079,crypto_max_sharpe
2021-08-29,-0.002355784377644109,crypto_max_sharpe
2021-08-30,-0.03230891307545068,crypto_max_sharpe
2021-08-31,0.027335704914553303,crypto_max_sharpe
2021-09-01,0.05228273020393393,crypto_max_sharpe
2021-09-02,0.016632802346107756,crypto_max_sharpe
2021-09-03,0.012151195367483162,crypto_max_sharpe
2021-09-04,-0.03580964585679136,crypto_max_sharpe
2021-09-05,0.03689372544387469,crypto_max_sharpe
2021-09-06,-0.018880620187379883,crypto_max_sharpe
2021-09-07,-0.13676746045898133,crypto_max_sharpe
2021-09-08,-0.008266150825450784,crypto_max_sharpe
2021-09-09,0.01149581869027541,crypto_max_sharpe
2021-09-10,-0.05090877400692632,crypto_max_sharpe
2021-09-11,0.07516247346143873,crypto_max_sharpe
2021-09-12,-0.005709557634097339,crypto_max_sharpe
2021-09-13,-0.06044479037314548,crypto_max_sharpe
2021-09-14,0.00775160200301799,crypto_max_sharpe
2021-09-15,0.04304587578997699,crypto_max_sharpe
2021-09-16,-0.027495607675163566,crypto_max_sharpe
2021-09-17,-0.030439359646683987,crypto_max_sharpe
2021-09-18,0.010259477038327497,crypto_max_sharpe
2021-09-19,-0.03572188505091911,crypto_max_sharpe
2021-09-20,-0.10181242098504358,crypto_max_sharpe
2021-09-21,-0.04614291160220583,crypto_max_sharpe
2021-09-22,0.13366749085196733,crypto_max_sharpe
2021-09-23,0.02157727258729089,crypto_max_sharpe
2021-09-24,-0.03744101257851128,crypto_max_sharpe
2021-09-25,0.00442051800914695,crypto_max_sharpe
2021-09-26,-0.02509696151917439,crypto_max_sharpe
2021-09-27,-0.0344761694219831,crypto_max_sharpe
2021-09-28,-0.03630052832712938,crypto_max_sharpe
2021-09-29,0.013125451700548733,crypto_max_sharpe
2021-09-30,0.02739339286652969,crypto_max_sharpe
2021-10-01,0.08198445088475856,crypto_max_sharpe
2021-10-02,0.006626928998368548,crypto_max_sharpe
2021-10-03,0.003746014577396547,crypto_max_sharpe
2021-10-04,-0.024875599083170722,crypto_max_sharpe
2021-10-05,0.02693205048566162,crypto_max_sharpe
2021-10-06,-0.003490076152278824,crypto_max_sharpe
2021-10-07,0.013357917522193627,crypto_max_sharpe
2021-10-08,-0.014565514100722156,crypto_max_sharpe
2021-10-09,0.02747264716625484,crypto_max_sharpe
2021-10-10,-0.034214842819743144,crypto_max_sharpe
2021-10-11,-0.0008133492645138995,crypto_max_sharpe
2021-10-12,-0.024953583180851106,crypto_max_sharpe
2021-10-13,0.025512688281148447,crypto_max_sharpe
2021-10-14,0.0013000351945612898,crypto_max_sharpe
2021-10-15,0.012219736797582832,crypto_max_sharpe
2021-10-16,-0.011739732391532396,crypto_max_sharpe
2021-10-17,-0.014958856132326314,crypto_max_sharpe
2021-10-18,-0.01215717151928485,crypto_max_sharpe
2021-10-19,-0.0009942537913680196,crypto_max_sharpe
2021-10-20,0.04005842947776027,crypto_max_sharpe
2021-10-21,-0.018314160057111215,crypto_max_sharpe
2021-10-22,-1.7857019634349365e-05,crypto_max_sharpe
2021-10-23,0.011929264054790915,crypto_max_sharpe
2021-10-24,-0.017839152281430345,crypto_max_sharpe
2021-10-25,0.008549708498097474,crypto_max_sharpe
2021-10-26,-0.007125284375720428,crypto_max_sharpe
2021-10-27,-0.103380906322839,crypto_max_sharpe
2021-10-28,0.05173921474747287,crypto_max_sharpe
2021-10-29,0.017462184882970133,crypto_max_sharpe
2021-10-30,-0.020982307167359042,crypto_max_sharpe
2021-10-31,0.013672890360979769,crypto_max_sharpe
2021-11-01,-0.006127619256887914,crypto_max_sharpe
2021-11-02,0.0372772865541113,crypto_max_sharpe
2021-11-03,0.016228429226640764,crypto_max_sharpe
2021-11-04,-0.022562903503894782,crypto_max_sharpe
2021-11-05,-0.014244292994089212,crypto_max_sharpe
2021-11-06,-0.0031966100603637204,crypto_max_sharpe
2021-11-07,0.026599483182546436,crypto_max_sharpe
2021-11-08,0.04656137608882051,crypto_max_sharpe
2021-11-09,0.03523024940581227,crypto_max_sharpe
2021-11-10,-0.05148415213438018,crypto_max_sharpe
2021-11-11,0.010369457153503217,crypto_max_sharpe
2021-11-12,-0.02068688904228555,crypto_max_sharpe
2021-11-13,0.007493026483865959,crypto_max_sharpe
2021-11-14,-0.0039741198139132145,crypto_max_sharpe
2021-11-15,-0.020060725816432076,crypto_max_sharpe
2021-11-16,-0.07145707455310948,crypto_max_sharpe
2021-11-17,0.009120723173357607,crypto_max_sharpe
2021-11-18,-0.057224667517102215,crypto_max_sharpe
2021-11-19,0.055034262252847056,crypto_max_sharpe
2021-11-20,0.011389907672470686,crypto_max_sharpe
2021-11-21,-0.019878689507545493,crypto_max_sharpe
2021-11-22,-0.036856437709262085,crypto_max_sharpe
2021-11-23,0.0330592013764813,crypto_max_sharpe
2021-11-24,-0.023883060427371084,crypto_max_sharpe
2021-11-25,-0.0013647667986280553,crypto_max_sharpe
2021-11-26,-0.05110989237170248,crypto_max_sharpe
2021-11-27,0.010756200897558854,crypto_max_sharpe
2021-11-28,0.02516073047356617,crypto_max_sharpe
2021-11-29,0.022678279703445662,crypto_max_sharpe
2021-11-30,0.013901602079033763,crypto_max_sharpe
2021-12-01,-0.009773966334799176,crypto_max_sharpe
2021-12-02,-0.016826985095648762,crypto_max_sharpe
2021-12-03,-0.056827351491531314,crypto_max_sharpe
2021-12-04,-0.06506254369989932,crypto_max_sharpe
2021-12-05,0.004950439402943298,crypto_max_sharpe
2021-12-06,0.028911174330371575,crypto_max_sharpe
2021-12-07,-0.002865903164203361,crypto_max_sharpe
2021-12-08,0.029686830113743425,crypto_max_sharpe
2021-12-09,-0.07602138877913592,crypto_max_sharpe
2021-12-10,-0.04222336587213125,crypto_max_sharpe
2021-12-11,0.04361190459677751,crypto_max_sharpe
2021-12-12,0.006403548593749515,crypto_max_sharpe
2021-12-13,-0.09028069744505964,crypto_max_sharpe
2021-12-14,-0.0031635821617265686,crypto_max_sharpe
2021-12-15,0.061947669442322606,crypto_max_sharpe
2021-12-16,-0.018379292666202758,crypto_max_sharpe
2021-12-17,-0.02216481824655407,crypto_max_sharpe
2021-12-18,0.0207407364109572,crypto_max_sharpe
2021-12-19,-0.008027416946809845,crypto_max_sharpe
2021-12-20,-0.0025436135810940116,crypto_max_sharpe
2021-12-21,0.023098346123870635,crypto_max_sharpe
2021-12-22,-0.0011418711942154961,crypto_max_sharpe
2021-12-23,0.0395179315493531,crypto_max_sharpe
2021-12-24,-0.009304068331615931,crypto_max_sharpe
2021-12-25,0.013908999392458543,crypto_max_sharpe
2021-12-26,-0.005283583115185139,crypto_max_sharpe
2021-12-27,-0.007914376875333225,crypto_max_sharpe
2021-12-28,-0.06330204246319326,crypto_max_sharpe
2021-12-29,-0.03700398601726055,crypto_max_sharpe
2021-12-30,0.01973492959311374,crypto_max_sharpe
2021-12-31,-0.010871214764197529,crypto_max_sharpe
2022-01-01,0.023641838167751054,crypto_max_sharpe
2022-01-02,0.01588136117589123,crypto_max_sharpe
2022-01-03,-0.017804782359288656,crypto_max_sharpe
2022-01-04,0.008687307931515724,crypto_max_sharpe
2022-01-05,-0.06422404850925872,crypto_max_sharpe
2022-01-06,-0.03717306342804146,crypto_max_sharpe
2022-01-07,-0.06587795854818673,crypto_max_sharpe
2022-01-08,-0.031704077942472896,crypto_max_sharpe
2022-01-09,0.021274058960640153,crypto_max_sharpe
2022-01-10,-0.02364136800640175,crypto_max_sharpe
2022-01-11,0.05027854349203769,crypto_max_sharpe
2022-01-12,0.04142745718356032,crypto_max_sharpe
2022-01-13,-0.036761634342713345,crypto_max_sharpe
2022-01-14,0.01899858624470978,crypto_max_sharpe
2022-01-15,0.006202201749167196,crypto_max_sharpe
2022-01-16,0.0061224815923114064,crypto_max_sharpe
2022-01-17,-0.041366808457560564,crypto_max_sharpe
2022-01-18,-0.015029639521672768,crypto_max_sharpe
2022-01-19,-0.021554575451392357,crypto_max_sharpe
2022-01-20,-0.030591452089873742,crypto_max_sharpe
2022-01-21,-0.14767435465989764,crypto_max_sharpe
2022-01-22,-0.05971640752836044,crypto_max_sharpe
2022-01-23,0.053990906269038734,crypto_max_sharpe
2022-01-24,-0.03735120652726636,crypto_max_sharpe
2022-01-25,0.006385456601614805,crypto_max_sharpe
2022-01-26,0.0049248919678990585,crypto_max_sharpe
2022-01-27,-0.018244935331225984,crypto_max_sharpe
2022-01-28,0.05121368460412513,crypto_max_sharpe
2022-01-29,0.019627353458854923,crypto_max_sharpe
2022-01-30,0.002457307571148903,crypto_max_sharpe
2022-01-31,0.03257666428258822,crypto_max_sharpe
2022-02-01,0.038626342838512524,crypto_max_sharpe
2022-02-02,-0.039132735575322285,crypto_max_sharpe
2022-02-03,-0.001375925132200739,crypto_max_sharpe
2022-02-04,0.11362666703116969,crypto_max_sharpe
2022-02-05,0.010410717097086856,crypto_max_sharpe
2022-02-06,0.014206593311191465,crypto_max_sharpe
2022-02-07,0.02779895143675587,crypto_max_sharpe
2022-02-08,-0.006320523697205258,crypto_max_sharpe
2022-02-09,0.03742011953678627,crypto_max_sharpe
2022-02-10,-0.05000061799033163,crypto_max_sharpe
2022-02-11,-0.0487731931961997,crypto_max_sharpe
2022-02-12,-0.0034231086563658517,crypto_max_sharpe
2022-02-13,-0.011619882910758435,crypto_max_sharpe
2022-02-14,0.017345677203978168,crypto_max_sharpe
2022-02-15,0.0839952128620212,crypto_max_sharpe
2022-02-16,-0.016367650670717777,crypto_max_sharpe
2022-02-17,-0.07876007915331677,crypto_max_sharpe
2022-02-18,-0.03323095432766642,crypto_max_sharpe
2022-02-19,-0.007906863423876913,crypto_max_sharpe
2022-02-20,-0.048866619788482855,crypto_max_sharpe
2022-02-21,-0.02085949365019461,crypto_max_sharpe
2022-02-22,0.025442047983414786,crypto_max_sharpe
2022-02-23,-0.018542685538320402,crypto_max_sharpe
2022-02-24,0.002975463126547281,crypto_max_sharpe
2022-02-25,0.06407398153092882,crypto_max_sharpe
2022-02-26,0.005996005841990337,crypto_max_sharpe
2022-02-27,-0.05728286710874155,crypto_max_sharpe
2022-02-28,0.11343321941725876,crypto_max_sharpe
2022-03-01,0.01883514231318299,crypto_max_sharpe
2022-03-02,-0.0076716741657249414,crypto_max_sharpe
2022-03-03,-0.03881854177266214,crypto_max_sharpe
2022-03-04,-0.07676245464799873,crypto_max_sharpe
2022-03-05,0.017441213772378193,crypto_max_sharpe
2022-03-06,-0.04010115148215238,crypto_max_sharpe
2022-03-07,-0.02153004622095271,crypto_max_sharpe
2022-03-08,0.030683009156602308,crypto_max_sharpe
2022-03-09,0.06103587377071062,crypto_max_sharpe
2022-03-10,-0.04567622642694422,crypto_max_sharpe
2022-03-11,-0.018435724834207155,crypto_max_sharpe
2022-03-12,0.00572440832179744,crypto_max_sharpe
2022-03-13,-0.022041489071702898,crypto_max_sharpe
2022-03-14,0.02980102712598813,crypto_max_sharpe
2022-03-15,0.010045033390879183,crypto_max_sharpe
2022-03-16,0.05716102564598055,crypto_max_sharpe
2022-03-17,0.01408290814628779,crypto_max_sharpe
2022-03-18,0.04463070170052923,crypto_max_sharpe
2022-03-19,0.0009176400997743709,crypto_max_sharpe
2022-03-20,-0.028664244580972074,crypto_max_sharpe
2022-03-21,0.011953960986356947,crypto_max_sharpe
2022-03-22,0.026287184718251744,crypto_max_sharpe
2022-03-23,0.01902291850601758,crypto_max_sharpe
2022-03-24,0.025367972547428903,crypto_max_sharpe
2022-03-25,0.00017749288738933884,crypto_max_sharpe
2022-03-26,0.011190279595246209,crypto_max_sharpe
2022-03-27,0.04754419575663259,crypto_max_sharpe
2022-03-28,0.013208452774319281,crypto_max_sharpe
2022-03-29,0.018749179689918297,crypto_max_sharpe
2022-03-30,-0.005186046307154965,crypto_max_sharpe
2022-03-31,-0.03070067612701336,crypto_max_sharpe
2022-04-01,0.04904317042815914,crypto_max_sharpe
2022-04-02,-0.0014302269409991106,crypto_max_sharpe
2022-04-03,0.022532022717631,crypto_max_sharpe
2022-04-04,-0.0015545870167066342,crypto_max_sharpe
2022-04-05,-0.029901259989430395,crypto_max_sharpe
2022-04-06,-0.07028375714419131,crypto_max_sharpe
2022-04-07,0.02036511963882465,crypto_max_sharpe
2022-04-08,-0.014583225653081002,crypto_max_sharpe
2022-04-09,0.02131908366867127,crypto_max_sharpe
2022-04-10,-0.01496647234391023,crypto_max_sharpe
2022-04-11,-0.07244196882663438,crypto_max_sharpe
2022-04-12,0.017426880885701802,crypto_max_sharpe
2022-04-13,0.027879992340251174,crypto_max_sharpe
2022-04-14,-0.029402176912609806,crypto_max_sharpe
2022-04-15,0.011447521132910712,crypto_max_sharpe
2022-04-16,0.006312344736658285,crypto_max_sharpe
2022-04-17,-0.02336262499498707,crypto_max_sharpe
2022-04-18,0.021344291430111892,crypto_max_sharpe
2022-04-19,0.01484179561612305,crypto_max_sharpe
2022-04-20,-0.00976845507439485,crypto_max_sharpe
2022-04-21,-0.029081474981038774,crypto_max_sharpe
2022-04-22,-0.008277333774721559,crypto_max_sharpe
2022-04-23,-0.009435292509407228,crypto_max_sharpe
2022-04-24,-0.00568617838357279,crypto_max_sharpe
2022-04-25,0.027477027882352806,crypto_max_sharpe
2022-04-26,-0.06737504354830658,crypto_max_sharpe
2022-04-27,0.027973778122978694,crypto_max_sharpe
2022-04-28,0.014870714500832417,crypto_max_sharpe
2022-04-29,-0.04191125880142729,crypto_max_sharpe
2022-04-30,-0.030908762269188254,crypto_max_sharpe
2022-05-01,0.035737238600731774,crypto_max_sharpe
2022-05-02,0.010486865128902727,crypto_max_sharpe
2022-05-03,-0.025874505818675127,crypto_max_sharpe
2022-05-04,0.0564648084104727,crypto_max_sharpe
2022-05-05,-0.06509852608755548,crypto_max_sharpe
2022-05-06,-0.01972688030319757,crypto_max_sharpe
2022-05-07,-0.021850523755786135,crypto_max_sharpe
2022-05-08,-0.04500336515045189,crypto_max_sharpe
2022-05-09,-0.10805714698013384,crypto_max_sharpe
2022-05-10,0.04368007377831032,crypto_max_sharpe
2022-05-11,-0.11581014355526482,crypto_max_sharpe
2022-05-12,-0.053282488294059044,crypto_max_sharpe
2022-05-13,0.026872933410718593,crypto_max_sharpe
2022-05-14,0.020778065161833257,crypto_max_sharpe
2022-05-15,0.04349267877534671,crypto_max_sharpe
2022-05-16,-0.05731483709692381,crypto_max_sharpe
2022-05-17,0.033461392764142346,crypto_max_sharpe
2022-05-18,-0.0831191584146159,crypto_max_sharpe
2022-05-19,0.05305075450376642,crypto_max_sharpe
2022-05-20,-0.02825124393605741,crypto_max_sharpe
2022-05-21,0.006731520527228942,crypto_max_sharpe
2022-05-22,0.034768913056944885,crypto_max_sharpe
2022-05-23,-0.03474418451813725,crypto_max_sharpe
2022-05-24,0.003448415875253274,crypto_max_sharpe
2022-05-25,-0.017258819749310216,crypto_max_sharpe
2022-05-26,-0.0724560523674636,crypto_max_sharpe
2022-05-27,-0.04378840002928744,crypto_max_sharpe
2022-05-28,0.019142259532667145,crypto_max_sharpe
2022-05-29,0.03076850112203559,crypto_max_sharpe
2022-05-30,0.10176993535099804,crypto_max_sharpe
2022-05-31,-0.027104869889641843,crypto_max_sharpe
2022-06-01,-0.00851633971021948,crypto_max_sharpe
2022-06-02,0.008924915904946068,crypto_max_sharpe
2022-06-03,-0.03651199348035506,crypto_max_sharpe
2022-06-04,-0.009575553603478372,crypto_max_sharpe
2022-06-05,0.01317708995801857,crypto_max_sharpe
2022-06-06,0.0034263556344134747,crypto_max_sharpe
2022-06-07,0.003769744996903602,crypto_max_sharpe
2022-06-08,-0.016777864091887782,crypto_max_sharpe
2022-06-09,0.004204042995810327,crypto_max_sharpe
2022-06-10,-0.02509390743728506,crypto_max_sharpe
2022-06-11,-0.037963570827518146,crypto_max_sharpe
2022-06-12,0.006267465900107726,crypto_max_sharpe
2022-06-13,-0.16525123860314025,crypto_max_sharpe
2022-06-14,-0.12552909351544658,crypto_max_sharpe
2022-06-15,0.12811457007507202,crypto_max_sharpe
2022-06-16,-0.06106491700214202,crypto_max_sharpe
2022-06-17,0.013267871448294352,crypto_max_sharpe
2022-06-18,0.017520138991895397,crypto_max_sharpe
2022-06-19,0.009388895965015848,crypto_max_sharpe
2022-06-20,-0.005577667473292883,crypto_max_sharpe
2022-06-21,0.06040688099228968,crypto_max_sharpe
2022-06-22,-0.026539834684574038,crypto_max_sharpe
2022-06-23,0.009853533091909039,crypto_max_sharpe
2022-06-24,0.03378970820168069,crypto_max_sharpe
2022-06-25,-0.01497691033277022,crypto_max_sharpe
2022-06-26,0.0007701480956911722,crypto_max_sharpe
2022-06-27,0.03244874600312858,crypto_max_sharpe
2022-06-28,-0.015416255334360354,crypto_max_sharpe
2022-06-29,-0.018292497182254782,crypto_max_sharpe
2022-06-30,-0.0011568339800731825,crypto_max_sharpe
2022-07-01,0.0029186762025199325,crypto_max_sharpe
2022-07-02,-0.0027408509429554997,crypto_max_sharpe
2022-07-03,0.022851584856107044,crypto_max_sharpe
2022-07-04,0.014974489922158466,crypto_max_sharpe
2022-07-05,0.014218133416779884,crypto_max_sharpe
2022-07-06,-0.00891580802644507,crypto_max_sharpe
2022-07-07,0.0156542011515737,crypto_max_sharpe
2022-07-08,0.005506639248160405,crypto_max_sharpe
2022-07-09,0.011749922495481348,crypto_max_sharpe
2022-07-10,-0.03130325567728921,crypto_max_sharpe
2022-07-11,-0.04329832708605953,crypto_max_sharpe
2022-07-12,-0.0011434093422714386,crypto_max_sharpe
2022-07-13,0.024735456794090522,crypto_max_sharpe
2022-07-14,0.00964628778476186,crypto_max_sharpe
2022-07-15,0.0028258556827358687,crypto_max_sharpe
2022-07-16,0.027224929424934312,crypto_max_sharpe
2022-07-17,-0.021336190558892427,crypto_max_sharpe
2022-07-18,0.024485687630326235,crypto_max_sharpe
2022-07-19,0.0009264959728163608,crypto_max_sharpe
2022-07-20,-0.022229544954451973,crypto_max_sharpe
2022-07-21,0.006315993647637835,crypto_max_sharpe
2022-07-22,-0.01437548597649785,crypto_max_sharpe
2022-07-23,-0.001416803595087772,crypto_max_sharpe
2022-07-24,-0.0002239880895752343,crypto_max_sharpe
2022-07-25,-0.04614309156342881,crypto_max_sharpe
2022-07-26,0.023240140888373343,crypto_max_sharpe
2022-07-27,0.05090373027344775,crypto_max_sharpe
2022-07-28,0.015888785446275342,crypto_max_sharpe
2022-07-29,-0.0066804863491471975,crypto_max_sharpe
2022-07-30,-0.00212151769483394,crypto_max_sharpe
2022-07-31,-0.0028924973298035898,crypto_max_sharpe
2022-08-01,-0.03771362674816437,crypto_max_sharpe
2022-08-02,0.04231814869993577,crypto_max_sharpe
2022-08-03,-0.015241665358177392,crypto_max_sharpe
2022-08-04,-0.03335217056145956,crypto_max_sharpe
2022-08-05,0.09922749492462324,crypto_max_sharpe
2022-08-06,-0.010855094572901349,crypto_max_sharpe
2022-08-07,-0.0032315128243923788,crypto_max_sharpe
2022-08-08,0.007481817281771224,crypto_max_sharpe
2022-08-09,-0.04165058947903489,crypto_max_sharpe
2022-08-10,0.06331010122317894,crypto_max_sharpe
2022-08-11,0.09112905942611937,crypto_max_sharpe
2022-08-12,0.02810762051372051,crypto_max_sharpe
2022-08-13,0.0019042276910497,crypto_max_sharpe
2022-08-14,-0.044592959001860666,crypto_max_sharpe
2022-08-15,0.009580759883547115,crypto_max_sharpe
2022-08-16,-0.048698193157796436,crypto_max_sharpe
2022-08-17,0.006425488998786925,crypto_max_sharpe
2022-08-18,-0.015422537496979642,crypto_max_sharpe
2022-08-19,-0.16770785991580295,crypto_max_sharpe
2022-08-20,-0.002610777067225115,crypto_max_sharpe
2022-08-21,0.024841004773427332,crypto_max_sharpe
2022-08-22,0.010152523520609481,crypto_max_sharpe
2022-08-23,0.008457545541859403,crypto_max_sharpe
2022-08-24,0.029484841107094706,crypto_max_sharpe
2022-08-25,0.051649881143130516,crypto_max_sharpe
2022-08-26,-0.08741025297798978,crypto_max_sharpe
2022-08-27,-0.026516156550363434,crypto_max_sharpe
2022-08-28,-0.06419132144199358,crypto_max_sharpe
2022-08-29,0.08779453230308842,crypto_max_sharpe
2022-08-30,-0.03793446625625952,crypto_max_sharpe
2022-08-31,0.0033775378911813374,crypto_max_sharpe
2022-09-01,0.01536540315413704,crypto_max_sharpe
2022-09-02,-0.01356340553087465,crypto_max_sharpe
2022-09-03,-0.0066525411880206066,crypto_max_sharpe
2022-09-04,0.006225759079670603,crypto_max_sharpe
2022-09-05,0.21734620267723814,crypto_max_sharpe
2022-09-06,-0.12378078884445144,crypto_max_sharpe
2022-09-07,0.07636679928418943,crypto_max_sharpe
2022-09-08,-0.004032575527606713,crypto_max_sharpe
2022-09-09,0.057310563342131596,crypto_max_sharpe
2022-09-10,0.0029540362690008166,crypto_max_sharpe
2022-09-11,-0.02183662382953344,crypto_max_sharpe
2022-09-12,-0.003079269180967127,crypto_max_sharpe
2022-09-13,-0.059186149317162054,crypto_max_sharpe
2022-09-14,0.08926133870400421,crypto_max_sharpe
2022-09-15,-0.09488338092589466,crypto_max_sharpe
2022-09-16,-0.04335069004224468,crypto_max_sharpe
2022-09-17,0.011277586497009169,crypto_max_sharpe
2022-09-18,-0.1421599601907424,crypto_max_sharpe
2022-09-19,0.02980915669988038,crypto_max_sharpe
2022-09-20,-0.04128723001847179,crypto_max_sharpe
2022-09-21,-0.04294938850065355,crypto_max_sharpe
2022-09-22,0.025887440379298368,crypto_max_sharpe
2022-09-23,0.009999796840097554,crypto_max_sharpe
2022-09-24,-0.006731812387183793,crypto_max_sharpe
2022-09-25,-0.013922913810476615,crypto_max_sharpe
2022-09-26,0.004158259638217034,crypto_max_sharpe
2022-09-27,-0.010526778122594397,crypto_max_sharpe
2022-09-28,-0.01684129131769696,crypto_max_sharpe
2022-09-29,0.004981862392405172,crypto_max_sharpe
2022-09-30,-0.0029513638826588182,crypto_max_sharpe
2022-10-01,-0.006786777163540899,crypto_max_sharpe
2022-10-02,-0.01833599317140162,crypto_max_sharpe
2022-10-03,0.018281740002141566,crypto_max_sharpe
2022-10-04,0.017016443219950175,crypto_max_sharpe
2022-10-05,-0.009367857902938176,crypto_max_sharpe
2022-10-06,0.00660436355633555,crypto_max_sharpe
2022-10-07,-0.010894636210541575,crypto_max_sharpe
2022-10-08,-0.017359578758324206,crypto_max_sharpe
2022-10-09,0.0012372028264138954,crypto_max_sharpe
2022-10-10,-0.08690416700595295,crypto_max_sharpe
2022-10-11,-0.020295458833614145,crypto_max_sharpe
2022-10-12,0.0035589671755577655,crypto_max_sharpe
2022-10-13,-0.03118486119358762,crypto_max_sharpe
2022-10-14,0.012710520570750299,crypto_max_sharpe
2022-10-15,-0.018958912853756362,crypto_max_sharpe
2022-10-16,0.013296597931287523,crypto_max_sharpe
2022-10-17,0.02882396564685328,crypto_max_sharpe
2022-10-18,-0.016978691992996446,crypto_max_sharpe
2022-10-19,-0.0397824246456997,crypto_max_sharpe
2022-10-20,-0.024952682506787775,crypto_max_sharpe
2022-10-21,0.013379451658302781,crypto_max_sharpe
2022-10-22,0.04642044370624392,crypto_max_sharpe
2022-10-23,0.006884637373084253,crypto_max_sharpe
2022-10-24,-0.028576017201665277,crypto_max_sharpe
2022-10-25,0.081353685979417,crypto_max_sharpe
2022-10-26,0.028515867211987504,crypto_max_sharpe
2022-10-27,-0.024329486253368438,crypto_max_sharpe
2022-10-28,0.02565193362787104,crypto_max_sharpe
2022-10-29,0.013584732109112688,crypto_max_sharpe
2022-10-30,-0.04674274546395107,crypto_max_sharpe
2022-10-31,-0.008540118038772991,crypto_max_sharpe
2022-11-01,-0.00855015222237915,crypto_max_sharpe
2022-11-02,-0.032453242342144334,crypto_max_sharpe
2022-11-03,0.023851710490587315,crypto_max_sharpe
2022-11-04,0.051899558978730165,crypto_max_sharpe
2022-11-05,0.011308889181019539,crypto_max_sharpe
2022-11-06,-0.0358734353196661,crypto_max_sharpe
2022-11-07,-0.00018692511979554754,crypto_max_sharpe
2022-11-08,-0.09005213944405814,crypto_max_sharpe
2022-11-09,-0.12269955944994393,crypto_max_sharpe
2022-11-10,0.13425042903901688,crypto_max_sharpe
2022-11-11,-0.027516624245401283,crypto_max_sharpe
2022-11-12,-0.030599524861108295,crypto_max_sharpe
2022-11-13,-0.0508750670979661,crypto_max_sharpe
2022-11-14,0.00211794554648059,crypto_max_sharpe
2022-11-15,0.00970756629868807,crypto_max_sharpe
2022-11-16,-0.01899512002503982,crypto_max_sharpe
2022-11-17,-0.008390332143058506,crypto_max_sharpe
2022-11-18,0.0041995178267907034,crypto_max_sharpe
2022-11-19,0.01450922660497117,crypto_max_sharpe
2022-11-20,-0.05374978789048989,crypto_max_sharpe
2022-11-21,0.010542215252631803,crypto_max_sharpe
2022-11-22,0.002596997343588946,crypto_max_sharpe
2022-11-23,0.06080777797398288,crypto_max_sharpe
2022-11-24,0.008385426577859623,crypto_max_sharpe
2022-11-25,-0.002209035998207613,crypto_max_sharpe
2022-11-26,-0.00669767745435972,crypto_max_sharpe
2022-11-27,0.0033100513273567936,crypto_max_sharpe
2022-11-28,-0.013784993551784447,crypto_max_sharpe
2022-11-29,0.007457070362450244,crypto_max_sharpe
2022-11-30,0.03161087487538405,crypto_max_sharpe
2022-12-01,-0.008622418697799545,crypto_max_sharpe
2022-12-02,0.004930365263350567,crypto_max_sharpe
2022-12-03,-0.01438783077772539,crypto_max_sharpe
2022-12-04,-0.008277689769953233,crypto_max_sharpe
2022-12-05,0.0020866779521142966,crypto_max_sharpe
2022-12-06,0.006697275943059895,crypto_max_sharpe
2022-12-07,-0.010305188214220351,crypto_max_sharpe
2022-12-08,0.026040766847645867,crypto_max_sharpe
2022-12-09,0.002954554699220617,crypto_max_sharpe
2022-12-10,0.002506747585663922,crypto_max_sharpe
2022-12-11,-0.01531305730195294,crypto_max_sharpe
2022-12-12,-0.008266746009162457,crypto_max_sharpe
2022-12-13,0.0173441663471457,crypto_max_sharpe
2022-12-14,0.022651706192284588,crypto_max_sharpe
2022-12-15,0.0019401410505495234,crypto_max_sharpe
2022-12-16,-0.0505432275345272,crypto_max_sharpe
2022-12-17,0.036181639113612094,crypto_max_sharpe
2022-12-18,-0.01973722890978951,crypto_max_sharpe
2022-12-19,-0.002900279985478018,crypto_max_sharpe
2022-12-20,0.02522753430813819,crypto_max_sharpe
2022-12-21,-0.0025098367715171684,crypto_max_sharpe
2022-12-22,0.012853939776316702,crypto_max_sharpe
2022-12-23,-0.023689512816616354,crypto_max_sharpe
2022-12-24,0.009329642111524488,crypto_max_sharpe
2022-12-25,0.001315236642559536,crypto_max_sharpe
2022-12-26,-0.004779794727763249,crypto_max_sharpe
2022-12-27,-0.008175671010812811,crypto_max_sharpe
2022-12-28,0.000720808478728897,crypto_max_sharpe
2022-12-29,-0.0024194261931556956,crypto_max_sharpe
2022-12-30,0.006664885887726919,crypto_max_sharpe
2022-12-31,0.002317293153855596,crypto_max_sharpe
2023-01-01,0.005871604483253634,crypto_max_sharpe
2023-01-02,0.0061473404608105575,crypto_max_sharpe
2023-01-03,-0.0058741353391380535,crypto_max_sharpe
2023-01-04,-0.0018419578179974527,crypto_max_sharpe
2023-01-05,-0.019568052265690805,crypto_max_sharpe
2023-01-06,-0.02174762565764965,crypto_max_sharpe
2023-01-07,-0.009048664309506682,crypto_max_sharpe
2023-01-08,0.0345258406341451,crypto_max_sharpe
2023-01-09,0.015070137078777135,crypto_max_sharpe
2023-01-10,0.0028557876995038978,crypto_max_sharpe
2023-01-11,0.031105106677934202,crypto_max_sharpe
2023-01-12,0.011064678165608077,crypto_max_sharpe
2023-01-13,0.050778321577011454,crypto_max_sharpe
2023-01-14,0.0310609916891591,crypto_max_sharpe
2023-01-15,0.007773709944775886,crypto_max_sharpe
2023-01-16,0.0011867806318595076,crypto_max_sharpe
2023-01-17,-0.011276655695469207,crypto_max_sharpe
2023-01-18,-0.04411432680885485,crypto_max_sharpe
2023-01-19,0.01949054888225832,crypto_max_sharpe
2023-01-20,0.044519798419515366,crypto_max_sharpe
2023-01-21,-0.017491332301043716,crypto_max_sharpe
2023-01-22,-0.0008586054070899296,crypto_max_sharpe
2023-01-23,0.018547632608415965,crypto_max_sharpe
2023-01-24,-0.0416885279341932,crypto_max_sharpe
2023-01-25,0.0272074777079081,crypto_max_sharpe
2023-01-26,-0.0017948765058580785,crypto_max_sharpe
2023-01-27,0.029984993472549792,crypto_max_sharpe
2023-01-28,-0.0077066199568962546,crypto_max_sharpe
2023-01-29,0.011126626921262428,crypto_max_sharpe
2023-01-30,-0.02424994913741496,crypto_max_sharpe
2023-01-31,-0.00043377036335812136,crypto_max_sharpe
2023-02-01,0.06505817054444685,crypto_max_sharpe
2023-02-02,-0.01745696486389614,crypto_max_sharpe
2023-02-03,0.012977367744010374,crypto_max_sharpe
2023-02-04,-0.01356839822125411,crypto_max_sharpe
2023-02-05,-0.02186011214801144,crypto_max_sharpe
2023-02-06,-0.004108504899374656,crypto_max_sharpe
2023-02-07,0.05064633759502149,crypto_max_sharpe
2023-02-08,-0.01704237371351625,crypto_max_sharpe
2023-02-09,-0.07165935277710558,crypto_max_sharpe
2023-02-10,0.015535727451284178,crypto_max_sharpe
2023-02-11,0.009636212208593344,crypto_max_sharpe
2023-02-12,-0.02154824826711633,crypto_max_sharpe
2023-02-13,-0.013788372299263772,crypto_max_sharpe
2023-02-14,0.05010687812879124,crypto_max_sharpe
2023-02-15,0.0742805631208259,crypto_max_sharpe
2023-02-16,-0.03738596391487762,crypto_max_sharpe
2023-02-17,0.013716798704812823,crypto_max_sharpe
2023-02-18,-0.005160647799687391,crypto_max_sharpe
2023-02-19,-0.022322771620033943,crypto_max_sharpe
2023-02-20,-0.01663927496671277,crypto_max_sharpe
2023-02-21,-0.02325744692610156,crypto_max_sharpe
2023-02-22,0.016107710616136254,crypto_max_sharpe
2023-02-23,-0.005533897385007989,crypto_max_sharpe
2023-02-24,-0.03312734374955941,crypto_max_sharpe
2023-02-25,0.018659267968910816,crypto_max_sharpe
2023-02-26,0.02136069626324844,crypto_max_sharpe
2023-02-27,-0.012271667302745756,crypto_max_sharpe
2023-02-28,-0.0031237104315078356,crypto_max_sharpe
2023-03-01,0.042059584302637905,crypto_max_sharpe
2023-03-02,-0.025378374013351856,crypto_max_sharpe
2023-03-03,-0.0494268697824214,crypto_max_sharpe
2023-03-04,-0.013908910483985465,crypto_max_sharpe
2023-03-05,0.007434362001059957,crypto_max_sharpe
2023-03-06,-0.028130426835810463,crypto_max_sharpe
2023-03-07,-0.012822923932799714,crypto_max_sharpe
2023-03-08,-0.04076818087507673,crypto_max_sharpe
2023-03-09,-0.07311215791417304,crypto_max_sharpe
2023-03-10,-0.06475649707694675,crypto_max_sharpe
2023-03-11,-0.02863985893285114,crypto_max_sharpe
2023-03-12,0.0947522226466433,crypto_max_sharpe
2023-03-13,0.071501925648243,crypto_max_sharpe
2023-03-14,0.03158012202994854,crypto_max_sharpe
2023-03-15,-0.09392217470450871,crypto_max_sharpe
2023-03-16,0.03435117285183643,crypto_max_sharpe
2023-03-17,0.08157468648746781,crypto_max_sharpe
2023-03-18,-0.02945624861693087,crypto_max_sharpe
2023-03-19,0.017501674428568318,crypto_max_sharpe
2023-03-20,-0.07119636678013097,crypto_max_sharpe
2023-03-21,0.0549674621614409,crypto_max_sharpe
2023-03-22,0.05585926895338809,crypto_max_sharpe
2023-03-23,0.07262296505113254,crypto_max_sharpe
2023-03-24,9.502036301855027e-05,crypto_max_sharpe
2023-03-25,-0.022716501889439192,crypto_max_sharpe
2023-03-26,0.021227579041304127,crypto_max_sharpe
2023-03-27,-0.0457451111201388,crypto_max_sharpe
2023-03-28,-0.001204503492376207,crypto_max_sharpe
2023-03-29,0.024706950107140864,crypto_max_sharpe
2023-03-30,-0.024981407149677667,crypto_max_sharpe
2023-03-31,0.0070091828690841485,crypto_max_sharpe
2023-04-01,0.004656990415865175,crypto_max_sharpe
2023-04-02,0.004102108119445615,crypto_max_sharpe
2023-04-03,-0.016306155491976577,crypto_max_sharpe
2023-04-04,0.002217103571032606,crypto_max_sharpe
2023-04-05,0.002267652280863138,crypto_max_sharpe
2023-04-06,-0.01343629014562464,crypto_max_sharpe
2023-04-07,0.006091357679883525,crypto_max_sharpe
2023-04-08,-0.010535313124954582,crypto_max_sharpe
2023-04-09,0.004861250184765967,crypto_max_sharpe
2023-04-10,0.03079845658327142,crypto_max_sharpe
2023-04-11,0.0026005943609917624,crypto_max_sharpe
2023-04-12,-0.02027938530474949,crypto_max_sharpe
2023-04-13,0.017114862463285953,crypto_max_sharpe
2023-04-14,0.022323855416852226,crypto_max_sharpe
2023-04-15,1.2232944757011813e-05,crypto_max_sharpe
2023-04-16,0.02218000040250662,crypto_max_sharpe
2023-04-17,-0.017360754753176506,crypto_max_sharpe
2023-04-18,0.035748622410435665,crypto_max_sharpe
2023-04-19,-0.09820464629702905,crypto_max_sharpe
2023-04-20,-0.014575913537920543,crypto_max_sharpe
2023-04-21,-0.052831181555262376,crypto_max_sharpe
2023-04-22,0.03140487475046917,crypto_max_sharpe
2023-04-23,-0.007690515686616929,crypto_max_sharpe
2023-04-24,0.007509616369241922,crypto_max_sharpe
2023-04-25,0.02603326330858294,crypto_max_sharpe
2023-04-26,-0.025740649389632102,crypto_max_sharpe
2023-04-27,0.014004844714795444,crypto_max_sharpe
2023-04-28,0.011431598249838958,crypto_max_sharpe
2023-04-29,0.00774349415125645,crypto_max_sharpe
2023-04-30,-0.022086472584881934,crypto_max_sharpe
2023-05-01,-0.02386688748954463,crypto_max_sharpe
2023-05-02,0.015512338446579147,crypto_max_sharpe
2023-05-03,0.006100072606523873,crypto_max_sharpe
2023-05-04,-0.004656151572882547,crypto_max_sharpe
2023-05-05,0.009947182185378954,crypto_max_sharpe
2023-05-06,-0.04333303171351008,crypto_max_sharpe
2023-05-07,-0.007297218618471751,crypto_max_sharpe
2023-05-08,-0.05548338415690984,crypto_max_sharpe
2023-05-09,0.01685233307285503,crypto_max_sharpe
2023-05-10,0.008050047704061898,crypto_max_sharpe
2023-05-11,-0.008774690052310574,crypto_max_sharpe
2023-05-12,-0.002048229485010159,crypto_max_sharpe
2023-05-13,-0.003973663262033725,crypto_max_sharpe
2023-05-14,0.025327225796774742,crypto_max_sharpe
2023-05-15,0.029196476979950245,crypto_max_sharpe
2023-05-16,0.023742344705084753,crypto_max_sharpe
2023-05-17,0.03299179238396965,crypto_max_sharpe
2023-05-18,-0.021755587563087594,crypto_max_sharpe
2023-05-19,0.011111408513739712,crypto_max_sharpe
2023-05-20,0.006804558335132091,crypto_max_sharpe
2023-05-21,-0.007886578701351949,crypto_max_sharpe
2023-05-22,-0.006445636268140128,crypto_max_sharpe
2023-05-23,0.009092387944623801,crypto_max_sharpe
2023-05-24,-0.04891766155333296,crypto_max_sharpe
2023-05-25,0.005475125617098838,crypto_max_sharpe
2023-05-26,0.012527724554548775,crypto_max_sharpe
2023-05-27,0.011986260068707986,crypto_max_sharpe
2023-05-28,0.03396479286122238,crypto_max_sharpe
2023-05-29,-0.002529526465832427,crypto_max_sharpe
2023-05-30,0.01812545263836384,crypto_max_sharpe
2023-05-31,-0.01710711039251779,crypto_max_sharpe
2023-06-01,0.014578744217445953,crypto_max_sharpe
2023-06-02,0.01566403858713691,crypto_max_sharpe
2023-06-03,0.0005135122815007729,crypto_max_sharpe
2023-06-04,-0.009149892664125532,crypto_max_sharpe
2023-06-05,-0.06031943988912377,crypto_max_sharpe
2023-06-06,0.045015870738788086,crypto_max_sharpe
2023-06-07,-0.027222679060806065,crypto_max_sharpe
2023-06-08,0.00034155894304211206,crypto_max_sharpe
2023-06-09,0.004347179704224189,crypto_max_sharpe
2023-06-10,-0.0846040935133202,crypto_max_sharpe
2023-06-11,0.0040234988915183794,crypto_max_sharpe
2023-06-12,-0.0017242593500004478,crypto_max_sharpe
2023-06-13,-0.0004699537416457876,crypto_max_sharpe
2023-06-14,-0.044340818672177436,crypto_max_sharpe
2023-06-15,0.018342021295059633,crypto_max_sharpe
2023-06-16,0.02439587955410359,crypto_max_sharpe
2023-06-17,0.009402547508903271,crypto_max_sharpe
2023-06-18,-0.0009974316003150579,crypto_max_sharpe
2023-06-19,0.010430981400725889,crypto_max_sharpe
2023-06-20,0.04514128779020637,crypto_max_sharpe
2023-06-21,0.06014317787786949,crypto_max_sharpe
2023-06-22,0.004326909206906506,crypto_max_sharpe
2023-06-23,0.044832904791450905,crypto_max_sharpe
2023-06-24,-0.011059150163083094,crypto_max_sharpe
2023-06-25,-0.010098606715003022,crypto_max_sharpe
2023-06-26,-0.009342700168793192,crypto_max_sharpe
2023-06-27,0.010718550849404962,crypto_max_sharpe
2023-06-28,-0.0399127801367402,crypto_max_sharpe
2023-06-29,0.01677999799327698,crypto_max_sharpe
2023-06-30,0.15393874742466204,crypto_max_sharpe
2023-07-01,-0.03364817149365087,crypto_max_sharpe
2023-07-02,0.03106562088990982,crypto_max_sharpe
2023-07-03,-0.03341133407571888,crypto_max_sharpe
2023-07-04,-0.04455230216968781,crypto_max_sharpe
2023-07-05,-0.006164171841781885,crypto_max_sharpe
2023-07-06,-0.002953242754549173,crypto_max_sharpe
2023-07-07,0.009942923087332413,crypto_max_sharpe
2023-07-08,-0.01706289372611854,crypto_max_sharpe
2023-07-09,-0.022416862014462455,crypto_max_sharpe
2023-07-10,0.027725443038996822,crypto_max_sharpe
2023-07-11,-0.0006128840336628856,crypto_max_sharpe
2023-07-12,0.0194696005868538,crypto_max_sharpe
2023-07-13,-0.004022234076827121,crypto_max_sharpe
2023-07-14,-0.04260334287193433,crypto_max_sharpe
2023-07-15,-0.02988397626208201,crypto_max_sharpe
2023-07-16,-0.01359433561757835,crypto_max_sharpe
2023-07-17,-0.022570273666820677,crypto_max_sharpe
2023-07-18,0.002949135179932767,crypto_max_sharpe
2023-07-19,0.0017030302442819533,crypto_max_sharpe
2023-07-20,-0.00074765408114574,crypto_max_sharpe
2023-07-21,0.010331039234161966,crypto_max_sharpe
2023-07-22,-0.024515533005198428,crypto_max_sharpe
2023-07-23,0.03382599692572094,crypto_max_sharpe
2023-07-24,-0.04281979743043139,crypto_max_sharpe
2023-07-25,-0.0020905567788425897,crypto_max_sharpe
2023-07-26,0.01562706892896269,crypto_max_sharpe
2023-07-27,0.007194358695769527,crypto_max_sharpe
2023-07-28,-0.005315927515790075,crypto_max_sharpe
2023-07-29,0.008079289714831007,crypto_max_sharpe
2023-07-30,0.029281936774378077,crypto_max_sharpe
2023-07-31,-0.017021355081005198,crypto_max_sharpe
2023-08-01,0.007783054770249099,crypto_max_sharpe
2023-08-02,-0.030655523753774633,crypto_max_sharpe
2023-08-03,-0.006335466998018208,crypto_max_sharpe
2023-08-04,-0.005126416378927079,crypto_max_sharpe
2023-08-05,-0.00224434809140632,crypto_max_sharpe
2023-08-06,-0.0054835892571398455,crypto_max_sharpe
2023-08-07,0.01927527233173572,crypto_max_sharpe
2023-08-08,0.018219365649288752,crypto_max_sharpe
2023-08-09,-0.005564156947906627,crypto_max_sharpe
2023-08-10,-0.010852677963724135,crypto_max_sharpe
2023-08-11,-0.004068343788604092,crypto_max_sharpe
2023-08-12,-0.0007407085754094855,crypto_max_sharpe
2023-08-13,-0.0033681100431709157,crypto_max_sharpe
2023-08-14,0.006089063774179786,crypto_max_sharpe
2023-08-15,-0.011275963944550207,crypto_max_sharpe
2023-08-16,-0.03612914094944259,crypto_max_sharpe
2023-08-17,-0.08753914727857633,crypto_max_sharpe
2023-08-18,-0.010990195625284705,crypto_max_sharpe
2023-08-19,0.0039009264105777978,crypto_max_sharpe
2023-08-20,0.009407180508643994,crypto_max_sharpe
2023-08-21,-0.008425321939158745,crypto_max_sharpe
2023-08-22,-0.004641372646687736,crypto_max_sharpe
2023-08-23,0.02378555705964001,crypto_max_sharpe
2023-08-24,-0.008037335203010445,crypto_max_sharpe
2023-08-25,-0.003957656394063664,crypto_max_sharpe
2023-08-26,-0.0038589392713384895,crypto_max_sharpe
2023-08-27,0.012063811449452743,crypto_max_sharpe
2023-08-28,-0.00928278544634274,crypto_max_sharpe
2023-08-29,0.08577195425617319,crypto_max_sharpe
2023-08-30,-0.02147689606341192,crypto_max_sharpe
2023-08-31,-0.04431771487624094,crypto_max_sharpe
2023-09-01,-0.017368734160964842,crypto_max_sharpe
2023-09-02,-0.0033804227083415357,crypto_max_sharpe
2023-09-03,0.004657641376571579,crypto_max_sharpe
2023-09-04,-0.005311689673639956,crypto_max_sharpe
2023-09-05,-0.0035275107551925146,crypto_max_sharpe
2023-09-06,0.004072881820117105,crypto_max_sharpe
2023-09-07,0.009243652722905955,crypto_max_sharpe
2023-09-08,-0.005640555463168412,crypto_max_sharpe
2023-09-09,-0.0002909664251334708,crypto_max_sharpe
2023-09-10,-0.007956803933110202,crypto_max_sharpe
2023-09-11,-0.027920100766037813,crypto_max_sharpe
2023-09-12,0.044684733454319385,crypto_max_sharpe
2023-09-13,0.009599954188575333,crypto_max_sharpe
2023-09-14,0.0237987131674974,crypto_max_sharpe
2023-09-15,0.017609176870254907,crypto_max_sharpe
2023-09-16,-0.0048154731797785295,crypto_max_sharpe
2023-09-17,-0.00972384483409691,crypto_max_sharpe
2023-09-18,0.017935479991223517,crypto_max_sharpe
2023-09-19,0.012781575995190649,crypto_max_sharpe
2023-09-20,-0.005073890069842842,crypto_max_sharpe
2023-09-21,-0.024024035219092202,crypto_max_sharpe
2023-09-22,0.0005814399231636124,crypto_max_sharpe
2023-09-23,0.00023160837224568307,crypto_max_sharpe
2023-09-24,-0.011209547797747303,crypto_max_sharpe
2023-09-25,0.01156023136464285,crypto_max_sharpe
2023-09-26,0.003709028702682509,crypto_max_sharpe
2023-09-27,0.024078278753347775,crypto_max_sharpe
2023-09-28,0.029113057106465008,crypto_max_sharpe
2023-09-29,0.00046280994737374955,crypto_max_sharpe
2023-09-30,-0.0023500649690364026,crypto_max_sharpe
2023-10-01,0.021770461360145075,crypto_max_sharpe
2023-10-02,-0.012920939532788884,crypto_max_sharpe
2023-10-03,0.004841836352130298,crypto_max_sharpe
2023-10-04,-0.008611790563189057,crypto_max_sharpe
2023-10-05,-0.009042278900936635,crypto_max_sharpe
2023-10-06,-0.007060108901957146,crypto_max_sharpe
2023-10-07,0.004575399674558427,crypto_max_sharpe
2023-10-08,-0.00433986854992214,crypto_max_sharpe
2023-10-09,-0.028156960203973694,crypto_max_sharpe
2023-10-10,-0.008942948034288623,crypto_max_sharpe
2023-10-11,-0.000616484177072949,crypto_max_sharpe
2023-10-12,-0.009111891079980967,crypto_max_sharpe
2023-10-13,0.009697891991054574,crypto_max_sharpe
2023-10-14,-0.006741630537983073,crypto_max_sharpe
2023-10-15,0.012627938951283372,crypto_max_sharpe
2023-10-16,0.04139080095254066,crypto_max_sharpe
2023-10-17,-0.00966894098870754,crypto_max_sharpe
2023-10-18,0.004532969962809498,crypto_max_sharpe
2023-10-19,0.00998828841667189,crypto_max_sharpe
2023-10-20,0.02337366485030645,crypto_max_sharpe
2023-10-21,0.010331998980989158,crypto_max_sharpe
2023-10-22,-0.008138741795793322,crypto_max_sharpe
2023-10-23,0.038239654380933796,crypto_max_sharpe
2023-10-24,-0.008827311507975746,crypto_max_sharpe
2023-10-25,0.010257477890618337,crypto_max_sharpe
2023-10-26,-0.012802604636780601,crypto_max_sharpe
2023-10-27,-0.006117005875098743,crypto_max_sharpe
2023-10-28,0.011899733347365894,crypto_max_sharpe
2023-10-29,0.006703115665409816,crypto_max_sharpe
2023-10-30,0.00712479965113668,crypto_max_sharpe
2023-10-31,0.010869453670579992,crypto_max_sharpe
2023-11-01,0.021454368534931236,crypto_max_sharpe
2023-11-02,-0.01603813508458085,crypto_max_sharpe
2023-11-03,-0.0072970669374122134,crypto_max_sharpe
2023-11-04,0.007384886368700167,crypto_max_sharpe
2023-11-05,0.007948565838196123,crypto_max_sharpe
2023-11-06,0.010434529793086013,crypto_max_sharpe
2023-11-07,-0.0053143875094597386,crypto_max_sharpe
2023-11-08,0.011082257461166258,crypto_max_sharpe
2023-11-09,0.0015095441444192299,crypto_max_sharpe
2023-11-10,0.03607949020820352,crypto_max_sharpe
2023-11-11,0.00362604126323586,crypto_max_sharpe
2023-11-12,0.0009815373273823346,crypto_max_sharpe
2023-11-13,-0.008748841182283012,crypto_max_sharpe
2023-11-14,-0.036110144337308345,crypto_max_sharpe
2023-11-15,0.033406079969526895,crypto_max_sharpe
2023-11-16,-0.028238042863200863,crypto_max_sharpe
2023-11-17,0.004751583137070159,crypto_max_sharpe
2023-11-18,-0.004906141446837835,crypto_max_sharpe
2023-11-19,0.013117491554099331,crypto_max_sharpe
2023-11-20,-0.015505899481368064,crypto_max_sharpe
2023-11-21,-0.046415733696524304,crypto_max_sharpe
2023-11-22,0.04652925992703948,crypto_max_sharpe
2023-11-23,0.005282490328690711,crypto_max_sharpe
2023-11-24,0.01569425199946792,crypto_max_sharpe
2023-11-25,0.01893931976028039,crypto_max_sharpe
2023-11-26,-0.0076809462950484415,crypto_max_sharpe
2023-11-27,-0.030409283049636963,crypto_max_sharpe
2023-11-28,0.009349165559683199,crypto_max_sharpe
2023-11-29,0.0018203669616995465,crypto_max_sharpe
2023-11-30,-0.0031415773047254398,crypto_max_sharpe
2023-12-01,0.0001276220949450802,crypto_max_sharpe
2023-12-02,0.003233095584829328,crypto_max_sharpe
2023-12-03,0.00041015964526733224,crypto_max_sharpe
2023-12-04,0.019653763170438224,crypto_max_sharpe
2023-12-05,-0.0014973594446478133,crypto_max_sharpe
2023-12-06,0.005612137199855036,crypto_max_sharpe
2023-12-07,-0.0028447873991488738,crypto_max_sharpe
2023-12-08,0.024873342653729497,crypto_max_sharpe
2023-12-09,-0.0013605000171502601,crypto_max_sharpe
2023-12-10,0.007844826191692387,crypto_max_sharpe
2023-12-11,-0.04482037549101307,crypto_max_sharpe
2023-12-12,-0.0002612722438280992,crypto_max_sharpe
2023-12-13,0.007993515251390573,crypto_max_sharpe
2023-12-14,0.014633423463941217,crypto_max_sharpe
2023-12-15,-0.04164218188402696,crypto_max_sharpe
2023-12-16,0.011626771359329546,crypto_max_sharpe
2023-12-17,-0.00800041029891361,crypto_max_sharpe
2023-12-18,-0.008168667205922343,crypto_max_sharpe
2023-12-19,-0.004882070732392583,crypto_max_sharpe
2023-12-20,0.020828668140174054,crypto_max_sharpe
2023-12-21,0.018455399768645277,crypto_max_sharpe
2023-12-22,0.007298336807449924,crypto_max_sharpe
2023-12-23,0.009131980488347742,crypto_max_sharpe
2023-12-24,-0.005901549709163235,crypto_max_sharpe
2023-12-25,0.0016611507223526227,crypto_max_sharpe
2023-12-26,-0.02691985373158072,crypto_max_sharpe
2023-12-27,0.04246401853087664,crypto_max_sharpe
2023-12-28,0.0005473435414306274,crypto_max_sharpe
2023-12-29,-0.004424494146294862,crypto_max_sharpe
2023-12-30,0.012211815877250039,crypto_max_sharpe
2023-12-31,0.00612913813058716,crypto_max_sharpe
2020-10-01,-0.015215988184475625,crypto_risk_parity
2020-10-02,-0.021891144641811848,crypto_risk_parity
2020-10-03,0.004360856473343323,crypto_risk_parity
2020-10-04,0.017901887600500925,crypto_risk_parity
2020-10-05,0.0035915283931230893,crypto_risk_parity
2020-10-06,-0.009626353837821833,crypto_risk_parity
2020-10-07,0.002488163009460765,crypto_risk_parity
2020-10-08,0.015037245037404369,crypto_risk_parity
2020-10-09,0.023432526373623766,crypto_risk_parity
2020-10-10,0.01344768307528349,crypto_risk_parity
2020-10-11,0.01185566818473901,crypto_risk_parity
2020-10-12,0.011390327435422476,crypto_risk_parity
2020-10-13,-0.004764471088864997,crypto_risk_parity
2020-10-14,-0.005807592202763257,crypto_risk_parity
2020-10-15,-0.0048135694737722725,crypto_risk_parity
2020-10-16,-0.01863431033251186,crypto_risk_parity
2020-10-17,0.004269494322044054,crypto_risk_parity
2020-10-18,0.007325791861006192,crypto_risk_parity
2020-10-19,0.014997380707444352,crypto_risk_parity
2020-10-20,-0.022213425468937422,crypto_risk_parity
2020-10-21,0.05487930811621258,crypto_risk_parity
2020-10-22,0.027849155101306214,crypto_risk_parity
2020-10-23,-0.007714060513975308,crypto_risk_parity
2020-10-24,0.015767101727021362,crypto_risk_parity
2020-10-25,-0.008168543358127035,crypto_risk_parity
2020-10-26,-0.022532438611657046,crypto_risk_parity
2020-10-27,0.015420105915731465,crypto_risk_parity
2020-10-28,-0.023111708865827422,crypto_risk_parity
2020-10-29,-0.008184334694409667,crypto_risk_parity
2020-10-30,-0.018665028500040506,crypto_risk_parity
2020-10-31,0.00840713084179785,crypto_risk_parity
2020-11-01,0.009479899135041459,crypto_risk_parity
2020-11-02,-0.03653268886625193,crypto_risk_parity
2020-11-03,-0.003299492704129769,crypto_risk_parity
2020-11-04,0.004323697240461588,crypto_risk_parity
2020-11-05,0.0487911580871629,crypto_risk_parity
2020-11-06,0.05615329796816908,crypto_risk_parity
2020-11-07,-0.043483015895242116,crypto_risk_parity
2020-11-08,0.033233010250257426,crypto_risk_parity
2020-11-09,-0.01958840785605889,crypto_risk_parity
2020-11-10,0.0004896625641006127,crypto_risk_parity
2020-11-11,0.010143437677480173,crypto_risk_parity
2020-11-12,0.0005386886858012813,crypto_risk_parity
2020-11-13,0.02863697628408397,crypto_risk_parity
2020-11-14,-0.015612969029313563,crypto_risk_parity
2020-11-15,-0.016525656529147486,crypto_risk_parity
2020-11-16,0.046549892129067176,crypto_risk_parity
2020-11-17,0.05204232760453974,crypto_risk_parity
2020-11-18,-0.009936278849795133,crypto_risk_parity
2020-11-19,0.005675267946849404,crypto_risk_parity
2020-11-20,0.05302752846407591,crypto_risk_parity
2020-11-21,0.14395623030867744,crypto_risk_parity
2020-11-22,-0.02676237164833182,crypto_risk_parity
2020-11-23,0.12948090591086445,crypto_risk_parity
2020-11-24,0.1091031730000655,crypto_risk_parity
2020-11-25,-0.05342953924272913,crypto_risk_parity
2020-11-26,-0.12392013507113163,crypto_risk_parity
2020-11-27,0.023913509429615953,crypto_risk_parity
2020-11-28,0.05253747523602772,crypto_risk_parity
2020-11-29,0.019677655309619613,crypto_risk_parity
2020-11-30,0.07097510416991822,crypto_risk_parity
2020-12-01,-0.06797176128702298,crypto_risk_parity
2020-12-02,0.02107460233857528,crypto_risk_parity
2020-12-03,0.015067967051520881,crypto_risk_parity
2020-12-04,-0.08152350861517088,crypto_risk_parity
2020-12-05,0.044238282876390825,crypto_risk_parity
2020-12-06,0.00936906866071846,crypto_risk_parity
2020-12-07,-0.015699276533872188,crypto_risk_parity
2020-12-08,-0.07034257497418472,crypto_risk_parity
2020-12-09,0.03684153008369282,crypto_risk_parity
2020-12-10,-0.027883689824153533,crypto_risk_parity
2020-12-11,-0.026937408161929844,crypto_risk_parity
2020-12-12,0.027620339836630238,crypto_risk_parity
2020-12-13,0.04034339937304879,crypto_risk_parity
2020-12-14,-0.004087447267204858,crypto_risk_parity
2020-12-15,-0.0036798828565478793,crypto_risk_parity
2020-12-16,0.10546735210971075,crypto_risk_parity
2020-12-17,0.00988891723490604,crypto_risk_parity
2020-12-18,0.015155018381917906,crypto_risk_parity
2020-12-19,0.013790445494300928,crypto_risk_parity
2020-12-20,-0.005575979395434139,crypto_risk_parity
2020-12-21,-0.06155292567046388,crypto_risk_parity
2020-12-22,0.0029169318350360067,crypto_risk_parity
2020-12-23,-0.16479064545891137,crypto_risk_parity
2020-12-24,0.1308872044601056,crypto_risk_parity
2020-12-25,0.025903573131794335,crypto_risk_parity
2020-12-26,-0.00216365678021806,crypto_risk_parity
2020-12-27,0.010300683386022629,crypto_risk_parity
2020-12-28,0.026982186027916962,crypto_risk_parity
2020-12-29,-0.021987362638587374,crypto_risk_parity
2020-12-30,-0.00791083225521614,crypto_risk_parity
2020-12-31,-0.010734631048652778,crypto_risk_parity
2021-01-01,0.011329133285298944,crypto_risk_parity
2021-01-02,0.020727162605252036,crypto_risk_parity
2021-01-03,0.11625440576667895,crypto_risk_parity
2021-01-04,0.04516079223322002,crypto_risk_parity
2021-01-05,0.045350216215896605,crypto_risk_parity
2021-01-06,0.17477270939392503,crypto_risk_parity
2021-01-07,0.012463243144315017,crypto_risk_parity
2021-01-08,-0.007003682538939727,crypto_risk_parity
2021-01-09,0.08814075491705675,crypto_risk_parity
2021-01-10,-0.026760593955873282,crypto_risk_parity
2021-01-11,-0.1287050223078924,crypto_risk_parity
2021-01-12,-0.01873015718865717,crypto_risk_parity
2021-01-13,0.0823859488799264,crypto_risk_parity
2021-01-14,0.01972143296946164,crypto_risk_parity
2021-01-15,-0.03879468771114989,crypto_risk_parity
2021-01-16,0.026781295053940557,crypto_risk_parity
2021-01-17,0.0029297359520326634,crypto_risk_parity
2021-01-18,0.02571838941912658,crypto_risk_parity
2021-01-19,0.009387901143479227,crypto_risk_parity
2021-01-20,-0.005889698947803779,crypto_risk_parity
2021-01-21,-0.12997330223040066,crypto_risk_parity
2021-01-22,0.060561232008807364,crypto_risk_parity
2021-01-23,-0.002104304596237206,crypto_risk_parity
2021-01-24,0.027888783873007285,crypto_risk_parity
2021-01-25,-0.02212862074143014,crypto_risk_parity
2021-01-26,-0.002506439651979331,crypto_risk_parity
2021-01-27,-0.07433293275748029,crypto_risk_parity
2021-01-28,0.09385199353492835,crypto_risk_parity
2021-01-29,0.02826646477641599,crypto_risk_parity
2021-01-30,0.07294494996215131,crypto_risk_parity
2021-01-31,-0.016892319482285013,crypto_risk_parity
2021-02-01,0.018638160220836718,crypto_risk_parity
2021-02-02,0.04105192217355688,crypto_risk_parity
2021-02-03,0.0470529366919517,crypto_risk_parity
2021-02-04,-0.01763156392605624,crypto_risk_parity
2021-02-05,0.08420520824667654,crypto_risk_parity
2021-02-06,0.022245494679363112,crypto_risk_parity
2021-02-07,-0.0031776159818694078,crypto_risk_parity
2021-02-08,0.08091486208561834,crypto_risk_parity
2021-02-09,0.06552021148361524,crypto_risk_parity
2021-02-10,0.04281518400419214,crypto_risk_parity
2021-02-11,0.07786914577868173,crypto_risk_parity
2021-02-12,0.0542892610980854,crypto_risk_parity
2021-02-13,0.09582165507240965,crypto_risk_parity
2021-02-14,-0.029392275423807512,crypto_risk_parity
2021-02-15,-0.0442129748696292,crypto_risk_parity
2021-02-16,-0.0022474451004349423,crypto_risk_parity
2021-02-17,0.04211707838283616,crypto_risk_parity
2021-02-18,0.002917706246099904,crypto_risk_parity
2021-02-19,0.04897981498578349,crypto_risk_parity
2021-02-20,-0.01729954056122604,crypto_risk_parity
2021-02-21,0.024297174916646205,crypto_risk_parity
2021-02-22,-0.0628095634120048,crypto_risk_parity
2021-02-23,-0.1578836306811806,crypto_risk_parity
2021-02-24,0.03967004054777338,crypto_risk_parity
2021-02-25,-0.052955858492939885,crypto_risk_parity
2021-02-26,0.0024429722756437854,crypto_risk_parity
2021-02-27,0.030875544497424058,crypto_risk_parity
2021-02-28,-0.04371588305482724,crypto_risk_parity
2021-03-01,0.06607202453353704,crypto_risk_parity
2021-03-02,-0.016013865689389763,crypto_risk_parity
2021-03-03,0.03318617359233237,crypto_risk_parity
2021-03-04,-0.01542651063180949,crypto_risk_parity
2021-03-05,-0.008545836651957895,crypto_risk_parity
2021-03-06,0.009728254619080624,crypto_risk_parity
2021-03-07,0.02838376823354283,crypto_risk_parity
2021-03-08,0.017667051426591487,crypto_risk_parity
2021-03-09,0.042932909720223386,crypto_risk_parity
2021-03-10,-0.028226124243624442,crypto_risk_parity
2021-03-11,0.002394047305571456,crypto_risk_parity
2021-03-12,-0.02008021082531,crypto_risk_parity
2021-03-13,0.07880501646479617,crypto_risk_parity
2021-03-14,-0.04799197369537732,crypto_risk_parity
2021-03-15,-0.03623773511569324,crypto_risk_parity
2021-03-16,0.043132536555067456,crypto_risk_parity
2021-03-17,0.03066081182372897,crypto_risk_parity
2021-03-18,-0.022914980388912386,crypto_risk_parity
2021-03-19,0.01919439950074763,crypto_risk_parity
2021-03-20,0.018270072796562908,crypto_risk_parity
2021-03-21,-0.016144502509962688,crypto_risk_parity
2021-03-22,-0.02999483570511283,crypto_risk_parity
2021-03-23,0.0071142261876033334,crypto_risk_parity
2021-03-24,-0.0667762833825415,crypto_risk_parity
2021-03-25,-0.0010923526180134256,crypto_risk_parity
2021-03-26,0.08749287264445915,crypto_risk_parity
2021-03-27,-0.008717834840823146,crypto_risk_parity
2021-03-28,0.004100426246299149,crypto_risk_parity
2021-03-29,0.037739657887588596,crypto_risk_parity
2021-03-30,0.013383750136438466,crypto_risk_parity
2021-03-31,0.06639746310842415,crypto_risk_parity
2021-04-01,0.028439295434994006,crypto_risk_parity
2021-04-02,0.053509068979526064,crypto_risk_parity
2021-04-03,-0.05050095907334437,crypto_risk_parity
2021-04-04,0.08008234444670535,crypto_risk_parity
2021-04-05,0.11247232939496452,crypto_risk_parity
2021-04-06,0.034239733482870995,crypto_risk_parity
2021-04-07,-0.07683383516515306,crypto_risk_parity
2021-04-08,0.06650800161559936,crypto_risk_parity
2021-04-09,-0.026439087808186844,crypto_risk_parity
2021-04-10,0.1020844027159667,crypto_risk_parity
2021-04-11,0.011341727386061918,crypto_risk_parity
2021-04-12,0.0011626642882354276,crypto_risk_parity
2021-04-13,0.10969981126458486,crypto_risk_parity
2021-04-14,0.02628859256885361,crypto_risk_parity
2021-04-15,0.06091149109383391,crypto_risk_parity
2021-04-16,0.05065662411454963,crypto_risk_parity
2021-04-17,-0.03176555482050418,crypto_risk_parity
2021-04-18,-0.07403361917153414,crypto_risk_parity
2021-04-19,-0.06293211235912945,crypto_risk_parity
2021-04-20,0.03341952255413645,crypto_risk_parity
2021-04-21,-0.04142399100162268,crypto_risk_parity
2021-04-22,-0.04904992826934678,crypto_risk_parity
2021-04-23,-0.016415494666891486,crypto_risk_parity
2021-04-24,-0.06806209030471672,crypto_risk_parity
2021-04-25,-0.009028471809759443,crypto_risk_parity
2021-04-26,0.15086850243841624,crypto_risk_parity
2021-04-27,0.0428384009368606,crypto_risk_parity
2021-04-28,0.0015703408166000028,crypto_risk_parity
2021-04-29,-0.010431513593727104,crypto_risk_parity
2021-04-30,0.07615810292228212,crypto_risk_parity
2021-05-01,0.03980355255574375,crypto_risk_parity
2021-05-02,-0.014599904851997025,crypto_risk_parity
2021-05-03,0.055476102519817626,crypto_risk_parity
2021-05-04,-0.02231980604804191,crypto_risk_parity
2021-05-05,0.23237817771357977,crypto_risk_parity
2021-05-06,0.09504982199971371,crypto_risk_parity
2021-05-07,-0.03738328711875315,crypto_risk_parity
2021-05-08,0.01505247076056373,crypto_risk_parity
2021-05-09,0.01695799459749009,crypto_risk_parity
2021-05-10,-0.06333573003276818,crypto_risk_parity
2021-05-11,0.12326469466551515,crypto_risk_parity
2021-05-12,-0.17908713683757882,crypto_risk_parity
2021-05-13,0.06210183470583304,crypto_risk_parity
2021-05-14,0.053756397032244094,crypto_risk_parity
2021-05-15,-0.03983153713712914,crypto_risk_parity
2021-05-16,0.0028746940214076752,crypto_risk_parity
2021-05-17,-0.06620591298990389,crypto_risk_parity
2021-05-18,0.017080083792776656,crypto_risk_parity
2021-05-19,-0.303373487313533,crypto_risk_parity
2021-05-20,0.14700206982203626,crypto_risk_parity
2021-05-21,-0.1408603473018848,crypto_risk_parity
2021-05-22,-0.06160251327788788,crypto_risk_parity
2021-05-23,-0.11290738224342237,crypto_risk_parity
2021-05-24,0.25292356727981136,crypto_risk_parity
2021-05-25,0.0028286933522609584,crypto_risk_parity
2021-05-26,0.07066872279801244,crypto_risk_parity
2021-05-27,-0.03622452964270197,crypto_risk_parity
2021-05-28,-0.08364161267040388,crypto_risk_parity
2021-05-29,-0.05675666284012571,crypto_risk_parity
2021-05-30,0.04599013554369838,crypto_risk_parity
2021-05-31,0.09017948488864361,crypto_risk_parity
2021-06-01,-0.019186745025294896,crypto_risk_parity
2021-06-02,0.015686303567012748,crypto_risk_parity
2021-06-03,0.03417599714809401,crypto_risk_parity
2021-06-04,-0.07013513415978842,crypto_risk_parity
2021-06-05,-0.03151695830923769,crypto_risk_parity
2021-06-06,0.017874280878071483,crypto_risk_parity
2021-06-07,-0.08261493454301595,crypto_risk_parity
2021-06-08,-0.0010986656821033386,crypto_risk_parity
2021-06-09,0.05692371448042062,crypto_risk_parity
2021-06-10,-0.046790220968375595,crypto_risk_parity
2021-06-11,-0.03461216578807621,crypto_risk_parity
2021-06-12,-0.00610877120759048,crypto_risk_parity
2021-06-13,0.06060711073488845,crypto_risk_parity
2021-06-14,0.012104542324334045,crypto_risk_parity
2021-06-15,0.01250313104435552,crypto_risk_parity
2021-06-16,-0.0697520672369448,crypto_risk_parity
2021-06-17,0.0097207607704191,crypto_risk_parity
2021-06-18,-0.05772062088488967,crypto_risk_parity
2021-06-19,-0.020498713298390713,crypto_risk_parity
2021-06-20,0.011456111133318937,crypto_risk_parity
2021-06-21,-0.19019405150636529,crypto_risk_parity
2021-06-22,-0.034837352458124686,crypto_risk_parity
2021-06-23,0.08559700466060852,crypto_risk_parity
2021-06-24,0.06135694304332536,crypto_risk_parity
2021-06-25,-0.08057487382765757,crypto_risk_parity
2021-06-26,0.011936020786419109,crypto_risk_parity
2021-06-27,0.05340874980562807,crypto_risk_parity
2021-06-28,0.018891398769319223,crypto_risk_parity
2021-06-29,0.07656251270863892,crypto_risk_parity
2021-06-30,0.010229283835137904,crypto_risk_parity
2021-07-01,-0.052857881690813346,crypto_risk_parity
2021-07-02,0.006644821951439307,crypto_risk_parity
2021-07-03,0.022742221109748106,crypto_risk_parity
2021-07-04,0.021951839457896506,crypto_risk_parity
2021-07-05,-0.04758275314865554,crypto_risk_parity
2021-07-06,0.018173860759549767,crypto_risk_parity
2021-07-07,-0.013567803826577629,crypto_risk_parity
2021-07-08,-0.04999297514892137,crypto_risk_parity
2021-07-09,0.03256800205560833,crypto_risk_parity
2021-07-10,-0.016060178710146155,crypto_risk_parity
2021-07-11,0.011050896895787088,crypto_risk_parity
2021-07-12,-0.021458439480235236,crypto_risk_parity
2021-07-13,-0.03272991619051569,crypto_risk_parity
2021-07-14,0.005343652094854679,crypto_risk_parity
2021-07-15,-0.033657562374154494,crypto_risk_parity
2021-07-16,-0.02451103417517737,crypto_risk_parity
2021-07-17,-0.0020961608637220745,crypto_risk_parity
2021-07-18,0.002949834020844977,crypto_risk_parity
2021-07-19,-0.04843102623361849,crypto_risk_parity
2021-07-20,-0.039675775806226554,crypto_risk_parity
2021-07-21,0.08404642491288189,crypto_risk_parity
2021-07-22,0.035105539490129026,crypto_risk_parity
2021-07-23,0.03023078239134263,crypto_risk_parity
2021-07-24,0.020878573175351613,crypto_risk_parity
2021-07-25,-0.0013191821921649028,crypto_risk_parity
2021-07-26,0.024043643109556534,crypto_risk_parity
2021-07-27,0.02664427959607967,crypto_risk_parity
2021-07-28,0.025869776100008457,crypto_risk_parity
2021-07-29,0.018439540828283675,crypto_risk_parity
2021-07-30,0.02907854641851262,crypto_risk_parity
2021-07-31,0.004980914127726711,crypto_risk_parity
2021-08-01,-0.022758807451950844,crypto_risk_parity
2021-08-02,0.010486102598031722,crypto_risk_parity
2021-08-03,-0.015388954950252167,crypto_risk_parity
2021-08-04,0.03586243098793669,crypto_risk_parity
2021-08-05,0.0162912139985419,crypto_risk_parity
2021-08-06,0.022413974415808856,crypto_risk_parity
2021-08-07,0.07056124046525344,crypto_risk_parity
2021-08-08,-0.04486792663548495,crypto_risk_parity
2021-08-09,0.053636190115404374,crypto_risk_parity
2021-08-10,0.019223181862006014,crypto_risk_parity
2021-08-11,0.06307775869864235,crypto_risk_parity
2021-08-12,-0.02182670386777582,crypto_risk_parity
2021-08-13,0.10036157544278566,crypto_risk_parity
2021-08-14,0.0461467226724572,crypto_risk_parity
2021-08-15,0.018995419510658654,crypto_risk_parity
2021-08-16,-0.04406572804376266,crypto_risk_parity
2021-08-17,-0.06500531543194384,crypto_risk_parity
2021-08-18,0.013070150055442398,crypto_risk_parity
2021-08-19,0.061922290088710884,crypto_risk_parity
2021-08-20,0.038683251853805764,crypto_risk_parity
2021-08-21,-0.02392748511978322,crypto_risk_parity
2021-08-22,0.018669111161964912,crypto_risk_parity
2021-08-23,0.020878861569260023,crypto_risk_parity
2021-08-24,-0.06750241932459833,crypto_risk_parity
2021-08-25,0.02174154514931408,crypto_risk_parity
2021-08-26,-0.06146006562904986,crypto_risk_parity
2021-08-27,0.07269710012304198,crypto_risk_parity
2021-08-28,-0.010523062092153711,crypto_risk_parity
2021-08-29,-4.223090773590736e-05,crypto_risk_parity
2021-08-30,-0.03427301946401956,crypto_risk_parity
2021-08-31,0.033926461457846724,crypto_risk_parity
2021-09-01,0.05544915718852715,crypto_risk_parity
2021-09-02,0.011792504731032993,crypto_risk_parity
2021-09-03,0.04657082039539469,crypto_risk_parity
2021-09-04,-0.010212329589721382,crypto_risk_parity
2021-09-05,0.056626714700174774,crypto_risk_parity
2021-09-06,0.006357202425683395,crypto_risk_parity
2021-09-07,-0.16764027258755143,crypto_risk_parity
2021-09-08,0.0004307836574903973,crypto_risk_parity
2021-09-09,0.0026730099125002794,crypto_risk_parity
2021-09-10,-0.042101786452271174,crypto_risk_parity
2021-09-11,0.0297849708151881,crypto_risk_parity
2021-09-12,0.039008980675526675,crypto_risk_parity
2021-09-13,-0.043186748837215544,crypto_risk_parity
2021-09-14,0.03937859648466578,crypto_risk_parity
2021-09-15,0.03376179967933306,crypto_risk_parity
2021-09-16,-0.02260339800954957,crypto_risk_parity
2021-09-17,-0.02821032375523107,crypto_risk_parity
2021-09-18,0.014642044853208726,crypto_risk_parity
2021-09-19,-0.03591036263566109,crypto_risk_parity
2021-09-20,-0.11422485591169482,crypto_risk_parity
2021-09-21,-0.05343634371662164,crypto_risk_parity
2021-09-22,0.10935609613773783,crypto_risk_parity
2021-09-23,0.01626576948492713,crypto_risk_parity
2021-09-24,-0.062483391070832464,crypto_risk_parity
2021-09-25,-0.004266625386774614,crypto_risk_parity
2021-09-26,-0.006350457317357294,crypto_risk_parity
2021-09-27,-0.031077363869180544,crypto_risk_parity
2021-09-28,-0.032985894716289745,crypto_risk_parity
2021-09-29,0.025201653417809954,crypto_risk_parity
2021-09-30,0.03985386657347911,crypto_risk_parity
2021-10-01,0.08583803887920277,crypto_risk_parity
2021-10-02,0.013146846189772722,crypto_risk_parity
2021-10-03,0.016058019141841507,crypto_risk_parity
2021-10-04,-0.0148396687445018,crypto_risk_parity
2021-10-05,0.03911206691222191,crypto_risk_parity
2021-10-06,0.02631207745706715,crypto_risk_parity
2021-10-07,-0.00638939697911447,crypto_risk_parity
2021-10-08,-0.00968783863579299,crypto_risk_parity
2021-10-09,0.039018902838405284,crypto_risk_parity
2021-10-10,-0.039372271971353526,crypto_risk_parity
2021-10-11,0.01616616745924252,crypto_risk_parity
2021-10-12,-0.02450992776943369,crypto_risk_parity
2021-10-13,0.03190285056564601,crypto_risk_parity
2021-10-14,0.008162714258494453,crypto_risk_parity
2021-10-15,0.021102700113018336,crypto_risk_parity
2021-10-16,0.0027205761676233446,crypto_risk_parity
2021-10-17,-0.015497446977474585,crypto_risk_parity
2021-10-18,-0.005306693572157262,crypto_risk_parity
2021-10-19,0.01297720783032219,crypto_risk_parity
2021-10-20,0.051224364064108824,crypto_risk_parity
2021-10-21,-0.03443029998749984,crypto_risk_parity
2021-10-22,-0.00945471394014179,crypto_risk_parity
2021-10-23,0.01937153573278119,crypto_risk_parity
2021-10-24,-0.014741306991866012,crypto_risk_parity
2021-10-25,0.018419186895322206,crypto_risk_parity
2021-10-26,-0.012946919667983725,crypto_risk_parity
2021-10-27,-0.09185131642847817,crypto_risk_parity
2021-10-28,0.056729009743049105,crypto_risk_parity
2021-10-29,0.029088612824405093,crypto_risk_parity
2021-10-30,-0.010681812392085377,crypto_risk_parity
2021-10-31,0.01469324365427357,crypto_risk_parity
2021-11-01,-0.004326641926342823,crypto_risk_parity
2021-11-02,0.033065335844914154,crypto_risk_parity
2021-11-03,0.01674063604824131,crypto_risk_parity
2021-11-04,-0.02555910524069758,crypto_risk_parity
2021-11-05,-0.010200996638369953,crypto_risk_parity
2021-11-06,-0.004239194414665415,crypto_risk_parity
2021-11-07,0.02388636074803092,crypto_risk_parity
2021-11-08,0.060246401128590546,crypto_risk_parity
2021-11-09,0.05803352156635903,crypto_risk_parity
2021-11-10,-0.052120905365666895,crypto_risk_parity
2021-11-11,0.011579788077556885,crypto_risk_parity
2021-11-12,-0.021045339029769496,crypto_risk_parity
2021-11-13,0.012155992174102794,crypto_risk_parity
2021-11-14,0.011670347080749632,crypto_risk_parity
2021-11-15,-0.01491336715278626,crypto_risk_parity
2021-11-16,-0.08539536762425981,crypto_risk_parity
2021-11-17,0.005029029807759611,crypto_risk_parity
2021-11-18,-0.0665955079971689,crypto_risk_parity
2021-11-19,0.05018993784126556,crypto_risk_parity
2021-11-20,0.015769369693102133,crypto_risk_parity
2021-11-21,-0.01876418665940255,crypto_risk_parity
2021-11-22,-0.03659805229489672,crypto_risk_parity
2021-11-23,0.02241482154078316,crypto_risk_parity
2021-11-24,-0.024994581710023545,crypto_risk_parity
2021-11-25,0.009420096135543756,crypto_risk_parity
2021-11-26,-0.06649545894871835,crypto_risk_parity
2021-11-27,0.01136172499470266,crypto_risk_parity
2021-11-28,0.021529982658934313,crypto_risk_parity
2021-11-29,0.01799870615317625,crypto_risk_parity
2021-11-30,0.002987059510877522,crypto_risk_parity
2021-12-01,-0.004816033852340695,crypto_risk_parity
2021-12-02,0.002977147809847014,crypto_risk_parity
2021-12-03,-0.054804135310390995,crypto_risk_parity
2021-12-04,-0.09966679308991833,crypto_risk_parity
2021-12-05,-0.02515355579184542,crypto_risk_parity
2021-12-06,0.040040442806494346,crypto_risk_parity
2021-12-07,-0.005612405331474191,crypto_risk_parity
2021-12-08,0.03731739189615066,crypto_risk_parity
2021-12-09,-0.06974011815598742,crypto_risk_parity
2021-12-10,-0.03764782144196946,crypto_risk_parity
2021-12-11,0.062185845911676044,crypto_risk_parity
2021-12-12,0.0005450006496776845,crypto_risk_parity
2021-12-13,-0.08065923921980628,crypto_risk_parity
2021-12-14,0.011911581619101386,crypto_risk_parity
2021-12-15,0.04872903431115066,crypto_risk_parity
2021-12-16,-0.03275391370957651,crypto_risk_parity
2021-12-17,-0.024771957522853386,crypto_risk_parity
2021-12-18,0.020225622720911683,crypto_risk_parity
2021-12-19,-0.002246589268154564,crypto_risk_parity
2021-12-20,0.0027239347357453153,crypto_risk_parity
2021-12-21,0.03319664389737751,crypto_risk_parity
2021-12-22,0.005615825220858106,crypto_risk_parity
2021-12-23,0.05288152119073466,crypto_risk_parity
2021-12-24,-0.025854589725139755,crypto_risk_parity
2021-12-25,0.012088707351344341,crypto_risk_parity
2021-12-26,-0.0019257207082916453,crypto_risk_parity
2021-12-27,0.006955401909512826,crypto_risk_parity
2021-12-28,-0.06626174340482957,crypto_risk_parity
2021-12-29,-0.028672470581785348,crypto_risk_parity
2021-12-30,0.016974196767416672,crypto_risk_parity
2021-12-31,-0.015267470914003978,crypto_risk_parity
2022-01-01,0.02912269050477836,crypto_risk_parity
2022-01-02,0.0155405561917645,crypto_risk_parity
2022-01-03,-0.020728701930202723,crypto_risk_parity
2022-01-04,-0.011764087452726647,crypto_risk_parity
2022-01-05,-0.06206812715046752,crypto_risk_parity
2022-01-06,-0.0008726027668847446,crypto_risk_parity
2022-01-07,-0.040404478130600344,crypto_risk_parity
2022-01-08,-0.020935419274153235,crypto_risk_parity
2022-01-09,0.00938373839620118,crypto_risk_parity
2022-01-10,-0.03018341787231781,crypto_risk_parity
2022-01-11,0.03416218451646136,crypto_risk_parity
2022-01-12,0.05390506305509349,crypto_risk_parity
2022-01-13,-0.034351553179315694,crypto_risk_parity
2022-01-14,0.025946966258798367,crypto_risk_parity
2022-01-15,0.008994754628404667,crypto_risk_parity
2022-01-16,0.006503905118192476,crypto_risk_parity
2022-01-17,0.00046937886742684986,crypto_risk_parity
2022-01-18,-0.015388287946141766,crypto_risk_parity
2022-01-19,-0.029012441761665654,crypto_risk_parity
2022-01-20,-0.04252286623358551,crypto_risk_parity
2022-01-21,-0.11571254110166601,crypto_risk_parity
2022-01-22,-0.05885921527965914,crypto_risk_parity
2022-01-23,0.03875242717376981,crypto_risk_parity
2022-01-24,-0.028662159065224815,crypto_risk_parity
2022-01-25,0.0004887591135445127,crypto_risk_parity
2022-01-26,0.005058996734153465,crypto_risk_parity
2022-01-27,-0.008704446363619856,crypto_risk_parity
2022-01-28,0.025426408633765198,crypto_risk_parity
2022-01-29,0.01476388779200053,crypto_risk_parity
2022-01-30,-0.01730228000829739,crypto_risk_parity
2022-01-31,0.014535726144460116,crypto_risk_parity
2022-02-01,0.02303368418225522,crypto_risk_parity
2022-02-02,-0.0392681340350189,crypto_risk_parity
2022-02-03,0.015430349548788726,crypto_risk_parity
2022-02-04,0.08722734863520698,crypto_risk_parity
2022-02-05,0.009422977778614994,crypto_risk_parity
2022-02-06,0.024600399059561774,crypto_risk_parity
2022-02-07,0.07049951598030697,crypto_risk_parity
2022-02-08,-0.0025026088809162687,crypto_risk_parity
2022-02-09,0.019764412626272824,crypto_risk_parity
2022-02-10,-0.026291180600430487,crypto_risk_parity
2022-02-11,-0.05987846010561805,crypto_risk_parity
2022-02-12,0.004881581624613972,crypto_risk_parity
2022-02-13,-0.0009595511905362898,crypto_risk_parity
2022-02-14,-0.004873680716226225,crypto_risk_parity
2022-02-15,0.05531791979116256,crypto_risk_parity
2022-02-16,-0.015403125009194408,crypto_risk_parity
2022-02-17,-0.07783500010761192,crypto_risk_parity
2022-02-18,-0.0078087634981973564,crypto_risk_parity
2022-02-19,0.005728448292466137,crypto_risk_parity
2022-02-20,-0.04326270437002944,crypto_risk_parity
2022-02-21,-0.0626345494325867,crypto_risk_parity
2022-02-22,0.039267972983908536,crypto_risk_parity
2022-02-23,-0.020894244531552655,crypto_risk_parity
2022-02-24,0.0018385094903915376,crypto_risk_parity
2022-02-25,0.0426568023198654,crypto_risk_parity
2022-02-26,0.0029045080698911763,crypto_risk_parity
2022-02-27,-0.04140870790385847,crypto_risk_parity
2022-02-28,0.1008640657054067,crypto_risk_parity
2022-03-01,0.003119622193887295,crypto_risk_parity
2022-03-02,-0.018961438742063776,crypto_risk_parity
2022-03-03,-0.01945143008743081,crypto_risk_parity
2022-03-04,-0.06963713259937182,crypto_risk_parity
2022-03-05,0.0252353977196617,crypto_risk_parity
2022-03-06,-0.03685028874198392,crypto_risk_parity
2022-03-07,-0.017777027863443554,crypto_risk_parity
2022-03-08,0.019149664845266434,crypto_risk_parity
2022-03-09,0.0614250133237116,crypto_risk_parity
2022-03-10,-0.04529719373610162,crypto_risk_parity
2022-03-11,0.007251389353312222,crypto_risk_parity
2022-03-12,-0.00031310085343255734,crypto_risk_parity
2022-03-13,-0.026829848389654964,crypto_risk_parity
2022-03-14,0.025832757715324076,crypto_risk_parity
2022-03-15,0.002887432540878421,crypto_risk_parity
2022-03-16,0.04154673098381621,crypto_risk_parity
2022-03-17,-0.0021367286149943324,crypto_risk_parity
2022-03-18,0.02287071412696635,crypto_risk_parity
2022-03-19,0.04889256616829628,crypto_risk_parity
2022-03-20,-0.000880754812955787,crypto_risk_parity
2022-03-21,0.023983811636451392,crypto_risk_parity
2022-03-22,0.06288462575961842,crypto_risk_parity
2022-03-23,0.012081167675711225,crypto_risk_parity
2022-03-24,0.02453322843609056,crypto_risk_parity
2022-03-25,-0.011489590412916785,crypto_risk_parity
2022-03-26,0.009594654493158007,crypto_risk_parity
2022-03-27,0.04254787545471064,crypto_risk_parity
2022-03-28,0.004451770657822229,crypto_risk_parity
2022-03-29,0.013999177555741139,crypto_risk_parity
2022-03-30,0.009501167971384695,crypto_risk_parity
2022-03-31,-0.03077250341725826,crypto_risk_parity
2022-04-01,0.013142468892550918,crypto_risk_parity
2022-04-02,-0.010246088629816432,crypto_risk_parity
2022-04-03,0.019144810628382403,crypto_risk_parity
2022-04-04,-0.006553388346854017,crypto_risk_parity
2022-04-05,-0.028460521862655356,crypto_risk_parity
2022-04-06,-0.09165544300198733,crypto_risk_parity
2022-04-07,0.0361365525133895,crypto_risk_parity
2022-04-08,-0.041862478758459706,crypto_risk_parity
2022-04-09,0.01842106310011493,crypto_risk_parity
2022-04-10,-0.01700182837889297,crypto_risk_parity
2022-04-11,-0.08038746598850147,crypto_risk_parity
2022-04-12,0.0283449435915488,crypto_risk_parity
2022-04-13,0.037169341846512015,crypto_risk_parity
2022-04-14,-0.023658564245833215,crypto_risk_parity
2022-04-15,0.031038335249899567,crypto_risk_parity
2022-04-16,0.01442141326466836,crypto_risk_parity
2022-04-17,-0.038583655169079335,crypto_risk_parity
2022-04-18,0.022289250330103764,crypto_risk_parity
2022-04-19,0.021499995707293638,crypto_risk_parity
2022-04-20,-0.012096637850906013,crypto_risk_parity
2022-04-21,-0.020877854849308077,crypto_risk_parity
2022-04-22,-0.011750225224195165,crypto_risk_parity
2022-04-23,-0.01286054767525191,crypto_risk_parity
2022-04-24,-0.013762498814561453,crypto_risk_parity
2022-04-25,0.01016629986165194,crypto_risk_parity
2022-04-26,-0.06831752801509475,crypto_risk_parity
2022-04-27,0.024420882858019202,crypto_risk_parity
2022-04-28,0.00891174348381466,crypto_risk_parity
2022-04-29,-0.03646867383836266,crypto_risk_parity
2022-04-30,-0.053359876819118274,crypto_risk_parity
2022-05-01,0.04733577045165834,crypto_risk_parity
2022-05-02,-0.0031505798137046906,crypto_risk_parity
2022-05-03,-0.010712090547274922,crypto_risk_parity
2022-05-04,0.09768777207422855,crypto_risk_parity
2022-05-05,-0.08792760957755685,crypto_risk_parity
2022-05-06,0.009911536356464601,crypto_risk_parity
2022-05-07,-0.025861551667197516,crypto_risk_parity
2022-05-08,-0.019123252337417542,crypto_risk_parity
2022-05-09,-0.13858540201932165,crypto_risk_parity
2022-05-10,0.03548752611899278,crypto_risk_parity
2022-05-11,-0.14409244004091043,crypto_risk_parity
2022-05-12,-0.04872558742882796,crypto_risk_parity
2022-05-13,0.06680643620759522,crypto_risk_parity
2022-05-14,0.021150943771016485,crypto_risk_parity
2022-05-15,0.041672055707046,crypto_risk_parity
2022-05-16,-0.05961559892154226,crypto_risk_parity
2022-05-17,0.04388035967930752,crypto_risk_parity
2022-05-18,-0.07934075845361611,crypto_risk_parity
2022-05-19,0.04750690560771123,crypto_risk_parity
2022-05-20,-0.031759637146683804,crypto_risk_parity
2022-05-21,0.01647804411295526,crypto_risk_parity
2022-05-22,0.03472782004763588,crypto_risk_parity
2022-05-23,-0.03280431624764311,crypto_risk_parity
2022-05-24,0.03203904359740626,crypto_risk_parity
2022-05-25,-0.009345323136245276,crypto_risk_parity
2022-05-26,-0.05070413016976659,crypto_risk_parity
2022-05-27,-0.02852164180232375,crypto_risk_parity
2022-05-28,0.01804435320543567,crypto_risk_parity
2022-05-29,0.02776182819934858,crypto_risk_parity
2022-05-30,0.08357793585561525,crypto_risk_parity
2022-05-31,0.011728387575256228,crypto_risk_parity
2022-06-01,-0.0710803050374161,crypto_risk_parity
2022-06-02,0.0241083992323192,crypto_risk_parity
2022-06-03,-0.02621997954174823,crypto_risk_parity
2022-06-04,0.007294771740642957,crypto_risk_parity
2022-06-05,-0.004211390828016737,crypto_risk_parity
2022-06-06,0.029201446111795717,crypto_risk_parity
2022-06-07,-0.011969793902402005,crypto_risk_parity
2022-06-08,-0.013612383477299806,crypto_risk_parity
2022-06-09,-0.006290799584613549,crypto_risk_parity
2022-06-10,-0.05238956967634552,crypto_risk_parity
2022-06-11,-0.059102995440087555,crypto_risk_parity
2022-06-12,-0.05806915079641411,crypto_risk_parity
2022-06-13,-0.12649945561716172,crypto_risk_parity
2022-06-14,0.011680498107776516,crypto_risk_parity
2022-06-15,0.06542525357596155,crypto_risk_parity
2022-06-16,-0.1071884006610222,crypto_risk_parity
2022-06-17,0.03646198203338853,crypto_risk_parity
2022-06-18,-0.04251541303837564,crypto_risk_parity
2022-06-19,0.07927452664115972,crypto_risk_parity
2022-06-20,0.001575741164027466,crypto_risk_parity
2022-06-21,0.005971368768382867,crypto_risk_parity
2022-06-22,-0.03599036081922781,crypto_risk_parity
2022-06-23,0.04734050407033799,crypto_risk_parity
2022-06-24,0.03819140914105865,crypto_risk_parity
2022-06-25,0.007753439427377806,crypto_risk_parity
2022-06-26,-0.021408985862141752,crypto_risk_parity
2022-06-27,-0.0067536758927389095,crypto_risk_parity
2022-06-28,-0.04316380056562889,crypto_risk_parity
2022-06-29,-0.014634249838758707,crypto_risk_parity
2022-06-30,-0.007364903002337221,crypto_risk_parity
2022-07-01,-0.022743101604300778,crypto_risk_parity
2022-07-02,0.010206534368909838,crypto_risk_parity
2022-07-03,0.006203747849250053,crypto_risk_parity
2022-07-04,0.034349280079586264,crypto_risk_parity
2022-07-05,-0.01903590126422474,crypto_risk_parity
2022-07-06,0.01714929107079264,crypto_risk_parity
2022-07-07,0.03818408898870451,crypto_risk_parity
2022-07-08,-0.009716256354324614,crypto_risk_parity
2022-07-09,0.014113331687002918,crypto_risk_parity
2022-07-10,-0.03991464143394159,crypto_risk_parity
2022-07-11,-0.055941769132582544,crypto_risk_parity
2022-07-12,-0.023506154582261487,crypto_risk_parity
2022-07-13,0.044277913752351544,crypto_risk_parity
2022-07-14,0.023188826061356818,crypto_risk_parity
2022-07-15,0.013295712298953433,crypto_risk_parity
2022-07-16,0.051540789955654635,crypto_risk_parity
2022-07-17,-0.0009481346380628376,crypto_risk_parity
2022-07-18,0.10792768941483928,crypto_risk_parity
2022-07-19,0.018286943077011585,crypto_risk_parity
2022-07-20,-0.036229629495596855,crypto_risk_parity
2022-07-21,0.02456125802960221,crypto_risk_parity
2022-07-22,-0.00778936000425042,crypto_risk_parity
2022-07-23,0.007536720936223895,crypto_risk_parity
2022-07-24,0.019692387162963055,crypto_risk_parity
2022-07-25,-0.07276478282443086,crypto_risk_parity
2022-07-26,0.00427972286266034,crypto_risk_parity
2022-07-27,0.10911298957386757,crypto_risk_parity
2022-07-28,0.07791692582964406,crypto_risk_parity
2022-07-29,-0.005829183344439626,crypto_risk_parity
2022-07-30,-0.004675670221653649,crypto_risk_parity
2022-07-31,-0.016465189612308164,crypto_risk_parity
2022-08-01,-0.012699082640371008,crypto_risk_parity
2022-08-02,-0.018731547141342078,crypto_risk_parity
2022-08-03,-0.005898263614123967,crypto_risk_parity
2022-08-04,0.0014520885855312201,crypto_risk_parity
2022-08-05,0.04574473649123466,crypto_risk_parity
2022-08-06,-0.009351144158146453,crypto_risk_parity
2022-08-07,0.006392427307688353,crypto_risk_parity
2022-08-08,0.022944762116980797,crypto_risk_parity
2022-08-09,-0.04364255068394754,crypto_risk_parity
2022-08-10,0.050017755892849645,crypto_risk_parity
2022-08-11,0.013045285139439911,crypto_risk_parity
2022-08-12,0.014118240519318504,crypto_risk_parity
2022-08-13,0.007878268833164916,crypto_risk_parity
2022-08-14,-0.012942023802462376,crypto_risk_parity
2022-08-15,-0.016734843725832005,crypto_risk_parity
2022-08-16,0.00209126616210481,crypto_risk_parity
2022-08-17,-0.006078541612463406,crypto_risk_parity
2022-08-18,-0.01733787946437029,crypto_risk_parity
2022-08-19,-0.10808945972908332,crypto_risk_parity
2022-08-20,0.014368971101450915,crypto_risk_parity
2022-08-21,0.031694698941254096,crypto_risk_parity
2022-08-22,0.021473569506181945,crypto_risk_parity
2022-08-23,0.014107231905767193,crypto_risk_parity
2022-08-24,-0.007648736420349412,crypto_risk_parity
2022-08-25,0.010942576991686858,crypto_risk_parity
2022-08-26,-0.0780335941700781,crypto_risk_parity
2022-08-27,0.0021792845693798697,crypto_risk_parity
2022-08-28,-0.033573061151733086,crypto_risk_parity
2022-08-29,0.04925487420357118,crypto_risk_parity
2022-08-30,-0.0268941958202499,crypto_risk_parity
2022-08-31,0.0032082975179153813,crypto_risk_parity
2022-09-01,0.02437063798841811,crypto_risk_parity
2022-09-02,0.004941360554689911,crypto_risk_parity
2022-09-03,0.002144406622791495,crypto_risk_parity
2022-09-04,0.00946666488626442,crypto_risk_parity
2022-09-05,0.031521784509391984,crypto_risk_parity
2022-09-06,-0.0711698190596358,crypto_risk_parity
2022-09-07,0.05776727663863668,crypto_risk_parity
2022-09-08,0.005849298003899805,crypto_risk_parity
2022-09-09,0.05861627705926811,crypto_risk_parity
2022-09-10,0.01834220726446272,crypto_risk_parity
2022-09-11,-0.011384277713285618,crypto_risk_parity
2022-09-12,-0.007453641423881053,crypto_risk_parity
2022-09-13,-0.07111080127953137,crypto_risk_parity
2022-09-14,0.02134357991808681,crypto_risk_parity
2022-09-15,-0.04826521767813677,crypto_risk_parity
2022-09-16,0.013050713012939598,crypto_risk_parity
2022-09-17,0.031041752444428392,crypto_risk_parity
2022-09-18,-0.07844006705083154,crypto_risk_parity
2022-09-19,0.02205062184171413,crypto_risk_parity
2022-09-20,0.00012092982397091633,crypto_risk_parity
2022-09-21,-0.039127276267486556,crypto_risk_parity
2022-09-22,0.06731721632356923,crypto_risk_parity
2022-09-23,0.011085161822327872,crypto_risk_parity
2022-09-24,-0.021096523709983696,crypto_risk_parity
2022-09-25,-0.013323073667573295,crypto_risk_parity
2022-09-26,0.0026776526631443354,crypto_risk_parity
2022-09-27,-0.01530393045398919,crypto_risk_parity
2022-09-28,-0.0012962799289126913,crypto_risk_parity
2022-09-29,0.026085138651090946,crypto_risk_parity
2022-09-30,-0.004491731472247418,crypto_risk_parity
2022-10-01,0.0008534505682332941,crypto_risk_parity
2022-10-02,-0.025340823712240203,crypto_risk_parity
2022-10-03,0.021773819619997272,crypto_risk_parity
2022-10-04,0.024596952998144017,crypto_risk_parity
2022-10-05,-0.004256612742547317,crypto_risk_parity
2022-10-06,-0.006072386991168043,crypto_risk_parity
2022-10-07,-0.004199723701290225,crypto_risk_parity
2022-10-08,-0.003162700746175518,crypto_risk_parity
2022-10-09,0.010305532644744566,crypto_risk_parity
2022-10-10,-0.04378364997925047,crypto_risk_parity
2022-10-11,-0.018113253905372405,crypto_risk_parity
2022-10-12,0.0017588610791762658,crypto_risk_parity
2022-10-13,-0.016872170705753243,crypto_risk_parity
2022-10-14,0.002402632020752704,crypto_risk_parity
2022-10-15,-0.007131151020167648,crypto_risk_parity
2022-10-16,0.011621146466186616,crypto_risk_parity
2022-10-17,0.011846976355508422,crypto_risk_parity
2022-10-18,-0.015818455509828577,crypto_risk_parity
2022-10-19,-0.02432465924149701,crypto_risk_parity
2022-10-20,-0.002619610516268812,crypto_risk_parity
2022-10-21,0.013255302797449076,crypto_risk_parity
2022-10-22,0.01085435584045934,crypto_risk_parity
2022-10-23,0.019051152137463643,crypto_risk_parity
2022-10-24,-0.020039312732326498,crypto_risk_parity
2022-10-25,0.053188844301937294,crypto_risk_parity
2022-10-26,0.02339555418738111,crypto_risk_parity
2022-10-27,-0.021055507328959756,crypto_risk_parity
2022-10-28,0.020022714690651533,crypto_risk_parity
2022-10-29,0.01645220704709567,crypto_risk_parity
2022-10-30,-0.02340182217984157,crypto_risk_parity
2022-10-31,0.0012976892075733605,crypto_risk_parity
2022-11-01,-0.004912792959008127,crypto_risk_parity
2022-11-02,-0.014486227815160459,crypto_risk_parity
2022-11-03,0.01588385757417907,crypto_risk_parity
2022-11-04,0.06850595053729581,crypto_risk_parity
2022-11-05,-0.00020999726714571176,crypto_risk_parity
2022-11-06,-0.03910438366190773,crypto_risk_parity
2022-11-07,0.00012663336940262873,crypto_risk_parity
2022-11-08,-0.1167796687963813,crypto_risk_parity
2022-11-09,-0.14533737478270545,crypto_risk_parity
2022-11-10,0.15718182435819014,crypto_risk_parity
2022-11-11,-0.017450224027057114,crypto_risk_parity
2022-11-12,-0.031724200843263994,crypto_risk_parity
2022-11-13,-0.03424062873727751,crypto_risk_parity
2022-11-14,0.023508344251123928,crypto_risk_parity
2022-11-15,0.014770586640126848,crypto_risk_parity
2022-11-16,-0.018455154464827005,crypto_risk_parity
2022-11-17,0.005198850055400294,crypto_risk_parity
2022-11-18,0.002262774809897816,crypto_risk_parity
2022-11-19,0.007957564572855102,crypto_risk_parity
2022-11-20,-0.04097185663900473,crypto_risk_parity
2022-11-21,-0.013766519939743083,crypto_risk_parity
2022-11-22,0.03818765204158874,crypto_risk_parity
2022-11-23,0.046008196482222014,crypto_risk_parity
2022-11-24,0.01047953732323903,crypto_risk_parity
2022-11-25,-0.006553732974283943,crypto_risk_parity
2022-11-26,-0.003913906244352328,crypto_risk_parity
2022-11-27,-0.0016151355296764704,crypto_risk_parity
2022-11-28,-0.017932822384435165,crypto_risk_parity
2022-11-29,0.016379010998877487,crypto_risk_parity
2022-11-30,0.034122282916634196,crypto_risk_parity
2022-12-01,-0.02010211654273666,crypto_risk_parity
2022-12-02,0.00869650707204106,crypto_risk_parity
2022-12-03,-0.019275456071140583,crypto_risk_parity
2022-12-04,0.011134860482354781,crypto_risk_parity
2022-12-05,-0.00187915914782929,crypto_risk_parity
2022-12-06,0.0064333272466877145,crypto_risk_parity
2022-12-07,-0.01939734123673914,crypto_risk_parity
2022-12-08,0.02164816239338476,crypto_risk_parity
2022-12-09,-0.005385923408072269,crypto_risk_parity
2022-12-10,-0.00041431654895387473,crypto_risk_parity
2022-12-11,-0.012363960479477366,crypto_risk_parity
2022-12-12,-0.0025423718663757037,crypto_risk_parity
2022-12-13,0.022912054945997573,crypto_risk_parity
2022-12-14,-0.010998918446365035,crypto_risk_parity
2022-12-15,-0.023407715499227398,crypto_risk_parity
2022-12-16,-0.08042107349128047,crypto_risk_parity
2022-12-17,0.014197022017520213,crypto_risk_parity
2022-12-18,-0.006549228491721327,crypto_risk_parity
2022-12-19,-0.030900155037951894,crypto_risk_parity
2022-12-20,0.03630442386762825,crypto_risk_parity
2022-12-21,-0.0035914987728285276,crypto_risk_parity
2022-12-22,0.006183164973579569,crypto_risk_parity
2022-12-23,-0.0010842824716702946,crypto_risk_parity
2022-12-24,-0.0009345266149806462,crypto_risk_parity
2022-12-25,0.0003434715730120663,crypto_risk_parity
2022-12-26,0.01605461149027626,crypto_risk_parity
2022-12-27,-0.011762568229070092,crypto_risk_parity
2022-12-28,-0.027080495320851317,crypto_risk_parity
2022-12-29,-0.0006051108231715065,crypto_risk_parity
2022-12-30,0.000411947255461742,crypto_risk_parity
2022-12-31,0.0012423581931927932,crypto_risk_parity
2023-01-01,0.0077556029142964444,crypto_risk_parity
2023-01-02,0.01900434961362503,crypto_risk_parity
2023-01-03,-0.0027050635667062563,crypto_risk_parity
2023-01-04,0.037039870961805214,crypto_risk_parity
2023-01-05,-0.014915270707060857,crypto_risk_parity
2023-01-06,0.023992249899001263,crypto_risk_parity
2023-01-07,-0.0033150493784421474,crypto_risk_parity
2023-01-08,0.02215294241808401,crypto_risk_parity
2023-01-09,0.0273397797884958,crypto_risk_parity
2023-01-10,0.006023627086972295,crypto_risk_parity
2023-01-11,0.029362723562493698,crypto_risk_parity
2023-01-12,0.0257491107409237,crypto_risk_parity
2023-01-13,0.03391595944645198,crypto_risk_parity
2023-01-14,0.03433883214203748,crypto_risk_parity
2023-01-15,-0.0026764894860901167,crypto_risk_parity
2023-01-16,-0.0045906479143469235,crypto_risk_parity
2023-01-17,-0.004905501990651051,crypto_risk_parity
2023-01-18,-0.04283574448150235,crypto_risk_parity
2023-01-19,0.023740913258057026,crypto_risk_parity
2023-01-20,0.06451981663484793,crypto_risk_parity
2023-01-21,-0.009632871913905806,crypto_risk_parity
2023-01-22,0.00994362955139263,crypto_risk_parity
2023-01-23,0.020945304673450772,crypto_risk_parity
2023-01-24,-0.041702126622754424,crypto_risk_parity
2023-01-25,0.03070596164236805,crypto_risk_parity
2023-01-26,-0.0017370736202734992,crypto_risk_parity
2023-01-27,0.01066397815581024,crypto_risk_parity
2023-01-28,-0.008871756409081721,crypto_risk_parity
2023-01-29,0.031850761979637036,crypto_risk_parity
2023-01-30,-0.04704284596112843,crypto_risk_parity
2023-01-31,0.01970616656237656,crypto_risk_parity
2023-02-01,0.025797610005811867,crypto_risk_parity
2023-02-02,-0.004085517910096637,crypto_risk_parity
2023-02-03,0.013795338410564274,crypto_risk_parity
2023-02-04,0.0008217074966740402,crypto_risk_parity
2023-02-05,-0.021485676165057387,crypto_risk_parity
2023-02-06,-0.017506770629490034,crypto_risk_parity
2023-02-07,0.03869117832630642,crypto_risk_parity
2023-02-08,-0.015035624875278054,crypto_risk_parity
2023-02-09,-0.057711348654223275,crypto_risk_parity
2023-02-10,-0.0009264932442613174,crypto_risk_parity
2023-02-11,0.011119083825479527,crypto_risk_parity
2023-02-12,-0.014240155531741518,crypto_risk_parity
2023-02-13,-0.0031842224978953057,crypto_risk_parity
2023-02-14,0.029872183904632737,crypto_risk_parity
2023-02-15,0.06536374685986238,crypto_risk_parity
2023-02-16,-0.0437863949888458,crypto_risk_parity
2023-02-17,0.048827886165622655,crypto_risk_parity
2023-02-18,0.007887810379065564,crypto_risk_parity
2023-02-19,-0.010708115017883579,crypto_risk_parity
2023-02-20,0.02505276381512769,crypto_risk_parity
2023-02-21,-0.019181955927073845,crypto_risk_parity
2023-02-22,-0.0074326139069554225,crypto_risk_parity
2023-02-23,-0.011735816425103697,crypto_risk_parity
2023-02-24,-0.03497155614609792,crypto_risk_parity
2023-02-25,-0.00247534121806664,crypto_risk_parity
2023-02-26,0.01773477469464306,crypto_risk_parity
2023-02-27,-0.004616748672202598,crypto_risk_parity
2023-02-28,-0.012715198199124323,crypto_risk_parity
2023-03-01,0.02613632945537423,crypto_risk_parity
2023-03-02,-0.01007078787286344,crypto_risk_parity
2023-03-03,-0.022607444872867956,crypto_risk_parity
2023-03-04,-0.01880899563048919,crypto_risk_parity
2023-03-05,-0.0019956984813301547,crypto_risk_parity
2023-03-06,-0.00392180502006011,crypto_risk_parity
2023-03-07,-0.008894546655637115,crypto_risk_parity
2023-03-08,-0.027210303066710507,crypto_risk_parity
2023-03-09,-0.060623633917362446,crypto_risk_parity
2023-03-10,-0.004351473976778365,crypto_risk_parity
2023-03-11,0.001832193889893608,crypto_risk_parity
2023-03-12,0.0674362877377666,crypto_risk_parity
2023-03-13,0.04387682758864089,crypto_risk_parity
2023-03-14,0.020163527323838592,crypto_risk_parity
2023-03-15,-0.05192990719788016,crypto_risk_parity
2023-03-16,0.018210966972107202,crypto_risk_parity
2023-03-17,0.06565744021574993,crypto_risk_parity
2023-03-18,-0.022695728368747784,crypto_risk_parity
2023-03-19,0.02849706335215436,crypto_risk_parity
2023-03-20,-0.03439950547262127,crypto_risk_parity
2023-03-21,0.07619108897481006,crypto_risk_parity
2023-03-22,-0.049332456400027216,crypto_risk_parity
2023-03-23,0.04653891872498437,crypto_risk_parity
2023-03-24,-0.027248347242557577,crypto_risk_parity
2023-03-25,-0.0020463756958890456,crypto_risk_parity
2023-03-26,0.013712003864556753,crypto_risk_parity
2023-03-27,-0.019250616939979114,crypto_risk_parity
2023-03-28,0.029880537619454882,crypto_risk_parity
2023-03-29,0.02862273797752435,crypto_risk_parity
2023-03-30,-0.0017607590749928806,crypto_risk_parity
2023-03-31,0.02249685501481829,crypto_risk_parity
2023-04-01,-0.004093416876705503,crypto_risk_parity
2023-04-02,-0.007162079471210982,crypto_risk_parity
2023-04-03,-0.0018588488543411661,crypto_risk_parity
2023-04-04,0.008769344303898263,crypto_risk_parity
2023-04-05,0.004589962586101926,crypto_risk_parity
2023-04-06,-0.008989619099706548,crypto_risk_parity
2023-04-07,-0.0007157523707202245,crypto_risk_parity
2023-04-08,-0.007581287504680156,crypto_risk_parity
2023-04-09,0.0085751661116362,crypto_risk_parity
2023-04-10,0.023579695263970035,crypto_risk_parity
2023-04-11,0.003822860531897898,crypto_risk_parity
2023-04-12,-0.0047451783135010975,crypto_risk_parity
2023-04-13,0.023349721921274245,crypto_risk_parity
2023-04-14,0.015352888933841126,crypto_risk_parity
2023-04-15,-0.0004410469546381687,crypto_risk_parity
2023-04-16,0.007813593645352735,crypto_risk_parity
2023-04-17,-0.02395434712794098,crypto_risk_parity
2023-04-18,0.020489265638337553,crypto_risk_parity
2023-04-19,-0.07030638123951993,crypto_risk_parity
2023-04-20,-0.016593825169400268,crypto_risk_parity
2023-04-21,-0.03625064857068939,crypto_risk_parity
2023-04-22,0.02774681680122651,crypto_risk_parity
2023-04-23,-0.011357535930528786,crypto_risk_parity
2023-04-24,-0.006202409007347476,crypto_risk_parity
2023-04-25,0.01686722061882369,crypto_risk_parity
2023-04-26,-0.012759860883439278,crypto_risk_parity
2023-04-27,0.014932648311098052,crypto_risk_parity
2023-04-28,0.003736322462608444,crypto_risk_parity
2023-04-29,0.005886241885930077,crypto_risk_parity
2023-04-30,-0.013803832708956977,crypto_risk_parity
2023-05-01,-0.017095930932513506,crypto_risk_parity
2023-05-02,0.01303856664680343,crypto_risk_parity
2023-05-03,0.007033688642077719,crypto_risk_parity
2023-05-04,-0.010527365221955643,crypto_risk_parity
2023-05-05,0.020691646115858102,crypto_risk_parity
2023-05-06,-0.029721123498456306,crypto_risk_parity
2023-05-07,-0.011481109989431837,crypto_risk_parity
2023-05-08,-0.03585792627868483,crypto_risk_parity
2023-05-09,0.016064871833109975,crypto_risk_parity
2023-05-10,-0.0016382682780426996,crypto_risk_parity
2023-05-11,-0.02088555232312441,crypto_risk_parity
2023-05-12,0.006633145413243957,crypto_risk_parity
2023-05-13,-0.006690148368844429,crypto_risk_parity
2023-05-14,0.009488724033330365,crypto_risk_parity
2023-05-15,0.008324650956111013,crypto_risk_parity
2023-05-16,0.008422101567971952,crypto_risk_parity
2023-05-17,0.014914573072979952,crypto_risk_parity
2023-05-18,-0.011625633084243761,crypto_risk_parity
2023-05-19,0.003288349523594647,crypto_risk_parity
2023-05-20,0.0049119396708774635,crypto_risk_parity
2023-05-21,-0.01066502158510212,crypto_risk_parity
2023-05-22,0.00852947908232017,crypto_risk_parity
2023-05-23,0.008546689643816751,crypto_risk_parity
2023-05-24,-0.02931162757569497,crypto_risk_parity
2023-05-25,0.0006137923240644661,crypto_risk_parity
2023-05-26,0.013862260516455062,crypto_risk_parity
2023-05-27,0.008685536718812826,crypto_risk_parity
2023-05-28,0.02725699349392983,crypto_risk_parity
2023-05-29,-0.0063216406445530515,crypto_risk_parity
2023-05-30,0.009550061586042526,crypto_risk_parity
2023-05-31,-0.010968334133005764,crypto_risk_parity
2023-06-01,-0.00700504803598222,crypto_risk_parity
2023-06-02,0.030470134154125517,crypto_risk_parity
2023-06-03,-0.0032645391579624763,crypto_risk_parity
2023-06-04,0.0019090477931811849,crypto_risk_parity
2023-06-05,-0.055567419705904994,crypto_risk_parity
2023-06-06,0.03446928333226702,crypto_risk_parity
2023-06-07,-0.03397566127408609,crypto_risk_parity
2023-06-08,0.007310911144695708,crypto_risk_parity
2023-06-09,-0.011508540340358878,crypto_risk_parity
2023-06-10,-0.08270980281888682,crypto_risk_parity
2023-06-11,0.0016502033140609273,crypto_risk_parity
2023-06-12,0.00048789843885728136,crypto_risk_parity
2023-06-13,0.0022993820597000175,crypto_risk_parity
2023-06-14,-0.0431723460804432,crypto_risk_parity
2023-06-15,0.005789103691559106,crypto_risk_parity
2023-06-16,0.011168012818247086,crypto_risk_parity
2023-06-17,0.00953205851289305,crypto_risk_parity
2023-06-18,-0.005460914609440515,crypto_risk_parity
2023-06-19,0.006550246328475962,crypto_risk_parity
2023-06-20,0.027151896154307277,crypto_risk_parity
2023-06-21,0.06914386829461867,crypto_risk_parity
2023-06-22,-0.0036441032838237077,crypto_risk_parity
2023-06-23,0.0747016117794201,crypto_risk_parity
2023-06-24,0.011652634564868593,crypto_risk_parity
2023-06-25,-0.010868836642279278,crypto_risk_parity
2023-06-26,0.005978334015964882,crypto_risk_parity
2023-06-27,0.02263140143154352,crypto_risk_parity
2023-06-28,-0.03996466241134235,crypto_risk_parity
2023-06-29,0.029699728716752083,crypto_risk_parity
2023-06-30,0.09404904955033086,crypto_risk_parity
2023-07-01,-0.0018449409424392104,crypto_risk_parity
2023-07-02,0.005238620849933817,crypto_risk_parity
2023-07-03,-0.005122109370999129,crypto_risk_parity
2023-07-04,-0.01944257981250476,crypto_risk_parity
2023-07-05,-0.015160100684215774,crypto_risk_parity
2023-07-06,-0.025132335253464935,crypto_risk_parity
2023-07-07,0.01796298117539279,crypto_risk_parity
2023-07-08,0.0015316509312837683,crypto_risk_parity
2023-07-09,-0.013726282828247383,crypto_risk_parity
2023-07-10,0.012686976892272451,crypto_risk_parity
2023-07-11,0.00029969873734785307,crypto_risk_parity
2023-07-12,-0.004325411937046787,crypto_risk_parity
2023-07-13,0.19549932848969684,crypto_risk_parity
2023-07-14,-0.06154752460039317,crypto_risk_parity
2023-07-15,-0.01001040605553859,crypto_risk_parity
2023-07-16,-0.005380767728361047,crypto_risk_parity
2023-07-17,-0.004097995284557189,crypto_risk_parity
2023-07-18,0.0006437713452430403,crypto_risk_parity
2023-07-19,0.029475186809692955,crypto_risk_parity
2023-07-20,-0.0002528017318526698,crypto_risk_parity
2023-07-21,-0.0015039225025845092,crypto_risk_parity
2023-07-22,-0.012805089144875936,crypto_risk_parity
2023-07-23,0.013126348690180534,crypto_risk_parity
2023-07-24,-0.03911088820428194,crypto_risk_parity
2023-07-25,0.0004515707248740952,crypto_risk_parity
2023-07-26,0.015362130043130941,crypto_risk_parity
2023-07-27,0.002244313463071346,crypto_risk_parity
2023-07-28,0.007462819176447867,crypto_risk_parity
2023-07-29,0.003363640436718896,crypto_risk_parity
2023-07-30,-0.0018887354070578296,crypto_risk_parity
2023-07-31,-0.01723273511035757,crypto_risk_parity
2023-08-01,0.008097901202082248,crypto_risk_parity
2023-08-02,-0.03714694707929563,crypto_risk_parity
2023-08-03,-0.01737553628357058,crypto_risk_parity
2023-08-04,-0.007302872222976842,crypto_risk_parity
2023-08-05,0.004349784985149952,crypto_risk_parity
2023-08-06,-0.005434122335717784,crypto_risk_parity
2023-08-07,0.00701631019083232,crypto_risk_parity
2023-08-08,0.014720931908673896,crypto_risk_parity
2023-08-09,-0.002395454912777484,crypto_risk_parity
2023-08-10,-0.010313452290058634,crypto_risk_parity
2023-08-11,-0.002505354091861367,crypto_risk_parity
2023-08-12,-3.937036608947725e-06,crypto_risk_parity
2023-08-13,-0.006202337709924489,crypto_risk_parity
2023-08-14,0.001951599250878311,crypto_risk_parity
2023-08-15,-0.028483106955607816,crypto_risk_parity
2023-08-16,-0.03890073461971866,crypto_risk_parity
2023-08-17,-0.08842940887497387,crypto_risk_parity
2023-08-18,0.006166164594595425,crypto_risk_parity
2023-08-19,0.014460294216996438,crypto_risk_parity
2023-08-20,0.016883672615801638,crypto_risk_parity
2023-08-21,-0.009879608817271868,crypto_risk_parity
2023-08-22,-0.014368192690346893,crypto_risk_parity
2023-08-23,0.03150211746919023,crypto_risk_parity
2023-08-24,-0.012132670149970028,crypto_risk_parity
2023-08-25,-0.001097954023416292,crypto_risk_parity
2023-08-26,-0.005586021939540321,crypto_risk_parity
2023-08-27,0.009236659750104225,crypto_risk_parity
2023-08-28,-0.005905699793415331,crypto_risk_parity
2023-08-29,0.055070350603778455,crypto_risk_parity
2023-08-30,-0.022248078588893397,crypto_risk_parity
2023-08-31,-0.03801269052597048,crypto_risk_parity
2023-09-01,-0.012928701106311181,crypto_risk_parity
2023-09-02,0.002151171943819353,crypto_risk_parity
2023-09-03,0.006164628955449204,crypto_risk_parity
2023-09-04,0.003160991113200329,crypto_risk_parity
2023-09-05,-0.001604615569630974,crypto_risk_parity
2023-09-06,0.0014576500461318865,crypto_risk_parity
2023-09-07,0.007585107840102846,crypto_risk_parity
2023-09-08,-0.00505856760002702,crypto_risk_parity
2023-09-09,0.003653019516587175,crypto_risk_parity
2023-09-10,-0.01358203824648161,crypto_risk_parity
2023-09-11,-0.03317390146200886,crypto_risk_parity
2023-09-12,0.02023627737002509,crypto_risk_parity
2023-09-13,0.010910137712222902,crypto_risk_parity
2023-09-14,0.015075647116377933,crypto_risk_parity
2023-09-15,0.017594204754288658,crypto_risk_parity
2023-09-16,-0.0038962074747921236,crypto_risk_parity
2023-09-17,-0.01639326751851299,crypto_risk_parity
2023-09-18,0.01968908084512331,crypto_risk_parity
2023-09-19,0.011995626949226111,crypto_risk_parity
2023-09-20,-0.010665434056974475,crypto_risk_parity
2023-09-21,-0.019800399291338335,crypto_risk_parity
2023-09-22,0.0012225372952483827,crypto_risk_parity
2023-09-23,0.0025781426251764274,crypto_risk_parity
2023-09-24,-0.013020335411775554,crypto_risk_parity
2023-09-25,0.00871039004850741,crypto_risk_parity
2023-09-26,-0.0030991371631249546,crypto_risk_parity
2023-09-27,0.009322785106952891,crypto_risk_parity
2023-09-28,0.02507332442056951,crypto_risk_parity
2023-09-29,0.005434094670924462,crypto_risk_parity
2023-09-30,0.004049637744505442,crypto_risk_parity
2023-10-01,0.029508245626091827,crypto_risk_parity
2023-10-02,-0.02263630601154587,crypto_risk_parity
2023-10-03,0.00018829581268208287,crypto_risk_parity
2023-10-04,-0.006274930158273262,crypto_risk_parity
2023-10-05,-0.01105963270235685,crypto_risk_parity
2023-10-06,0.009812111022711312,crypto_risk_parity
2023-10-07,-0.004232898693495945,crypto_risk_parity
2023-10-08,-0.004816313761426894,crypto_risk_parity
2023-10-09,-0.030927593647395134,crypto_risk_parity
2023-10-10,-0.0074236072208690995,crypto_risk_parity
2023-10-11,-0.008962957009541505,crypto_risk_parity
2023-10-12,-0.008336279694453464,crypto_risk_parity
2023-10-13,0.007031694669283151,crypto_risk_parity
2023-10-14,0.0015492963973016472,crypto_risk_parity
2023-10-15,0.006085723990029369,crypto_risk_parity
2023-10-16,0.029826719180017003,crypto_risk_parity
2023-10-17,-0.018865643579989568,crypto_risk_parity
2023-10-18,-0.006922478049449166,crypto_risk_parity
2023-10-19,0.0170962051766866,crypto_risk_parity
2023-10-20,0.02151512776330269,crypto_risk_parity
2023-10-21,0.018699108965846388,crypto_risk_parity
2023-10-22,0.00468562831336562,crypto_risk_parity
2023-10-23,0.057254370553528625,crypto_risk_parity
2023-10-24,-5.5170320917186056e-05,crypto_risk_parity
2023-10-25,0.003641279162773315,crypto_risk_parity
2023-10-26,-0.0004957256077606437,crypto_risk_parity
2023-10-27,-0.01083655687974755,crypto_risk_parity
2023-10-28,0.012065201809833438,crypto_risk_parity
2023-10-29,0.012478492769189997,crypto_risk_parity
2023-10-30,0.012115615043815276,crypto_risk_parity
2023-10-31,0.009585151462079567,crypto_risk_parity
2023-11-01,0.020423321832506593,crypto_risk_parity
2023-11-02,-0.010673215464948316,crypto_risk_parity
2023-11-03,0.005687092970192598,crypto_risk_parity
2023-11-04,0.00926673148983166,crypto_risk_parity
2023-11-05,0.022180669055755532,crypto_risk_parity
2023-11-06,0.029873216562228896,crypto_risk_parity
2023-11-07,-0.015245608939161116,crypto_risk_parity
2023-11-08,0.009123363828995878,crypto_risk_parity
2023-11-09,0.018942521337077956,crypto_risk_parity
2023-11-10,0.016119127764091114,crypto_risk_parity
2023-11-11,0.0003847868334870938,crypto_risk_parity
2023-11-12,-0.0006957615929076177,crypto_risk_parity
2023-11-13,-0.015109750322123416,crypto_risk_parity
2023-11-14,-0.03211101876751308,crypto_risk_parity
2023-11-15,0.04185776999454001,crypto_risk_parity
2023-11-16,-0.0333948653714404,crypto_risk_parity
2023-11-17,-0.0013511061181286092,crypto_risk_parity
2023-11-18,0.0010200089476241625,crypto_risk_parity
2023-11-19,0.01752721150821428,crypto_risk_parity
2023-11-20,-0.01249711047945268,crypto_risk_parity
2023-11-21,-0.05277398882146187,crypto_risk_parity
2023-11-22,0.04727342608349421,crypto_risk_parity
2023-11-23,0.0031977855030910773,crypto_risk_parity
2023-11-24,0.010683066717420787,crypto_risk_parity
2023-11-25,0.014944736662485992,crypto_risk_parity
2023-11-26,-0.010789537345764112,crypto_risk_parity
2023-11-27,-0.024229064196371886,crypto_risk_parity
2023-11-28,0.010875359748756306,crypto_risk_parity
2023-11-29,-0.0015633888162123301,crypto_risk_parity
2023-11-30,-0.003735138334125721,crypto_risk_parity
2023-12-01,0.01645782673107902,crypto_risk_parity
2023-12-02,0.01966302971088343,crypto_risk_parity
2023-12-03,0.004459218640063989,crypto_risk_parity
2023-12-04,0.024341067994396857,crypto_risk_parity
2023-12-05,0.018389489538105597,crypto_risk_parity
2023-12-06,0.001323715687506554,crypto_risk_parity
2023-12-07,0.02423427798230167,crypto_risk_parity
2023-12-08,0.046945668764004966,crypto_risk_parity
2023-12-09,0.006388985528143444,crypto_risk_parity
2023-12-10,0.001943994632641011,crypto_risk_parity
2023-12-11,-0.06588507928304638,crypto_risk_parity
2023-12-12,0.006350064513168774,crypto_risk_parity
2023-12-13,0.03016846894188363,crypto_risk_parity
2023-12-14,0.0058804058603049054,crypto_risk_parity
2023-12-15,-0.04007389396266611,crypto_risk_parity
2023-12-16,0.01889895317922652,crypto_risk_parity
2023-12-17,-0.01908536977025386,crypto_risk_parity
2023-12-18,0.0026682168001951447,crypto_risk_parity
2023-12-19,-0.01388986274678524,crypto_risk_parity
2023-12-20,0.019194650398160328,crypto_risk_parity
2023-12-21,0.028038946398433566,crypto_risk_parity
2023-12-22,0.017659209009807143,crypto_risk_parity
2023-12-23,-0.009033084431587103,crypto_risk_parity
2023-12-24,-0.017737058550317878,crypto_risk_parity
2023-12-25,0.03047235648036244,crypto_risk_parity
2023-12-26,-0.022479580266228295,crypto_risk_parity
2023-12-27,0.05254635573080771,crypto_risk_parity
2023-12-28,-0.008408280584752969,crypto_risk_parity
2023-12-29,-0.01857000180069473,crypto_risk_parity
2023-12-30,0.00732226086147536,crypto_risk_parity
2023-12-31,-0.011748167139113263,crypto_risk_parity
