rebalance_date,ticker,weight,fund
2021-01-04,ABBV,0.062194833984130615,combined_min_variance
2021-02-01,ABBV,0.06580000013463652,combined_min_variance
2021-03-01,ABBV,0.06773913545815932,combined_min_variance
2021-04-01,ABBV,0.04301566984550653,combined_min_variance
2021-05-03,ABBV,0.032614250209063306,combined_min_variance
2021-06-01,ABBV,0.02771831429327387,combined_min_variance
2021-07-01,ABBV,0.02390662095473106,combined_min_variance
2021-08-02,ABBV,0.023648531959297198,combined_min_variance
2021-09-01,ABBV,0.023414721736084942,combined_min_variance
2021-10-01,ABBV,0.0227121340165655,combined_min_variance
2021-11-01,ABBV,0.02305213313327952,combined_min_variance
2021-12-01,ABBV,0.020175581417280715,combined_min_variance
2022-01-03,ABBV,0.020768031892550623,combined_min_variance
2022-02-01,ABBV,0.021037901519688013,combined_min_variance
2022-03-01,ABBV,0.021199656466913307,combined_min_variance
2022-04-01,ABBV,0.021425763495091187,combined_min_variance
2022-05-02,ABBV,0.02221869459028172,combined_min_variance
2022-06-01,ABBV,0.0336682661667939,combined_min_variance
2022-07-01,ABBV,0.02801006214089535,combined_min_variance
2022-08-01,ABBV,0.028744736387107166,combined_min_variance
2022-09-01,ABBV,0.028587178445909255,combined_min_variance
2022-10-03,ABBV,0.04067054550444348,combined_min_variance
2022-11-01,ABBV,0.04434101566596893,combined_min_variance
2022-12-01,ABBV,0.04185147599884539,combined_min_variance
2023-01-03,ABBV,0.052435333550240826,combined_min_variance
2023-02-01,ABBV,0.051241132434174365,combined_min_variance
2023-03-01,ABBV,0.04528235007751113,combined_min_variance
2023-04-03,ABBV,0.06053061475620763,combined_min_variance
2023-05-01,ABBV,0.05290400703980435,combined_min_variance
2023-06-01,ABBV,0.05409161381918155,combined_min_variance
2023-07-03,ABBV,0.04338882573288256,combined_min_variance
2023-08-01,ABBV,0.04460825868578142,combined_min_variance
2023-09-01,ABBV,0.04698976169221671,combined_min_variance
2023-10-02,ABBV,0.03509813372548193,combined_min_variance
2023-11-01,ABBV,0.02634203583607854,combined_min_variance
2023-12-01,ABBV,0.016666666666666666,combined_min_variance
2021-01-04,ABT,0.029454610991088027,combined_min_variance
2021-02-01,ABT,0.026745393168975274,combined_min_variance
2021-03-01,ABT,0.027127918449749062,combined_min_variance
2021-04-01,ABT,0.03648877515343575,combined_min_variance
2021-05-03,ABT,0.02814104516095051,combined_min_variance
2021-06-01,ABT,0.02751563513587017,combined_min_variance
2021-07-01,ABT,0.02530447217398027,combined_min_variance
2021-08-02,ABT,0.025893101534248578,combined_min_variance
2021-09-01,ABT,0.02592664500637668,combined_min_variance
2021-10-01,ABT,0.026024411574491,combined_min_variance
2021-11-01,ABT,0.026383235163614904,combined_min_variance
2021-12-01,ABT,0.020461516703248278,combined_min_variance
2022-01-03,ABT,0.02114151881051204,combined_min_variance
2022-02-01,ABT,0.02101390373336235,combined_min_variance
2022-03-01,ABT,0.021028391785883067,combined_min_variance
2022-04-01,ABT,0.020963475103658497,combined_min_variance
2022-05-02,ABT,0.021293575474538452,combined_min_variance
2022-06-01,ABT,0.024468560376563274,combined_min_variance
2022-07-01,ABT,0.022399386370561988,combined_min_variance
2022-08-01,ABT,0.0218522456348278,combined_min_variance
2022-09-01,ABT,0.021446724623841396,combined_min_variance
2022-10-03,ABT,0.022734273530306597,combined_min_variance
2022-11-01,ABT,0.022354067434275725,combined_min_variance
2022-12-01,ABT,0.021516835880747823,combined_min_variance
2023-01-03,ABT,0.018856315342954247,combined_min_variance
2023-02-01,ABT,0.019778617686921053,combined_min_variance
2023-03-01,ABT,0.02131898691161786,combined_min_variance
2023-04-03,ABT,0.020031846071392877,combined_min_variance
2023-05-01,ABT,0.022937542716341183,combined_min_variance
2023-06-01,ABT,0.025945148242181384,combined_min_variance
2023-07-03,ABT,0.026624432507990254,combined_min_variance
2023-08-01,ABT,0.027757319317589273,combined_min_variance
2023-09-01,ABT,0.028716604152696754,combined_min_variance
2023-10-02,ABT,0.024874819712595246,combined_min_variance
2023-11-01,ABT,0.022482976027726666,combined_min_variance
2023-12-01,ABT,0.016666666666666666,combined_min_variance
2021-01-04,ADA-USD,0.0,combined_min_variance
2021-02-01,ADA-USD,0.0,combined_min_variance
2021-03-01,ADA-USD,1.051087318250495e-18,combined_min_variance
2021-04-01,ADA-USD,0.0,combined_min_variance
2021-05-03,ADA-USD,1.899313580475643e-05,combined_min_variance
2021-06-01,ADA-USD,6.428725414428033e-05,combined_min_variance
2021-07-01,ADA-USD,7.047314121155779e-19,combined_min_variance
2021-08-02,ADA-USD,9.761458007965409e-05,combined_min_variance
2021-09-01,ADA-USD,0.000796811059463186,combined_min_variance
2021-10-01,ADA-USD,9.503049580611923e-20,combined_min_variance
2021-11-01,ADA-USD,0.0,combined_min_variance
2021-12-01,ADA-USD,0.0021029582516192105,combined_min_variance
2022-01-03,ADA-USD,6.505213034913027e-19,combined_min_variance
2022-02-01,ADA-USD,0.00037627550765862057,combined_min_variance
2022-03-01,ADA-USD,2.2768245622195593e-18,combined_min_variance
2022-04-01,ADA-USD,1.0842021724855044e-19,combined_min_variance
2022-05-02,ADA-USD,2.4239036052992233e-19,combined_min_variance
2022-06-01,ADA-USD,0.0,combined_min_variance
2022-07-01,ADA-USD,0.0,combined_min_variance
2022-08-01,ADA-USD,0.0,combined_min_variance
2022-09-01,ADA-USD,8.826327229657316e-19,combined_min_variance
2022-10-03,ADA-USD,5.581516984174035e-20,combined_min_variance
2022-11-01,ADA-USD,5.84970209481961e-20,combined_min_variance
2022-12-01,ADA-USD,0.0,combined_min_variance
2023-01-03,ADA-USD,8.173208149275913e-20,combined_min_variance
2023-02-01,ADA-USD,9.553447532198108e-19,combined_min_variance
2023-03-01,ADA-USD,5.636451913865958e-19,combined_min_variance
2023-04-03,ADA-USD,0.0,combined_min_variance
2023-05-01,ADA-USD,0.0,combined_min_variance
2023-06-01,ADA-USD,0.0,combined_min_variance
2023-07-03,ADA-USD,0.0,combined_min_variance
2023-08-01,ADA-USD,0.0,combined_min_variance
2023-09-01,ADA-USD,5.466978164654567e-05,combined_min_variance
2023-10-02,ADA-USD,2.745264383856982e-19,combined_min_variance
2023-11-01,ADA-USD,1.981113014460278e-05,combined_min_variance
2023-12-01,ADA-USD,0.016666666666666666,combined_min_variance
2021-01-04,ADBE,4.7704895589362195e-18,combined_min_variance
2021-02-01,ADBE,8.447200658062098e-18,combined_min_variance
2021-03-01,ADBE,0.0,combined_min_variance
2021-04-01,ADBE,0.019911295165111784,combined_min_variance
2021-05-03,ADBE,0.02398150518673036,combined_min_variance
2021-06-01,ADBE,0.022061954971547802,combined_min_variance
2021-07-01,ADBE,0.022131326649255358,combined_min_variance
2021-08-02,ADBE,0.022428686625811364,combined_min_variance
2021-09-01,ADBE,0.021959658558041727,combined_min_variance
2021-10-01,ADBE,0.023050330069854182,combined_min_variance
2021-11-01,ADBE,0.02359834749295042,combined_min_variance
2021-12-01,ADBE,0.019769198707890834,combined_min_variance
2022-01-03,ADBE,0.01969812720247063,combined_min_variance
2022-02-01,ADBE,0.019220371929110566,combined_min_variance
2022-03-01,ADBE,0.01889463425167873,combined_min_variance
2022-04-01,ADBE,0.0185156836432281,combined_min_variance
2022-05-02,ADBE,0.018103693291771434,combined_min_variance
2022-06-01,ADBE,0.01258629053482818,combined_min_variance
2022-07-01,ADBE,0.014244229630747868,combined_min_variance
2022-08-01,ADBE,0.013338746808338943,combined_min_variance
2022-09-01,ADBE,0.012849917235500635,combined_min_variance
2022-10-03,ADBE,7.37257477290143e-18,combined_min_variance
2022-11-01,ADBE,0.0,combined_min_variance
2022-12-01,ADBE,2.208633476520611e-18,combined_min_variance
2023-01-03,ADBE,0.0,combined_min_variance
2023-02-01,ADBE,0.0,combined_min_variance
2023-03-01,ADBE,0.0,combined_min_variance
2023-04-03,ADBE,0.0,combined_min_variance
2023-05-01,ADBE,2.976365745897967e-18,combined_min_variance
2023-06-01,ADBE,0.0,combined_min_variance
2023-07-03,ADBE,0.0,combined_min_variance
2023-08-01,ADBE,2.6020852139652106e-18,combined_min_variance
2023-09-01,ADBE,0.0,combined_min_variance
2023-10-02,ADBE,0.0097377169582223,combined_min_variance
2023-11-01,ADBE,0.01410600123930441,combined_min_variance
2023-12-01,ADBE,0.016666666666666666,combined_min_variance
2021-01-04,AEP,0.04130905869325566,combined_min_variance
2021-02-01,AEP,0.042063817991559525,combined_min_variance
2021-03-01,AEP,0.04195504814020018,combined_min_variance
2021-04-01,AEP,0.03122849027742412,combined_min_variance
2021-05-03,AEP,0.03191937520597267,combined_min_variance
2021-06-01,AEP,0.03230386329812933,combined_min_variance
2021-07-01,AEP,0.02744973092428204,combined_min_variance
2021-08-02,AEP,0.027373346246494068,combined_min_variance
2021-09-01,AEP,0.027596638581296615,combined_min_variance
2021-10-01,AEP,0.02638410046858261,combined_min_variance
2021-11-01,AEP,0.026108550582557098,combined_min_variance
2021-12-01,AEP,0.020732496880112895,combined_min_variance
2022-01-03,AEP,0.021484923268080894,combined_min_variance
2022-02-01,AEP,0.021496158124069385,combined_min_variance
2022-03-01,AEP,0.021518790497923407,combined_min_variance
2022-04-01,AEP,0.021830969020297512,combined_min_variance
2022-05-02,AEP,0.022703073831368367,combined_min_variance
2022-06-01,AEP,0.03334276870763118,combined_min_variance
2022-07-01,AEP,0.027633123282335942,combined_min_variance
2022-08-01,AEP,0.02774685036483359,combined_min_variance
2022-09-01,AEP,0.027581713228639677,combined_min_variance
2022-10-03,AEP,0.034935839165819306,combined_min_variance
2022-11-01,AEP,0.034141595588627914,combined_min_variance
2022-12-01,AEP,0.03264422675128443,combined_min_variance
2023-01-03,AEP,0.03587529953238995,combined_min_variance
2023-02-01,AEP,0.03446692326824528,combined_min_variance
2023-03-01,AEP,0.031826042360668744,combined_min_variance
2023-04-03,AEP,0.03453017918964051,combined_min_variance
2023-05-01,AEP,0.032900234587000324,combined_min_variance
2023-06-01,AEP,0.030598341146853985,combined_min_variance
2023-07-03,AEP,0.028669044430452383,combined_min_variance
2023-08-01,AEP,0.02775513691761045,combined_min_variance
2023-09-01,AEP,0.027832064624728512,combined_min_variance
2023-10-02,AEP,0.025472846838650788,combined_min_variance
2023-11-01,AEP,0.02285818378837068,combined_min_variance
2023-12-01,AEP,0.016666666666666666,combined_min_variance
2021-01-04,AMD,7.890776273449776e-19,combined_min_variance
2021-02-01,AMD,2.0454484697320828e-18,combined_min_variance
2021-03-01,AMD,0.0,combined_min_variance
2021-04-01,AMD,0.008475530458187023,combined_min_variance
2021-05-03,AMD,0.01624423412123522,combined_min_variance
2021-06-01,AMD,0.017107904796714483,combined_min_variance
2021-07-01,AMD,0.01894114405320083,combined_min_variance
2021-08-02,AMD,0.01838852639067214,combined_min_variance
2021-09-01,AMD,0.018881476989599265,combined_min_variance
2021-10-01,AMD,0.019703313583337906,combined_min_variance
2021-11-01,AMD,0.020419155159782962,combined_min_variance
2021-12-01,AMD,0.0188545732372708,combined_min_variance
2022-01-03,AMD,0.01836911900839058,combined_min_variance
2022-02-01,AMD,0.017270688797039732,combined_min_variance
2022-03-01,AMD,0.016317137219888152,combined_min_variance
2022-04-01,AMD,0.01559540887908063,combined_min_variance
2022-05-02,AMD,0.014173366122815154,combined_min_variance
2022-06-01,AMD,7.642572703637349e-18,combined_min_variance
2022-07-01,AMD,0.0005549332357189891,combined_min_variance
2022-08-01,AMD,2.3852447794681098e-18,combined_min_variance
2022-09-01,AMD,2.168404344971009e-19,combined_min_variance
2022-10-03,AMD,0.0,combined_min_variance
2022-11-01,AMD,8.428495301056782e-19,combined_min_variance
2022-12-01,AMD,5.632170231712946e-19,combined_min_variance
2023-01-03,AMD,0.0,combined_min_variance
2023-02-01,AMD,4.213977871251386e-19,combined_min_variance
2023-03-01,AMD,0.0,combined_min_variance
2023-04-03,AMD,6.362103422781128e-19,combined_min_variance
2023-05-01,AMD,0.0,combined_min_variance
2023-06-01,AMD,0.0,combined_min_variance
2023-07-03,AMD,6.590490924510168e-06,combined_min_variance
2023-08-01,AMD,6.301925127571995e-19,combined_min_variance
2023-09-01,AMD,4.1335207826009857e-19,combined_min_variance
2023-10-02,AMD,0.0,combined_min_variance
2023-11-01,AMD,0.010814111540279198,combined_min_variance
2023-12-01,AMD,0.016666666666666666,combined_min_variance
2021-01-04,AMGN,0.038042436370396907,combined_min_variance
2021-02-01,AMGN,0.03622493170626906,combined_min_variance
2021-03-01,AMGN,0.03954598935556921,combined_min_variance
2021-04-01,AMGN,0.040596913864848594,combined_min_variance
2021-05-03,AMGN,0.031056481482977922,combined_min_variance
2021-06-01,AMGN,0.027985968982447443,combined_min_variance
2021-07-01,AMGN,0.023889200636580198,combined_min_variance
2021-08-02,AMGN,0.023983041472436285,combined_min_variance
2021-09-01,AMGN,0.023242704706521976,combined_min_variance
2021-10-01,AMGN,0.023589811167879216,combined_min_variance
2021-11-01,AMGN,0.02345768370470385,combined_min_variance
2021-12-01,AMGN,0.020226313979839802,combined_min_variance
2022-01-03,AMGN,0.020653984887206968,combined_min_variance
2022-02-01,AMGN,0.020693108591188947,combined_min_variance
2022-03-01,AMGN,0.020580890664823673,combined_min_variance
2022-04-01,AMGN,0.020914768815897933,combined_min_variance
2022-05-02,AMGN,0.021966826508166403,combined_min_variance
2022-06-01,AMGN,0.03253146477090144,combined_min_variance
2022-07-01,AMGN,0.028104041483679322,combined_min_variance
2022-08-01,AMGN,0.028136007458006106,combined_min_variance
2022-09-01,AMGN,0.028368706716242333,combined_min_variance
2022-10-03,AMGN,0.04055537161765096,combined_min_variance
2022-11-01,AMGN,0.04426368559097011,combined_min_variance
2022-12-01,AMGN,0.04322112341376583,combined_min_variance
2023-01-03,AMGN,0.05547338310948626,combined_min_variance
2023-02-01,AMGN,0.05464193073673951,combined_min_variance
2023-03-01,AMGN,0.047713556233354465,combined_min_variance
2023-04-03,AMGN,0.06539016368201814,combined_min_variance
2023-05-01,AMGN,0.055251568936206606,combined_min_variance
2023-06-01,AMGN,0.052723111034734066,combined_min_variance
2023-07-03,AMGN,0.04078979752855775,combined_min_variance
2023-08-01,AMGN,0.04132751324670915,combined_min_variance
2023-09-01,AMGN,0.0439151002700524,combined_min_variance
2023-10-02,AMGN,0.03460565879306963,combined_min_variance
2023-11-01,AMGN,0.025815108196854907,combined_min_variance
2023-12-01,AMGN,0.016666666666666666,combined_min_variance
2021-01-04,AMT,8.673617379884035e-18,combined_min_variance
2021-02-01,AMT,7.107609209479067e-18,combined_min_variance
2021-03-01,AMT,0.0,combined_min_variance
2021-04-01,AMT,0.021910262046724003,combined_min_variance
2021-05-03,AMT,0.02607298031386964,combined_min_variance
2021-06-01,AMT,0.02601073522395982,combined_min_variance
2021-07-01,AMT,0.025215315662990356,combined_min_variance
2021-08-02,AMT,0.025761057911483493,combined_min_variance
2021-09-01,AMT,0.026046947835995645,combined_min_variance
2021-10-01,AMT,0.02619659731081981,combined_min_variance
2021-11-01,AMT,0.025993217507118596,combined_min_variance
2021-12-01,AMT,0.020368812582492873,combined_min_variance
2022-01-03,AMT,0.020935949054523013,combined_min_variance
2022-02-01,AMT,0.020493489017824815,combined_min_variance
2022-03-01,AMT,0.02040642401746041,combined_min_variance
2022-04-01,AMT,0.020699167822948193,combined_min_variance
2022-05-02,AMT,0.021269193845799193,combined_min_variance
2022-06-01,AMT,0.024616669156536982,combined_min_variance
2022-07-01,AMT,0.022210157518293038,combined_min_variance
2022-08-01,AMT,0.021817079321883277,combined_min_variance
2022-09-01,AMT,0.021626872548567138,combined_min_variance
2022-10-03,AMT,0.021118616795668645,combined_min_variance
2022-11-01,AMT,0.019003076840045544,combined_min_variance
2022-12-01,AMT,0.016974959426414474,combined_min_variance
2023-01-03,AMT,0.012653516532923025,combined_min_variance
2023-02-01,AMT,0.013230933348593644,combined_min_variance
2023-03-01,AMT,0.01539017637166817,combined_min_variance
2023-04-03,AMT,0.006358053660127089,combined_min_variance
2023-05-01,AMT,0.011478436694498002,combined_min_variance
2023-06-01,AMT,0.00953892183168752,combined_min_variance
2023-07-03,AMT,0.015079697788156673,combined_min_variance
2023-08-01,AMT,0.014330857336471535,combined_min_variance
2023-09-01,AMT,0.01240686636814253,combined_min_variance
2023-10-02,AMT,0.01483221634691619,combined_min_variance
2023-11-01,AMT,0.017639489151253383,combined_min_variance
2023-12-01,AMT,0.016666666666666666,combined_min_variance
2021-01-04,BA,0.0,combined_min_variance
2021-02-01,BA,0.0,combined_min_variance
2021-03-01,BA,5.62083136942491e-19,combined_min_variance
2021-04-01,BA,8.270788632223691e-19,combined_min_variance
2021-05-03,BA,3.560194016842507e-18,combined_min_variance
2021-06-01,BA,1.2407666542610618e-18,combined_min_variance
2021-07-01,BA,0.007260641714123127,combined_min_variance
2021-08-02,BA,0.00711809083410187,combined_min_variance
2021-09-01,BA,0.007100239045649128,combined_min_variance
2021-10-01,BA,0.008908303877626686,combined_min_variance
2021-11-01,BA,0.010187319483851947,combined_min_variance
2021-12-01,BA,0.018310382174361498,combined_min_variance
2022-01-03,BA,0.017630258806916443,combined_min_variance
2022-02-01,BA,0.017561662797115234,combined_min_variance
2022-03-01,BA,0.017816831071751735,combined_min_variance
2022-04-01,BA,0.017256262161914296,combined_min_variance
2022-05-02,BA,0.016572510401682516,combined_min_variance
2022-06-01,BA,0.0018537131158193124,combined_min_variance
2022-07-01,BA,0.009040477752668292,combined_min_variance
2022-08-01,BA,0.009540241282666354,combined_min_variance
2022-09-01,BA,0.009800531932215547,combined_min_variance
2022-10-03,BA,0.0,combined_min_variance
2022-11-01,BA,1.3552527156068805e-20,combined_min_variance
2022-12-01,BA,0.0,combined_min_variance
2023-01-03,BA,0.00031626367743365475,combined_min_variance
2023-02-01,BA,0.0,combined_min_variance
2023-03-01,BA,0.0,combined_min_variance
2023-04-03,BA,1.8973538018496328e-19,combined_min_variance
2023-05-01,BA,0.00013111076678882114,combined_min_variance
2023-06-01,BA,4.921919226723954e-05,combined_min_variance
2023-07-03,BA,0.011312142116376843,combined_min_variance
2023-08-01,BA,0.011162214719873362,combined_min_variance
2023-09-01,BA,0.009839846829170095,combined_min_variance
2023-10-02,BA,0.01661087717031744,combined_min_variance
2023-11-01,BA,0.01818956960990277,combined_min_variance
2023-12-01,BA,0.016666666666666666,combined_min_variance
2021-01-04,BCH-USD,1.6071974579885951e-18,combined_min_variance
2021-02-01,BCH-USD,9.662959428018509e-23,combined_min_variance
2021-03-01,BCH-USD,2.6730221033182217e-19,combined_min_variance
2021-04-01,BCH-USD,0.0,combined_min_variance
2021-05-03,BCH-USD,0.0,combined_min_variance
2021-06-01,BCH-USD,8.204887850270421e-20,combined_min_variance
2021-07-01,BCH-USD,0.0,combined_min_variance
2021-08-02,BCH-USD,0.0,combined_min_variance
2021-09-01,BCH-USD,2.6846482684952257e-19,combined_min_variance
2021-10-01,BCH-USD,0.0008642672377659523,combined_min_variance
2021-11-01,BCH-USD,0.0,combined_min_variance
2021-12-01,BCH-USD,3.083199928005653e-19,combined_min_variance
2022-01-03,BCH-USD,0.0,combined_min_variance
2022-02-01,BCH-USD,2.628685056911206e-20,combined_min_variance
2022-03-01,BCH-USD,4.338537194689694e-19,combined_min_variance
2022-04-01,BCH-USD,0.0,combined_min_variance
2022-05-02,BCH-USD,3.2090889111972516e-19,combined_min_variance
2022-06-01,BCH-USD,0.0,combined_min_variance
2022-07-01,BCH-USD,0.0,combined_min_variance
2022-08-01,BCH-USD,0.0,combined_min_variance
2022-09-01,BCH-USD,1.1088161852334504e-18,combined_min_variance
2022-10-03,BCH-USD,0.0,combined_min_variance
2022-11-01,BCH-USD,7.374361399877351e-20,combined_min_variance
2022-12-01,BCH-USD,0.0,combined_min_variance
2023-01-03,BCH-USD,0.0,combined_min_variance
2023-02-01,BCH-USD,9.314782465575653e-19,combined_min_variance
2023-03-01,BCH-USD,5.71994637297359e-20,combined_min_variance
2023-04-03,BCH-USD,5.384825283663784e-19,combined_min_variance
2023-05-01,BCH-USD,0.0,combined_min_variance
2023-06-01,BCH-USD,0.0,combined_min_variance
2023-07-03,BCH-USD,0.0,combined_min_variance
2023-08-01,BCH-USD,0.0,combined_min_variance
2023-09-01,BCH-USD,3.908239351399681e-19,combined_min_variance
2023-10-02,BCH-USD,0.0,combined_min_variance
2023-11-01,BCH-USD,0.001374557837737315,combined_min_variance
2023-12-01,BCH-USD,0.016666666666666666,combined_min_variance
2021-01-04,BTC-USD,0.011929207742517801,combined_min_variance
2021-02-01,BTC-USD,0.0011291757027503118,combined_min_variance
2021-03-01,BTC-USD,0.0,combined_min_variance
2021-04-01,BTC-USD,0.0038160526263057914,combined_min_variance
2021-05-03,BTC-USD,0.0053425204932226,combined_min_variance
2021-06-01,BTC-USD,5.576319729987621e-05,combined_min_variance
2021-07-01,BTC-USD,0.002006103634010683,combined_min_variance
2021-08-02,BTC-USD,0.0015469941731990834,combined_min_variance
2021-09-01,BTC-USD,0.0014993973541694502,combined_min_variance
2021-10-01,BTC-USD,0.000844521363516087,combined_min_variance
2021-11-01,BTC-USD,1.0842021724855044e-19,combined_min_variance
2021-12-01,BTC-USD,0.008822678287685104,combined_min_variance
2022-01-03,BTC-USD,0.0073055029573100595,combined_min_variance
2022-02-01,BTC-USD,0.008021935063521009,combined_min_variance
2022-03-01,BTC-USD,0.00848016842723315,combined_min_variance
2022-04-01,BTC-USD,0.008330898246334525,combined_min_variance
2022-05-02,BTC-USD,0.006758361581993057,combined_min_variance
2022-06-01,BTC-USD,1.3835688139497418e-18,combined_min_variance
2022-07-01,BTC-USD,0.0,combined_min_variance
2022-08-01,BTC-USD,3.7947076036992655e-18,combined_min_variance
2022-09-01,BTC-USD,0.0,combined_min_variance
2022-10-03,BTC-USD,0.0,combined_min_variance
2022-11-01,BTC-USD,7.246836352279793e-19,combined_min_variance
2022-12-01,BTC-USD,0.0,combined_min_variance
2023-01-03,BTC-USD,0.0,combined_min_variance
2023-02-01,BTC-USD,0.0,combined_min_variance
2023-03-01,BTC-USD,0.0,combined_min_variance
2023-04-03,BTC-USD,3.9572577576043297e-19,combined_min_variance
2023-05-01,BTC-USD,0.0,combined_min_variance
2023-06-01,BTC-USD,0.0,combined_min_variance
2023-07-03,BTC-USD,0.0,combined_min_variance
2023-08-01,BTC-USD,0.0002464838951101298,combined_min_variance
2023-09-01,BTC-USD,0.0,combined_min_variance
2023-10-02,BTC-USD,0.00549528071070642,combined_min_variance
2023-11-01,BTC-USD,0.009370162735491256,combined_min_variance
2023-12-01,BTC-USD,0.016666666666666666,combined_min_variance
2021-01-04,CAT,0.00962404815845995,combined_min_variance
2021-02-01,CAT,0.005892473174095772,combined_min_variance
2021-03-01,CAT,0.008007839327180525,combined_min_variance
2021-04-01,CAT,0.009700068569281262,combined_min_variance
2021-05-03,CAT,0.013966529190046009,combined_min_variance
2021-06-01,CAT,0.016280709609116914,combined_min_variance
2021-07-01,CAT,0.018396508651352672,combined_min_variance
2021-08-02,CAT,0.018258780382093668,combined_min_variance
2021-09-01,CAT,0.017723596358186728,combined_min_variance
2021-10-01,CAT,0.016944680487523532,combined_min_variance
2021-11-01,CAT,0.01694288203348,combined_min_variance
2021-12-01,CAT,0.018863341465336535,combined_min_variance
2022-01-03,CAT,0.018820556434823624,combined_min_variance
2022-02-01,CAT,0.01925523189928303,combined_min_variance
2022-03-01,CAT,0.019154596969303123,combined_min_variance
2022-04-01,CAT,0.019485186952350932,combined_min_variance
2022-05-02,CAT,0.019615376903473283,combined_min_variance
2022-06-01,CAT,0.017860618797473866,combined_min_variance
2022-07-01,CAT,0.019014901739033887,combined_min_variance
2022-08-01,CAT,0.018392768673084568,combined_min_variance
2022-09-01,CAT,0.01820578666173294,combined_min_variance
2022-10-03,CAT,0.014703574635520765,combined_min_variance
2022-11-01,CAT,0.01343366555105313,combined_min_variance
2022-12-01,CAT,0.01625735742803215,combined_min_variance
2023-01-03,CAT,0.013084695583472312,combined_min_variance
2023-02-01,CAT,0.01223330612464955,combined_min_variance
2023-03-01,CAT,0.015520846379199307,combined_min_variance
2023-04-03,CAT,0.005715904486742908,combined_min_variance
2023-05-01,CAT,0.011785326014927402,combined_min_variance
2023-06-01,CAT,0.008397406620601991,combined_min_variance
2023-07-03,CAT,0.010454687777876965,combined_min_variance
2023-08-01,CAT,0.011533796498477042,combined_min_variance
2023-09-01,CAT,0.012697584893280623,combined_min_variance
2023-10-02,CAT,0.016503368616728124,combined_min_variance
2023-11-01,CAT,0.018163355494089116,combined_min_variance
2023-12-01,CAT,0.016666666666666666,combined_min_variance
2021-01-04,CCI,0.010948736549207368,combined_min_variance
2021-02-01,CCI,0.004878426547311767,combined_min_variance
2021-03-01,CCI,0.00704318930934119,combined_min_variance
2021-04-01,CCI,0.028041587806284657,combined_min_variance
2021-05-03,CCI,0.026871383799812014,combined_min_variance
2021-06-01,CCI,0.027866619951486996,combined_min_variance
2021-07-01,CCI,0.026434295290450355,combined_min_variance
2021-08-02,CCI,0.027117580972544172,combined_min_variance
2021-09-01,CCI,0.02736433968038241,combined_min_variance
2021-10-01,CCI,0.027772707444062496,combined_min_variance
2021-11-01,CCI,0.02717831748167444,combined_min_variance
2021-12-01,CCI,0.02060137689280847,combined_min_variance
2022-01-03,CCI,0.021246811443636812,combined_min_variance
2022-02-01,CCI,0.020755175103872845,combined_min_variance
2022-03-01,CCI,0.020638742830820733,combined_min_variance
2022-04-01,CCI,0.021002992344760645,combined_min_variance
2022-05-02,CCI,0.021604666896151706,combined_min_variance
2022-06-01,CCI,0.02690675160136352,combined_min_variance
2022-07-01,CCI,0.023361049228048398,combined_min_variance
2022-08-01,CCI,0.022915120166116652,combined_min_variance
2022-09-01,CCI,0.0227366795780548,combined_min_variance
2022-10-03,CCI,0.022809115973339445,combined_min_variance
2022-11-01,CCI,0.022281968099460658,combined_min_variance
2022-12-01,CCI,0.02003680141268987,combined_min_variance
2023-01-03,CCI,0.017165576578955042,combined_min_variance
2023-02-01,CCI,0.01643465195048909,combined_min_variance
2023-03-01,CCI,0.01826220302841528,combined_min_variance
2023-04-03,CCI,0.011225247375300633,combined_min_variance
2023-05-01,CCI,0.014160876782851526,combined_min_variance
2023-06-01,CCI,0.010519126826402506,combined_min_variance
2023-07-03,CCI,0.01601253117494163,combined_min_variance
2023-08-01,CCI,0.015642228852113624,combined_min_variance
2023-09-01,CCI,0.014316219091229179,combined_min_variance
2023-10-02,CCI,0.016480498180628914,combined_min_variance
2023-11-01,CCI,0.018102947623845168,combined_min_variance
2023-12-01,CCI,0.016666666666666666,combined_min_variance
2021-01-04,CMCSA,0.022601114879415497,combined_min_variance
2021-02-01,CMCSA,0.01872461395540648,combined_min_variance
2021-03-01,CMCSA,0.019411954081087802,combined_min_variance
2021-04-01,CMCSA,0.01789557915932848,combined_min_variance
2021-05-03,CMCSA,0.020302771500374652,combined_min_variance
2021-06-01,CMCSA,0.020287892845181767,combined_min_variance
2021-07-01,CMCSA,0.019286775911730177,combined_min_variance
2021-08-02,CMCSA,0.01954598543042085,combined_min_variance
2021-09-01,CMCSA,0.01935514515270195,combined_min_variance
2021-10-01,CMCSA,0.01858239209159238,combined_min_variance
2021-11-01,CMCSA,0.01845498757385932,combined_min_variance
2021-12-01,CMCSA,0.01937640744808254,combined_min_variance
2022-01-03,CMCSA,0.019581474337577502,combined_min_variance
2022-02-01,CMCSA,0.01976259164057989,combined_min_variance
2022-03-01,CMCSA,0.019598738351382674,combined_min_variance
2022-04-01,CMCSA,0.0195517102898621,combined_min_variance
2022-05-02,CMCSA,0.01994691159884596,combined_min_variance
2022-06-01,CMCSA,0.022815179039795255,combined_min_variance
2022-07-01,CMCSA,0.022307391412145654,combined_min_variance
2022-08-01,CMCSA,0.023068586228025423,combined_min_variance
2022-09-01,CMCSA,0.02301296382291014,combined_min_variance
2022-10-03,CMCSA,0.023763649465041576,combined_min_variance
2022-11-01,CMCSA,0.0248460790263904,combined_min_variance
2022-12-01,CMCSA,0.02395723152398372,combined_min_variance
2023-01-03,CMCSA,0.02344143937262112,combined_min_variance
2023-02-01,CMCSA,0.02256659047977709,combined_min_variance
2023-03-01,CMCSA,0.022788394634703543,combined_min_variance
2023-04-03,CMCSA,0.02182769161982114,combined_min_variance
2023-05-01,CMCSA,0.021334946108565813,combined_min_variance
2023-06-01,CMCSA,0.017987845308000867,combined_min_variance
2023-07-03,CMCSA,0.018573604346156014,combined_min_variance
2023-08-01,CMCSA,0.017112940979648883,combined_min_variance
2023-09-01,CMCSA,0.01637584555597682,combined_min_variance
2023-10-02,CMCSA,0.0203380980470429,combined_min_variance
2023-11-01,CMCSA,0.01984116757398245,combined_min_variance
2023-12-01,CMCSA,0.016666666666666666,combined_min_variance
2021-01-04,COP,3.715397937915438e-19,combined_min_variance
2021-02-01,COP,0.0,combined_min_variance
2021-03-01,COP,0.0,combined_min_variance
2021-04-01,COP,1.0168142434073325e-18,combined_min_variance
2021-05-03,COP,2.6020852139652106e-18,combined_min_variance
2021-06-01,COP,0.0,combined_min_variance
2021-07-01,COP,0.00778156720601738,combined_min_variance
2021-08-02,COP,0.00774389194581421,combined_min_variance
2021-09-01,COP,0.007863002977918875,combined_min_variance
2021-10-01,COP,0.008717861485229343,combined_min_variance
2021-11-01,COP,0.010104325568407591,combined_min_variance
2021-12-01,COP,0.018346813260701467,combined_min_variance
2022-01-03,COP,0.017899355471521418,combined_min_variance
2022-02-01,COP,0.018378425980268957,combined_min_variance
2022-03-01,COP,0.018498946358994645,combined_min_variance
2022-04-01,COP,0.019056551339643613,combined_min_variance
2022-05-02,COP,0.018497014628573664,combined_min_variance
2022-06-01,COP,0.012101673697195312,combined_min_variance
2022-07-01,COP,0.016527823295786892,combined_min_variance
2022-08-01,COP,0.016428323076721714,combined_min_variance
2022-09-01,COP,0.0174626691898229,combined_min_variance
2022-10-03,COP,0.012021439791864638,combined_min_variance
2022-11-01,COP,0.011381547840451312,combined_min_variance
2022-12-01,COP,0.014830814400582851,combined_min_variance
2023-01-03,COP,0.010517939379841211,combined_min_variance
2023-02-01,COP,0.01271873742916525,combined_min_variance
2023-03-01,COP,0.014675025937414517,combined_min_variance
2023-04-03,COP,0.00576628023634113,combined_min_variance
2023-05-01,COP,0.00999902086121102,combined_min_variance
2023-06-01,COP,0.011256167510123784,combined_min_variance
2023-07-03,COP,0.015625650053866947,combined_min_variance
2023-08-01,COP,0.015394943663042227,combined_min_variance
2023-09-01,COP,0.013606358619888324,combined_min_variance
2023-10-02,COP,0.017061834156688757,combined_min_variance
2023-11-01,COP,0.01860226542438562,combined_min_variance
2023-12-01,COP,0.016666666666666666,combined_min_variance
2021-01-04,CVX,0.0,combined_min_variance
2021-02-01,CVX,1.916857959771926e-20,combined_min_variance
2021-03-01,CVX,1.6316732276830837e-18,combined_min_variance
2021-04-01,CVX,0.0003293600228125795,combined_min_variance
2021-05-03,CVX,0.008098727493046298,combined_min_variance
2021-06-01,CVX,0.008506059485744937,combined_min_variance
2021-07-01,CVX,0.01270139405181716,combined_min_variance
2021-08-02,CVX,0.012951368999412665,combined_min_variance
2021-09-01,CVX,0.013064311685034058,combined_min_variance
2021-10-01,CVX,0.013305043361587856,combined_min_variance
2021-11-01,CVX,0.013503253192528696,combined_min_variance
2021-12-01,CVX,0.019014373776307263,combined_min_variance
2022-01-03,CVX,0.018973269111409324,combined_min_variance
2022-02-01,CVX,0.01953456633467537,combined_min_variance
2022-03-01,CVX,0.019625402857775087,combined_min_variance
2022-04-01,CVX,0.02027289748740711,combined_min_variance
2022-05-02,CVX,0.020290929969575284,combined_min_variance
2022-06-01,CVX,0.02203084402308712,combined_min_variance
2022-07-01,CVX,0.021735171002028982,combined_min_variance
2022-08-01,CVX,0.02161982821115435,combined_min_variance
2022-09-01,CVX,0.02218930445319375,combined_min_variance
2022-10-03,CVX,0.024904705306568378,combined_min_variance
2022-11-01,CVX,0.025502591461824663,combined_min_variance
2022-12-01,CVX,0.025257329461503133,combined_min_variance
2023-01-03,CVX,0.026009824826509553,combined_min_variance
2023-02-01,CVX,0.02575730167718096,combined_min_variance
2023-03-01,CVX,0.025140965321106625,combined_min_variance
2023-04-03,CVX,0.022211355890439304,combined_min_variance
2023-05-01,CVX,0.022743915435503487,combined_min_variance
2023-06-01,CVX,0.023336274792698654,combined_min_variance
2023-07-03,CVX,0.02235329059835068,combined_min_variance
2023-08-01,CVX,0.02294711770234196,combined_min_variance
2023-09-01,CVX,0.022862527956989998,combined_min_variance
2023-10-02,CVX,0.022507507177450856,combined_min_variance
2023-11-01,CVX,0.021128591571099305,combined_min_variance
2023-12-01,CVX,0.016666666666666666,combined_min_variance
2021-01-04,D,0.006294642153925676,combined_min_variance
2021-02-01,D,1.6046192152785466e-17,combined_min_variance
2021-03-01,D,0.0,combined_min_variance
2021-04-01,D,0.038863703752076754,combined_min_variance
2021-05-03,D,0.03450926253074189,combined_min_variance
2021-06-01,D,0.033264959020408665,combined_min_variance
2021-07-01,D,0.027379470574105662,combined_min_variance
2021-08-02,D,0.027146892160677293,combined_min_variance
2021-09-01,D,0.027232156445646725,combined_min_variance
2021-10-01,D,0.026314079613367142,combined_min_variance
2021-11-01,D,0.02599716137841669,combined_min_variance
2021-12-01,D,0.020865546178680392,combined_min_variance
2022-01-03,D,0.021548701042992918,combined_min_variance
2022-02-01,D,0.021520853741115235,combined_min_variance
2022-03-01,D,0.021668342391368348,combined_min_variance
2022-04-01,D,0.022026602092326666,combined_min_variance
2022-05-02,D,0.02309184217772837,combined_min_variance
2022-06-01,D,0.03384118273373797,combined_min_variance
2022-07-01,D,0.028532247913997326,combined_min_variance
2022-08-01,D,0.028393672338782608,combined_min_variance
2022-09-01,D,0.028414528404538758,combined_min_variance
2022-10-03,D,0.036663836919599485,combined_min_variance
2022-11-01,D,0.03671953376505043,combined_min_variance
2022-12-01,D,0.03539858919975683,combined_min_variance
2023-01-03,D,0.04093843410565671,combined_min_variance
2023-02-01,D,0.03955856786968956,combined_min_variance
2023-03-01,D,0.035920122258181086,combined_min_variance
2023-04-03,D,0.04195773027377182,combined_min_variance
2023-05-01,D,0.03800888828095294,combined_min_variance
2023-06-01,D,0.03535675874388843,combined_min_variance
2023-07-03,D,0.030692099557000183,combined_min_variance
2023-08-01,D,0.029454287473833697,combined_min_variance
2023-09-01,D,0.028795328543806363,combined_min_variance
2023-10-02,D,0.025109908505979096,combined_min_variance
2023-11-01,D,0.022480149162625734,combined_min_variance
2023-12-01,D,0.016666666666666666,combined_min_variance
2021-01-04,DD,8.460356181620325e-19,combined_min_variance
2021-02-01,DD,0.0,combined_min_variance
2021-03-01,DD,0.0,combined_min_variance
2021-04-01,DD,0.0014574475513815933,combined_min_variance
2021-05-03,DD,0.01127467329443924,combined_min_variance
2021-06-01,DD,0.011716481577566405,combined_min_variance
2021-07-01,DD,0.014582273295080522,combined_min_variance
2021-08-02,DD,0.014074827884909052,combined_min_variance
2021-09-01,DD,0.01450989585382277,combined_min_variance
2021-10-01,DD,0.01568964579412955,combined_min_variance
2021-11-01,DD,0.015168652397280415,combined_min_variance
2021-12-01,DD,0.01836308047191742,combined_min_variance
2022-01-03,DD,0.01829071174874327,combined_min_variance
2022-02-01,DD,0.018489032198638147,combined_min_variance
2022-03-01,DD,0.018313663049874293,combined_min_variance
2022-04-01,DD,0.017699936444618068,combined_min_variance
2022-05-02,DD,0.01722357001560735,combined_min_variance
2022-06-01,DD,0.01028106222851609,combined_min_variance
2022-07-01,DD,0.014573160903012496,combined_min_variance
2022-08-01,DD,0.014801460159661672,combined_min_variance
2022-09-01,DD,0.014220317265201655,combined_min_variance
2022-10-03,DD,0.004757951365339521,combined_min_variance
2022-11-01,DD,0.0027466646051046133,combined_min_variance
2022-12-01,DD,0.009139800752136348,combined_min_variance
2023-01-03,DD,0.0024189087469497494,combined_min_variance
2023-02-01,DD,0.003647658163102721,combined_min_variance
2023-03-01,DD,0.008755913019632607,combined_min_variance
2023-04-03,DD,0.00100242049859774,combined_min_variance
2023-05-01,DD,0.007258814371763693,combined_min_variance
2023-06-01,DD,0.00335649302275429,combined_min_variance
2023-07-03,DD,0.010587327078960027,combined_min_variance
2023-08-01,DD,0.01077519061675734,combined_min_variance
2023-09-01,DD,0.01214310184761696,combined_min_variance
2023-10-02,DD,0.016993485993903535,combined_min_variance
2023-11-01,DD,0.01887252777362352,combined_min_variance
2023-12-01,DD,0.016666666666666666,combined_min_variance
2021-01-04,DIS,0.004566415030165541,combined_min_variance
2021-02-01,DIS,6.7220534694101275e-18,combined_min_variance
2021-03-01,DIS,0.0,combined_min_variance
2021-04-01,DIS,0.014928722301725567,combined_min_variance
2021-05-03,DIS,0.015064563862699824,combined_min_variance
2021-06-01,DIS,0.01759697438092629,combined_min_variance
2021-07-01,DIS,0.01907060787963228,combined_min_variance
2021-08-02,DIS,0.018629042568063168,combined_min_variance
2021-09-01,DIS,0.01854270818339231,combined_min_variance
2021-10-01,DIS,0.017548094029619914,combined_min_variance
2021-11-01,DIS,0.017295948799537775,combined_min_variance
2021-12-01,DIS,0.019576089583146404,combined_min_variance
2022-01-03,DIS,0.01960318469965624,combined_min_variance
2022-02-01,DIS,0.019515522243546867,combined_min_variance
2022-03-01,DIS,0.019744295968471735,combined_min_variance
2022-04-01,DIS,0.019333307635445114,combined_min_variance
2022-05-02,DIS,0.01916488333582431,combined_min_variance
2022-06-01,DIS,0.015581640511379372,combined_min_variance
2022-07-01,DIS,0.017865494449620888,combined_min_variance
2022-08-01,DIS,0.017440830389022333,combined_min_variance
2022-09-01,DIS,0.016951276473063853,combined_min_variance
2022-10-03,DIS,0.010967891142831428,combined_min_variance
2022-11-01,DIS,0.009375848091307695,combined_min_variance
2022-12-01,DIS,0.007503774961924401,combined_min_variance
2023-01-03,DIS,0.0,combined_min_variance
2023-02-01,DIS,0.00033286014202913144,combined_min_variance
2023-03-01,DIS,0.003997450666869771,combined_min_variance
2023-04-03,DIS,0.00023884468050427225,combined_min_variance
2023-05-01,DIS,5.27164914850913e-05,combined_min_variance
2023-06-01,DIS,0.0,combined_min_variance
2023-07-03,DIS,0.0018536971356427814,combined_min_variance
2023-08-01,DIS,0.0017374624635405767,combined_min_variance
2023-09-01,DIS,0.0008926719883781879,combined_min_variance
2023-10-02,DIS,0.009508202588257318,combined_min_variance
2023-11-01,DIS,0.014918913123680133,combined_min_variance
2023-12-01,DIS,0.016666666666666666,combined_min_variance
2021-01-04,DOW,0.0,combined_min_variance
2021-02-01,DOW,0.0,combined_min_variance
2021-03-01,DOW,1.4689696418237902e-18,combined_min_variance
2021-04-01,DOW,1.0710243520316077e-18,combined_min_variance
2021-05-03,DOW,0.003280388192226099,combined_min_variance
2021-06-01,DOW,0.007072731213923942,combined_min_variance
2021-07-01,DOW,0.012927413022125455,combined_min_variance
2021-08-02,DOW,0.012876458432552024,combined_min_variance
2021-09-01,DOW,0.013134149454611053,combined_min_variance
2021-10-01,DOW,0.013378721076275555,combined_min_variance
2021-11-01,DOW,0.01243321645215028,combined_min_variance
2021-12-01,DOW,0.01825660058339473,combined_min_variance
2022-01-03,DOW,0.01803992813504451,combined_min_variance
2022-02-01,DOW,0.018404036341860032,combined_min_variance
2022-03-01,DOW,0.018621799096368987,combined_min_variance
2022-04-01,DOW,0.018491918954823317,combined_min_variance
2022-05-02,DOW,0.01886783387133539,combined_min_variance
2022-06-01,DOW,0.018244547057122393,combined_min_variance
2022-07-01,DOW,0.01928877180614289,combined_min_variance
2022-08-01,DOW,0.019670721105683468,combined_min_variance
2022-09-01,DOW,0.019637642135881525,combined_min_variance
2022-10-03,DOW,0.017857285486996617,combined_min_variance
2022-11-01,DOW,0.0180632355652403,combined_min_variance
2022-12-01,DOW,0.017456040490392587,combined_min_variance
2023-01-03,DOW,0.014781474753085949,combined_min_variance
2023-02-01,DOW,0.013859376062457927,combined_min_variance
2023-03-01,DOW,0.01622783872431401,combined_min_variance
2023-04-03,DOW,0.013293173824995888,combined_min_variance
2023-05-01,DOW,0.013544663806512853,combined_min_variance
2023-06-01,DOW,0.008697205253727688,combined_min_variance
2023-07-03,DOW,0.012260332526179633,combined_min_variance
2023-08-01,DOW,0.012343800258904703,combined_min_variance
2023-09-01,DOW,0.012266097669866615,combined_min_variance
2023-10-02,DOW,0.015749352310087488,combined_min_variance
2023-11-01,DOW,0.01766358875287175,combined_min_variance
2023-12-01,DOW,0.016666666666666666,combined_min_variance
2021-01-04,DUK,0.006988385700748615,combined_min_variance
2021-02-01,DUK,0.001331075974304043,combined_min_variance
2021-03-01,DUK,0.0,combined_min_variance
2021-04-01,DUK,0.031373793335554845,combined_min_variance
2021-05-03,DUK,0.030781714173784988,combined_min_variance
2021-06-01,DUK,0.030752198114218848,combined_min_variance
2021-07-01,DUK,0.02612204824548925,combined_min_variance
2021-08-02,DUK,0.02636288979871276,combined_min_variance
2021-09-01,DUK,0.026421694037799787,combined_min_variance
2021-10-01,DUK,0.025879229629741894,combined_min_variance
2021-11-01,DUK,0.02582364516244111,combined_min_variance
2021-12-01,DUK,0.02075583498427212,combined_min_variance
2022-01-03,DUK,0.02155668495514597,combined_min_variance
2022-02-01,DUK,0.021601480134397673,combined_min_variance
2022-03-01,DUK,0.02153420039807734,combined_min_variance
2022-04-01,DUK,0.021905057900762314,combined_min_variance
2022-05-02,DUK,0.023038826754415723,combined_min_variance
2022-06-01,DUK,0.035428422089465256,combined_min_variance
2022-07-01,DUK,0.029184465786470576,combined_min_variance
2022-08-01,DUK,0.029193668144280323,combined_min_variance
2022-09-01,DUK,0.02906500043548451,combined_min_variance
2022-10-03,DUK,0.03860467015722168,combined_min_variance
2022-11-01,DUK,0.03818956197961809,combined_min_variance
2022-12-01,DUK,0.036743714231629615,combined_min_variance
2023-01-03,DUK,0.042530914937918995,combined_min_variance
2023-02-01,DUK,0.04141037372200206,combined_min_variance
2023-03-01,DUK,0.0380128983628122,combined_min_variance
2023-04-03,DUK,0.04461160115831491,combined_min_variance
2023-05-01,DUK,0.0399598807079873,combined_min_variance
2023-06-01,DUK,0.03828380836133135,combined_min_variance
2023-07-03,DUK,0.0325843140633975,combined_min_variance
2023-08-01,DUK,0.0315332951990148,combined_min_variance
2023-09-01,DUK,0.031858046526123195,combined_min_variance
2023-10-02,DUK,0.027787270711831152,combined_min_variance
2023-11-01,DUK,0.02395356719436976,combined_min_variance
2023-12-01,DUK,0.016666666666666666,combined_min_variance
2021-01-04,EA,0.07427511348823218,combined_min_variance
2021-02-01,EA,0.08250245285227682,combined_min_variance
2021-03-01,EA,0.08136081417785819,combined_min_variance
2021-04-01,EA,0.05201212903548833,combined_min_variance
2021-05-03,EA,0.03449731653740217,combined_min_variance
2021-06-01,EA,0.032081476170044095,combined_min_variance
2021-07-01,EA,0.025240024911757863,combined_min_variance
2021-08-02,EA,0.02529158362416455,combined_min_variance
2021-09-01,EA,0.025571529401732015,combined_min_variance
2021-10-01,EA,0.026278027750400203,combined_min_variance
2021-11-01,EA,0.02602236805253718,combined_min_variance
2021-12-01,EA,0.020412774734891132,combined_min_variance
2022-01-03,EA,0.02086317377780379,combined_min_variance
2022-02-01,EA,0.02061807902022165,combined_min_variance
2022-03-01,EA,0.020825559786034824,combined_min_variance
2022-04-01,EA,0.020874641406960683,combined_min_variance
2022-05-02,EA,0.021710782983396272,combined_min_variance
2022-06-01,EA,0.030812567176073512,combined_min_variance
2022-07-01,EA,0.025966999589941538,combined_min_variance
2022-08-01,EA,0.02583952151587425,combined_min_variance
2022-09-01,EA,0.02609368540732613,combined_min_variance
2022-10-03,EA,0.03298481164294132,combined_min_variance
2022-11-01,EA,0.03534381325346656,combined_min_variance
2022-12-01,EA,0.032998837888318915,combined_min_variance
2023-01-03,EA,0.03903207486276569,combined_min_variance
2023-02-01,EA,0.03868496524003332,combined_min_variance
2023-03-01,EA,0.0344892899541706,combined_min_variance
2023-04-03,EA,0.04461729346054804,combined_min_variance
2023-05-01,EA,0.037227309564507524,combined_min_variance
2023-06-01,EA,0.040040613709949775,combined_min_variance
2023-07-03,EA,0.0333173443288827,combined_min_variance
2023-08-01,EA,0.034315019361999356,combined_min_variance
2023-09-01,EA,0.032206708685450336,combined_min_variance
2023-10-02,EA,0.02722484995471855,combined_min_variance
2023-11-01,EA,0.02225401730270304,combined_min_variance
2023-12-01,EA,0.016666666666666666,combined_min_variance
2021-01-04,EOS-USD,0.0,combined_min_variance
2021-02-01,EOS-USD,0.0,combined_min_variance
2021-03-01,EOS-USD,3.5313676210763944e-19,combined_min_variance
2021-04-01,EOS-USD,1.7168718027432612e-19,combined_min_variance
2021-05-03,EOS-USD,0.0,combined_min_variance
2021-06-01,EOS-USD,1.944024227012473e-19,combined_min_variance
2021-07-01,EOS-USD,0.0,combined_min_variance
2021-08-02,EOS-USD,0.0,combined_min_variance
2021-09-01,EOS-USD,0.0,combined_min_variance
2021-10-01,EOS-USD,3.143600095026272e-19,combined_min_variance
2021-11-01,EOS-USD,2.7090206975605373e-19,combined_min_variance
2021-12-01,EOS-USD,0.0,combined_min_variance
2022-01-03,EOS-USD,0.0,combined_min_variance
2022-02-01,EOS-USD,1.9788190879678395e-20,combined_min_variance
2022-03-01,EOS-USD,2.5163344161949595e-19,combined_min_variance
2022-04-01,EOS-USD,0.0,combined_min_variance
2022-05-02,EOS-USD,3.6496805074903626e-19,combined_min_variance
2022-06-01,EOS-USD,0.0,combined_min_variance
2022-07-01,EOS-USD,0.0,combined_min_variance
2022-08-01,EOS-USD,0.0,combined_min_variance
2022-09-01,EOS-USD,3.2796967259592417e-19,combined_min_variance
2022-10-03,EOS-USD,1.6582801323673903e-19,combined_min_variance
2022-11-01,EOS-USD,1.6861130409125515e-19,combined_min_variance
2022-12-01,EOS-USD,0.0,combined_min_variance
2023-01-03,EOS-USD,6.712189068324466e-19,combined_min_variance
2023-02-01,EOS-USD,5.845046431553855e-19,combined_min_variance
2023-03-01,EOS-USD,5.170583792876093e-19,combined_min_variance
2023-04-03,EOS-USD,0.0,combined_min_variance
2023-05-01,EOS-USD,0.0,combined_min_variance
2023-06-01,EOS-USD,4.560923096233469e-19,combined_min_variance
2023-07-03,EOS-USD,0.0,combined_min_variance
2023-08-01,EOS-USD,2.750166889254487e-19,combined_min_variance
2023-09-01,EOS-USD,4.391327122276691e-19,combined_min_variance
2023-10-02,EOS-USD,4.732424935490533e-20,combined_min_variance
2023-11-01,EOS-USD,0.001104128221992037,combined_min_variance
2023-12-01,EOS-USD,0.016666666666666666,combined_min_variance
2021-01-04,ETC-USD,0.0,combined_min_variance
2021-02-01,ETC-USD,0.0,combined_min_variance
2021-03-01,ETC-USD,1.0536814648983194e-18,combined_min_variance
2021-04-01,ETC-USD,0.0029010116619225534,combined_min_variance
2021-05-03,ETC-USD,8.94527628856659e-05,combined_min_variance
2021-06-01,ETC-USD,8.139734009793354e-19,combined_min_variance
2021-07-01,ETC-USD,3.893970517555971e-19,combined_min_variance
2021-08-02,ETC-USD,0.0,combined_min_variance
2021-09-01,ETC-USD,6.221153725875948e-19,combined_min_variance
2021-10-01,ETC-USD,6.188166591100224e-19,combined_min_variance
2021-11-01,ETC-USD,9.044938448137101e-20,combined_min_variance
2021-12-01,ETC-USD,0.0,combined_min_variance
2022-01-03,ETC-USD,0.0,combined_min_variance
2022-02-01,ETC-USD,0.0,combined_min_variance
2022-03-01,ETC-USD,0.0,combined_min_variance
2022-04-01,ETC-USD,6.610978899894083e-19,combined_min_variance
2022-05-02,ETC-USD,4.745492238504926e-19,combined_min_variance
2022-06-01,ETC-USD,0.0,combined_min_variance
2022-07-01,ETC-USD,2.2915784686734644e-19,combined_min_variance
2022-08-01,ETC-USD,0.0,combined_min_variance
2022-09-01,ETC-USD,0.0,combined_min_variance
2022-10-03,ETC-USD,4.824310289905996e-19,combined_min_variance
2022-11-01,ETC-USD,4.430499790016484e-19,combined_min_variance
2022-12-01,ETC-USD,0.0,combined_min_variance
2023-01-03,ETC-USD,0.0,combined_min_variance
2023-02-01,ETC-USD,5.155037867201743e-19,combined_min_variance
2023-03-01,ETC-USD,6.5137789765949975e-19,combined_min_variance
2023-04-03,ETC-USD,2.1628580902185719e-19,combined_min_variance
2023-05-01,ETC-USD,0.0,combined_min_variance
2023-06-01,ETC-USD,0.0,combined_min_variance
2023-07-03,ETC-USD,1.2817803191819612e-18,combined_min_variance
2023-08-01,ETC-USD,4.362598672035083e-19,combined_min_variance
2023-09-01,ETC-USD,0.0,combined_min_variance
2023-10-02,ETC-USD,3.139063393239053e-19,combined_min_variance
2023-11-01,ETC-USD,1.7564403692629323e-18,combined_min_variance
2023-12-01,ETC-USD,0.016666666666666666,combined_min_variance
2021-01-04,ETH-USD,1.2409943075111904e-19,combined_min_variance
2021-02-01,ETH-USD,1.2590289421798038e-19,combined_min_variance
2021-03-01,ETH-USD,7.945283070164835e-19,combined_min_variance
2021-04-01,ETH-USD,2.8497777697961694e-19,combined_min_variance
2021-05-03,ETH-USD,0.0016305870232433224,combined_min_variance
2021-06-01,ETH-USD,0.0,combined_min_variance
2021-07-01,ETH-USD,1.5440007784843495e-18,combined_min_variance
2021-08-02,ETH-USD,0.0,combined_min_variance
2021-09-01,ETH-USD,3.1095321150176153e-18,combined_min_variance
2021-10-01,ETH-USD,0.0,combined_min_variance
2021-11-01,ETH-USD,0.0,combined_min_variance
2021-12-01,ETH-USD,0.004999354532869632,combined_min_variance
2022-01-03,ETH-USD,0.0031347270274714152,combined_min_variance
2022-02-01,ETH-USD,0.0032805775307839487,combined_min_variance
2022-03-01,ETH-USD,0.0030329731947260664,combined_min_variance
2022-04-01,ETH-USD,0.002653927846163802,combined_min_variance
2022-05-02,ETH-USD,0.0,combined_min_variance
2022-06-01,ETH-USD,0.0,combined_min_variance
2022-07-01,ETH-USD,0.0,combined_min_variance
2022-08-01,ETH-USD,0.0,combined_min_variance
2022-09-01,ETH-USD,5.919668175805456e-19,combined_min_variance
2022-10-03,ETH-USD,4.022461387249304e-19,combined_min_variance
2022-11-01,ETH-USD,0.0,combined_min_variance
2022-12-01,ETH-USD,2.815018097753273e-19,combined_min_variance
2023-01-03,ETH-USD,6.138218728660568e-20,combined_min_variance
2023-02-01,ETH-USD,6.23584897900759e-19,combined_min_variance
2023-03-01,ETH-USD,9.64379683415798e-19,combined_min_variance
2023-04-03,ETH-USD,1.9555489665402765e-20,combined_min_variance
2023-05-01,ETH-USD,0.0,combined_min_variance
2023-06-01,ETH-USD,0.0,combined_min_variance
2023-07-03,ETH-USD,0.0,combined_min_variance
2023-08-01,ETH-USD,0.0,combined_min_variance
2023-09-01,ETH-USD,4.701512477146346e-05,combined_min_variance
2023-10-02,ETH-USD,0.00031906613763900047,combined_min_variance
2023-11-01,ETH-USD,0.0029746886308642767,combined_min_variance
2023-12-01,ETH-USD,0.016666666666666666,combined_min_variance
2021-01-04,GE,1.2755035198344675e-18,combined_min_variance
2021-02-01,GE,6.724687179945921e-19,combined_min_variance
2021-03-01,GE,1.3084085295508693e-18,combined_min_variance
2021-04-01,GE,0.0018483558595314364,combined_min_variance
2021-05-03,GE,0.006382609280442394,combined_min_variance
2021-06-01,GE,0.010705042932129493,combined_min_variance
2021-07-01,GE,0.016159648178289424,combined_min_variance
2021-08-02,GE,0.015550182532350212,combined_min_variance
2021-09-01,GE,0.015925071567257462,combined_min_variance
2021-10-01,GE,0.01683821598774521,combined_min_variance
2021-11-01,GE,0.01542264572249387,combined_min_variance
2021-12-01,GE,0.018955645070335723,combined_min_variance
2022-01-03,GE,0.018679872019662355,combined_min_variance
2022-02-01,GE,0.01849244098911686,combined_min_variance
2022-03-01,GE,0.018382068663652405,combined_min_variance
2022-04-01,GE,0.017950164658253522,combined_min_variance
2022-05-02,GE,0.0169926694168421,combined_min_variance
2022-06-01,GE,0.006725488358735409,combined_min_variance
2022-07-01,GE,0.012878486588871384,combined_min_variance
2022-08-01,GE,0.01336554628454665,combined_min_variance
2022-09-01,GE,0.013084632736162359,combined_min_variance
2022-10-03,GE,0.004537901252279797,combined_min_variance
2022-11-01,GE,0.0018724430355256923,combined_min_variance
2022-12-01,GE,0.008016707710151363,combined_min_variance
2023-01-03,GE,0.0005827008262179259,combined_min_variance
2023-02-01,GE,0.0019191855062825223,combined_min_variance
2023-03-01,GE,0.008809196844725555,combined_min_variance
2023-04-03,GE,0.002250077002488216,combined_min_variance
2023-05-01,GE,0.010397075270333829,combined_min_variance
2023-06-01,GE,0.011167178187557516,combined_min_variance
2023-07-03,GE,0.017433585977740775,combined_min_variance
2023-08-01,GE,0.018765399528895395,combined_min_variance
2023-09-01,GE,0.0198514283476733,combined_min_variance
2023-10-02,GE,0.020028822424220463,combined_min_variance
2023-11-01,GE,0.0197029210807667,combined_min_variance
2023-12-01,GE,0.016666666666666666,combined_min_variance
2021-01-04,GILD,0.08985378858223178,combined_min_variance
2021-02-01,GILD,0.09839972408215543,combined_min_variance
2021-03-01,GILD,0.09389155858046526,combined_min_variance
2021-04-01,GILD,0.043193800234538365,combined_min_variance
2021-05-03,GILD,0.03227098216044241,combined_min_variance
2021-06-01,GILD,0.03167083449572857,combined_min_variance
2021-07-01,GILD,0.02559754596110103,combined_min_variance
2021-08-02,GILD,0.025592947447361507,combined_min_variance
2021-09-01,GILD,0.025477038260058354,combined_min_variance
2021-10-01,GILD,0.02490529215679821,combined_min_variance
2021-11-01,GILD,0.025218754316436987,combined_min_variance
2021-12-01,GILD,0.020534492910326024,combined_min_variance
2022-01-03,GILD,0.021217412298227697,combined_min_variance
2022-02-01,GILD,0.021242863951688843,combined_min_variance
2022-03-01,GILD,0.02164895510866838,combined_min_variance
2022-04-01,GILD,0.021836415142814137,combined_min_variance
2022-05-02,GILD,0.022718606499156392,combined_min_variance
2022-06-01,GILD,0.03404761413353873,combined_min_variance
2022-07-01,GILD,0.028621626232025337,combined_min_variance
2022-08-01,GILD,0.028712930549039613,combined_min_variance
2022-09-01,GILD,0.028668509326702174,combined_min_variance
2022-10-03,GILD,0.03834651784332927,combined_min_variance
2022-11-01,GILD,0.036676413666859684,combined_min_variance
2022-12-01,GILD,0.036261785510539477,combined_min_variance
2023-01-03,GILD,0.04214441674188762,combined_min_variance
2023-02-01,GILD,0.04223461651190499,combined_min_variance
2023-03-01,GILD,0.03739563812840957,combined_min_variance
2023-04-03,GILD,0.04524022345791124,combined_min_variance
2023-05-01,GILD,0.041550768566591324,combined_min_variance
2023-06-01,GILD,0.04053126426236441,combined_min_variance
2023-07-03,GILD,0.033620318858578496,combined_min_variance
2023-08-01,GILD,0.03390470524898628,combined_min_variance
2023-09-01,GILD,0.03418166916345141,combined_min_variance
2023-10-02,GILD,0.029590761303590955,combined_min_variance
2023-11-01,GILD,0.024992684816292885,combined_min_variance
2023-12-01,GILD,0.016666666666666666,combined_min_variance
2021-01-04,GS,1.2267642783789959e-18,combined_min_variance
2021-02-01,GS,1.1359384327987095e-18,combined_min_variance
2021-03-01,GS,0.0,combined_min_variance
2021-04-01,GS,0.007353851949750759,combined_min_variance
2021-05-03,GS,0.012626282646690884,combined_min_variance
2021-06-01,GS,0.014142031090009752,combined_min_variance
2021-07-01,GS,0.017848090939001138,combined_min_variance
2021-08-02,GS,0.01759650974811067,combined_min_variance
2021-09-01,GS,0.017158248695561172,combined_min_variance
2021-10-01,GS,0.01656108593981802,combined_min_variance
2021-11-01,GS,0.016600735013995557,combined_min_variance
2021-12-01,GS,0.018932155948684,combined_min_variance
2022-01-03,GS,0.01868935679111951,combined_min_variance
2022-02-01,GS,0.01873875244827998,combined_min_variance
2022-03-01,GS,0.018776143430834866,combined_min_variance
2022-04-01,GS,0.018218739640887074,combined_min_variance
2022-05-02,GS,0.01773782154570308,combined_min_variance
2022-06-01,GS,0.012846481066074757,combined_min_variance
2022-07-01,GS,0.016865028997439576,combined_min_variance
2022-08-01,GS,0.016610895598302436,combined_min_variance
2022-09-01,GS,0.016901709795589505,combined_min_variance
2022-10-03,GS,0.012455590530497319,combined_min_variance
2022-11-01,GS,0.010486890375253171,combined_min_variance
2022-12-01,GS,0.013833609293399527,combined_min_variance
2023-01-03,GS,0.010522304512135906,combined_min_variance
2023-02-01,GS,0.013047004580853012,combined_min_variance
2023-03-01,GS,0.016156626347723736,combined_min_variance
2023-04-03,GS,0.010678937382726706,combined_min_variance
2023-05-01,GS,0.015833204275997267,combined_min_variance
2023-06-01,GS,0.015001522267254624,combined_min_variance
2023-07-03,GS,0.017722599016270914,combined_min_variance
2023-08-01,GS,0.019119624019209993,combined_min_variance
2023-09-01,GS,0.018811530313274618,combined_min_variance
2023-10-02,GS,0.01923442630185131,combined_min_variance
2023-11-01,GS,0.019475032001266806,combined_min_variance
2023-12-01,GS,0.016666666666666666,combined_min_variance
2021-01-04,INTC,0.0,combined_min_variance
2021-02-01,INTC,0.0,combined_min_variance
2021-03-01,INTC,0.0,combined_min_variance
2021-04-01,INTC,0.015561501536380463,combined_min_variance
2021-05-03,INTC,0.018765351995154986,combined_min_variance
2021-06-01,INTC,0.018607095071248976,combined_min_variance
2021-07-01,INTC,0.017972017310919915,combined_min_variance
2021-08-02,INTC,0.017963576052361003,combined_min_variance
2021-09-01,INTC,0.018011915178892963,combined_min_variance
2021-10-01,INTC,0.0184427290555123,combined_min_variance
2021-11-01,INTC,0.01844014590236379,combined_min_variance
2021-12-01,INTC,0.01908402943941341,combined_min_variance
2022-01-03,INTC,0.019012352308426243,combined_min_variance
2022-02-01,INTC,0.01905907417890602,combined_min_variance
2022-03-01,INTC,0.019112092938153837,combined_min_variance
2022-04-01,INTC,0.01918343728603852,combined_min_variance
2022-05-02,INTC,0.018641299352114848,combined_min_variance
2022-06-01,INTC,0.014772597925975439,combined_min_variance
2022-07-01,INTC,0.017059356275880604,combined_min_variance
2022-08-01,INTC,0.0171326443379881,combined_min_variance
2022-09-01,INTC,0.01641250786044457,combined_min_variance
2022-10-03,INTC,0.009791307244215416,combined_min_variance
2022-11-01,INTC,0.004424776382548669,combined_min_variance
2022-12-01,INTC,0.0037173103544200573,combined_min_variance
2023-01-03,INTC,0.0,combined_min_variance
2023-02-01,INTC,0.0,combined_min_variance
2023-03-01,INTC,0.0,combined_min_variance
2023-04-03,INTC,0.0,combined_min_variance
2023-05-01,INTC,2.2632720350634905e-18,combined_min_variance
2023-06-01,INTC,4.472333961502706e-19,combined_min_variance
2023-07-03,INTC,0.001738873220100935,combined_min_variance
2023-08-01,INTC,0.0001728123393544721,combined_min_variance
2023-09-01,INTC,6.832191201231574e-05,combined_min_variance
2023-10-02,INTC,0.0062088769092623845,combined_min_variance
2023-11-01,INTC,0.014712933964238553,combined_min_variance
2023-12-01,INTC,0.016666666666666666,combined_min_variance
2021-01-04,KO,0.0388650474379622,combined_min_variance
2021-02-01,KO,0.0405575696778109,combined_min_variance
2021-03-01,KO,0.03887720061236912,combined_min_variance
2021-04-01,KO,0.023457574902251966,combined_min_variance
2021-05-03,KO,0.023978430382472687,combined_min_variance
2021-06-01,KO,0.02357504955381195,combined_min_variance
2021-07-01,KO,0.022787881333141153,combined_min_variance
2021-08-02,KO,0.023302865478698944,combined_min_variance
2021-09-01,KO,0.023488843552692925,combined_min_variance
2021-10-01,KO,0.023334976284284832,combined_min_variance
2021-11-01,KO,0.024011977914204015,combined_min_variance
2021-12-01,KO,0.020544728972485684,combined_min_variance
2022-01-03,KO,0.0211467108489856,combined_min_variance
2022-02-01,KO,0.020994366376378793,combined_min_variance
2022-03-01,KO,0.02134826540849228,combined_min_variance
2022-04-01,KO,0.02145487450676827,combined_min_variance
2022-05-02,KO,0.022255376371352522,combined_min_variance
2022-06-01,KO,0.029301989096974575,combined_min_variance
2022-07-01,KO,0.026603055713652127,combined_min_variance
2022-08-01,KO,0.026803508369255498,combined_min_variance
2022-09-01,KO,0.026700309978385333,combined_min_variance
2022-10-03,KO,0.035626552357041104,combined_min_variance
2022-11-01,KO,0.037579351487158796,combined_min_variance
2022-12-01,KO,0.03610726834016827,combined_min_variance
2023-01-03,KO,0.04320766766220712,combined_min_variance
2023-02-01,KO,0.042611613868750106,combined_min_variance
2023-03-01,KO,0.03769416805910703,combined_min_variance
2023-04-03,KO,0.049523167346729416,combined_min_variance
2023-05-01,KO,0.043766136369642064,combined_min_variance
2023-06-01,KO,0.04885827557051188,combined_min_variance
2023-07-03,KO,0.03800125814845107,combined_min_variance
2023-08-01,KO,0.0388404906265879,combined_min_variance
2023-09-01,KO,0.041609065765994616,combined_min_variance
2023-10-02,KO,0.03280624339485691,combined_min_variance
2023-11-01,KO,0.024781913151762945,combined_min_variance
2023-12-01,KO,0.016666666666666666,combined_min_variance
2021-01-04,LTC-USD,6.324424746591143e-19,combined_min_variance
2021-02-01,LTC-USD,0.0,combined_min_variance
2021-03-01,LTC-USD,0.0,combined_min_variance
2021-04-01,LTC-USD,0.0,combined_min_variance
2021-05-03,LTC-USD,0.0029591939777077157,combined_min_variance
2021-06-01,LTC-USD,0.0,combined_min_variance
2021-07-01,LTC-USD,4.7724486392966586e-05,combined_min_variance
2021-08-02,LTC-USD,0.0007444637133379971,combined_min_variance
2021-09-01,LTC-USD,0.00034375554085660403,combined_min_variance
2021-10-01,LTC-USD,0.0,combined_min_variance
2021-11-01,LTC-USD,9.897975541614158e-19,combined_min_variance
2021-12-01,LTC-USD,0.0022010554998901127,combined_min_variance
2022-01-03,LTC-USD,0.00014682483878057846,combined_min_variance
2022-02-01,LTC-USD,4.6492451245781384e-05,combined_min_variance
2022-03-01,LTC-USD,3.144186300207963e-18,combined_min_variance
2022-04-01,LTC-USD,2.168404344971009e-19,combined_min_variance
2022-05-02,LTC-USD,0.0,combined_min_variance
2022-06-01,LTC-USD,0.0,combined_min_variance
2022-07-01,LTC-USD,0.0,combined_min_variance
2022-08-01,LTC-USD,3.019681616673552e-20,combined_min_variance
2022-09-01,LTC-USD,1.908810522269648e-19,combined_min_variance
2022-10-03,LTC-USD,1.4140435020448934e-19,combined_min_variance
2022-11-01,LTC-USD,0.0,combined_min_variance
2022-12-01,LTC-USD,5.589440094666801e-19,combined_min_variance
2023-01-03,LTC-USD,3.759634763425145e-19,combined_min_variance
2023-02-01,LTC-USD,8.259133649350361e-19,combined_min_variance
2023-03-01,LTC-USD,1.7570410154412623e-19,combined_min_variance
2023-04-03,LTC-USD,5.281340500025147e-19,combined_min_variance
2023-05-01,LTC-USD,0.0,combined_min_variance
2023-06-01,LTC-USD,0.0,combined_min_variance
2023-07-03,LTC-USD,0.00016449688759744664,combined_min_variance
2023-08-01,LTC-USD,5.403062581238238e-05,combined_min_variance
2023-09-01,LTC-USD,0.0,combined_min_variance
2023-10-02,LTC-USD,0.0009928767429060127,combined_min_variance
2023-11-01,LTC-USD,2.168404344971009e-18,combined_min_variance
2023-12-01,LTC-USD,0.016666666666666666,combined_min_variance
2021-01-04,MMM,0.03939619586287001,combined_min_variance
2021-02-01,MMM,0.046125117108125474,combined_min_variance
2021-03-01,MMM,0.04429795792454749,combined_min_variance
2021-04-01,MMM,0.03317097907560711,combined_min_variance
2021-05-03,MMM,0.025774723234823233,combined_min_variance
2021-06-01,MMM,0.02685124817368274,combined_min_variance
2021-07-01,MMM,0.0248653904000614,combined_min_variance
2021-08-02,MMM,0.025202667033501634,combined_min_variance
2021-09-01,MMM,0.025034049971194242,combined_min_variance
2021-10-01,MMM,0.024581793343740083,combined_min_variance
2021-11-01,MMM,0.024394599693869475,combined_min_variance
2021-12-01,MMM,0.020538916256182354,combined_min_variance
2022-01-03,MMM,0.021130628199221825,combined_min_variance
2022-02-01,MMM,0.02071076868509639,combined_min_variance
2022-03-01,MMM,0.020466062611710214,combined_min_variance
2022-04-01,MMM,0.020218587570133336,combined_min_variance
2022-05-02,MMM,0.020586718339278807,combined_min_variance
2022-06-01,MMM,0.024629202664351098,combined_min_variance
2022-07-01,MMM,0.023650960962088394,combined_min_variance
2022-08-01,MMM,0.024025175792602098,combined_min_variance
2022-09-01,MMM,0.02286158837017708,combined_min_variance
2022-10-03,MMM,0.026990112294845284,combined_min_variance
2022-11-01,MMM,0.026249804293140167,combined_min_variance
2022-12-01,MMM,0.025577292257029104,combined_min_variance
2023-01-03,MMM,0.02632224412625395,combined_min_variance
2023-02-01,MMM,0.022395929311919645,combined_min_variance
2023-03-01,MMM,0.023372011269614336,combined_min_variance
2023-04-03,MMM,0.023518589817295345,combined_min_variance
2023-05-01,MMM,0.023429587951904807,combined_min_variance
2023-06-01,MMM,0.018642342979496043,combined_min_variance
2023-07-03,MMM,0.015005266145246185,combined_min_variance
2023-08-01,MMM,0.01125110908665623,combined_min_variance
2023-09-01,MMM,0.01252462917633539,combined_min_variance
2023-10-02,MMM,0.015367614431228032,combined_min_variance
2023-11-01,MMM,0.017122825235114478,combined_min_variance
2023-12-01,MMM,0.016666666666666666,combined_min_variance
2021-01-04,MRK,0.061101434203461244,combined_min_variance
2021-02-01,MRK,0.0651998417973052,combined_min_variance
2021-03-01,MRK,0.06262248519555917,combined_min_variance
2021-04-01,MRK,0.03821638516338873,combined_min_variance
2021-05-03,MRK,0.032229146765539576,combined_min_variance
2021-06-01,MRK,0.03021803130417312,combined_min_variance
2021-07-01,MRK,0.02636599010062517,combined_min_variance
2021-08-02,MRK,0.02674506588165617,combined_min_variance
2021-09-01,MRK,0.026465187234495625,combined_min_variance
2021-10-01,MRK,0.026119888274602134,combined_min_variance
2021-11-01,MRK,0.02517253459734156,combined_min_variance
2021-12-01,MRK,0.02040286043784797,combined_min_variance
2022-01-03,MRK,0.02109214562793175,combined_min_variance
2022-02-01,MRK,0.02139464857259957,combined_min_variance
2022-03-01,MRK,0.02135988159973046,combined_min_variance
2022-04-01,MRK,0.021678250581324412,combined_min_variance
2022-05-02,MRK,0.02260470075545485,combined_min_variance
2022-06-01,MRK,0.03511159016248766,combined_min_variance
2022-07-01,MRK,0.028591289996588616,combined_min_variance
2022-08-01,MRK,0.029080723955775958,combined_min_variance
2022-09-01,MRK,0.029027650478123834,combined_min_variance
2022-10-03,MRK,0.04281742864577601,combined_min_variance
2022-11-01,MRK,0.049144361562978765,combined_min_variance
2022-12-01,MRK,0.047532313395982975,combined_min_variance
2023-01-03,MRK,0.0594226719639534,combined_min_variance
2023-02-01,MRK,0.0573456600742008,combined_min_variance
2023-03-01,MRK,0.04957782775587243,combined_min_variance
2023-04-03,MRK,0.06852570184960503,combined_min_variance
2023-05-01,MRK,0.05754352824394723,combined_min_variance
2023-06-01,MRK,0.06033302872003371,combined_min_variance
2023-07-03,MRK,0.04818610481796989,combined_min_variance
2023-08-01,MRK,0.04934229058335872,combined_min_variance
2023-09-01,MRK,0.05156246212616194,combined_min_variance
2023-10-02,MRK,0.03802185412844394,combined_min_variance
2023-11-01,MRK,0.027428783278837823,combined_min_variance
2023-12-01,MRK,0.016666666666666666,combined_min_variance
2021-01-04,MS,2.411480919190204e-19,combined_min_variance
2021-02-01,MS,0.0,combined_min_variance
2021-03-01,MS,6.337231192772857e-19,combined_min_variance
2021-04-01,MS,0.0,combined_min_variance
2021-05-03,MS,0.01027690907414496,combined_min_variance
2021-06-01,MS,0.01319035199415999,combined_min_variance
2021-07-01,MS,0.015567251393523805,combined_min_variance
2021-08-02,MS,0.015133134951318974,combined_min_variance
2021-09-01,MS,0.01461439441125617,combined_min_variance
2021-10-01,MS,0.014798024402354712,combined_min_variance
2021-11-01,MS,0.014858538114429583,combined_min_variance
2021-12-01,MS,0.018807683392627995,combined_min_variance
2022-01-03,MS,0.01853903477741775,combined_min_variance
2022-02-01,MS,0.019004444606225863,combined_min_variance
2022-03-01,MS,0.01891723050999366,combined_min_variance
2022-04-01,MS,0.018175829713795423,combined_min_variance
2022-05-02,MS,0.017506631243563085,combined_min_variance
2022-06-01,MS,0.009832218913798948,combined_min_variance
2022-07-01,MS,0.015457431574471072,combined_min_variance
2022-08-01,MS,0.015440007575644427,combined_min_variance
2022-09-01,MS,0.01557013025331286,combined_min_variance
2022-10-03,MS,0.009512837923536101,combined_min_variance
2022-11-01,MS,0.006659097599815212,combined_min_variance
2022-12-01,MS,0.00971074536986875,combined_min_variance
2023-01-03,MS,0.0031889287768499686,combined_min_variance
2023-02-01,MS,0.004136074283204523,combined_min_variance
2023-03-01,MS,0.010092922534434973,combined_min_variance
2023-04-03,MS,0.0012086535663393904,combined_min_variance
2023-05-01,MS,0.009140637900664992,combined_min_variance
2023-06-01,MS,0.008930413621599225,combined_min_variance
2023-07-03,MS,0.0128947111705963,combined_min_variance
2023-08-01,MS,0.013347870604511923,combined_min_variance
2023-09-01,MS,0.01348447765181291,combined_min_variance
2023-10-02,MS,0.015095677668938299,combined_min_variance
2023-11-01,MS,0.017547655339165115,combined_min_variance
2023-12-01,MS,0.016666666666666666,combined_min_variance
2021-01-04,NEE,0.00716501354828973,combined_min_variance
2021-02-01,NEE,6.3949309624087e-18,combined_min_variance
2021-03-01,NEE,0.0,combined_min_variance
2021-04-01,NEE,0.021074034931145055,combined_min_variance
2021-05-03,NEE,0.025036365892977565,combined_min_variance
2021-06-01,NEE,0.025681907381195065,combined_min_variance
2021-07-01,NEE,0.022839877397548027,combined_min_variance
2021-08-02,NEE,0.02347307434457662,combined_min_variance
2021-09-01,NEE,0.023899104321008554,combined_min_variance
2021-10-01,NEE,0.023579272100197952,combined_min_variance
2021-11-01,NEE,0.02314856818171582,combined_min_variance
2021-12-01,NEE,0.01993138844801912,combined_min_variance
2022-01-03,NEE,0.02040740927653747,combined_min_variance
2022-02-01,NEE,0.020856519173031433,combined_min_variance
2022-03-01,NEE,0.02082574428114407,combined_min_variance
2022-04-01,NEE,0.021350987366285292,combined_min_variance
2022-05-02,NEE,0.021946886252065423,combined_min_variance
2022-06-01,NEE,0.027487437179477613,combined_min_variance
2022-07-01,NEE,0.023418339029344183,combined_min_variance
2022-08-01,NEE,0.02291679729910067,combined_min_variance
2022-09-01,NEE,0.023015659232641077,combined_min_variance
2022-10-03,NEE,0.025617446336833587,combined_min_variance
2022-11-01,NEE,0.024426744289585405,combined_min_variance
2022-12-01,NEE,0.023679116784225015,combined_min_variance
2023-01-03,NEE,0.02257618928011935,combined_min_variance
2023-02-01,NEE,0.024182779857856804,combined_min_variance
2023-03-01,NEE,0.024570130819174304,combined_min_variance
2023-04-03,NEE,0.021637047232166633,combined_min_variance
2023-05-01,NEE,0.02248254085260677,combined_min_variance
2023-06-01,NEE,0.023270851314574858,combined_min_variance
2023-07-03,NEE,0.025284366268412708,combined_min_variance
2023-08-01,NEE,0.025134929827943835,combined_min_variance
2023-09-01,NEE,0.024303740487152073,combined_min_variance
2023-10-02,NEE,0.02270587671880546,combined_min_variance
2023-11-01,NEE,0.021184320315892513,combined_min_variance
2023-12-01,NEE,0.016666666666666666,combined_min_variance
2021-01-04,NEM,0.09508334093612662,combined_min_variance
2021-02-01,NEM,0.10310920207580847,combined_min_variance
2021-03-01,NEM,0.10148349289292877,combined_min_variance
2021-04-01,NEM,0.04166765288106582,combined_min_variance
2021-05-03,NEM,0.03058842263004761,combined_min_variance
2021-06-01,NEM,0.026866325972236916,combined_min_variance
2021-07-01,NEM,0.021503233179320343,combined_min_variance
2021-08-02,NEM,0.021523651944145576,combined_min_variance
2021-09-01,NEM,0.021530176243882662,combined_min_variance
2021-10-01,NEM,0.02202797928870584,combined_min_variance
2021-11-01,NEM,0.022856701506541358,combined_min_variance
2021-12-01,NEM,0.019588388281790915,combined_min_variance
2022-01-03,NEM,0.020227833134136067,combined_min_variance
2022-02-01,NEM,0.020602898619703946,combined_min_variance
2022-03-01,NEM,0.021245301332255308,combined_min_variance
2022-04-01,NEM,0.022153825319173925,combined_min_variance
2022-05-02,NEM,0.023195811096393626,combined_min_variance
2022-06-01,NEM,0.035080149965505084,combined_min_variance
2022-07-01,NEM,0.029541267963777033,combined_min_variance
2022-08-01,NEM,0.02988414473348914,combined_min_variance
2022-09-01,NEM,0.029598607430629333,combined_min_variance
2022-10-03,NEM,0.04112159931608616,combined_min_variance
2022-11-01,NEM,0.041671751266982714,combined_min_variance
2022-12-01,NEM,0.032353030541677916,combined_min_variance
2023-01-03,NEM,0.03596029579946536,combined_min_variance
2023-02-01,NEM,0.03237676680121568,combined_min_variance
2023-03-01,NEM,0.0275502789787961,combined_min_variance
2023-04-03,NEM,0.030927643317954022,combined_min_variance
2023-05-01,NEM,0.030334605471314346,combined_min_variance
2023-06-01,NEM,0.02904124606339521,combined_min_variance
2023-07-03,NEM,0.02215709081212341,combined_min_variance
2023-08-01,NEM,0.020950923914271828,combined_min_variance
2023-09-01,NEM,0.020868240512131882,combined_min_variance
2023-10-02,NEM,0.020782185960773934,combined_min_variance
2023-11-01,NEM,0.019252622600589183,combined_min_variance
2023-12-01,NEM,0.016666666666666666,combined_min_variance
2021-01-04,NKE,0.025222481021282425,combined_min_variance
2021-02-01,NKE,0.023544004167930333,combined_min_variance
2021-03-01,NKE,0.024325198969306797,combined_min_variance
2021-04-01,NKE,0.024928840881621523,combined_min_variance
2021-05-03,NKE,0.02358318433397107,combined_min_variance
2021-06-01,NKE,0.022670556603704525,combined_min_variance
2021-07-01,NKE,0.023519157325580967,combined_min_variance
2021-08-02,NKE,0.024061650712455446,combined_min_variance
2021-09-01,NKE,0.02368615455512533,combined_min_variance
2021-10-01,NKE,0.02121124892598724,combined_min_variance
2021-11-01,NKE,0.02124080155385148,combined_min_variance
2021-12-01,NKE,0.019755234103863657,combined_min_variance
2022-01-03,NKE,0.019852430378696953,combined_min_variance
2022-02-01,NKE,0.019802848058156602,combined_min_variance
2022-03-01,NKE,0.01971265382271955,combined_min_variance
2022-04-01,NKE,0.01919360923553901,combined_min_variance
2022-05-02,NKE,0.01872222126073384,combined_min_variance
2022-06-01,NKE,0.014010510679357373,combined_min_variance
2022-07-01,NKE,0.01586034462420459,combined_min_variance
2022-08-01,NKE,0.014952434672860665,combined_min_variance
2022-09-01,NKE,0.014453421496552269,combined_min_variance
2022-10-03,NKE,0.0021844746859487887,combined_min_variance
2022-11-01,NKE,0.0,combined_min_variance
2022-12-01,NKE,2.6439916638426684e-05,combined_min_variance
2023-01-03,NKE,0.0,combined_min_variance
2023-02-01,NKE,0.0,combined_min_variance
2023-03-01,NKE,0.0,combined_min_variance
2023-04-03,NKE,0.0,combined_min_variance
2023-05-01,NKE,2.915426854490858e-18,combined_min_variance
2023-06-01,NKE,7.907729424482024e-19,combined_min_variance
2023-07-03,NKE,0.0008839465339989579,combined_min_variance
2023-08-01,NKE,0.0012251140058388847,combined_min_variance
2023-09-01,NKE,0.0003447608173710436,combined_min_variance
2023-10-02,NKE,0.009718422515627746,combined_min_variance
2023-11-01,NKE,0.01570604587230132,combined_min_variance
2023-12-01,NKE,0.016666666666666666,combined_min_variance
2021-01-04,NUE,0.0,combined_min_variance
2021-02-01,NUE,0.0,combined_min_variance
2021-03-01,NUE,0.0,combined_min_variance
2021-04-01,NUE,0.004808186921905815,combined_min_variance
2021-05-03,NUE,0.007304012844992341,combined_min_variance
2021-06-01,NUE,0.006913898542538735,combined_min_variance
2021-07-01,NUE,0.011701933317707282,combined_min_variance
2021-08-02,NUE,0.010935916665364384,combined_min_variance
2021-09-01,NUE,0.010837114361161384,combined_min_variance
2021-10-01,NUE,0.010732099483469516,combined_min_variance
2021-11-01,NUE,0.010699044522199915,combined_min_variance
2021-12-01,NUE,0.017666526920828204,combined_min_variance
2022-01-03,NUE,0.017743287961818878,combined_min_variance
2022-02-01,NUE,0.017511958224431034,combined_min_variance
2022-03-01,NUE,0.017085630406866753,combined_min_variance
2022-04-01,NUE,0.017215989895854544,combined_min_variance
2022-05-02,NUE,0.016551458461575047,combined_min_variance
2022-06-01,NUE,0.0050463976210311234,combined_min_variance
2022-07-01,NUE,0.012162106714461749,combined_min_variance
2022-08-01,NUE,0.012101767198797238,combined_min_variance
2022-09-01,NUE,0.012486452430791703,combined_min_variance
2022-10-03,NUE,0.003164651842749139,combined_min_variance
2022-11-01,NUE,0.0,combined_min_variance
2022-12-01,NUE,0.002833353473575025,combined_min_variance
2023-01-03,NUE,0.0,combined_min_variance
2023-02-01,NUE,0.0,combined_min_variance
2023-03-01,NUE,9.75781955236954e-19,combined_min_variance
2023-04-03,NUE,1.357677695432723e-19,combined_min_variance
2023-05-01,NUE,2.555015333206496e-18,combined_min_variance
2023-06-01,NUE,0.0,combined_min_variance
2023-07-03,NUE,0.0017544144389826872,combined_min_variance
2023-08-01,NUE,0.00245900056419644,combined_min_variance
2023-09-01,NUE,0.0014895025649883937,combined_min_variance
2023-10-02,NUE,0.007750997939998573,combined_min_variance
2023-11-01,NUE,0.014321407305541784,combined_min_variance
2023-12-01,NUE,0.016666666666666666,combined_min_variance
2021-01-04,NVDA,1.3958306970546672e-18,combined_min_variance
2021-02-01,NVDA,2.2809539228445803e-18,combined_min_variance
2021-03-01,NVDA,6.507406155081016e-19,combined_min_variance
2021-04-01,NVDA,0.0,combined_min_variance
2021-05-03,NVDA,0.015118084873065457,combined_min_variance
2021-06-01,NVDA,0.01394541535051021,combined_min_variance
2021-07-01,NVDA,0.01632702030979813,combined_min_variance
2021-08-02,NVDA,0.01608593452140366,combined_min_variance
2021-09-01,NVDA,0.016131716571726854,combined_min_variance
2021-10-01,NVDA,0.018672814322443568,combined_min_variance
2021-11-01,NVDA,0.01921455914838332,combined_min_variance
2021-12-01,NVDA,0.01836508063140862,combined_min_variance
2022-01-03,NVDA,0.0175889775922507,combined_min_variance
2022-02-01,NVDA,0.016409583061871135,combined_min_variance
2022-03-01,NVDA,0.015494104399765668,combined_min_variance
2022-04-01,NVDA,0.014734294047983605,combined_min_variance
2022-05-02,NVDA,0.012527452172718546,combined_min_variance
2022-06-01,NVDA,0.0007023002236418396,combined_min_variance
2022-07-01,NVDA,0.0,combined_min_variance
2022-08-01,NVDA,6.210435881852177e-18,combined_min_variance
2022-09-01,NVDA,0.0,combined_min_variance
2022-10-03,NVDA,0.0,combined_min_variance
2022-11-01,NVDA,4.1425085879500227e-19,combined_min_variance
2022-12-01,NVDA,2.9505139862196904e-19,combined_min_variance
2023-01-03,NVDA,0.0,combined_min_variance
2023-02-01,NVDA,1.461025522850298e-18,combined_min_variance
2023-03-01,NVDA,0.0,combined_min_variance
2023-04-03,NVDA,2.877797167278126e-19,combined_min_variance
2023-05-01,NVDA,0.0,combined_min_variance
2023-06-01,NVDA,0.0,combined_min_variance
2023-07-03,NVDA,0.0,combined_min_variance
2023-08-01,NVDA,0.0,combined_min_variance
2023-09-01,NVDA,6.024701095953398e-19,combined_min_variance
2023-10-02,NVDA,0.0,combined_min_variance
2023-11-01,NVDA,0.009452221958371199,combined_min_variance
2023-12-01,NVDA,0.016666666666666666,combined_min_variance
2021-01-04,O,3.431872890479447e-19,combined_min_variance
2021-02-01,O,0.0,combined_min_variance
2021-03-01,O,1.1477132482322811e-18,combined_min_variance
2021-04-01,O,0.01047149787185847,combined_min_variance
2021-05-03,O,0.019628017046751538,combined_min_variance
2021-06-01,O,0.02070189308456556,combined_min_variance
2021-07-01,O,0.02221650585537709,combined_min_variance
2021-08-02,O,0.022701580008838717,combined_min_variance
2021-09-01,O,0.023204447549174785,combined_min_variance
2021-10-01,O,0.022844273301654446,combined_min_variance
2021-11-01,O,0.02254288337208721,combined_min_variance
2021-12-01,O,0.020391590079977123,combined_min_variance
2022-01-03,O,0.020841736257698498,combined_min_variance
2022-02-01,O,0.020626917017912378,combined_min_variance
2022-03-01,O,0.020611347692398477,combined_min_variance
2022-04-01,O,0.020665265461188773,combined_min_variance
2022-05-02,O,0.021078399483525263,combined_min_variance
2022-06-01,O,0.02575808633853075,combined_min_variance
2022-07-01,O,0.024036760941965434,combined_min_variance
2022-08-01,O,0.02420588507662111,combined_min_variance
2022-09-01,O,0.02438630461081699,combined_min_variance
2022-10-03,O,0.03043217456737303,combined_min_variance
2022-11-01,O,0.03223711635655114,combined_min_variance
2022-12-01,O,0.030461999760034875,combined_min_variance
2023-01-03,O,0.03578860279349644,combined_min_variance
2023-02-01,O,0.03582965572125025,combined_min_variance
2023-03-01,O,0.03327695825820748,combined_min_variance
2023-04-03,O,0.03929895389836479,combined_min_variance
2023-05-01,O,0.036427012765766376,combined_min_variance
2023-06-01,O,0.037506468509066894,combined_min_variance
2023-07-03,O,0.03236369165876755,combined_min_variance
2023-08-01,O,0.032406964720835985,combined_min_variance
2023-09-01,O,0.03274232700803617,combined_min_variance
2023-10-02,O,0.026531440821588682,combined_min_variance
2023-11-01,O,0.022681806442252737,combined_min_variance
2023-12-01,O,0.016666666666666666,combined_min_variance
2021-01-04,OXY,1.3131836421317714e-19,combined_min_variance
2021-02-01,OXY,0.0,combined_min_variance
2021-03-01,OXY,2.0717344561848999e-19,combined_min_variance
2021-04-01,OXY,0.0,combined_min_variance
2021-05-03,OXY,0.0,combined_min_variance
2021-06-01,OXY,0.0,combined_min_variance
2021-07-01,OXY,8.673617379884035e-19,combined_min_variance
2021-08-02,OXY,0.0,combined_min_variance
2021-09-01,OXY,4.336808689942018e-18,combined_min_variance
2021-10-01,OXY,0.0,combined_min_variance
2021-11-01,OXY,0.0009053752484679324,combined_min_variance
2021-12-01,OXY,0.01701755932238601,combined_min_variance
2022-01-03,OXY,0.016106939731435305,combined_min_variance
2022-02-01,OXY,0.016410858912034407,combined_min_variance
2022-03-01,OXY,0.01726579312651209,combined_min_variance
2022-04-01,OXY,0.017620568323378123,combined_min_variance
2022-05-02,OXY,0.016138936669013806,combined_min_variance
2022-06-01,OXY,4.336808689942018e-18,combined_min_variance
2022-07-01,OXY,0.01013812067034838,combined_min_variance
2022-08-01,OXY,0.010558091932542679,combined_min_variance
2022-09-01,OXY,0.01274280891524638,combined_min_variance
2022-10-03,OXY,0.004378903012139565,combined_min_variance
2022-11-01,OXY,0.006191085424626567,combined_min_variance
2022-12-01,OXY,0.00912023741754365,combined_min_variance
2023-01-03,OXY,0.002238160264876687,combined_min_variance
2023-02-01,OXY,0.006736715482443201,combined_min_variance
2023-03-01,OXY,0.008111747696379538,combined_min_variance
2023-04-03,OXY,1.0977548971199409e-18,combined_min_variance
2023-05-01,OXY,0.006576640109863601,combined_min_variance
2023-06-01,OXY,0.011767838652717202,combined_min_variance
2023-07-03,OXY,0.016270122566450163,combined_min_variance
2023-08-01,OXY,0.01681828812337166,combined_min_variance
2023-09-01,OXY,0.014311160088278405,combined_min_variance
2023-10-02,OXY,0.016139023743647063,combined_min_variance
2023-11-01,OXY,0.017113068740486934,combined_min_variance
2023-12-01,OXY,0.016666666666666666,combined_min_variance
2021-01-04,PLD,8.750023029276306e-19,combined_min_variance
2021-02-01,PLD,8.279530757467213e-19,combined_min_variance
2021-03-01,PLD,0.0,combined_min_variance
2021-04-01,PLD,0.010798219868817406,combined_min_variance
2021-05-03,PLD,0.021169958268436276,combined_min_variance
2021-06-01,PLD,0.023178230581906486,combined_min_variance
2021-07-01,PLD,0.02352719098380504,combined_min_variance
2021-08-02,PLD,0.02384212830026227,combined_min_variance
2021-09-01,PLD,0.024083909541881932,combined_min_variance
2021-10-01,PLD,0.024920408792284375,combined_min_variance
2021-11-01,PLD,0.025021197023956415,combined_min_variance
2021-12-01,PLD,0.020278585217578356,combined_min_variance
2022-01-03,PLD,0.020853213465908852,combined_min_variance
2022-02-01,PLD,0.02070115257953792,combined_min_variance
2022-03-01,PLD,0.020553761112193848,combined_min_variance
2022-04-01,PLD,0.020613307110973103,combined_min_variance
2022-05-02,PLD,0.02054386717181434,combined_min_variance
2022-06-01,PLD,0.018661966561871204,combined_min_variance
2022-07-01,PLD,0.018226417770493053,combined_min_variance
2022-08-01,PLD,0.017569627374058067,combined_min_variance
2022-09-01,PLD,0.017293516962141868,combined_min_variance
2022-10-03,PLD,0.010871584111698484,combined_min_variance
2022-11-01,PLD,0.009396084625032048,combined_min_variance
2022-12-01,PLD,0.01025385626772925,combined_min_variance
2023-01-03,PLD,0.00021446932240040727,combined_min_variance
2023-02-01,PLD,0.0,combined_min_variance
2023-03-01,PLD,0.0062839494768373695,combined_min_variance
2023-04-03,PLD,1.6871269900808256e-19,combined_min_variance
2023-05-01,PLD,7.25208003615748e-18,combined_min_variance
2023-06-01,PLD,0.0,combined_min_variance
2023-07-03,PLD,0.010947186049558098,combined_min_variance
2023-08-01,PLD,0.011249211041697921,combined_min_variance
2023-09-01,PLD,0.009909777744605887,combined_min_variance
2023-10-02,PLD,0.013540233334598993,combined_min_variance
2023-11-01,PLD,0.01645401236688025,combined_min_variance
2023-12-01,PLD,0.016666666666666666,combined_min_variance
2021-01-04,PSA,0.05159718906116446,combined_min_variance
2021-02-01,PSA,0.05532719810902102,combined_min_variance
2021-03-01,PSA,0.05763112240349575,combined_min_variance
2021-04-01,PSA,0.044823857672730935,combined_min_variance
2021-05-03,PSA,0.03150697180903314,combined_min_variance
2021-06-01,PSA,0.03332963199972553,combined_min_variance
2021-07-01,PSA,0.029037611847723153,combined_min_variance
2021-08-02,PSA,0.029020434742905967,combined_min_variance
2021-09-01,PSA,0.029226162819997535,combined_min_variance
2021-10-01,PSA,0.028571079158834833,combined_min_variance
2021-11-01,PSA,0.028433467654450425,combined_min_variance
2021-12-01,PSA,0.02106693161981207,combined_min_variance
2022-01-03,PSA,0.021854864879244994,combined_min_variance
2022-02-01,PSA,0.021563608431970895,combined_min_variance
2022-03-01,PSA,0.021508330945515238,combined_min_variance
2022-04-01,PSA,0.021587960600447414,combined_min_variance
2022-05-02,PSA,0.021924292681630625,combined_min_variance
2022-06-01,PSA,0.026223057596366894,combined_min_variance
2022-07-01,PSA,0.023917881200069515,combined_min_variance
2022-08-01,PSA,0.02364080127998408,combined_min_variance
2022-09-01,PSA,0.02335810401786268,combined_min_variance
2022-10-03,PSA,0.02627607731177575,combined_min_variance
2022-11-01,PSA,0.027870749522320992,combined_min_variance
2022-12-01,PSA,0.025096040087273216,combined_min_variance
2023-01-03,PSA,0.023841396430022945,combined_min_variance
2023-02-01,PSA,0.02378760581024595,combined_min_variance
2023-03-01,PSA,0.025064464986756203,combined_min_variance
2023-04-03,PSA,0.02360973481652019,combined_min_variance
2023-05-01,PSA,0.025242594754168148,combined_min_variance
2023-06-01,PSA,0.028810244330899404,combined_min_variance
2023-07-03,PSA,0.025537619490773423,combined_min_variance
2023-08-01,PSA,0.02637498383232988,combined_min_variance
2023-09-01,PSA,0.02653849549534428,combined_min_variance
2023-10-02,PSA,0.02339948678132008,combined_min_variance
2023-11-01,PSA,0.020506970436066113,combined_min_variance
2023-12-01,PSA,0.016666666666666666,combined_min_variance
2021-01-04,QCOM,0.0,combined_min_variance
2021-02-01,QCOM,0.0,combined_min_variance
2021-03-01,QCOM,0.0,combined_min_variance
2021-04-01,QCOM,0.005928728212326919,combined_min_variance
2021-05-03,QCOM,0.011302452016680349,combined_min_variance
2021-06-01,QCOM,0.012589009271263956,combined_min_variance
2021-07-01,QCOM,0.015783695929308304,combined_min_variance
2021-08-02,QCOM,0.014488193159415436,combined_min_variance
2021-09-01,QCOM,0.014466923434510542,combined_min_variance
2021-10-01,QCOM,0.016125112391216282,combined_min_variance
2021-11-01,QCOM,0.016155772755711957,combined_min_variance
2021-12-01,QCOM,0.01867546813986831,combined_min_variance
2022-01-03,QCOM,0.018628405015197608,combined_min_variance
2022-02-01,QCOM,0.01841005383060645,combined_min_variance
2022-03-01,QCOM,0.017830459371971277,combined_min_variance
2022-04-01,QCOM,0.017475164859336343,combined_min_variance
2022-05-02,QCOM,0.016368991676650572,combined_min_variance
2022-06-01,QCOM,0.004674613147629912,combined_min_variance
2022-07-01,QCOM,0.011599543296800543,combined_min_variance
2022-08-01,QCOM,0.012234084994241421,combined_min_variance
2022-09-01,QCOM,0.011657243663595015,combined_min_variance
2022-10-03,QCOM,0.0003441430733219413,combined_min_variance
2022-11-01,QCOM,0.0,combined_min_variance
2022-12-01,QCOM,0.0,combined_min_variance
2023-01-03,QCOM,0.0,combined_min_variance
2023-02-01,QCOM,0.0,combined_min_variance
2023-03-01,QCOM,0.0,combined_min_variance
2023-04-03,QCOM,0.0,combined_min_variance
2023-05-01,QCOM,2.0807032942050715e-18,combined_min_variance
2023-06-01,QCOM,1.4366947072206286e-18,combined_min_variance
2023-07-03,QCOM,0.0,combined_min_variance
2023-08-01,QCOM,0.0,combined_min_variance
2023-09-01,QCOM,0.0,combined_min_variance
2023-10-02,QCOM,0.00428702598812685,combined_min_variance
2023-11-01,QCOM,0.012761781813328368,combined_min_variance
2023-12-01,QCOM,0.016666666666666666,combined_min_variance
2021-01-04,SBUX,3.3795769788818513e-18,combined_min_variance
2021-02-01,SBUX,7.058302751606895e-19,combined_min_variance
2021-03-01,SBUX,0.0,combined_min_variance
2021-04-01,SBUX,0.01268285690030957,combined_min_variance
2021-05-03,SBUX,0.01818140643321956,combined_min_variance
2021-06-01,SBUX,0.017312509852254503,combined_min_variance
2021-07-01,SBUX,0.020251694079172336,combined_min_variance
2021-08-02,SBUX,0.020589749473026005,combined_min_variance
2021-09-01,SBUX,0.020362385584484676,combined_min_variance
2021-10-01,SBUX,0.020518857291020275,combined_min_variance
2021-11-01,SBUX,0.020662660814075372,combined_min_variance
2021-12-01,SBUX,0.019706658884180644,combined_min_variance
2022-01-03,SBUX,0.019795828336178028,combined_min_variance
2022-02-01,SBUX,0.019943700634409905,combined_min_variance
2022-03-01,SBUX,0.01973834581465612,combined_min_variance
2022-04-01,SBUX,0.019208539175046543,combined_min_variance
2022-05-02,SBUX,0.01916125109060121,combined_min_variance
2022-06-01,SBUX,0.012407247523691725,combined_min_variance
2022-07-01,SBUX,0.01571752622334146,combined_min_variance
2022-08-01,SBUX,0.015537694598755937,combined_min_variance
2022-09-01,SBUX,0.015234091335015116,combined_min_variance
2022-10-03,SBUX,0.008824642216454182,combined_min_variance
2022-11-01,SBUX,0.00843696614325749,combined_min_variance
2022-12-01,SBUX,0.010034497860369244,combined_min_variance
2023-01-03,SBUX,0.005891082176580173,combined_min_variance
2023-02-01,SBUX,0.00581949821277934,combined_min_variance
2023-03-01,SBUX,0.008895148924943653,combined_min_variance
2023-04-03,SBUX,0.004702415848788382,combined_min_variance
2023-05-01,SBUX,0.010442163231716232,combined_min_variance
2023-06-01,SBUX,0.015386963358051712,combined_min_variance
2023-07-03,SBUX,0.01993952073009182,combined_min_variance
2023-08-01,SBUX,0.020616011709290113,combined_min_variance
2023-09-01,SBUX,0.021728729365671762,combined_min_variance
2023-10-02,SBUX,0.02037212970623927,combined_min_variance
2023-11-01,SBUX,0.01998458769233794,combined_min_variance
2023-12-01,SBUX,0.016666666666666666,combined_min_variance
2021-01-04,SHW,0.014060318537174153,combined_min_variance
2021-02-01,SHW,0.011249760787732394,combined_min_variance
2021-03-01,SHW,0.011112640221131523,combined_min_variance
2021-04-01,SHW,0.02254939164540941,combined_min_variance
2021-05-03,SHW,0.02838764266236506,combined_min_variance
2021-06-01,SHW,0.026909453489916208,combined_min_variance
2021-07-01,SHW,0.02474012608311459,combined_min_variance
2021-08-02,SHW,0.025522641468903977,combined_min_variance
2021-09-01,SHW,0.025328853766737176,combined_min_variance
2021-10-01,SHW,0.025237954141936695,combined_min_variance
2021-11-01,SHW,0.024646081553775716,combined_min_variance
2021-12-01,SHW,0.02020245539248703,combined_min_variance
2022-01-03,SHW,0.020670499554933722,combined_min_variance
2022-02-01,SHW,0.020412324507444596,combined_min_variance
2022-03-01,SHW,0.020285273340552246,combined_min_variance
2022-04-01,SHW,0.020197957290721727,combined_min_variance
2022-05-02,SHW,0.02142652664447958,combined_min_variance
2022-06-01,SHW,0.02767609601380585,combined_min_variance
2022-07-01,SHW,0.023471127996471407,combined_min_variance
2022-08-01,SHW,0.02415599166943812,combined_min_variance
2022-09-01,SHW,0.023593221669868505,combined_min_variance
2022-10-03,SHW,0.026642440836839785,combined_min_variance
2022-11-01,SHW,0.024108465688514987,combined_min_variance
2022-12-01,SHW,0.020999862606690022,combined_min_variance
2023-01-03,SHW,0.018503683958634068,combined_min_variance
2023-02-01,SHW,0.01684147937625278,combined_min_variance
2023-03-01,SHW,0.019645695257580937,combined_min_variance
2023-04-03,SHW,0.014419980575819231,combined_min_variance
2023-05-01,SHW,0.014290123702958324,combined_min_variance
2023-06-01,SHW,0.009436472001519267,combined_min_variance
2023-07-03,SHW,0.014666975123967202,combined_min_variance
2023-08-01,SHW,0.01112388901804915,combined_min_variance
2023-09-01,SHW,0.01086669766268736,combined_min_variance
2023-10-02,SHW,0.014406877716520355,combined_min_variance
2023-11-01,SHW,0.01786259177932084,combined_min_variance
2023-12-01,SHW,0.016666666666666666,combined_min_variance
2021-01-04,SLB,0.0,combined_min_variance
2021-02-01,SLB,0.0,combined_min_variance
2021-03-01,SLB,1.354955123018822e-19,combined_min_variance
2021-04-01,SLB,0.0,combined_min_variance
2021-05-03,SLB,3.7083032674866436e-18,combined_min_variance
2021-06-01,SLB,0.0,combined_min_variance
2021-07-01,SLB,0.006318369974087839,combined_min_variance
2021-08-02,SLB,0.006088009540693608,combined_min_variance
2021-09-01,SLB,0.0062009214789718724,combined_min_variance
2021-10-01,SLB,0.0068215629753222515,combined_min_variance
2021-11-01,SLB,0.006561264304399477,combined_min_variance
2021-12-01,SLB,0.017438104263037116,combined_min_variance
2022-01-03,SLB,0.016889766849536778,combined_min_variance
2022-02-01,SLB,0.017549559779223532,combined_min_variance
2022-03-01,SLB,0.01782756096432849,combined_min_variance
2022-04-01,SLB,0.01849125527598936,combined_min_variance
2022-05-02,SLB,0.018429505972339902,combined_min_variance
2022-06-01,SLB,0.007639306959827891,combined_min_variance
2022-07-01,SLB,0.015141338188994546,combined_min_variance
2022-08-01,SLB,0.015606816271318793,combined_min_variance
2022-09-01,SLB,0.016589082340154854,combined_min_variance
2022-10-03,SLB,0.009341740480528075,combined_min_variance
2022-11-01,SLB,0.00891514498422613,combined_min_variance
2022-12-01,SLB,0.015119728561778126,combined_min_variance
2023-01-03,SLB,0.008545002428403956,combined_min_variance
2023-02-01,SLB,0.010782754425472982,combined_min_variance
2023-03-01,SLB,0.014167293773444344,combined_min_variance
2023-04-03,SLB,1.951563910473908e-18,combined_min_variance
2023-05-01,SLB,0.0035265045679743435,combined_min_variance
2023-06-01,SLB,0.007536725673301933,combined_min_variance
2023-07-03,SLB,0.012472664735075236,combined_min_variance
2023-08-01,SLB,0.012606477445878327,combined_min_variance
2023-09-01,SLB,0.010479048050451018,combined_min_variance
2023-10-02,SLB,0.016752289133756527,combined_min_variance
2023-11-01,SLB,0.01857634864755053,combined_min_variance
2023-12-01,SLB,0.016666666666666666,combined_min_variance
2021-01-04,SO,4.866581206074607e-18,combined_min_variance
2021-02-01,SO,2.038808676697254e-18,combined_min_variance
2021-03-01,SO,0.0,combined_min_variance
2021-04-01,SO,0.018312584841787098,combined_min_variance
2021-05-03,SO,0.026119791547940592,combined_min_variance
2021-06-01,SO,0.02752837367672741,combined_min_variance
2021-07-01,SO,0.024373689142775264,combined_min_variance
2021-08-02,SO,0.024736036034658893,combined_min_variance
2021-09-01,SO,0.024929611883878006,combined_min_variance
2021-10-01,SO,0.023984727305822212,combined_min_variance
2021-11-01,SO,0.023878910385112126,combined_min_variance
2021-12-01,SO,0.020387535934369618,combined_min_variance
2022-01-03,SO,0.021120179579240665,combined_min_variance
2022-02-01,SO,0.021393659190901516,combined_min_variance
2022-03-01,SO,0.021595169107784,combined_min_variance
2022-04-01,SO,0.022009729094167287,combined_min_variance
2022-05-02,SO,0.02297158050497272,combined_min_variance
2022-06-01,SO,0.03450441598913607,combined_min_variance
2022-07-01,SO,0.028448947864588185,combined_min_variance
2022-08-01,SO,0.02834932181581413,combined_min_variance
2022-09-01,SO,0.028424175170673464,combined_min_variance
2022-10-03,SO,0.0366992376953618,combined_min_variance
2022-11-01,SO,0.03658767583850724,combined_min_variance
2022-12-01,SO,0.03470736883869928,combined_min_variance
2023-01-03,SO,0.03918516417447272,combined_min_variance
2023-02-01,SO,0.037474293292376816,combined_min_variance
2023-03-01,SO,0.03432429375853468,combined_min_variance
2023-04-03,SO,0.0391018838448004,combined_min_variance
2023-05-01,SO,0.03621459988185155,combined_min_variance
2023-06-01,SO,0.03470183927241896,combined_min_variance
2023-07-03,SO,0.031032759435635344,combined_min_variance
2023-08-01,SO,0.03083698946246243,combined_min_variance
2023-09-01,SO,0.03071640965387182,combined_min_variance
2023-10-02,SO,0.02650019028767106,combined_min_variance
2023-11-01,SO,0.023246361199084683,combined_min_variance
2023-12-01,SO,0.016666666666666666,combined_min_variance
2021-01-04,T,0.033498012095906256,combined_min_variance
2021-02-01,T,0.03525385743326049,combined_min_variance
2021-03-01,T,0.03239570142964864,combined_min_variance
2021-04-01,T,0.03114270103154739,combined_min_variance
2021-05-03,T,0.028089696319389384,combined_min_variance
2021-06-01,T,0.02834950027793608,combined_min_variance
2021-07-01,T,0.026023796233729014,combined_min_variance
2021-08-02,T,0.02603785655472271,combined_min_variance
2021-09-01,T,0.025745190301340086,combined_min_variance
2021-10-01,T,0.024451201317730292,combined_min_variance
2021-11-01,T,0.02413959776793941,combined_min_variance
2021-12-01,T,0.020486594806975386,combined_min_variance
2022-01-03,T,0.020952514884660742,combined_min_variance
2022-02-01,T,0.020769036575114593,combined_min_variance
2022-03-01,T,0.020952187350887386,combined_min_variance
2022-04-01,T,0.020949153213779954,combined_min_variance
2022-05-02,T,0.021747464868928944,combined_min_variance
2022-06-01,T,0.02815702030936161,combined_min_variance
2022-07-01,T,0.025144393642834634,combined_min_variance
2022-08-01,T,0.02538336385810327,combined_min_variance
2022-09-01,T,0.025748352845378936,combined_min_variance
2022-10-03,T,0.0319266136477757,combined_min_variance
2022-11-01,T,0.0327781835790502,combined_min_variance
2022-12-01,T,0.032784015151356274,combined_min_variance
2023-01-03,T,0.03843860022442393,combined_min_variance
2023-02-01,T,0.03949993293099533,combined_min_variance
2023-03-01,T,0.03597165664262586,combined_min_variance
2023-04-03,T,0.04501595496343125,combined_min_variance
2023-05-01,T,0.03714121389988204,combined_min_variance
2023-06-01,T,0.03667939060577505,combined_min_variance
2023-07-03,T,0.03313912927417867,combined_min_variance
2023-08-01,T,0.03193681732257433,combined_min_variance
2023-09-01,T,0.03207956861715961,combined_min_variance
2023-10-02,T,0.027323789732700728,combined_min_variance
2023-11-01,T,0.023108578474705724,combined_min_variance
2023-12-01,T,0.016666666666666666,combined_min_variance
2021-01-04,TMUS,0.031774254157692416,combined_min_variance
2021-02-01,TMUS,0.028089719067913632,combined_min_variance
2021-03-01,TMUS,0.030409858739219142,combined_min_variance
2021-04-01,TMUS,0.03180161044689707,combined_min_variance
2021-05-03,TMUS,0.022275244377949727,combined_min_variance
2021-06-01,TMUS,0.023776549628241214,combined_min_variance
2021-07-01,TMUS,0.02184630178871144,combined_min_variance
2021-08-02,TMUS,0.021931477373275284,combined_min_variance
2021-09-01,TMUS,0.021999509786318792,combined_min_variance
2021-10-01,TMUS,0.022083137436120465,combined_min_variance
2021-11-01,TMUS,0.022186940479171413,combined_min_variance
2021-12-01,TMUS,0.019401987671770173,combined_min_variance
2022-01-03,TMUS,0.019594060819313378,combined_min_variance
2022-02-01,TMUS,0.019645113574953257,combined_min_variance
2022-03-01,TMUS,0.01945781408991478,combined_min_variance
2022-04-01,TMUS,0.019672169962813586,combined_min_variance
2022-05-02,TMUS,0.01954395991047414,combined_min_variance
2022-06-01,TMUS,0.020443676552901895,combined_min_variance
2022-07-01,TMUS,0.02067717595067719,combined_min_variance
2022-08-01,TMUS,0.02048426933888638,combined_min_variance
2022-09-01,TMUS,0.020774939783972227,combined_min_variance
2022-10-03,TMUS,0.021147629243159383,combined_min_variance
2022-11-01,TMUS,0.020597026854180328,combined_min_variance
2022-12-01,TMUS,0.024410751152691857,combined_min_variance
2023-01-03,TMUS,0.027665995564725814,combined_min_variance
2023-02-01,TMUS,0.029845129826591633,combined_min_variance
2023-03-01,TMUS,0.02780664292899315,combined_min_variance
2023-04-03,TMUS,0.03264629270500416,combined_min_variance
2023-05-01,TMUS,0.033136094512631,combined_min_variance
2023-06-01,TMUS,0.041191347071305714,combined_min_variance
2023-07-03,TMUS,0.037629402004474316,combined_min_variance
2023-08-01,TMUS,0.03951525479248686,combined_min_variance
2023-09-01,TMUS,0.04091198127876041,combined_min_variance
2023-10-02,TMUS,0.03382022256442418,combined_min_variance
2023-11-01,TMUS,0.025945326398959575,combined_min_variance
2023-12-01,TMUS,0.016666666666666666,combined_min_variance
2021-01-04,TRX-USD,7.020827163924083e-21,combined_min_variance
2021-02-01,TRX-USD,0.0,combined_min_variance
2021-03-01,TRX-USD,4.744310083024036e-19,combined_min_variance
2021-04-01,TRX-USD,0.009617347643746017,combined_min_variance
2021-05-03,TRX-USD,0.00503261987731268,combined_min_variance
2021-06-01,TRX-USD,0.002997595606966834,combined_min_variance
2021-07-01,TRX-USD,0.0011436227471761165,combined_min_variance
2021-08-02,TRX-USD,0.000864857743052788,combined_min_variance
2021-09-01,TRX-USD,0.0008613968778573176,combined_min_variance
2021-10-01,TRX-USD,0.0,combined_min_variance
2021-11-01,TRX-USD,0.0006991240956066629,combined_min_variance
2021-12-01,TRX-USD,0.0029488183693816435,combined_min_variance
2022-01-03,TRX-USD,0.001425901145620319,combined_min_variance
2022-02-01,TRX-USD,0.0003250331367047276,combined_min_variance
2022-03-01,TRX-USD,0.0009029880738675649,combined_min_variance
2022-04-01,TRX-USD,0.0016961646320850592,combined_min_variance
2022-05-02,TRX-USD,0.0013046087430624862,combined_min_variance
2022-06-01,TRX-USD,0.0,combined_min_variance
2022-07-01,TRX-USD,8.030789089187795e-19,combined_min_variance
2022-08-01,TRX-USD,6.052123577902527e-19,combined_min_variance
2022-09-01,TRX-USD,0.0003006411100599073,combined_min_variance
2022-10-03,TRX-USD,6.499184527581157e-19,combined_min_variance
2022-11-01,TRX-USD,0.0005098050748392819,combined_min_variance
2022-12-01,TRX-USD,0.0,combined_min_variance
2023-01-03,TRX-USD,0.0,combined_min_variance
2023-02-01,TRX-USD,0.0,combined_min_variance
2023-03-01,TRX-USD,0.0,combined_min_variance
2023-04-03,TRX-USD,0.0,combined_min_variance
2023-05-01,TRX-USD,5.641512591420439e-19,combined_min_variance
2023-06-01,TRX-USD,0.0055611126271327,combined_min_variance
2023-07-03,TRX-USD,0.01678392008874677,combined_min_variance
2023-08-01,TRX-USD,0.01689064494068324,combined_min_variance
2023-09-01,TRX-USD,0.017964310135436812,combined_min_variance
2023-10-02,TRX-USD,0.01539293650179356,combined_min_variance
2023-11-01,TRX-USD,0.01301061566551398,combined_min_variance
2023-12-01,TRX-USD,0.016666666666666666,combined_min_variance
2021-01-04,TTWO,0.067033318364419,combined_min_variance
2021-02-01,TTWO,0.07009129020899918,combined_min_variance
2021-03-01,TTWO,0.06939365556214959,combined_min_variance
2021-04-01,TTWO,0.04994051241862826,combined_min_variance
2021-05-03,TTWO,0.032461730433576606,combined_min_variance
2021-06-01,TTWO,0.03180722066753518,combined_min_variance
2021-07-01,TTWO,0.025625653538080505,combined_min_variance
2021-08-02,TTWO,0.02594269357083493,combined_min_variance
2021-09-01,TTWO,0.026432579563193725,combined_min_variance
2021-10-01,TTWO,0.026254376710754646,combined_min_variance
2021-11-01,TTWO,0.02563226754255554,combined_min_variance
2021-12-01,TTWO,0.0204545152034404,combined_min_variance
2022-01-03,TTWO,0.02091230381756164,combined_min_variance
2022-02-01,TTWO,0.020686943880456398,combined_min_variance
2022-03-01,TTWO,0.020912525655979036,combined_min_variance
2022-04-01,TTWO,0.020858626032912816,combined_min_variance
2022-05-02,TTWO,0.021164053497851682,combined_min_variance
2022-06-01,TTWO,0.019904888680099108,combined_min_variance
2022-07-01,TTWO,0.01995023234997758,combined_min_variance
2022-08-01,TTWO,0.019914716826623526,combined_min_variance
2022-09-01,TTWO,0.019766140105855163,combined_min_variance
2022-10-03,TTWO,0.017623592377634095,combined_min_variance
2022-11-01,TTWO,0.02023800368797815,combined_min_variance
2022-12-01,TTWO,0.019520916993444038,combined_min_variance
2023-01-03,TTWO,0.01772005348978853,combined_min_variance
2023-02-01,TTWO,0.018909033638657726,combined_min_variance
2023-03-01,TTWO,0.017616344665824818,combined_min_variance
2023-04-03,TTWO,0.015273761759985275,combined_min_variance
2023-05-01,TTWO,0.015842989602268782,combined_min_variance
2023-06-01,TTWO,0.02029401910037033,combined_min_variance
2023-07-03,TTWO,0.021099822730248886,combined_min_variance
2023-08-01,TTWO,0.02080178571548017,combined_min_variance
2023-09-01,TTWO,0.019553737698682367,combined_min_variance
2023-10-02,TTWO,0.019553294382977548,combined_min_variance
2023-11-01,TTWO,0.01790206939069261,combined_min_variance
2023-12-01,TTWO,0.016666666666666666,combined_min_variance
2021-01-04,UPS,0.04252840687506235,combined_min_variance
2021-02-01,UPS,0.043636586399414916,combined_min_variance
2021-03-01,UPS,0.04747744068374214,combined_min_variance
2021-04-01,UPS,0.023316010082174057,combined_min_variance
2021-05-03,UPS,0.021455037921419833,combined_min_variance
2021-06-01,UPS,0.02175927754704511,combined_min_variance
2021-07-01,UPS,0.02209438273132745,combined_min_variance
2021-08-02,UPS,0.021904735932651517,combined_min_variance
2021-09-01,UPS,0.022249840013938257,combined_min_variance
2021-10-01,UPS,0.022317801114314355,combined_min_variance
2021-11-01,UPS,0.02325353363750725,combined_min_variance
2021-12-01,UPS,0.020288592891815307,combined_min_variance
2022-01-03,UPS,0.02064088146597812,combined_min_variance
2022-02-01,UPS,0.020393269456527467,combined_min_variance
2022-03-01,UPS,0.020029114089636722,combined_min_variance
2022-04-01,UPS,0.019847793237280954,combined_min_variance
2022-05-02,UPS,0.01981050525755266,combined_min_variance
2022-06-01,UPS,0.01964354095933713,combined_min_variance
2022-07-01,UPS,0.021502652812029146,combined_min_variance
2022-08-01,UPS,0.020655244928013905,combined_min_variance
2022-09-01,UPS,0.020576263642455805,combined_min_variance
2022-10-03,UPS,0.019290885911840177,combined_min_variance
2022-11-01,UPS,0.02110622766537595,combined_min_variance
2022-12-01,UPS,0.019226307073118353,combined_min_variance
2023-01-03,UPS,0.017009964514929747,combined_min_variance
2023-02-01,UPS,0.016224750537517242,combined_min_variance
2023-03-01,UPS,0.019846309084002013,combined_min_variance
2023-04-03,UPS,0.021259518724446664,combined_min_variance
2023-05-01,UPS,0.01994550356137595,combined_min_variance
2023-06-01,UPS,0.02013157025903305,combined_min_variance
2023-07-03,UPS,0.017286549219395264,combined_min_variance
2023-08-01,UPS,0.017610120170616497,combined_min_variance
2023-09-01,UPS,0.016684523102839067,combined_min_variance
2023-10-02,UPS,0.017803105405788142,combined_min_variance
2023-11-01,UPS,0.01803306510451267,combined_min_variance
2023-12-01,UPS,0.016666666666666666,combined_min_variance
2021-01-04,USB,5.584201259578029e-19,combined_min_variance
2021-02-01,USB,0.0,combined_min_variance
2021-03-01,USB,9.626121452269475e-19,combined_min_variance
2021-04-01,USB,0.0008240885724336822,combined_min_variance
2021-05-03,USB,0.006968932389685961,combined_min_variance
2021-06-01,USB,0.010816376787965258,combined_min_variance
2021-07-01,USB,0.01594467589031969,combined_min_variance
2021-08-02,USB,0.015306667206593141,combined_min_variance
2021-09-01,USB,0.014798699708678238,combined_min_variance
2021-10-01,USB,0.015376471803492732,combined_min_variance
2021-11-01,USB,0.01570821995439425,combined_min_variance
2021-12-01,USB,0.01911731678967579,combined_min_variance
2022-01-03,USB,0.01899015497983581,combined_min_variance
2022-02-01,USB,0.019200010557384156,combined_min_variance
2022-03-01,USB,0.019251443555591413,combined_min_variance
2022-04-01,USB,0.01873826459829825,combined_min_variance
2022-05-02,USB,0.01876225133795035,combined_min_variance
2022-06-01,USB,0.01681797502078068,combined_min_variance
2022-07-01,USB,0.01889831755906394,combined_min_variance
2022-08-01,USB,0.019755860565000692,combined_min_variance
2022-09-01,USB,0.020191655009915377,combined_min_variance
2022-10-03,USB,0.01986045625213734,combined_min_variance
2022-11-01,USB,0.020190186119133813,combined_min_variance
2022-12-01,USB,0.020999731427192008,combined_min_variance
2023-01-03,USB,0.020367502490706315,combined_min_variance
2023-02-01,USB,0.020201752405799328,combined_min_variance
2023-03-01,USB,0.02184454220260298,combined_min_variance
2023-04-03,USB,0.012462275057308483,combined_min_variance
2023-05-01,USB,0.014243131997724708,combined_min_variance
2023-06-01,USB,0.0030818070524451725,combined_min_variance
2023-07-03,USB,0.007281258094340543,combined_min_variance
2023-08-01,USB,0.0039577982902905436,combined_min_variance
2023-09-01,USB,0.0010984400080017932,combined_min_variance
2023-10-02,USB,0.007664605487686636,combined_min_variance
2023-11-01,USB,0.012974420469767963,combined_min_variance
2023-12-01,USB,0.016666666666666666,combined_min_variance
2021-01-04,V,5.025315223455287e-18,combined_min_variance
2021-02-01,V,1.51490414628627e-18,combined_min_variance
2021-03-01,V,0.0,combined_min_variance
2021-04-01,V,0.008511441919668964,combined_min_variance
2021-05-03,V,0.01950534624837135,combined_min_variance
2021-06-01,V,0.018978948397919127,combined_min_variance
2021-07-01,V,0.019150280080965292,combined_min_variance
2021-08-02,V,0.01933075355381413,combined_min_variance
2021-09-01,V,0.01918927626727236,combined_min_variance
2021-10-01,V,0.019914685457903383,combined_min_variance
2021-11-01,V,0.019414050922665314,combined_min_variance
2021-12-01,V,0.0197583347029356,combined_min_variance
2022-01-03,V,0.019858627837033432,combined_min_variance
2022-02-01,V,0.01949509078686286,combined_min_variance
2022-03-01,V,0.019417067547337515,combined_min_variance
2022-04-01,V,0.019168867562135882,combined_min_variance
2022-05-02,V,0.018792838638662792,combined_min_variance
2022-06-01,V,0.014053302645314226,combined_min_variance
2022-07-01,V,0.01660325337881595,combined_min_variance
2022-08-01,V,0.016965044632896366,combined_min_variance
2022-09-01,V,0.016870445817949952,combined_min_variance
2022-10-03,V,0.012277173231427877,combined_min_variance
2022-11-01,V,0.013819285870779411,combined_min_variance
2022-12-01,V,0.013802976190006838,combined_min_variance
2023-01-03,V,0.011223660680440364,combined_min_variance
2023-02-01,V,0.014165565821482545,combined_min_variance
2023-03-01,V,0.01648381786912259,combined_min_variance
2023-04-03,V,0.015617367189442812,combined_min_variance
2023-05-01,V,0.019419994408056855,combined_min_variance
2023-06-01,V,0.021759432227166378,combined_min_variance
2023-07-03,V,0.024016863505939685,combined_min_variance
2023-08-01,V,0.024421058487891282,combined_min_variance
2023-09-01,V,0.025628079817139916,combined_min_variance
2023-10-02,V,0.023079613218357314,combined_min_variance
2023-11-01,V,0.020581167100450715,combined_min_variance
2023-12-01,V,0.016666666666666666,combined_min_variance
2021-01-04,WFC,0.0,combined_min_variance
2021-02-01,WFC,0.0,combined_min_variance
2021-03-01,WFC,1.1176229575975745e-18,combined_min_variance
2021-04-01,WFC,0.0007952062314925724,combined_min_variance
2021-05-03,WFC,0.003152802721282103,combined_min_variance
2021-06-01,WFC,0.007320646045925269,combined_min_variance
2021-07-01,WFC,0.014146314999294272,combined_min_variance
2021-08-02,WFC,0.013473919674592966,combined_min_variance
2021-09-01,WFC,0.012858327398588868,combined_min_variance
2021-10-01,WFC,0.013042594568945395,combined_min_variance
2021-11-01,WFC,0.013606238464224502,combined_min_variance
2021-12-01,WFC,0.018733456628876613,combined_min_variance
2022-01-03,WFC,0.018282926200273657,combined_min_variance
2022-02-01,WFC,0.018882412349899454,combined_min_variance
2022-03-01,WFC,0.018954058059482724,combined_min_variance
2022-04-01,WFC,0.018123287366020206,combined_min_variance
2022-05-02,WFC,0.017795699737163256,combined_min_variance
2022-06-01,WFC,0.009801052347115393,combined_min_variance
2022-07-01,WFC,0.014887350569606914,combined_min_variance
2022-08-01,WFC,0.015085623541991068,combined_min_variance
2022-09-01,WFC,0.015348240638246668,combined_min_variance
2022-10-03,WFC,0.008176651504282968,combined_min_variance
2022-11-01,WFC,0.006880712411005803,combined_min_variance
2022-12-01,WFC,0.011656393915542409,combined_min_variance
2023-01-03,WFC,0.009130174128303697,combined_min_variance
2023-02-01,WFC,0.010430378692254931,combined_min_variance
2023-03-01,WFC,0.014146192885458379,combined_min_variance
2023-04-03,WFC,0.008093529090178965,combined_min_variance
2023-05-01,WFC,0.01203361984302765,combined_min_variance
2023-06-01,WFC,0.010139788632994619,combined_min_variance
2023-07-03,WFC,0.015111140273236701,combined_min_variance
2023-08-01,WFC,0.01633351074153657,combined_min_variance
2023-09-01,WFC,0.01650580054762034,combined_min_variance
2023-10-02,WFC,0.017824638207981785,combined_min_variance
2023-11-01,WFC,0.018387014731318086,combined_min_variance
2023-12-01,WFC,0.016666666666666666,combined_min_variance
2021-01-04,WMT,0.08459259557481352,combined_min_variance
2021-02-01,WMT,0.094123767876937,combined_min_variance
2021-03-01,WMT,0.09388979848629136,combined_min_variance
2021-04-01,WMT,0.05759073787148391,combined_min_variance
2021-05-03,WMT,0.037114342175807585,combined_min_variance
2021-06-01,WMT,0.034313178787973,combined_min_variance
2021-07-01,WMT,0.02601064803963314,combined_min_variance
2021-08-02,WMT,0.025600564329353637,combined_min_variance
2021-09-01,WMT,0.02582405486564061,combined_min_variance
2021-10-01,WMT,0.02542127107737405,combined_min_variance
2021-11-01,WMT,0.02518608665007793,combined_min_variance
2021-12-01,WMT,0.020337622933463022,combined_min_variance
2022-01-03,WMT,0.02102166532373148,combined_min_variance
2022-02-01,WMT,0.020996338629503935,combined_min_variance
2022-03-01,WMT,0.021518669034609642,combined_min_variance
2022-04-01,WMT,0.021888874722174007,combined_min_variance
2022-05-02,WMT,0.022886721729848077,combined_min_variance
2022-06-01,WMT,0.0355952873249155,combined_min_variance
2022-07-01,WMT,0.030000367753209654,combined_min_variance
2022-08-01,WMT,0.029369215440959377,combined_min_variance
2022-09-01,WMT,0.029067868720691604,combined_min_variance
2022-10-03,WMT,0.04178884604038792,combined_min_variance
2022-11-01,WMT,0.044806912916587616,combined_min_variance
2022-12-01,WMT,0.04152038079970603,combined_min_variance
2023-01-03,WMT,0.050039873682231804,combined_min_variance
2023-02-01,WMT,0.04780350853655397,combined_min_variance
2023-03-01,WMT,0.04119978379459018,combined_min_variance
2023-04-03,WMT,0.054790585345062696,combined_min_variance
2023-05-01,WMT,0.04822234774796274,combined_min_variance
2023-06-01,WMT,0.04849701660096299,combined_min_variance
2023-07-03,WMT,0.03708728862827204,combined_min_variance
2023-08-01,WMT,0.039207620734274626,combined_min_variance
2023-09-01,WMT,0.042449152212401774,combined_min_variance
2023-10-02,WMT,0.0328259297799574,combined_min_variance
2023-11-01,WMT,0.025175043810503235,combined_min_variance
2023-12-01,WMT,0.016666666666666666,combined_min_variance
2021-01-04,XLM-USD,0.0,combined_min_variance
2021-02-01,XLM-USD,0.0,combined_min_variance
2021-03-01,XLM-USD,0.0,combined_min_variance
2021-04-01,XLM-USD,0.0,combined_min_variance
2021-05-03,XLM-USD,9.02122367093179e-19,combined_min_variance
2021-06-01,XLM-USD,1.0634156643269594e-19,combined_min_variance
2021-07-01,XLM-USD,0.0,combined_min_variance
2021-08-02,XLM-USD,0.0,combined_min_variance
2021-09-01,XLM-USD,0.0,combined_min_variance
2021-10-01,XLM-USD,0.0,combined_min_variance
2021-11-01,XLM-USD,9.843243713092138e-20,combined_min_variance
2021-12-01,XLM-USD,0.0,combined_min_variance
2022-01-03,XLM-USD,0.0,combined_min_variance
2022-02-01,XLM-USD,0.0005534930554381434,combined_min_variance
2022-03-01,XLM-USD,0.00033235513657579267,combined_min_variance
2022-04-01,XLM-USD,2.168404344971009e-19,combined_min_variance
2022-05-02,XLM-USD,0.0,combined_min_variance
2022-06-01,XLM-USD,0.0,combined_min_variance
2022-07-01,XLM-USD,0.0,combined_min_variance
2022-08-01,XLM-USD,8.006033729341224e-05,combined_min_variance
2022-09-01,XLM-USD,0.0,combined_min_variance
2022-10-03,XLM-USD,0.0,combined_min_variance
2022-11-01,XLM-USD,0.0007304178580367104,combined_min_variance
2022-12-01,XLM-USD,8.809142651444724e-19,combined_min_variance
2023-01-03,XLM-USD,1.8608895734544723e-20,combined_min_variance
2023-02-01,XLM-USD,3.606883253933141e-20,combined_min_variance
2023-03-01,XLM-USD,0.0,combined_min_variance
2023-04-03,XLM-USD,1.929493111109287e-19,combined_min_variance
2023-05-01,XLM-USD,2.191779373899013e-19,combined_min_variance
2023-06-01,XLM-USD,0.0,combined_min_variance
2023-07-03,XLM-USD,5.8547035023682183e-05,combined_min_variance
2023-08-01,XLM-USD,0.0,combined_min_variance
2023-09-01,XLM-USD,7.76155430449585e-19,combined_min_variance
2023-10-02,XLM-USD,1.9182644590133254e-19,combined_min_variance
2023-11-01,XLM-USD,1.1499647790288533e-18,combined_min_variance
2023-12-01,XLM-USD,0.016666666666666666,combined_min_variance
2021-01-04,XOM,1.687813578313752e-18,combined_min_variance
2021-02-01,XOM,8.564690787414574e-19,combined_min_variance
2021-03-01,XOM,0.0,combined_min_variance
2021-04-01,XOM,0.0,combined_min_variance
2021-05-03,XOM,0.0049955519877762505,combined_min_variance
2021-06-01,XOM,0.007043286308997431,combined_min_variance
2021-07-01,XOM,0.01263574297967609,combined_min_variance
2021-08-02,XOM,0.01246776637857323,combined_min_variance
2021-09-01,XOM,0.01238736858793749,combined_min_variance
2021-10-01,XOM,0.011620792155645016,combined_min_variance
2021-11-01,XOM,0.011962320865821635,combined_min_variance
2021-12-01,XOM,0.018593650580407548,combined_min_variance
2022-01-03,XOM,0.01853925972961558,combined_min_variance
2022-02-01,XOM,0.0188726964665589,combined_min_variance
2022-03-01,XOM,0.019181415759464564,combined_min_variance
2022-04-01,XOM,0.019934918632824445,combined_min_variance
2022-05-02,XOM,0.020048956833181763,combined_min_variance
2022-06-01,XOM,0.019472266254080602,combined_min_variance
2022-07-01,XOM,0.020375408616777505,combined_min_variance
2022-08-01,XOM,0.020481301883984664,combined_min_variance
2022-09-01,XOM,0.021044225692460432,combined_min_variance
2022-10-03,XOM,0.021877209711570166,combined_min_variance
2022-11-01,XOM,0.02342036506129177,combined_min_variance
2022-12-01,XOM,0.024847049727140327,combined_min_variance
2023-01-03,XOM,0.02473779909326759,combined_min_variance
2023-02-01,XOM,0.02483438815788757,combined_min_variance
2023-03-01,XOM,0.024774296814597987,combined_min_variance
2023-04-03,XOM,0.020889304342866722,combined_min_variance
2023-05-01,XOM,0.021138121342861027,combined_min_variance
2023-06-01,XOM,0.021563785621666057,combined_min_variance
2023-07-03,XOM,0.021781217139610412,combined_min_variance
2023-08-01,XOM,0.022746405285806678,combined_min_variance
2023-09-01,XOM,0.022909512452619563,combined_min_variance
2023-10-02,XOM,0.022167538127444177,combined_min_variance
2023-11-01,XOM,0.020941887872850163,combined_min_variance
2023-12-01,XOM,0.016666666666666666,combined_min_variance
2021-01-04,XRP-USD,0.0,combined_min_variance
2021-02-01,XRP-USD,7.747974573533498e-19,combined_min_variance
2021-03-01,XRP-USD,0.0,combined_min_variance
2021-04-01,XRP-USD,0.00266564979810119,combined_min_variance
2021-05-03,XRP-USD,1.0842021724855044e-19,combined_min_variance
2021-06-01,XRP-USD,5.407731539630042e-19,combined_min_variance
2021-07-01,XRP-USD,0.0,combined_min_variance
2021-08-02,XRP-USD,0.0,combined_min_variance
2021-09-01,XRP-USD,0.0,combined_min_variance
2021-10-01,XRP-USD,6.426903373191593e-19,combined_min_variance
2021-11-01,XRP-USD,5.164475924886102e-19,combined_min_variance
2021-12-01,XRP-USD,0.00014992811964835407,combined_min_variance
2022-01-03,XRP-USD,4.336808689942018e-19,combined_min_variance
2022-02-01,XRP-USD,1.0842021724855044e-19,combined_min_variance
2022-03-01,XRP-USD,1.0314558892998974e-18,combined_min_variance
2022-04-01,XRP-USD,1.9058969564646324e-20,combined_min_variance
2022-05-02,XRP-USD,0.0,combined_min_variance
2022-06-01,XRP-USD,0.0,combined_min_variance
2022-07-01,XRP-USD,0.0,combined_min_variance
2022-08-01,XRP-USD,2.142301124397197e-19,combined_min_variance
2022-09-01,XRP-USD,0.0,combined_min_variance
2022-10-03,XRP-USD,0.0,combined_min_variance
2022-11-01,XRP-USD,0.0,combined_min_variance
2022-12-01,XRP-USD,0.0,combined_min_variance
2023-01-03,XRP-USD,0.0,combined_min_variance
2023-02-01,XRP-USD,1.958675313734581e-18,combined_min_variance
2023-03-01,XRP-USD,0.0,combined_min_variance
2023-04-03,XRP-USD,0.0,combined_min_variance
2023-05-01,XRP-USD,0.0,combined_min_variance
2023-06-01,XRP-USD,0.0,combined_min_variance
2023-07-03,XRP-USD,0.00046188068354848037,combined_min_variance
2023-08-01,XRP-USD,8.468161717340267e-19,combined_min_variance
2023-09-01,XRP-USD,8.771292193856914e-19,combined_min_variance
2023-10-02,XRP-USD,4.997733200356139e-19,combined_min_variance
2023-11-01,XRP-USD,0.0,combined_min_variance
2023-12-01,XRP-USD,0.016666666666666666,combined_min_variance
2021-01-04,ABBV,0.0,combined_max_sharpe
2021-02-01,ABBV,3.351384392373107e-16,combined_max_sharpe
2021-03-01,ABBV,0.0,combined_max_sharpe
2021-04-01,ABBV,0.1497112136751383,combined_max_sharpe
2021-05-03,ABBV,0.13054868377516668,combined_max_sharpe
2021-06-01,ABBV,0.0,combined_max_sharpe
2021-07-01,ABBV,2.0484854958868544e-16,combined_max_sharpe
2021-08-02,ABBV,0.004471590407730313,combined_max_sharpe
2021-09-01,ABBV,0.021178167511738816,combined_max_sharpe
2021-10-01,ABBV,0.003854831524086767,combined_max_sharpe
2021-11-01,ABBV,0.0564354653398167,combined_max_sharpe
2021-12-01,ABBV,1.8577505299474298e-16,combined_max_sharpe
2022-01-03,ABBV,4.149461326431941e-16,combined_max_sharpe
2022-02-01,ABBV,0.11361415825881173,combined_max_sharpe
2022-03-01,ABBV,0.18047120018190743,combined_max_sharpe
2022-04-01,ABBV,0.3015091065642415,combined_max_sharpe
2022-05-02,ABBV,0.19852865450628387,combined_max_sharpe
2022-06-01,ABBV,0.2546630424573235,combined_max_sharpe
2022-07-01,ABBV,0.4661944551848332,combined_max_sharpe
2022-08-01,ABBV,0.2412995620295261,combined_max_sharpe
2022-09-01,ABBV,0.0802458485614699,combined_max_sharpe
2022-10-03,ABBV,0.5364761468625184,combined_max_sharpe
2022-11-01,ABBV,0.1756744098345141,combined_max_sharpe
2022-12-01,ABBV,0.06155087980412768,combined_max_sharpe
2023-01-03,ABBV,1.5529260896535063e-15,combined_max_sharpe
2023-02-01,ABBV,0.0,combined_max_sharpe
2023-03-01,ABBV,0.0,combined_max_sharpe
2023-04-03,ABBV,0.0,combined_max_sharpe
2023-05-01,ABBV,0.0,combined_max_sharpe
2023-06-01,ABBV,0.0,combined_max_sharpe
2023-07-03,ABBV,0.0,combined_max_sharpe
2023-08-01,ABBV,0.0,combined_max_sharpe
2023-09-01,ABBV,4.871098112817042e-16,combined_max_sharpe
2023-10-02,ABBV,0.0,combined_max_sharpe
2023-11-01,ABBV,2.1191303130217787e-16,combined_max_sharpe
2023-12-01,ABBV,0.0,combined_max_sharpe
2021-01-04,ABT,0.0,combined_max_sharpe
2021-02-01,ABT,0.0,combined_max_sharpe
2021-03-01,ABT,0.03748219212575514,combined_max_sharpe
2021-04-01,ABT,0.030050779499479707,combined_max_sharpe
2021-05-03,ABT,0.0,combined_max_sharpe
2021-06-01,ABT,0.0,combined_max_sharpe
2021-07-01,ABT,0.0,combined_max_sharpe
2021-08-02,ABT,0.0,combined_max_sharpe
2021-09-01,ABT,0.0,combined_max_sharpe
2021-10-01,ABT,0.0,combined_max_sharpe
2021-11-01,ABT,0.06328068805603823,combined_max_sharpe
2021-12-01,ABT,0.0018728915061318513,combined_max_sharpe
2022-01-03,ABT,0.060501756379333485,combined_max_sharpe
2022-02-01,ABT,4.1521833605147115e-16,combined_max_sharpe
2022-03-01,ABT,3.6806269141468065e-16,combined_max_sharpe
2022-04-01,ABT,0.0,combined_max_sharpe
2022-05-02,ABT,0.0,combined_max_sharpe
2022-06-01,ABT,6.306610528149951e-16,combined_max_sharpe
2022-07-01,ABT,0.0,combined_max_sharpe
2022-08-01,ABT,0.0,combined_max_sharpe
2022-09-01,ABT,2.014367270454487e-16,combined_max_sharpe
2022-10-03,ABT,2.838030883950686e-16,combined_max_sharpe
2022-11-01,ABT,8.665854604194107e-17,combined_max_sharpe
2022-12-01,ABT,0.0,combined_max_sharpe
2023-01-03,ABT,1.9547314190884985e-16,combined_max_sharpe
2023-02-01,ABT,3.0525411482350936e-16,combined_max_sharpe
2023-03-01,ABT,0.0,combined_max_sharpe
2023-04-03,ABT,0.0,combined_max_sharpe
2023-05-01,ABT,1.1086994433328166e-16,combined_max_sharpe
2023-06-01,ABT,1.6297126574599882e-17,combined_max_sharpe
2023-07-03,ABT,8.999607800044964e-19,combined_max_sharpe
2023-08-01,ABT,1.9213544040211675e-16,combined_max_sharpe
2023-09-01,ABT,0.0,combined_max_sharpe
2023-10-02,ABT,5.3764283244711654e-17,combined_max_sharpe
2023-11-01,ABT,0.0,combined_max_sharpe
2023-12-01,ABT,1.678500008212912e-16,combined_max_sharpe
2021-01-04,ADA-USD,1.9002379523048e-16,combined_max_sharpe
2021-02-01,ADA-USD,4.047939807441048e-15,combined_max_sharpe
2021-03-01,ADA-USD,0.11947926555802395,combined_max_sharpe
2021-04-01,ADA-USD,0.061413382776328615,combined_max_sharpe
2021-05-03,ADA-USD,0.0466305187385003,combined_max_sharpe
2021-06-01,ADA-USD,0.02585851994227987,combined_max_sharpe
2021-07-01,ADA-USD,0.006609353149286905,combined_max_sharpe
2021-08-02,ADA-USD,3.696580189798889e-16,combined_max_sharpe
2021-09-01,ADA-USD,0.02750240675416383,combined_max_sharpe
2021-10-01,ADA-USD,0.03998725342367377,combined_max_sharpe
2021-11-01,ADA-USD,0.03338665724509899,combined_max_sharpe
2021-12-01,ADA-USD,0.023439541991681995,combined_max_sharpe
2022-01-03,ADA-USD,0.01265124572972386,combined_max_sharpe
2022-02-01,ADA-USD,0.0,combined_max_sharpe
2022-03-01,ADA-USD,0.0,combined_max_sharpe
2022-04-01,ADA-USD,0.0,combined_max_sharpe
2022-05-02,ADA-USD,5.343943950587203e-16,combined_max_sharpe
2022-06-01,ADA-USD,0.0,combined_max_sharpe
2022-07-01,ADA-USD,0.0,combined_max_sharpe
2022-08-01,ADA-USD,2.590083944247693e-16,combined_max_sharpe
2022-09-01,ADA-USD,5.995182800889422e-16,combined_max_sharpe
2022-10-03,ADA-USD,0.0,combined_max_sharpe
2022-11-01,ADA-USD,7.310563139504749e-16,combined_max_sharpe
2022-12-01,ADA-USD,0.0,combined_max_sharpe
2023-01-03,ADA-USD,1.5343137137349776e-17,combined_max_sharpe
2023-02-01,ADA-USD,0.0,combined_max_sharpe
2023-03-01,ADA-USD,3.955186616027787e-16,combined_max_sharpe
2023-04-03,ADA-USD,0.0,combined_max_sharpe
2023-05-01,ADA-USD,6.410050196012771e-16,combined_max_sharpe
2023-06-01,ADA-USD,0.0,combined_max_sharpe
2023-07-03,ADA-USD,2.598345446238551e-16,combined_max_sharpe
2023-08-01,ADA-USD,1.0038556611735326e-16,combined_max_sharpe
2023-09-01,ADA-USD,1.793105319854634e-16,combined_max_sharpe
2023-10-02,ADA-USD,0.0,combined_max_sharpe
2023-11-01,ADA-USD,0.0,combined_max_sharpe
2023-12-01,ADA-USD,7.622404926555894e-18,combined_max_sharpe
2021-01-04,ADBE,0.0,combined_max_sharpe
2021-02-01,ADBE,8.511871152912819e-17,combined_max_sharpe
2021-03-01,ADBE,0.0,combined_max_sharpe
2021-04-01,ADBE,0.0,combined_max_sharpe
2021-05-03,ADBE,0.0,combined_max_sharpe
2021-06-01,ADBE,6.572881165757564e-18,combined_max_sharpe
2021-07-01,ADBE,0.0,combined_max_sharpe
2021-08-02,ADBE,1.1760669147171052e-16,combined_max_sharpe
2021-09-01,ADBE,0.0,combined_max_sharpe
2021-10-01,ADBE,0.0,combined_max_sharpe
2021-11-01,ADBE,0.0,combined_max_sharpe
2021-12-01,ADBE,0.0,combined_max_sharpe
2022-01-03,ADBE,1.9188023539168742e-16,combined_max_sharpe
2022-02-01,ADBE,9.73337537763511e-17,combined_max_sharpe
2022-03-01,ADBE,1.8093119099233303e-16,combined_max_sharpe
2022-04-01,ADBE,0.0,combined_max_sharpe
2022-05-02,ADBE,0.0,combined_max_sharpe
2022-06-01,ADBE,3.081340927924249e-16,combined_max_sharpe
2022-07-01,ADBE,0.0,combined_max_sharpe
2022-08-01,ADBE,0.0,combined_max_sharpe
2022-09-01,ADBE,0.0,combined_max_sharpe
2022-10-03,ADBE,1.3832496807297368e-16,combined_max_sharpe
2022-11-01,ADBE,0.0,combined_max_sharpe
2022-12-01,ADBE,0.0,combined_max_sharpe
2023-01-03,ADBE,6.510530784784832e-18,combined_max_sharpe
2023-02-01,ADBE,0.0,combined_max_sharpe
2023-03-01,ADBE,1.9932983806239995e-16,combined_max_sharpe
2023-04-03,ADBE,0.0,combined_max_sharpe
2023-05-01,ADBE,2.966959047197811e-16,combined_max_sharpe
2023-06-01,ADBE,0.0,combined_max_sharpe
2023-07-03,ADBE,1.3795224143575776e-16,combined_max_sharpe
2023-08-01,ADBE,0.0,combined_max_sharpe
2023-09-01,ADBE,0.0,combined_max_sharpe
2023-10-02,ADBE,2.349276900034614e-16,combined_max_sharpe
2023-11-01,ADBE,0.0,combined_max_sharpe
2023-12-01,ADBE,0.07679373272093706,combined_max_sharpe
2021-01-04,AEP,0.0,combined_max_sharpe
2021-02-01,AEP,0.0,combined_max_sharpe
2021-03-01,AEP,2.782976421910219e-17,combined_max_sharpe
2021-04-01,AEP,3.824085352438241e-17,combined_max_sharpe
2021-05-03,AEP,0.0,combined_max_sharpe
2021-06-01,AEP,8.996631126049027e-17,combined_max_sharpe
2021-07-01,AEP,0.0,combined_max_sharpe
2021-08-02,AEP,2.067630091777247e-16,combined_max_sharpe
2021-09-01,AEP,0.0,combined_max_sharpe
2021-10-01,AEP,0.0,combined_max_sharpe
2021-11-01,AEP,0.0,combined_max_sharpe
2021-12-01,AEP,3.031659826127482e-17,combined_max_sharpe
2022-01-03,AEP,4.5948749008676664e-18,combined_max_sharpe
2022-02-01,AEP,0.0,combined_max_sharpe
2022-03-01,AEP,0.03044752837912335,combined_max_sharpe
2022-04-01,AEP,0.0,combined_max_sharpe
2022-05-02,AEP,1.0536547100638935e-16,combined_max_sharpe
2022-06-01,AEP,0.11807856337811082,combined_max_sharpe
2022-07-01,AEP,0.0,combined_max_sharpe
2022-08-01,AEP,0.0,combined_max_sharpe
2022-09-01,AEP,6.426263527647319e-15,combined_max_sharpe
2022-10-03,AEP,1.0789674362291344e-16,combined_max_sharpe
2022-11-01,AEP,0.0,combined_max_sharpe
2022-12-01,AEP,0.0,combined_max_sharpe
2023-01-03,AEP,0.0,combined_max_sharpe
2023-02-01,AEP,0.0,combined_max_sharpe
2023-03-01,AEP,0.0,combined_max_sharpe
2023-04-03,AEP,0.0,combined_max_sharpe
2023-05-01,AEP,0.0,combined_max_sharpe
2023-06-01,AEP,1.1774721704723528e-16,combined_max_sharpe
2023-07-03,AEP,1.7552488912164272e-16,combined_max_sharpe
2023-08-01,AEP,8.19804996775895e-17,combined_max_sharpe
2023-09-01,AEP,1.6681238416629455e-16,combined_max_sharpe
2023-10-02,AEP,6.329044991394214e-17,combined_max_sharpe
2023-11-01,AEP,8.262789533910168e-17,combined_max_sharpe
2023-12-01,AEP,0.0,combined_max_sharpe
2021-01-04,AMD,0.0,combined_max_sharpe
2021-02-01,AMD,3.117407825804369e-16,combined_max_sharpe
2021-03-01,AMD,0.0,combined_max_sharpe
2021-04-01,AMD,2.5264673961398218e-17,combined_max_sharpe
2021-05-03,AMD,1.9460303922456128e-16,combined_max_sharpe
2021-06-01,AMD,1.6699741369049553e-17,combined_max_sharpe
2021-07-01,AMD,0.03933230427146299,combined_max_sharpe
2021-08-02,AMD,3.490556027126127e-17,combined_max_sharpe
2021-09-01,AMD,1.7837219247651386e-16,combined_max_sharpe
2021-10-01,AMD,1.34082356372837e-16,combined_max_sharpe
2021-11-01,AMD,0.012310466506746226,combined_max_sharpe
2021-12-01,AMD,0.0,combined_max_sharpe
2022-01-03,AMD,2.2488801503782603e-16,combined_max_sharpe
2022-02-01,AMD,0.0,combined_max_sharpe
2022-03-01,AMD,0.0,combined_max_sharpe
2022-04-01,AMD,1.6877357988412928e-16,combined_max_sharpe
2022-05-02,AMD,2.6719476175693504e-17,combined_max_sharpe
2022-06-01,AMD,0.039922407643790014,combined_max_sharpe
2022-07-01,AMD,9.236417944538036e-16,combined_max_sharpe
2022-08-01,AMD,4.1735123471765016e-18,combined_max_sharpe
2022-09-01,AMD,0.0,combined_max_sharpe
2022-10-03,AMD,8.879843747812968e-17,combined_max_sharpe
2022-11-01,AMD,3.7576930820831783e-16,combined_max_sharpe
2022-12-01,AMD,0.0,combined_max_sharpe
2023-01-03,AMD,7.588080928221394e-17,combined_max_sharpe
2023-02-01,AMD,0.0,combined_max_sharpe
2023-03-01,AMD,3.3982793299065035e-16,combined_max_sharpe
2023-04-03,AMD,0.0,combined_max_sharpe
2023-05-01,AMD,6.519466907759947e-16,combined_max_sharpe
2023-06-01,AMD,0.0,combined_max_sharpe
2023-07-03,AMD,1.7602232855893658e-16,combined_max_sharpe
2023-08-01,AMD,1.7975893335440596e-16,combined_max_sharpe
2023-09-01,AMD,0.0,combined_max_sharpe
2023-10-02,AMD,2.2484794388150836e-16,combined_max_sharpe
2023-11-01,AMD,4.9126173928115814e-17,combined_max_sharpe
2023-12-01,AMD,3.7500263452450536e-16,combined_max_sharpe
2021-01-04,AMGN,0.0,combined_max_sharpe
2021-02-01,AMGN,0.0,combined_max_sharpe
2021-03-01,AMGN,2.5040645850999667e-17,combined_max_sharpe
2021-04-01,AMGN,1.1992101633293825e-16,combined_max_sharpe
2021-05-03,AMGN,3.432626642291657e-17,combined_max_sharpe
2021-06-01,AMGN,4.649486748866175e-17,combined_max_sharpe
2021-07-01,AMGN,0.0,combined_max_sharpe
2021-08-02,AMGN,8.067638973786974e-18,combined_max_sharpe
2021-09-01,AMGN,9.21562066410737e-17,combined_max_sharpe
2021-10-01,AMGN,5.889403215316994e-17,combined_max_sharpe
2021-11-01,AMGN,5.69437618019841e-17,combined_max_sharpe
2021-12-01,AMGN,3.1987136317022856e-17,combined_max_sharpe
2022-01-03,AMGN,2.3245145960238023e-17,combined_max_sharpe
2022-02-01,AMGN,0.0,combined_max_sharpe
2022-03-01,AMGN,1.2641018527455294e-16,combined_max_sharpe
2022-04-01,AMGN,0.0,combined_max_sharpe
2022-05-02,AMGN,1.1337147522877024e-16,combined_max_sharpe
2022-06-01,AMGN,2.448656621218761e-16,combined_max_sharpe
2022-07-01,AMGN,0.0,combined_max_sharpe
2022-08-01,AMGN,3.4843384507689976e-17,combined_max_sharpe
2022-09-01,AMGN,0.062447234393813056,combined_max_sharpe
2022-10-03,AMGN,0.0,combined_max_sharpe
2022-11-01,AMGN,0.3904632212534214,combined_max_sharpe
2022-12-01,AMGN,0.2715125692726646,combined_max_sharpe
2023-01-03,AMGN,0.028342810012888568,combined_max_sharpe
2023-02-01,AMGN,0.0,combined_max_sharpe
2023-03-01,AMGN,5.428884899975198e-17,combined_max_sharpe
2023-04-03,AMGN,0.0,combined_max_sharpe
2023-05-01,AMGN,1.8418251109201888e-16,combined_max_sharpe
2023-06-01,AMGN,0.0,combined_max_sharpe
2023-07-03,AMGN,0.0,combined_max_sharpe
2023-08-01,AMGN,0.0,combined_max_sharpe
2023-09-01,AMGN,0.0,combined_max_sharpe
2023-10-02,AMGN,0.10396337835827389,combined_max_sharpe
2023-11-01,AMGN,1.8783388249835974e-16,combined_max_sharpe
2023-12-01,AMGN,0.0,combined_max_sharpe
2021-01-04,AMT,1.2228990739425239e-16,combined_max_sharpe
2021-02-01,AMT,0.0,combined_max_sharpe
2021-03-01,AMT,9.769377776286138e-17,combined_max_sharpe
2021-04-01,AMT,0.0,combined_max_sharpe
2021-05-03,AMT,2.1231667377553347e-17,combined_max_sharpe
2021-06-01,AMT,0.0,combined_max_sharpe
2021-07-01,AMT,0.0,combined_max_sharpe
2021-08-02,AMT,1.0074932045012926e-16,combined_max_sharpe
2021-09-01,AMT,1.1609352685050287e-16,combined_max_sharpe
2021-10-01,AMT,1.1377422731344007e-16,combined_max_sharpe
2021-11-01,AMT,4.557125226846239e-18,combined_max_sharpe
2021-12-01,AMT,6.701247552320894e-17,combined_max_sharpe
2022-01-03,AMT,1.2808622176127534e-16,combined_max_sharpe
2022-02-01,AMT,0.0,combined_max_sharpe
2022-03-01,AMT,6.663823970392595e-17,combined_max_sharpe
2022-04-01,AMT,2.4230998344990744e-16,combined_max_sharpe
2022-05-02,AMT,0.0,combined_max_sharpe
2022-06-01,AMT,4.0401102104739123e-16,combined_max_sharpe
2022-07-01,AMT,1.1420176070787764e-17,combined_max_sharpe
2022-08-01,AMT,1.8779365586839317e-16,combined_max_sharpe
2022-09-01,AMT,7.689682531383359e-17,combined_max_sharpe
2022-10-03,AMT,3.8735366671084335e-17,combined_max_sharpe
2022-11-01,AMT,4.4080008847793464e-17,combined_max_sharpe
2022-12-01,AMT,4.200575372884816e-16,combined_max_sharpe
2023-01-03,AMT,0.0,combined_max_sharpe
2023-02-01,AMT,0.0,combined_max_sharpe
2023-03-01,AMT,0.0,combined_max_sharpe
2023-04-03,AMT,0.0,combined_max_sharpe
2023-05-01,AMT,1.5026766055040773e-16,combined_max_sharpe
2023-06-01,AMT,1.6448665940764153e-17,combined_max_sharpe
2023-07-03,AMT,0.0,combined_max_sharpe
2023-08-01,AMT,2.464049184208472e-17,combined_max_sharpe
2023-09-01,AMT,0.0,combined_max_sharpe
2023-10-02,AMT,0.0,combined_max_sharpe
2023-11-01,AMT,0.0,combined_max_sharpe
2023-12-01,AMT,0.0,combined_max_sharpe
2021-01-04,BA,6.71294538736576e-17,combined_max_sharpe
2021-02-01,BA,2.4182329345946973e-16,combined_max_sharpe
2021-03-01,BA,5.1505673751354135e-17,combined_max_sharpe
2021-04-01,BA,0.0,combined_max_sharpe
2021-05-03,BA,0.0,combined_max_sharpe
2021-06-01,BA,1.370149133950125e-17,combined_max_sharpe
2021-07-01,BA,0.0,combined_max_sharpe
2021-08-02,BA,0.0,combined_max_sharpe
2021-09-01,BA,1.306304919007575e-16,combined_max_sharpe
2021-10-01,BA,0.0,combined_max_sharpe
2021-11-01,BA,9.108338119021339e-18,combined_max_sharpe
2021-12-01,BA,0.0,combined_max_sharpe
2022-01-03,BA,1.727849193659253e-16,combined_max_sharpe
2022-02-01,BA,7.581228829829889e-17,combined_max_sharpe
2022-03-01,BA,1.4256144672944563e-16,combined_max_sharpe
2022-04-01,BA,0.0,combined_max_sharpe
2022-05-02,BA,2.5837402762884797e-16,combined_max_sharpe
2022-06-01,BA,0.0,combined_max_sharpe
2022-07-01,BA,0.0,combined_max_sharpe
2022-08-01,BA,0.0,combined_max_sharpe
2022-09-01,BA,4.610141775776761e-17,combined_max_sharpe
2022-10-03,BA,1.1930405960345638e-16,combined_max_sharpe
2022-11-01,BA,1.5361443685691993e-16,combined_max_sharpe
2022-12-01,BA,0.0,combined_max_sharpe
2023-01-03,BA,0.0,combined_max_sharpe
2023-02-01,BA,2.0019604929995818e-16,combined_max_sharpe
2023-03-01,BA,0.0,combined_max_sharpe
2023-04-03,BA,0.0,combined_max_sharpe
2023-05-01,BA,1.9117644571283405e-15,combined_max_sharpe
2023-06-01,BA,0.049321136426887804,combined_max_sharpe
2023-07-03,BA,0.0,combined_max_sharpe
2023-08-01,BA,0.0,combined_max_sharpe
2023-09-01,BA,0.0,combined_max_sharpe
2023-10-02,BA,5.439442170784196e-17,combined_max_sharpe
2023-11-01,BA,0.0,combined_max_sharpe
2023-12-01,BA,0.0,combined_max_sharpe
2021-01-04,BCH-USD,5.544367867891395e-16,combined_max_sharpe
2021-02-01,BCH-USD,4.1569439652967437e-16,combined_max_sharpe
2021-03-01,BCH-USD,0.0,combined_max_sharpe
2021-04-01,BCH-USD,0.0,combined_max_sharpe
2021-05-03,BCH-USD,0.0,combined_max_sharpe
2021-06-01,BCH-USD,1.127663467329867e-16,combined_max_sharpe
2021-07-01,BCH-USD,1.4345517398014235e-16,combined_max_sharpe
2021-08-02,BCH-USD,0.0,combined_max_sharpe
2021-09-01,BCH-USD,7.131252469400746e-16,combined_max_sharpe
2021-10-01,BCH-USD,1.9937197304270328e-16,combined_max_sharpe
2021-11-01,BCH-USD,1.539003377447376e-16,combined_max_sharpe
2021-12-01,BCH-USD,0.0,combined_max_sharpe
2022-01-03,BCH-USD,1.904038665585091e-16,combined_max_sharpe
2022-02-01,BCH-USD,0.0,combined_max_sharpe
2022-03-01,BCH-USD,0.0,combined_max_sharpe
2022-04-01,BCH-USD,1.5894634085246414e-16,combined_max_sharpe
2022-05-02,BCH-USD,4.1271768121976503e-16,combined_max_sharpe
2022-06-01,BCH-USD,0.0,combined_max_sharpe
2022-07-01,BCH-USD,0.0,combined_max_sharpe
2022-08-01,BCH-USD,1.0475623873345203e-16,combined_max_sharpe
2022-09-01,BCH-USD,1.0648446693588155e-15,combined_max_sharpe
2022-10-03,BCH-USD,0.0,combined_max_sharpe
2022-11-01,BCH-USD,3.9946455533901885e-16,combined_max_sharpe
2022-12-01,BCH-USD,0.0,combined_max_sharpe
2023-01-03,BCH-USD,1.820822351467583e-16,combined_max_sharpe
2023-02-01,BCH-USD,3.8702893520083225e-17,combined_max_sharpe
2023-03-01,BCH-USD,2.668626627806113e-16,combined_max_sharpe
2023-04-03,BCH-USD,0.0,combined_max_sharpe
2023-05-01,BCH-USD,3.2120595531581453e-16,combined_max_sharpe
2023-06-01,BCH-USD,0.0,combined_max_sharpe
2023-07-03,BCH-USD,0.05546520088456737,combined_max_sharpe
2023-08-01,BCH-USD,0.03226878806277706,combined_max_sharpe
2023-09-01,BCH-USD,0.031026125960753458,combined_max_sharpe
2023-10-02,BCH-USD,0.05421856399744033,combined_max_sharpe
2023-11-01,BCH-USD,0.08670994931634063,combined_max_sharpe
2023-12-01,BCH-USD,0.04407606740246265,combined_max_sharpe
2021-01-04,BTC-USD,0.5784825913988757,combined_max_sharpe
2021-02-01,BTC-USD,0.42829577488407206,combined_max_sharpe
2021-03-01,BTC-USD,0.3645995344977438,combined_max_sharpe
2021-04-01,BTC-USD,0.21853512634136557,combined_max_sharpe
2021-05-03,BTC-USD,0.14275644107384047,combined_max_sharpe
2021-06-01,BTC-USD,0.02220275738464495,combined_max_sharpe
2021-07-01,BTC-USD,0.01413427248900822,combined_max_sharpe
2021-08-02,BTC-USD,0.026796452092678464,combined_max_sharpe
2021-09-01,BTC-USD,0.014588343316087379,combined_max_sharpe
2021-10-01,BTC-USD,0.008877347389929726,combined_max_sharpe
2021-11-01,BTC-USD,0.0,combined_max_sharpe
2021-12-01,BTC-USD,1.76321399946832e-17,combined_max_sharpe
2022-01-03,BTC-USD,0.0,combined_max_sharpe
2022-02-01,BTC-USD,0.0,combined_max_sharpe
2022-03-01,BTC-USD,0.0,combined_max_sharpe
2022-04-01,BTC-USD,0.0,combined_max_sharpe
2022-05-02,BTC-USD,2.6858223126367486e-16,combined_max_sharpe
2022-06-01,BTC-USD,0.0,combined_max_sharpe
2022-07-01,BTC-USD,0.0,combined_max_sharpe
2022-08-01,BTC-USD,1.3890861372949997e-16,combined_max_sharpe
2022-09-01,BTC-USD,3.268750107558796e-16,combined_max_sharpe
2022-10-03,BTC-USD,9.26649595051581e-17,combined_max_sharpe
2022-11-01,BTC-USD,3.1993503250262615e-16,combined_max_sharpe
2022-12-01,BTC-USD,0.0,combined_max_sharpe
2023-01-03,BTC-USD,2.0270284102346718e-16,combined_max_sharpe
2023-02-01,BTC-USD,2.9621061447384765e-17,combined_max_sharpe
2023-03-01,BTC-USD,2.0180154684758685e-16,combined_max_sharpe
2023-04-03,BTC-USD,0.0,combined_max_sharpe
2023-05-01,BTC-USD,1.9408576137655147e-16,combined_max_sharpe
2023-06-01,BTC-USD,2.0613679915911603e-16,combined_max_sharpe
2023-07-03,BTC-USD,0.0,combined_max_sharpe
2023-08-01,BTC-USD,1.3435119111799743e-16,combined_max_sharpe
2023-09-01,BTC-USD,5.340395481555838e-17,combined_max_sharpe
2023-10-02,BTC-USD,3.9069901626117156e-17,combined_max_sharpe
2023-11-01,BTC-USD,0.0,combined_max_sharpe
2023-12-01,BTC-USD,0.10431556529223825,combined_max_sharpe
2021-01-04,CAT,0.0,combined_max_sharpe
2021-02-01,CAT,0.0,combined_max_sharpe
2021-03-01,CAT,0.02049746026347005,combined_max_sharpe
2021-04-01,CAT,0.014363598921017108,combined_max_sharpe
2021-05-03,CAT,0.07969618417804326,combined_max_sharpe
2021-06-01,CAT,0.1448378546273928,combined_max_sharpe
2021-07-01,CAT,0.009517685525074586,combined_max_sharpe
2021-08-02,CAT,9.300544571961791e-17,combined_max_sharpe
2021-09-01,CAT,1.6202437988634663e-16,combined_max_sharpe
2021-10-01,CAT,0.0,combined_max_sharpe
2021-11-01,CAT,1.6583434887986059e-16,combined_max_sharpe
2021-12-01,CAT,0.0,combined_max_sharpe
2022-01-03,CAT,0.0,combined_max_sharpe
2022-02-01,CAT,7.232554062968175e-18,combined_max_sharpe
2022-03-01,CAT,7.126180751731359e-17,combined_max_sharpe
2022-04-01,CAT,0.0,combined_max_sharpe
2022-05-02,CAT,3.87183920214095e-17,combined_max_sharpe
2022-06-01,CAT,0.0,combined_max_sharpe
2022-07-01,CAT,0.0,combined_max_sharpe
2022-08-01,CAT,0.0,combined_max_sharpe
2022-09-01,CAT,0.0,combined_max_sharpe
2022-10-03,CAT,4.237345777712521e-17,combined_max_sharpe
2022-11-01,CAT,1.0654752515201308e-15,combined_max_sharpe
2022-12-01,CAT,0.0,combined_max_sharpe
2023-01-03,CAT,0.0,combined_max_sharpe
2023-02-01,CAT,0.0,combined_max_sharpe
2023-03-01,CAT,6.72550794075832e-16,combined_max_sharpe
2023-04-03,CAT,0.0,combined_max_sharpe
2023-05-01,CAT,3.534880819606011e-16,combined_max_sharpe
2023-06-01,CAT,0.0,combined_max_sharpe
2023-07-03,CAT,0.0,combined_max_sharpe
2023-08-01,CAT,1.1704766369391754e-16,combined_max_sharpe
2023-09-01,CAT,5.8466897930604146e-18,combined_max_sharpe
2023-10-02,CAT,0.006843653317891464,combined_max_sharpe
2023-11-01,CAT,0.0,combined_max_sharpe
2023-12-01,CAT,0.0,combined_max_sharpe
2021-01-04,CCI,0.0,combined_max_sharpe
2021-02-01,CCI,0.0,combined_max_sharpe
2021-03-01,CCI,4.5198184446815635e-17,combined_max_sharpe
2021-04-01,CCI,0.0,combined_max_sharpe
2021-05-03,CCI,0.0,combined_max_sharpe
2021-06-01,CCI,1.0470204608285864e-16,combined_max_sharpe
2021-07-01,CCI,0.0,combined_max_sharpe
2021-08-02,CCI,0.0,combined_max_sharpe
2021-09-01,CCI,1.9676145026172418e-17,combined_max_sharpe
2021-10-01,CCI,1.4107620818566043e-16,combined_max_sharpe
2021-11-01,CCI,0.0,combined_max_sharpe
2021-12-01,CCI,2.1290346474411338e-17,combined_max_sharpe
2022-01-03,CCI,5.18876809252835e-17,combined_max_sharpe
2022-02-01,CCI,0.0,combined_max_sharpe
2022-03-01,CCI,4.35677938581965e-17,combined_max_sharpe
2022-04-01,CCI,7.864571867438516e-18,combined_max_sharpe
2022-05-02,CCI,1.2061961405913264e-16,combined_max_sharpe
2022-06-01,CCI,4.936676827773507e-16,combined_max_sharpe
2022-07-01,CCI,3.54357154736461e-16,combined_max_sharpe
2022-08-01,CCI,0.0,combined_max_sharpe
2022-09-01,CCI,1.9293606398148786e-17,combined_max_sharpe
2022-10-03,CCI,0.0,combined_max_sharpe
2022-11-01,CCI,0.0,combined_max_sharpe
2022-12-01,CCI,1.9586741921963889e-16,combined_max_sharpe
2023-01-03,CCI,1.951417024896304e-17,combined_max_sharpe
2023-02-01,CCI,4.3038994499288624e-17,combined_max_sharpe
2023-03-01,CCI,7.607581522034188e-17,combined_max_sharpe
2023-04-03,CCI,0.0,combined_max_sharpe
2023-05-01,CCI,0.0,combined_max_sharpe
2023-06-01,CCI,0.0,combined_max_sharpe
2023-07-03,CCI,3.687749390579659e-17,combined_max_sharpe
2023-08-01,CCI,1.2502332592526403e-16,combined_max_sharpe
2023-09-01,CCI,1.1973658722270033e-16,combined_max_sharpe
2023-10-02,CCI,0.0,combined_max_sharpe
2023-11-01,CCI,0.0,combined_max_sharpe
2023-12-01,CCI,0.0,combined_max_sharpe
2021-01-04,CMCSA,0.0,combined_max_sharpe
2021-02-01,CMCSA,0.0,combined_max_sharpe
2021-03-01,CMCSA,0.0,combined_max_sharpe
2021-04-01,CMCSA,3.037937772873516e-17,combined_max_sharpe
2021-05-03,CMCSA,3.6851197381212904e-16,combined_max_sharpe
2021-06-01,CMCSA,0.0,combined_max_sharpe
2021-07-01,CMCSA,0.0,combined_max_sharpe
2021-08-02,CMCSA,0.0,combined_max_sharpe
2021-09-01,CMCSA,0.0,combined_max_sharpe
2021-10-01,CMCSA,2.145129912677436e-17,combined_max_sharpe
2021-11-01,CMCSA,0.0,combined_max_sharpe
2021-12-01,CMCSA,4.574097885377098e-17,combined_max_sharpe
2022-01-03,CMCSA,2.6418366342711264e-17,combined_max_sharpe
2022-02-01,CMCSA,4.9529221614904146e-17,combined_max_sharpe
2022-03-01,CMCSA,0.0,combined_max_sharpe
2022-04-01,CMCSA,1.3968625011558537e-16,combined_max_sharpe
2022-05-02,CMCSA,0.0,combined_max_sharpe
2022-06-01,CMCSA,1.6823558328367684e-16,combined_max_sharpe
2022-07-01,CMCSA,0.0,combined_max_sharpe
2022-08-01,CMCSA,0.0,combined_max_sharpe
2022-09-01,CMCSA,5.696578120392077e-17,combined_max_sharpe
2022-10-03,CMCSA,1.2369108909174327e-16,combined_max_sharpe
2022-11-01,CMCSA,1.640773221286919e-16,combined_max_sharpe
2022-12-01,CMCSA,0.0,combined_max_sharpe
2023-01-03,CMCSA,0.0,combined_max_sharpe
2023-02-01,CMCSA,5.229189676052758e-17,combined_max_sharpe
2023-03-01,CMCSA,1.3392066906131515e-16,combined_max_sharpe
2023-04-03,CMCSA,0.0,combined_max_sharpe
2023-05-01,CMCSA,1.691935299554795e-16,combined_max_sharpe
2023-06-01,CMCSA,1.0119015668021488e-16,combined_max_sharpe
2023-07-03,CMCSA,0.0,combined_max_sharpe
2023-08-01,CMCSA,1.5256883736997388e-16,combined_max_sharpe
2023-09-01,CMCSA,1.0217326899141786e-16,combined_max_sharpe
2023-10-02,CMCSA,0.0,combined_max_sharpe
2023-11-01,CMCSA,0.0,combined_max_sharpe
2023-12-01,CMCSA,9.35828442996058e-17,combined_max_sharpe
2021-01-04,COP,5.316063761526496e-17,combined_max_sharpe
2021-02-01,COP,1.1836378563591507e-16,combined_max_sharpe
2021-03-01,COP,0.0,combined_max_sharpe
2021-04-01,COP,0.0,combined_max_sharpe
2021-05-03,COP,0.0,combined_max_sharpe
2021-06-01,COP,0.0,combined_max_sharpe
2021-07-01,COP,0.0,combined_max_sharpe
2021-08-02,COP,5.635349225360251e-17,combined_max_sharpe
2021-09-01,COP,1.0662691689376607e-16,combined_max_sharpe
2021-10-01,COP,3.542416078698966e-17,combined_max_sharpe
2021-11-01,COP,6.226370840998378e-17,combined_max_sharpe
2021-12-01,COP,0.04408114912373708,combined_max_sharpe
2022-01-03,COP,0.08590290897372178,combined_max_sharpe
2022-02-01,COP,0.169873621844901,combined_max_sharpe
2022-03-01,COP,0.1580071066739498,combined_max_sharpe
2022-04-01,COP,0.08268307758759225,combined_max_sharpe
2022-05-02,COP,0.17414584540354236,combined_max_sharpe
2022-06-01,COP,0.049824010396032535,combined_max_sharpe
2022-07-01,COP,0.0,combined_max_sharpe
2022-08-01,COP,5.334186070064301e-15,combined_max_sharpe
2022-09-01,COP,0.06186077820543675,combined_max_sharpe
2022-10-03,COP,3.860543283454231e-16,combined_max_sharpe
2022-11-01,COP,2.701490229477085e-15,combined_max_sharpe
2022-12-01,COP,0.0,combined_max_sharpe
2023-01-03,COP,1.949659095069512e-15,combined_max_sharpe
2023-02-01,COP,0.0,combined_max_sharpe
2023-03-01,COP,0.0,combined_max_sharpe
2023-04-03,COP,0.0,combined_max_sharpe
2023-05-01,COP,7.814561052204383e-16,combined_max_sharpe
2023-06-01,COP,0.0,combined_max_sharpe
2023-07-03,COP,0.0,combined_max_sharpe
2023-08-01,COP,2.0677216973067106e-16,combined_max_sharpe
2023-09-01,COP,0.0,combined_max_sharpe
2023-10-02,COP,6.408666088436119e-17,combined_max_sharpe
2023-11-01,COP,0.0,combined_max_sharpe
2023-12-01,COP,0.0,combined_max_sharpe
2021-01-04,CVX,0.0,combined_max_sharpe
2021-02-01,CVX,6.86588874688382e-17,combined_max_sharpe
2021-03-01,CVX,1.5847241714415787e-17,combined_max_sharpe
2021-04-01,CVX,0.0,combined_max_sharpe
2021-05-03,CVX,0.0,combined_max_sharpe
2021-06-01,CVX,0.0,combined_max_sharpe
2021-07-01,CVX,0.0,combined_max_sharpe
2021-08-02,CVX,9.183037337867241e-17,combined_max_sharpe
2021-09-01,CVX,6.04890601265438e-17,combined_max_sharpe
2021-10-01,CVX,5.237534571242291e-17,combined_max_sharpe
2021-11-01,CVX,0.0,combined_max_sharpe
2021-12-01,CVX,7.896796293047417e-17,combined_max_sharpe
2022-01-03,CVX,9.911242017279291e-17,combined_max_sharpe
2022-02-01,CVX,0.0,combined_max_sharpe
2022-03-01,CVX,3.6687282472796967e-16,combined_max_sharpe
2022-04-01,CVX,0.09281709176796234,combined_max_sharpe
2022-05-02,CVX,0.08368704388730326,combined_max_sharpe
2022-06-01,CVX,0.1951634174243291,combined_max_sharpe
2022-07-01,CVX,0.11689625898843654,combined_max_sharpe
2022-08-01,CVX,0.2069129265078694,combined_max_sharpe
2022-09-01,CVX,0.12616461435558,combined_max_sharpe
2022-10-03,CVX,0.1501495299404502,combined_max_sharpe
2022-11-01,CVX,0.061768139211258045,combined_max_sharpe
2022-12-01,CVX,0.0,combined_max_sharpe
2023-01-03,CVX,8.427361842203585e-16,combined_max_sharpe
2023-02-01,CVX,0.0,combined_max_sharpe
2023-03-01,CVX,0.0,combined_max_sharpe
2023-04-03,CVX,0.0,combined_max_sharpe
2023-05-01,CVX,3.212133233478084e-16,combined_max_sharpe
2023-06-01,CVX,0.0,combined_max_sharpe
2023-07-03,CVX,0.0,combined_max_sharpe
2023-08-01,CVX,1.950424574770935e-16,combined_max_sharpe
2023-09-01,CVX,1.4660447230960673e-16,combined_max_sharpe
2023-10-02,CVX,1.2093650371589101e-17,combined_max_sharpe
2023-11-01,CVX,0.0,combined_max_sharpe
2023-12-01,CVX,1.0281277427970607e-17,combined_max_sharpe
2021-01-04,D,0.0,combined_max_sharpe
2021-02-01,D,0.0,combined_max_sharpe
2021-03-01,D,4.5247951371047736e-17,combined_max_sharpe
2021-04-01,D,1.7211282106901093e-17,combined_max_sharpe
2021-05-03,D,0.0,combined_max_sharpe
2021-06-01,D,4.8162519284458415e-17,combined_max_sharpe
2021-07-01,D,0.0,combined_max_sharpe
2021-08-02,D,3.400472681654305e-17,combined_max_sharpe
2021-09-01,D,1.8065408337053285e-17,combined_max_sharpe
2021-10-01,D,5.76585910007957e-17,combined_max_sharpe
2021-11-01,D,3.367160579766449e-17,combined_max_sharpe
2021-12-01,D,0.0,combined_max_sharpe
2022-01-03,D,0.0,combined_max_sharpe
2022-02-01,D,0.0,combined_max_sharpe
2022-03-01,D,0.0,combined_max_sharpe
2022-04-01,D,1.593997000762112e-16,combined_max_sharpe
2022-05-02,D,0.0,combined_max_sharpe
2022-06-01,D,2.3829411718941607e-16,combined_max_sharpe
2022-07-01,D,0.0,combined_max_sharpe
2022-08-01,D,8.918018356707996e-17,combined_max_sharpe
2022-09-01,D,0.0,combined_max_sharpe
2022-10-03,D,1.1784213302022852e-16,combined_max_sharpe
2022-11-01,D,0.0,combined_max_sharpe
2022-12-01,D,0.0,combined_max_sharpe
2023-01-03,D,6.002700394056595e-19,combined_max_sharpe
2023-02-01,D,5.440447306137876e-17,combined_max_sharpe
2023-03-01,D,1.9185882136711778e-16,combined_max_sharpe
2023-04-03,D,0.0,combined_max_sharpe
2023-05-01,D,1.193450361798856e-16,combined_max_sharpe
2023-06-01,D,0.0,combined_max_sharpe
2023-07-03,D,0.0,combined_max_sharpe
2023-08-01,D,1.188064424699865e-16,combined_max_sharpe
2023-09-01,D,3.551830704906532e-18,combined_max_sharpe
2023-10-02,D,0.0,combined_max_sharpe
2023-11-01,D,5.527661438485076e-17,combined_max_sharpe
2023-12-01,D,0.0,combined_max_sharpe
2021-01-04,DD,2.7493592117864128e-17,combined_max_sharpe
2021-02-01,DD,0.0,combined_max_sharpe
2021-03-01,DD,1.1862478760116117e-16,combined_max_sharpe
2021-04-01,DD,0.06578909181512464,combined_max_sharpe
2021-05-03,DD,7.658714667316592e-17,combined_max_sharpe
2021-06-01,DD,0.0,combined_max_sharpe
2021-07-01,DD,0.0,combined_max_sharpe
2021-08-02,DD,0.0,combined_max_sharpe
2021-09-01,DD,8.87904708424142e-18,combined_max_sharpe
2021-10-01,DD,1.2100765161532089e-17,combined_max_sharpe
2021-11-01,DD,2.239333129216679e-16,combined_max_sharpe
2021-12-01,DD,3.324182168540955e-17,combined_max_sharpe
2022-01-03,DD,0.0,combined_max_sharpe
2022-02-01,DD,1.0291568975766434e-16,combined_max_sharpe
2022-03-01,DD,0.0,combined_max_sharpe
2022-04-01,DD,0.0,combined_max_sharpe
2022-05-02,DD,9.030560706197885e-17,combined_max_sharpe
2022-06-01,DD,0.0,combined_max_sharpe
2022-07-01,DD,0.0,combined_max_sharpe
2022-08-01,DD,1.4659342455485938e-16,combined_max_sharpe
2022-09-01,DD,0.0,combined_max_sharpe
2022-10-03,DD,0.0,combined_max_sharpe
2022-11-01,DD,1.395958193203305e-16,combined_max_sharpe
2022-12-01,DD,0.0,combined_max_sharpe
2023-01-03,DD,0.0,combined_max_sharpe
2023-02-01,DD,0.0,combined_max_sharpe
2023-03-01,DD,8.900285321730318e-17,combined_max_sharpe
2023-04-03,DD,0.0,combined_max_sharpe
2023-05-01,DD,1.8741137763983888e-16,combined_max_sharpe
2023-06-01,DD,0.0,combined_max_sharpe
2023-07-03,DD,0.0,combined_max_sharpe
2023-08-01,DD,0.0,combined_max_sharpe
2023-09-01,DD,1.1520096829034488e-18,combined_max_sharpe
2023-10-02,DD,0.0,combined_max_sharpe
2023-11-01,DD,0.0,combined_max_sharpe
2023-12-01,DD,1.0326723331291578e-17,combined_max_sharpe
2021-01-04,DIS,1.4850865543633412e-18,combined_max_sharpe
2021-02-01,DIS,0.0,combined_max_sharpe
2021-03-01,DIS,2.2317655578750673e-17,combined_max_sharpe
2021-04-01,DIS,4.1906618462417255e-17,combined_max_sharpe
2021-05-03,DIS,6.344834417011416e-16,combined_max_sharpe
2021-06-01,DIS,7.97143072837178e-18,combined_max_sharpe
2021-07-01,DIS,1.2730844886167645e-16,combined_max_sharpe
2021-08-02,DIS,8.892888077458853e-17,combined_max_sharpe
2021-09-01,DIS,0.0,combined_max_sharpe
2021-10-01,DIS,6.795969874855331e-17,combined_max_sharpe
2021-11-01,DIS,0.0,combined_max_sharpe
2021-12-01,DIS,0.0,combined_max_sharpe
2022-01-03,DIS,0.0,combined_max_sharpe
2022-02-01,DIS,1.4703469390895531e-16,combined_max_sharpe
2022-03-01,DIS,2.6811600054636833e-17,combined_max_sharpe
2022-04-01,DIS,3.7962627775000976e-18,combined_max_sharpe
2022-05-02,DIS,1.3628022412294851e-16,combined_max_sharpe
2022-06-01,DIS,0.0,combined_max_sharpe
2022-07-01,DIS,0.0,combined_max_sharpe
2022-08-01,DIS,3.398873638188294e-17,combined_max_sharpe
2022-09-01,DIS,1.9906144552091425e-18,combined_max_sharpe
2022-10-03,DIS,5.312343293674355e-17,combined_max_sharpe
2022-11-01,DIS,2.02535965851743e-16,combined_max_sharpe
2022-12-01,DIS,0.0,combined_max_sharpe
2023-01-03,DIS,1.2215855370756808e-17,combined_max_sharpe
2023-02-01,DIS,0.0,combined_max_sharpe
2023-03-01,DIS,2.9767085199876006e-16,combined_max_sharpe
2023-04-03,DIS,0.0,combined_max_sharpe
2023-05-01,DIS,3.6781811207888334e-17,combined_max_sharpe
2023-06-01,DIS,6.1286033898526095e-18,combined_max_sharpe
2023-07-03,DIS,1.0048054219100906e-16,combined_max_sharpe
2023-08-01,DIS,0.0,combined_max_sharpe
2023-09-01,DIS,5.456429988333221e-17,combined_max_sharpe
2023-10-02,DIS,0.0,combined_max_sharpe
2023-11-01,DIS,0.0,combined_max_sharpe
2023-12-01,DIS,4.393486579221457e-17,combined_max_sharpe
2021-01-04,DOW,0.0,combined_max_sharpe
2021-02-01,DOW,0.0,combined_max_sharpe
2021-03-01,DOW,6.839913448120104e-17,combined_max_sharpe
2021-04-01,DOW,0.0,combined_max_sharpe
2021-05-03,DOW,2.37262276051686e-16,combined_max_sharpe
2021-06-01,DOW,6.367134133455825e-18,combined_max_sharpe
2021-07-01,DOW,0.0,combined_max_sharpe
2021-08-02,DOW,0.0,combined_max_sharpe
2021-09-01,DOW,1.2468520196511024e-16,combined_max_sharpe
2021-10-01,DOW,1.1958445352164217e-16,combined_max_sharpe
2021-11-01,DOW,0.0,combined_max_sharpe
2021-12-01,DOW,0.0,combined_max_sharpe
2022-01-03,DOW,0.0,combined_max_sharpe
2022-02-01,DOW,3.861292725918408e-17,combined_max_sharpe
2022-03-01,DOW,0.0,combined_max_sharpe
2022-04-01,DOW,8.406415575251174e-17,combined_max_sharpe
2022-05-02,DOW,0.0,combined_max_sharpe
2022-06-01,DOW,0.0,combined_max_sharpe
2022-07-01,DOW,0.0,combined_max_sharpe
2022-08-01,DOW,0.0,combined_max_sharpe
2022-09-01,DOW,4.0347345135457095e-17,combined_max_sharpe
2022-10-03,DOW,1.6493020371167843e-16,combined_max_sharpe
2022-11-01,DOW,0.0,combined_max_sharpe
2022-12-01,DOW,0.0,combined_max_sharpe
2023-01-03,DOW,2.703376974096097e-17,combined_max_sharpe
2023-02-01,DOW,0.0,combined_max_sharpe
2023-03-01,DOW,1.357161669310405e-16,combined_max_sharpe
2023-04-03,DOW,0.0,combined_max_sharpe
2023-05-01,DOW,1.932591738283789e-16,combined_max_sharpe
2023-06-01,DOW,0.0,combined_max_sharpe
2023-07-03,DOW,0.0,combined_max_sharpe
2023-08-01,DOW,1.2347615149707976e-17,combined_max_sharpe
2023-09-01,DOW,3.122587939936222e-17,combined_max_sharpe
2023-10-02,DOW,7.156547361458114e-17,combined_max_sharpe
2023-11-01,DOW,0.0,combined_max_sharpe
2023-12-01,DOW,4.3612181403841814e-17,combined_max_sharpe
2021-01-04,DUK,0.0,combined_max_sharpe
2021-02-01,DUK,0.0,combined_max_sharpe
2021-03-01,DUK,1.7884326079337177e-17,combined_max_sharpe
2021-04-01,DUK,2.0044684914669158e-17,combined_max_sharpe
2021-05-03,DUK,0.0,combined_max_sharpe
2021-06-01,DUK,2.564630351924853e-17,combined_max_sharpe
2021-07-01,DUK,9.634463652586059e-18,combined_max_sharpe
2021-08-02,DUK,0.0068908073569609075,combined_max_sharpe
2021-09-01,DUK,0.04475289117558016,combined_max_sharpe
2021-10-01,DUK,0.0,combined_max_sharpe
2021-11-01,DUK,4.045897983637687e-18,combined_max_sharpe
2021-12-01,DUK,2.5201735011113535e-16,combined_max_sharpe
2022-01-03,DUK,2.2370876688264684e-16,combined_max_sharpe
2022-02-01,DUK,0.0,combined_max_sharpe
2022-03-01,DUK,7.82778287303604e-19,combined_max_sharpe
2022-04-01,DUK,0.0,combined_max_sharpe
2022-05-02,DUK,0.0,combined_max_sharpe
2022-06-01,DUK,0.0,combined_max_sharpe
2022-07-01,DUK,0.0,combined_max_sharpe
2022-08-01,DUK,0.0,combined_max_sharpe
2022-09-01,DUK,1.3270529254513386e-16,combined_max_sharpe
2022-10-03,DUK,4.820213072125713e-17,combined_max_sharpe
2022-11-01,DUK,5.701803433295534e-18,combined_max_sharpe
2022-12-01,DUK,1.6775607244005705e-16,combined_max_sharpe
2023-01-03,DUK,1.0016112743615101e-16,combined_max_sharpe
2023-02-01,DUK,3.9121816644204913e-17,combined_max_sharpe
2023-03-01,DUK,7.984936893408939e-18,combined_max_sharpe
2023-04-03,DUK,0.0,combined_max_sharpe
2023-05-01,DUK,2.5257749778556717e-16,combined_max_sharpe
2023-06-01,DUK,1.0199918049188334e-16,combined_max_sharpe
2023-07-03,DUK,0.0,combined_max_sharpe
2023-08-01,DUK,1.747724667828002e-17,combined_max_sharpe
2023-09-01,DUK,5.062212138133219e-18,combined_max_sharpe
2023-10-02,DUK,4.835217685616529e-17,combined_max_sharpe
2023-11-01,DUK,3.795891363756277e-17,combined_max_sharpe
2023-12-01,DUK,4.110957893547629e-17,combined_max_sharpe
2021-01-04,EA,6.393888671856664e-17,combined_max_sharpe
2021-02-01,EA,3.254029166231763e-17,combined_max_sharpe
2021-03-01,EA,0.0,combined_max_sharpe
2021-04-01,EA,0.0805728460511329,combined_max_sharpe
2021-05-03,EA,0.0,combined_max_sharpe
2021-06-01,EA,0.0,combined_max_sharpe
2021-07-01,EA,0.0,combined_max_sharpe
2021-08-02,EA,0.0,combined_max_sharpe
2021-09-01,EA,2.4076894995928596e-18,combined_max_sharpe
2021-10-01,EA,0.0,combined_max_sharpe
2021-11-01,EA,0.0016119768696962239,combined_max_sharpe
2021-12-01,EA,0.0,combined_max_sharpe
2022-01-03,EA,0.0,combined_max_sharpe
2022-02-01,EA,0.0,combined_max_sharpe
2022-03-01,EA,2.793274135108307e-17,combined_max_sharpe
2022-04-01,EA,2.732738529954434e-16,combined_max_sharpe
2022-05-02,EA,0.0,combined_max_sharpe
2022-06-01,EA,2.4300380315890673e-16,combined_max_sharpe
2022-07-01,EA,2.808396886190897e-17,combined_max_sharpe
2022-08-01,EA,6.168785431052524e-17,combined_max_sharpe
2022-09-01,EA,2.2386891008784082e-17,combined_max_sharpe
2022-10-03,EA,5.1352507633139325e-17,combined_max_sharpe
2022-11-01,EA,0.0,combined_max_sharpe
2022-12-01,EA,2.5422834136970845e-16,combined_max_sharpe
2023-01-03,EA,0.0,combined_max_sharpe
2023-02-01,EA,0.0,combined_max_sharpe
2023-03-01,EA,0.0,combined_max_sharpe
2023-04-03,EA,0.0,combined_max_sharpe
2023-05-01,EA,1.120353717621339e-16,combined_max_sharpe
2023-06-01,EA,1.6119661910959187e-16,combined_max_sharpe
2023-07-03,EA,4.0921252779013006e-17,combined_max_sharpe
2023-08-01,EA,0.0,combined_max_sharpe
2023-09-01,EA,0.0,combined_max_sharpe
2023-10-02,EA,1.2271961434921117e-17,combined_max_sharpe
2023-11-01,EA,3.204092707916216e-17,combined_max_sharpe
2023-12-01,EA,3.075099805846562e-17,combined_max_sharpe
2021-01-04,EOS-USD,7.642576994067509e-17,combined_max_sharpe
2021-02-01,EOS-USD,4.660952470997012e-16,combined_max_sharpe
2021-03-01,EOS-USD,0.0,combined_max_sharpe
2021-04-01,EOS-USD,0.0,combined_max_sharpe
2021-05-03,EOS-USD,0.0,combined_max_sharpe
2021-06-01,EOS-USD,2.7138320020669773e-17,combined_max_sharpe
2021-07-01,EOS-USD,0.0,combined_max_sharpe
2021-08-02,EOS-USD,2.839702779158378e-16,combined_max_sharpe
2021-09-01,EOS-USD,1.5613768898836382e-16,combined_max_sharpe
2021-10-01,EOS-USD,6.408852312418512e-19,combined_max_sharpe
2021-11-01,EOS-USD,3.242036948844355e-17,combined_max_sharpe
2021-12-01,EOS-USD,0.0,combined_max_sharpe
2022-01-03,EOS-USD,2.0559151534725354e-16,combined_max_sharpe
2022-02-01,EOS-USD,0.0,combined_max_sharpe
2022-03-01,EOS-USD,2.606968661696371e-16,combined_max_sharpe
2022-04-01,EOS-USD,2.2122881946055674e-17,combined_max_sharpe
2022-05-02,EOS-USD,5.575891363272598e-17,combined_max_sharpe
2022-06-01,EOS-USD,0.0,combined_max_sharpe
2022-07-01,EOS-USD,0.0,combined_max_sharpe
2022-08-01,EOS-USD,3.502825816117325e-16,combined_max_sharpe
2022-09-01,EOS-USD,7.300029769483044e-16,combined_max_sharpe
2022-10-03,EOS-USD,0.0,combined_max_sharpe
2022-11-01,EOS-USD,7.31980849814846e-16,combined_max_sharpe
2022-12-01,EOS-USD,0.0,combined_max_sharpe
2023-01-03,EOS-USD,7.391658412431562e-17,combined_max_sharpe
2023-02-01,EOS-USD,0.0,combined_max_sharpe
2023-03-01,EOS-USD,2.5863359693453895e-16,combined_max_sharpe
2023-04-03,EOS-USD,0.0,combined_max_sharpe
2023-05-01,EOS-USD,2.309047804976633e-16,combined_max_sharpe
2023-06-01,EOS-USD,0.0,combined_max_sharpe
2023-07-03,EOS-USD,0.0,combined_max_sharpe
2023-08-01,EOS-USD,0.0,combined_max_sharpe
2023-09-01,EOS-USD,0.0,combined_max_sharpe
2023-10-02,EOS-USD,0.0,combined_max_sharpe
2023-11-01,EOS-USD,0.0,combined_max_sharpe
2023-12-01,EOS-USD,0.0,combined_max_sharpe
2021-01-04,ETC-USD,2.6724580389769376e-16,combined_max_sharpe
2021-02-01,ETC-USD,4.2675133515265813e-16,combined_max_sharpe
2021-03-01,ETC-USD,4.5516590476551306e-17,combined_max_sharpe
2021-04-01,ETC-USD,0.0,combined_max_sharpe
2021-05-03,ETC-USD,0.0,combined_max_sharpe
2021-06-01,ETC-USD,0.031949100481087,combined_max_sharpe
2021-07-01,ETC-USD,0.02239890194440567,combined_max_sharpe
2021-08-02,ETC-USD,0.01455256768138054,combined_max_sharpe
2021-09-01,ETC-USD,0.012163265155696101,combined_max_sharpe
2021-10-01,ETC-USD,0.013638700292434571,combined_max_sharpe
2021-11-01,ETC-USD,0.003698020958258998,combined_max_sharpe
2021-12-01,ETC-USD,0.0028166501351334617,combined_max_sharpe
2022-01-03,ETC-USD,0.008295065757694692,combined_max_sharpe
2022-02-01,ETC-USD,0.017215791092718792,combined_max_sharpe
2022-03-01,ETC-USD,0.02158482697651476,combined_max_sharpe
2022-04-01,ETC-USD,0.018599784429549723,combined_max_sharpe
2022-05-02,ETC-USD,0.0,combined_max_sharpe
2022-06-01,ETC-USD,0.0,combined_max_sharpe
2022-07-01,ETC-USD,0.0,combined_max_sharpe
2022-08-01,ETC-USD,1.9047218341770442e-16,combined_max_sharpe
2022-09-01,ETC-USD,0.0,combined_max_sharpe
2022-10-03,ETC-USD,0.0,combined_max_sharpe
2022-11-01,ETC-USD,2.532047466488253e-16,combined_max_sharpe
2022-12-01,ETC-USD,0.0,combined_max_sharpe
2023-01-03,ETC-USD,0.0,combined_max_sharpe
2023-02-01,ETC-USD,9.092915472976729e-17,combined_max_sharpe
2023-03-01,ETC-USD,0.0,combined_max_sharpe
2023-04-03,ETC-USD,0.0,combined_max_sharpe
2023-05-01,ETC-USD,5.205325142287366e-16,combined_max_sharpe
2023-06-01,ETC-USD,0.0,combined_max_sharpe
2023-07-03,ETC-USD,5.296823009601301e-16,combined_max_sharpe
2023-08-01,ETC-USD,0.0,combined_max_sharpe
2023-09-01,ETC-USD,3.530429186979512e-16,combined_max_sharpe
2023-10-02,ETC-USD,0.0,combined_max_sharpe
2023-11-01,ETC-USD,1.0169642676650671e-16,combined_max_sharpe
2023-12-01,ETC-USD,1.0436674363046098e-16,combined_max_sharpe
2021-01-04,ETH-USD,2.174882582131252e-16,combined_max_sharpe
2021-02-01,ETH-USD,1.0583082261011535e-16,combined_max_sharpe
2021-03-01,ETH-USD,0.0,combined_max_sharpe
2021-04-01,ETH-USD,0.0,combined_max_sharpe
2021-05-03,ETH-USD,3.3336992743522855e-16,combined_max_sharpe
2021-06-01,ETH-USD,0.01151995646331993,combined_max_sharpe
2021-07-01,ETH-USD,0.0,combined_max_sharpe
2021-08-02,ETH-USD,0.0,combined_max_sharpe
2021-09-01,ETH-USD,0.0,combined_max_sharpe
2021-10-01,ETH-USD,0.0,combined_max_sharpe
2021-11-01,ETH-USD,0.0,combined_max_sharpe
2021-12-01,ETH-USD,3.437289675962234e-16,combined_max_sharpe
2022-01-03,ETH-USD,0.0,combined_max_sharpe
2022-02-01,ETH-USD,0.0,combined_max_sharpe
2022-03-01,ETH-USD,0.0,combined_max_sharpe
2022-04-01,ETH-USD,0.0,combined_max_sharpe
2022-05-02,ETH-USD,0.0,combined_max_sharpe
2022-06-01,ETH-USD,0.0,combined_max_sharpe
2022-07-01,ETH-USD,0.0,combined_max_sharpe
2022-08-01,ETH-USD,1.280629581409054e-16,combined_max_sharpe
2022-09-01,ETH-USD,4.1659025851449286e-16,combined_max_sharpe
2022-10-03,ETH-USD,4.037644388983967e-19,combined_max_sharpe
2022-11-01,ETH-USD,4.736182863710538e-16,combined_max_sharpe
2022-12-01,ETH-USD,0.0,combined_max_sharpe
2023-01-03,ETH-USD,1.2316236777700447e-16,combined_max_sharpe
2023-02-01,ETH-USD,0.0,combined_max_sharpe
2023-03-01,ETH-USD,6.705279435004408e-17,combined_max_sharpe
2023-04-03,ETH-USD,0.0,combined_max_sharpe
2023-05-01,ETH-USD,3.793489045779769e-16,combined_max_sharpe
2023-06-01,ETH-USD,0.0,combined_max_sharpe
2023-07-03,ETH-USD,2.150671592955708e-16,combined_max_sharpe
2023-08-01,ETH-USD,9.508579343750804e-17,combined_max_sharpe
2023-09-01,ETH-USD,1.5420468718708276e-16,combined_max_sharpe
2023-10-02,ETH-USD,1.868695483301657e-17,combined_max_sharpe
2023-11-01,ETH-USD,0.0,combined_max_sharpe
2023-12-01,ETH-USD,0.0,combined_max_sharpe
2021-01-04,GE,0.0,combined_max_sharpe
2021-02-01,GE,0.0,combined_max_sharpe
2021-03-01,GE,5.825325163075543e-18,combined_max_sharpe
2021-04-01,GE,0.0,combined_max_sharpe
2021-05-03,GE,5.748444468672176e-17,combined_max_sharpe
2021-06-01,GE,0.06858944674570554,combined_max_sharpe
2021-07-01,GE,0.09021207123013575,combined_max_sharpe
2021-08-02,GE,0.07797213141448868,combined_max_sharpe
2021-09-01,GE,0.07069704172430745,combined_max_sharpe
2021-10-01,GE,0.11166137996619041,combined_max_sharpe
2021-11-01,GE,6.147985969145366e-17,combined_max_sharpe
2021-12-01,GE,4.84263974518934e-17,combined_max_sharpe
2022-01-03,GE,0.0,combined_max_sharpe
2022-02-01,GE,0.0,combined_max_sharpe
2022-03-01,GE,0.0,combined_max_sharpe
2022-04-01,GE,1.456597481471433e-16,combined_max_sharpe
2022-05-02,GE,4.256882254979523e-17,combined_max_sharpe
2022-06-01,GE,0.0,combined_max_sharpe
2022-07-01,GE,0.0,combined_max_sharpe
2022-08-01,GE,9.501632578788731e-17,combined_max_sharpe
2022-09-01,GE,1.1541322418113193e-16,combined_max_sharpe
2022-10-03,GE,2.5466636669536967e-17,combined_max_sharpe
2022-11-01,GE,0.0,combined_max_sharpe
2022-12-01,GE,2.232744623591239e-17,combined_max_sharpe
2023-01-03,GE,0.0,combined_max_sharpe
2023-02-01,GE,7.407500019661312e-17,combined_max_sharpe
2023-03-01,GE,0.0,combined_max_sharpe
2023-04-03,GE,0.07008040990456857,combined_max_sharpe
2023-05-01,GE,0.2426980155844471,combined_max_sharpe
2023-06-01,GE,0.34385690841237837,combined_max_sharpe
2023-07-03,GE,0.4517665509928942,combined_max_sharpe
2023-08-01,GE,0.4363130503925395,combined_max_sharpe
2023-09-01,GE,0.3780932430456365,combined_max_sharpe
2023-10-02,GE,0.47034686323121677,combined_max_sharpe
2023-11-01,GE,0.496383217023959,combined_max_sharpe
2023-12-01,GE,0.4541464379348609,combined_max_sharpe
2021-01-04,GILD,0.0,combined_max_sharpe
2021-02-01,GILD,0.0,combined_max_sharpe
2021-03-01,GILD,0.0,combined_max_sharpe
2021-04-01,GILD,6.450119846283415e-17,combined_max_sharpe
2021-05-03,GILD,0.0,combined_max_sharpe
2021-06-01,GILD,4.897502216918072e-17,combined_max_sharpe
2021-07-01,GILD,4.715043945106094e-18,combined_max_sharpe
2021-08-02,GILD,0.0,combined_max_sharpe
2021-09-01,GILD,0.0,combined_max_sharpe
2021-10-01,GILD,9.09950656813628e-18,combined_max_sharpe
2021-11-01,GILD,0.0,combined_max_sharpe
2021-12-01,GILD,0.08499598009772052,combined_max_sharpe
2022-01-03,GILD,0.11243012037185603,combined_max_sharpe
2022-02-01,GILD,4.9844345972867383e-17,combined_max_sharpe
2022-03-01,GILD,0.0,combined_max_sharpe
2022-04-01,GILD,4.448041761670474e-17,combined_max_sharpe
2022-05-02,GILD,0.0,combined_max_sharpe
2022-06-01,GILD,4.978134113156836e-16,combined_max_sharpe
2022-07-01,GILD,1.075575073178139e-16,combined_max_sharpe
2022-08-01,GILD,1.190787663231623e-17,combined_max_sharpe
2022-09-01,GILD,0.0,combined_max_sharpe
2022-10-03,GILD,0.0,combined_max_sharpe
2022-11-01,GILD,0.051332855778612435,combined_max_sharpe
2022-12-01,GILD,8.734606450269348e-17,combined_max_sharpe
2023-01-03,GILD,0.0,combined_max_sharpe
2023-02-01,GILD,0.04450219096350443,combined_max_sharpe
2023-03-01,GILD,0.1815344792916429,combined_max_sharpe
2023-04-03,GILD,0.3661675801217905,combined_max_sharpe
2023-05-01,GILD,0.07900004282843903,combined_max_sharpe
2023-06-01,GILD,0.016426090530708076,combined_max_sharpe
2023-07-03,GILD,5.414425063998088e-16,combined_max_sharpe
2023-08-01,GILD,0.03347263846371731,combined_max_sharpe
2023-09-01,GILD,4.106250654852458e-16,combined_max_sharpe
2023-10-02,GILD,2.7550253543458672e-17,combined_max_sharpe
2023-11-01,GILD,6.451266164171164e-17,combined_max_sharpe
2023-12-01,GILD,0.0,combined_max_sharpe
2021-01-04,GS,1.4189282393031452e-17,combined_max_sharpe
2021-02-01,GS,4.125971039448733e-17,combined_max_sharpe
2021-03-01,GS,5.323531920209764e-17,combined_max_sharpe
2021-04-01,GS,0.02373473792704053,combined_max_sharpe
2021-05-03,GS,0.0,combined_max_sharpe
2021-06-01,GS,0.0,combined_max_sharpe
2021-07-01,GS,0.1510287973446252,combined_max_sharpe
2021-08-02,GS,0.09519668421117754,combined_max_sharpe
2021-09-01,GS,0.1826814408485792,combined_max_sharpe
2021-10-01,GS,1.9753591945086973e-16,combined_max_sharpe
2021-11-01,GS,0.1454077142440373,combined_max_sharpe
2021-12-01,GS,0.10865367789221102,combined_max_sharpe
2022-01-03,GS,0.0,combined_max_sharpe
2022-02-01,GS,4.852451940693729e-17,combined_max_sharpe
2022-03-01,GS,0.0,combined_max_sharpe
2022-04-01,GS,7.010393489963392e-17,combined_max_sharpe
2022-05-02,GS,1.4517232622793144e-16,combined_max_sharpe
2022-06-01,GS,0.0,combined_max_sharpe
2022-07-01,GS,0.0,combined_max_sharpe
2022-08-01,GS,0.0,combined_max_sharpe
2022-09-01,GS,0.0,combined_max_sharpe
2022-10-03,GS,1.6896975591221287e-17,combined_max_sharpe
2022-11-01,GS,1.1953984292711633e-16,combined_max_sharpe
2022-12-01,GS,3.312413847884125e-16,combined_max_sharpe
2023-01-03,GS,8.888196900167755e-17,combined_max_sharpe
2023-02-01,GS,0.0,combined_max_sharpe
2023-03-01,GS,0.0,combined_max_sharpe
2023-04-03,GS,0.0,combined_max_sharpe
2023-05-01,GS,3.5871516855234195e-16,combined_max_sharpe
2023-06-01,GS,0.0,combined_max_sharpe
2023-07-03,GS,0.0,combined_max_sharpe
2023-08-01,GS,0.0,combined_max_sharpe
2023-09-01,GS,0.0,combined_max_sharpe
2023-10-02,GS,0.0,combined_max_sharpe
2023-11-01,GS,0.0,combined_max_sharpe
2023-12-01,GS,4.703747990378199e-17,combined_max_sharpe
2021-01-04,INTC,2.526135614176009e-19,combined_max_sharpe
2021-02-01,INTC,6.714390092597053e-17,combined_max_sharpe
2021-03-01,INTC,9.456063858349793e-18,combined_max_sharpe
2021-04-01,INTC,6.267771524813741e-17,combined_max_sharpe
2021-05-03,INTC,0.0,combined_max_sharpe
2021-06-01,INTC,0.0,combined_max_sharpe
2021-07-01,INTC,0.0,combined_max_sharpe
2021-08-02,INTC,0.0,combined_max_sharpe
2021-09-01,INTC,1.9062556759733682e-17,combined_max_sharpe
2021-10-01,INTC,0.0,combined_max_sharpe
2021-11-01,INTC,5.995554504070424e-18,combined_max_sharpe
2021-12-01,INTC,0.0,combined_max_sharpe
2022-01-03,INTC,0.0,combined_max_sharpe
2022-02-01,INTC,0.0,combined_max_sharpe
2022-03-01,INTC,0.0,combined_max_sharpe
2022-04-01,INTC,0.0,combined_max_sharpe
2022-05-02,INTC,8.348925065889143e-17,combined_max_sharpe
2022-06-01,INTC,0.0,combined_max_sharpe
2022-07-01,INTC,0.0,combined_max_sharpe
2022-08-01,INTC,5.426650585302957e-17,combined_max_sharpe
2022-09-01,INTC,3.575915549531507e-17,combined_max_sharpe
2022-10-03,INTC,2.6159463443472966e-17,combined_max_sharpe
2022-11-01,INTC,2.872388614337107e-16,combined_max_sharpe
2022-12-01,INTC,0.0,combined_max_sharpe
2023-01-03,INTC,0.0,combined_max_sharpe
2023-02-01,INTC,1.1127247008167164e-16,combined_max_sharpe
2023-03-01,INTC,5.843532527918357e-17,combined_max_sharpe
2023-04-03,INTC,0.0,combined_max_sharpe
2023-05-01,INTC,4.000045182564699e-16,combined_max_sharpe
2023-06-01,INTC,3.639066210831618e-18,combined_max_sharpe
2023-07-03,INTC,6.509828191830243e-17,combined_max_sharpe
2023-08-01,INTC,4.113013307497816e-17,combined_max_sharpe
2023-09-01,INTC,0.0,combined_max_sharpe
2023-10-02,INTC,0.0,combined_max_sharpe
2023-11-01,INTC,3.541779270975222e-17,combined_max_sharpe
2023-12-01,INTC,0.041366668833462225,combined_max_sharpe
2021-01-04,KO,2.0856470240370277e-17,combined_max_sharpe
2021-02-01,KO,0.0,combined_max_sharpe
2021-03-01,KO,0.0,combined_max_sharpe
2021-04-01,KO,1.1500485328081167e-16,combined_max_sharpe
2021-05-03,KO,0.0,combined_max_sharpe
2021-06-01,KO,0.0,combined_max_sharpe
2021-07-01,KO,0.0,combined_max_sharpe
2021-08-02,KO,0.0,combined_max_sharpe
2021-09-01,KO,2.818031613015666e-17,combined_max_sharpe
2021-10-01,KO,0.0,combined_max_sharpe
2021-11-01,KO,1.3426765812452892e-17,combined_max_sharpe
2021-12-01,KO,0.0,combined_max_sharpe
2022-01-03,KO,0.0,combined_max_sharpe
2022-02-01,KO,0.0,combined_max_sharpe
2022-03-01,KO,0.040187786927876154,combined_max_sharpe
2022-04-01,KO,4.4979231236842406e-17,combined_max_sharpe
2022-05-02,KO,0.023780031877009545,combined_max_sharpe
2022-06-01,KO,2.1748903640065615e-15,combined_max_sharpe
2022-07-01,KO,0.048688065585095364,combined_max_sharpe
2022-08-01,KO,0.0,combined_max_sharpe
2022-09-01,KO,0.0,combined_max_sharpe
2022-10-03,KO,0.0,combined_max_sharpe
2022-11-01,KO,0.0,combined_max_sharpe
2022-12-01,KO,1.1981598102274175e-16,combined_max_sharpe
2023-01-03,KO,0.0,combined_max_sharpe
2023-02-01,KO,1.873280074078819e-16,combined_max_sharpe
2023-03-01,KO,0.0,combined_max_sharpe
2023-04-03,KO,0.0,combined_max_sharpe
2023-05-01,KO,3.746478122026931e-17,combined_max_sharpe
2023-06-01,KO,0.0,combined_max_sharpe
2023-07-03,KO,3.366381111549249e-17,combined_max_sharpe
2023-08-01,KO,0.0,combined_max_sharpe
2023-09-01,KO,1.0773815376660636e-16,combined_max_sharpe
2023-10-02,KO,0.0,combined_max_sharpe
2023-11-01,KO,3.5422162101209966e-17,combined_max_sharpe
2023-12-01,KO,0.0,combined_max_sharpe
2021-01-04,LTC-USD,1.196652103317196e-15,combined_max_sharpe
2021-02-01,LTC-USD,2.1420817769444457e-16,combined_max_sharpe
2021-03-01,LTC-USD,5.133539665482862e-17,combined_max_sharpe
2021-04-01,LTC-USD,0.0,combined_max_sharpe
2021-05-03,LTC-USD,0.0,combined_max_sharpe
2021-06-01,LTC-USD,0.0,combined_max_sharpe
2021-07-01,LTC-USD,9.782990912859607e-17,combined_max_sharpe
2021-08-02,LTC-USD,0.0,combined_max_sharpe
2021-09-01,LTC-USD,4.030905026596615e-17,combined_max_sharpe
2021-10-01,LTC-USD,0.0,combined_max_sharpe
2021-11-01,LTC-USD,0.0,combined_max_sharpe
2021-12-01,LTC-USD,2.188057576259734e-16,combined_max_sharpe
2022-01-03,LTC-USD,0.0,combined_max_sharpe
2022-02-01,LTC-USD,2.142794740369285e-16,combined_max_sharpe
2022-03-01,LTC-USD,0.0,combined_max_sharpe
2022-04-01,LTC-USD,2.7593093868194434e-16,combined_max_sharpe
2022-05-02,LTC-USD,4.71982478842301e-16,combined_max_sharpe
2022-06-01,LTC-USD,0.0,combined_max_sharpe
2022-07-01,LTC-USD,0.0,combined_max_sharpe
2022-08-01,LTC-USD,2.274666949516218e-16,combined_max_sharpe
2022-09-01,LTC-USD,2.888367490761767e-16,combined_max_sharpe
2022-10-03,LTC-USD,2.0459987716171966e-16,combined_max_sharpe
2022-11-01,LTC-USD,6.368097618251384e-16,combined_max_sharpe
2022-12-01,LTC-USD,0.0,combined_max_sharpe
2023-01-03,LTC-USD,1.2531348544886792e-16,combined_max_sharpe
2023-02-01,LTC-USD,0.0,combined_max_sharpe
2023-03-01,LTC-USD,1.3178256010422546e-16,combined_max_sharpe
2023-04-03,LTC-USD,0.0,combined_max_sharpe
2023-05-01,LTC-USD,1.228511281820667e-16,combined_max_sharpe
2023-06-01,LTC-USD,0.0,combined_max_sharpe
2023-07-03,LTC-USD,6.798849594308407e-16,combined_max_sharpe
2023-08-01,LTC-USD,4.945367053448381e-16,combined_max_sharpe
2023-09-01,LTC-USD,0.0,combined_max_sharpe
2023-10-02,LTC-USD,0.0,combined_max_sharpe
2023-11-01,LTC-USD,1.034561747102493e-17,combined_max_sharpe
2023-12-01,LTC-USD,5.1207237517354474e-17,combined_max_sharpe
2021-01-04,MMM,0.0,combined_max_sharpe
2021-02-01,MMM,0.0,combined_max_sharpe
2021-03-01,MMM,0.0,combined_max_sharpe
2021-04-01,MMM,1.7440918319095948e-17,combined_max_sharpe
2021-05-03,MMM,1.581377791273898e-16,combined_max_sharpe
2021-06-01,MMM,0.0,combined_max_sharpe
2021-07-01,MMM,0.0,combined_max_sharpe
2021-08-02,MMM,1.0879096499752272e-17,combined_max_sharpe
2021-09-01,MMM,0.0,combined_max_sharpe
2021-10-01,MMM,0.0,combined_max_sharpe
2021-11-01,MMM,0.0,combined_max_sharpe
2021-12-01,MMM,2.3568033066654704e-17,combined_max_sharpe
2022-01-03,MMM,1.648007178765065e-17,combined_max_sharpe
2022-02-01,MMM,1.9129907703025767e-17,combined_max_sharpe
2022-03-01,MMM,0.0,combined_max_sharpe
2022-04-01,MMM,0.0,combined_max_sharpe
2022-05-02,MMM,0.0,combined_max_sharpe
2022-06-01,MMM,0.0,combined_max_sharpe
2022-07-01,MMM,0.0,combined_max_sharpe
2022-08-01,MMM,8.598892594140751e-17,combined_max_sharpe
2022-09-01,MMM,7.379881299566649e-17,combined_max_sharpe
2022-10-03,MMM,0.0,combined_max_sharpe
2022-11-01,MMM,2.3549150427658122e-17,combined_max_sharpe
2022-12-01,MMM,1.8408542984431446e-16,combined_max_sharpe
2023-01-03,MMM,1.4210194453439878e-17,combined_max_sharpe
2023-02-01,MMM,3.770821586663707e-17,combined_max_sharpe
2023-03-01,MMM,1.6301651960283316e-16,combined_max_sharpe
2023-04-03,MMM,0.0,combined_max_sharpe
2023-05-01,MMM,1.7750813548066527e-16,combined_max_sharpe
2023-06-01,MMM,7.137046911916784e-17,combined_max_sharpe
2023-07-03,MMM,8.464780234093168e-17,combined_max_sharpe
2023-08-01,MMM,0.0,combined_max_sharpe
2023-09-01,MMM,0.0,combined_max_sharpe
2023-10-02,MMM,0.0,combined_max_sharpe
2023-11-01,MMM,9.571386316314421e-17,combined_max_sharpe
2023-12-01,MMM,1.969045460148544e-17,combined_max_sharpe
2021-01-04,MRK,0.0,combined_max_sharpe
2021-02-01,MRK,0.0,combined_max_sharpe
2021-03-01,MRK,0.0,combined_max_sharpe
2021-04-01,MRK,1.233963039040259e-17,combined_max_sharpe
2021-05-03,MRK,0.0,combined_max_sharpe
2021-06-01,MRK,0.0,combined_max_sharpe
2021-07-01,MRK,0.0,combined_max_sharpe
2021-08-02,MRK,0.0,combined_max_sharpe
2021-09-01,MRK,1.640570880877693e-18,combined_max_sharpe
2021-10-01,MRK,0.0,combined_max_sharpe
2021-11-01,MRK,0.018000026001231417,combined_max_sharpe
2021-12-01,MRK,0.0,combined_max_sharpe
2022-01-03,MRK,0.0,combined_max_sharpe
2022-02-01,MRK,8.762982149533343e-17,combined_max_sharpe
2022-03-01,MRK,7.856356085392354e-18,combined_max_sharpe
2022-04-01,MRK,8.373131613898079e-17,combined_max_sharpe
2022-05-02,MRK,0.07984501038682362,combined_max_sharpe
2022-06-01,MRK,0.134126676688775,combined_max_sharpe
2022-07-01,MRK,0.033125622631323966,combined_max_sharpe
2022-08-01,MRK,0.05704690982120783,combined_max_sharpe
2022-09-01,MRK,0.03419192159921028,combined_max_sharpe
2022-10-03,MRK,0.05157254583650077,combined_max_sharpe
2022-11-01,MRK,3.0653362582512982e-15,combined_max_sharpe
2022-12-01,MRK,0.38785057567122,combined_max_sharpe
2023-01-03,MRK,0.6416800143623799,combined_max_sharpe
2023-02-01,MRK,0.49634306151209406,combined_max_sharpe
2023-03-01,MRK,0.6024576718364278,combined_max_sharpe
2023-04-03,MRK,0.40280110602473296,combined_max_sharpe
2023-05-01,MRK,0.4719104743116902,combined_max_sharpe
2023-06-01,MRK,0.3849691442560469,combined_max_sharpe
2023-07-03,MRK,0.3147185535019434,combined_max_sharpe
2023-08-01,MRK,0.25382710867192826,combined_max_sharpe
2023-09-01,MRK,0.332142546956789,combined_max_sharpe
2023-10-02,MRK,0.1621360563593577,combined_max_sharpe
2023-11-01,MRK,0.07848604294974772,combined_max_sharpe
2023-12-01,MRK,0.0,combined_max_sharpe
2021-01-04,MS,0.0,combined_max_sharpe
2021-02-01,MS,4.677301175054147e-17,combined_max_sharpe
2021-03-01,MS,0.0,combined_max_sharpe
2021-04-01,MS,0.12503653220186906,combined_max_sharpe
2021-05-03,MS,0.12049564547875895,combined_max_sharpe
2021-06-01,MS,0.13505069485069937,combined_max_sharpe
2021-07-01,MS,0.018870900121496226,combined_max_sharpe
2021-08-02,MS,0.0512282263053001,combined_max_sharpe
2021-09-01,MS,0.0,combined_max_sharpe
2021-10-01,MS,0.17902359927786668,combined_max_sharpe
2021-11-01,MS,0.009778856522308246,combined_max_sharpe
2021-12-01,MS,0.0,combined_max_sharpe
2022-01-03,MS,1.849714401239929e-17,combined_max_sharpe
2022-02-01,MS,0.0006888995797388546,combined_max_sharpe
2022-03-01,MS,3.245627059960784e-17,combined_max_sharpe
2022-04-01,MS,9.022223219661791e-17,combined_max_sharpe
2022-05-02,MS,1.3286529528415607e-16,combined_max_sharpe
2022-06-01,MS,6.19518871116976e-17,combined_max_sharpe
2022-07-01,MS,0.0,combined_max_sharpe
2022-08-01,MS,0.0,combined_max_sharpe
2022-09-01,MS,0.0,combined_max_sharpe
2022-10-03,MS,7.264848502657734e-17,combined_max_sharpe
2022-11-01,MS,5.3705787220660836e-17,combined_max_sharpe
2022-12-01,MS,0.0,combined_max_sharpe
2023-01-03,MS,0.0,combined_max_sharpe
2023-02-01,MS,0.0,combined_max_sharpe
2023-03-01,MS,0.0,combined_max_sharpe
2023-04-03,MS,0.0,combined_max_sharpe
2023-05-01,MS,2.6468197764621067e-16,combined_max_sharpe
2023-06-01,MS,1.2007825171807911e-16,combined_max_sharpe
2023-07-03,MS,7.725151064550713e-17,combined_max_sharpe
2023-08-01,MS,4.565667714510514e-17,combined_max_sharpe
2023-09-01,MS,0.0,combined_max_sharpe
2023-10-02,MS,0.0,combined_max_sharpe
2023-11-01,MS,0.0,combined_max_sharpe
2023-12-01,MS,5.764252188765766e-17,combined_max_sharpe
2021-01-04,NEE,5.932248300949373e-18,combined_max_sharpe
2021-02-01,NEE,0.0,combined_max_sharpe
2021-03-01,NEE,0.0,combined_max_sharpe
2021-04-01,NEE,0.0,combined_max_sharpe
2021-05-03,NEE,0.0,combined_max_sharpe
2021-06-01,NEE,0.0,combined_max_sharpe
2021-07-01,NEE,0.0,combined_max_sharpe
2021-08-02,NEE,0.0,combined_max_sharpe
2021-09-01,NEE,0.0,combined_max_sharpe
2021-10-01,NEE,0.0,combined_max_sharpe
2021-11-01,NEE,0.0,combined_max_sharpe
2021-12-01,NEE,5.2824123270067217e-17,combined_max_sharpe
2022-01-03,NEE,0.0,combined_max_sharpe
2022-02-01,NEE,0.0,combined_max_sharpe
2022-03-01,NEE,0.0,combined_max_sharpe
2022-04-01,NEE,0.0018478159735224287,combined_max_sharpe
2022-05-02,NEE,0.0,combined_max_sharpe
2022-06-01,NEE,4.994815803205854e-16,combined_max_sharpe
2022-07-01,NEE,0.0,combined_max_sharpe
2022-08-01,NEE,0.0,combined_max_sharpe
2022-09-01,NEE,0.0,combined_max_sharpe
2022-10-03,NEE,4.1672024005536527e-17,combined_max_sharpe
2022-11-01,NEE,0.0,combined_max_sharpe
2022-12-01,NEE,9.733531626891701e-17,combined_max_sharpe
2023-01-03,NEE,0.0,combined_max_sharpe
2023-02-01,NEE,1.5355546941774396e-16,combined_max_sharpe
2023-03-01,NEE,9.022704796004449e-17,combined_max_sharpe
2023-04-03,NEE,0.0,combined_max_sharpe
2023-05-01,NEE,4.142280797888894e-16,combined_max_sharpe
2023-06-01,NEE,0.0,combined_max_sharpe
2023-07-03,NEE,0.0,combined_max_sharpe
2023-08-01,NEE,0.0,combined_max_sharpe
2023-09-01,NEE,0.0,combined_max_sharpe
2023-10-02,NEE,0.0,combined_max_sharpe
2023-11-01,NEE,1.246048914631324e-17,combined_max_sharpe
2023-12-01,NEE,4.8489098416957904e-17,combined_max_sharpe
2021-01-04,NEM,0.07197391069278963,combined_max_sharpe
2021-02-01,NEM,0.03786247228779679,combined_max_sharpe
2021-03-01,NEM,0.0,combined_max_sharpe
2021-04-01,NEM,2.884769704481346e-17,combined_max_sharpe
2021-05-03,NEM,0.0,combined_max_sharpe
2021-06-01,NEM,1.4125667298732283e-17,combined_max_sharpe
2021-07-01,NEM,0.0,combined_max_sharpe
2021-08-02,NEM,0.0,combined_max_sharpe
2021-09-01,NEM,9.995673416399482e-17,combined_max_sharpe
2021-10-01,NEM,0.0,combined_max_sharpe
2021-11-01,NEM,6.328456755916519e-18,combined_max_sharpe
2021-12-01,NEM,0.0,combined_max_sharpe
2022-01-03,NEM,5.551410272936704e-17,combined_max_sharpe
2022-02-01,NEM,1.229724580045271e-16,combined_max_sharpe
2022-03-01,NEM,0.013594987225441654,combined_max_sharpe
2022-04-01,NEM,0.04943782510600335,combined_max_sharpe
2022-05-02,NEM,0.0,combined_max_sharpe
2022-06-01,NEM,0.0,combined_max_sharpe
2022-07-01,NEM,0.0,combined_max_sharpe
2022-08-01,NEM,0.0,combined_max_sharpe
2022-09-01,NEM,4.2023001667352907e-17,combined_max_sharpe
2022-10-03,NEM,0.0,combined_max_sharpe
2022-11-01,NEM,0.0,combined_max_sharpe
2022-12-01,NEM,0.0,combined_max_sharpe
2023-01-03,NEM,1.1848540441961282e-17,combined_max_sharpe
2023-02-01,NEM,0.0,combined_max_sharpe
2023-03-01,NEM,1.8168239773548545e-16,combined_max_sharpe
2023-04-03,NEM,0.0,combined_max_sharpe
2023-05-01,NEM,2.6005806354821094e-16,combined_max_sharpe
2023-06-01,NEM,5.736374542493588e-17,combined_max_sharpe
2023-07-03,NEM,0.0,combined_max_sharpe
2023-08-01,NEM,0.0,combined_max_sharpe
2023-09-01,NEM,9.119923527256087e-17,combined_max_sharpe
2023-10-02,NEM,4.5595443451764286e-17,combined_max_sharpe
2023-11-01,NEM,0.0,combined_max_sharpe
2023-12-01,NEM,0.0,combined_max_sharpe
2021-01-04,NKE,0.0,combined_max_sharpe
2021-02-01,NKE,0.0,combined_max_sharpe
2021-03-01,NKE,0.0,combined_max_sharpe
2021-04-01,NKE,1.3776537477274472e-18,combined_max_sharpe
2021-05-03,NKE,7.719812443513072e-16,combined_max_sharpe
2021-06-01,NKE,5.104806345022816e-17,combined_max_sharpe
2021-07-01,NKE,0.06360029487989226,combined_max_sharpe
2021-08-02,NKE,0.12964098956219602,combined_max_sharpe
2021-09-01,NKE,0.06647691490454197,combined_max_sharpe
2021-10-01,NKE,3.8098481917892557e-17,combined_max_sharpe
2021-11-01,NKE,0.0,combined_max_sharpe
2021-12-01,NKE,0.0,combined_max_sharpe
2022-01-03,NKE,9.867464721189186e-17,combined_max_sharpe
2022-02-01,NKE,0.0,combined_max_sharpe
2022-03-01,NKE,0.0,combined_max_sharpe
2022-04-01,NKE,4.781265973017037e-17,combined_max_sharpe
2022-05-02,NKE,0.0,combined_max_sharpe
2022-06-01,NKE,1.6687325401529083e-16,combined_max_sharpe
2022-07-01,NKE,0.0,combined_max_sharpe
2022-08-01,NKE,6.833964063050939e-17,combined_max_sharpe
2022-09-01,NKE,0.0,combined_max_sharpe
2022-10-03,NKE,1.4056946564144925e-17,combined_max_sharpe
2022-11-01,NKE,3.1264114881567053e-16,combined_max_sharpe
2022-12-01,NKE,6.97734415357225e-17,combined_max_sharpe
2023-01-03,NKE,2.990764848364402e-17,combined_max_sharpe
2023-02-01,NKE,1.6611483903344543e-17,combined_max_sharpe
2023-03-01,NKE,1.9762648539479033e-16,combined_max_sharpe
2023-04-03,NKE,0.0,combined_max_sharpe
2023-05-01,NKE,2.5669059641369606e-16,combined_max_sharpe
2023-06-01,NKE,7.096389330448577e-17,combined_max_sharpe
2023-07-03,NKE,1.2367569241862082e-16,combined_max_sharpe
2023-08-01,NKE,0.0,combined_max_sharpe
2023-09-01,NKE,0.0,combined_max_sharpe
2023-10-02,NKE,4.4338446558038904e-17,combined_max_sharpe
2023-11-01,NKE,2.3803276937001255e-17,combined_max_sharpe
2023-12-01,NKE,4.1854709037941917e-17,combined_max_sharpe
2021-01-04,NUE,2.7078384822901795e-17,combined_max_sharpe
2021-02-01,NUE,0.0,combined_max_sharpe
2021-03-01,NUE,0.0,combined_max_sharpe
2021-04-01,NUE,0.029103110664709164,combined_max_sharpe
2021-05-03,NUE,4.4160089159981815e-16,combined_max_sharpe
2021-06-01,NUE,0.026226226413077848,combined_max_sharpe
2021-07-01,NUE,0.06769864107740385,combined_max_sharpe
2021-08-02,NUE,0.09487752744356925,combined_max_sharpe
2021-09-01,NUE,0.08126341177205842,combined_max_sharpe
2021-10-01,NUE,0.016191026108369512,combined_max_sharpe
2021-11-01,NUE,2.6388377133112775e-17,combined_max_sharpe
2021-12-01,NUE,0.038993922135949655,combined_max_sharpe
2022-01-03,NUE,0.09734200909642463,combined_max_sharpe
2022-02-01,NUE,0.06756081569929619,combined_max_sharpe
2022-03-01,NUE,0.09321913494927064,combined_max_sharpe
2022-04-01,NUE,0.03143283270519043,combined_max_sharpe
2022-05-02,NUE,0.10447643818004942,combined_max_sharpe
2022-06-01,NUE,0.0,combined_max_sharpe
2022-07-01,NUE,0.0,combined_max_sharpe
2022-08-01,NUE,0.022865277668219795,combined_max_sharpe
2022-09-01,NUE,7.954986860849371e-15,combined_max_sharpe
2022-10-03,NUE,0.0,combined_max_sharpe
2022-11-01,NUE,8.508542588414066e-15,combined_max_sharpe
2022-12-01,NUE,0.0,combined_max_sharpe
2023-01-03,NUE,4.837472177688274e-16,combined_max_sharpe
2023-02-01,NUE,0.11345722931426774,combined_max_sharpe
2023-03-01,NUE,0.023263121937347836,combined_max_sharpe
2023-04-03,NUE,0.0,combined_max_sharpe
2023-05-01,NUE,3.118850104656777e-16,combined_max_sharpe
2023-06-01,NUE,8.473738871274735e-17,combined_max_sharpe
2023-07-03,NUE,0.0,combined_max_sharpe
2023-08-01,NUE,0.0,combined_max_sharpe
2023-09-01,NUE,0.0,combined_max_sharpe
2023-10-02,NUE,2.937984470952796e-17,combined_max_sharpe
2023-11-01,NUE,0.0,combined_max_sharpe
2023-12-01,NUE,8.37602545789969e-18,combined_max_sharpe
2021-01-04,NVDA,0.08836560569962526,combined_max_sharpe
2021-02-01,NVDA,0.24534979839774484,combined_max_sharpe
2021-03-01,NVDA,3.2474625117985753e-16,combined_max_sharpe
2021-04-01,NVDA,0.0,combined_max_sharpe
2021-05-03,NVDA,0.026571174804696587,combined_max_sharpe
2021-06-01,NVDA,0.01841396509401212,combined_max_sharpe
2021-07-01,NVDA,0.07315412746629016,combined_max_sharpe
2021-08-02,NVDA,0.07352517746471907,combined_max_sharpe
2021-09-01,NVDA,0.05900295513665546,combined_max_sharpe
2021-10-01,NVDA,0.08604660703227016,combined_max_sharpe
2021-11-01,NVDA,0.07319242693610667,combined_max_sharpe
2021-12-01,NVDA,0.14554926317301914,combined_max_sharpe
2022-01-03,NVDA,0.08616719674656345,combined_max_sharpe
2022-02-01,NVDA,0.05648904006740439,combined_max_sharpe
2022-03-01,NVDA,0.05080684793243176,combined_max_sharpe
2022-04-01,NVDA,0.05923269816301611,combined_max_sharpe
2022-05-02,NVDA,2.37717565002631e-16,combined_max_sharpe
2022-06-01,NVDA,0.0,combined_max_sharpe
2022-07-01,NVDA,3.024639154077001e-16,combined_max_sharpe
2022-08-01,NVDA,7.419419942378172e-17,combined_max_sharpe
2022-09-01,NVDA,5.1129211188016664e-17,combined_max_sharpe
2022-10-03,NVDA,5.757164137937122e-17,combined_max_sharpe
2022-11-01,NVDA,3.1693676288753124e-16,combined_max_sharpe
2022-12-01,NVDA,0.0,combined_max_sharpe
2023-01-03,NVDA,0.0,combined_max_sharpe
2023-02-01,NVDA,0.0,combined_max_sharpe
2023-03-01,NVDA,0.0,combined_max_sharpe
2023-04-03,NVDA,0.0,combined_max_sharpe
2023-05-01,NVDA,5.548775369745212e-16,combined_max_sharpe
2023-06-01,NVDA,0.11075050989001592,combined_max_sharpe
2023-07-03,NVDA,0.09649352373757736,combined_max_sharpe
2023-08-01,NVDA,0.11914472479662536,combined_max_sharpe
2023-09-01,NVDA,0.1767514887058275,combined_max_sharpe
2023-10-02,NVDA,0.16189963064528817,combined_max_sharpe
2023-11-01,NVDA,0.22832886291517568,combined_max_sharpe
2023-12-01,NVDA,0.1873600611460414,combined_max_sharpe
2021-01-04,O,0.0,combined_max_sharpe
2021-02-01,O,2.171194862089449e-17,combined_max_sharpe
2021-03-01,O,0.0,combined_max_sharpe
2021-04-01,O,0.0,combined_max_sharpe
2021-05-03,O,0.0,combined_max_sharpe
2021-06-01,O,0.0,combined_max_sharpe
2021-07-01,O,0.0,combined_max_sharpe
2021-08-02,O,1.6023055194695057e-16,combined_max_sharpe
2021-09-01,O,3.927357853284324e-17,combined_max_sharpe
2021-10-01,O,0.0,combined_max_sharpe
2021-11-01,O,0.0,combined_max_sharpe
2021-12-01,O,5.899597781991614e-17,combined_max_sharpe
2022-01-03,O,0.0,combined_max_sharpe
2022-02-01,O,1.3460346779384056e-17,combined_max_sharpe
2022-03-01,O,0.0,combined_max_sharpe
2022-04-01,O,6.082041432971795e-18,combined_max_sharpe
2022-05-02,O,0.0,combined_max_sharpe
2022-06-01,O,3.354035766332004e-16,combined_max_sharpe
2022-07-01,O,7.799841909573497e-18,combined_max_sharpe
2022-08-01,O,2.761599636526223e-16,combined_max_sharpe
2022-09-01,O,0.0,combined_max_sharpe
2022-10-03,O,0.0,combined_max_sharpe
2022-11-01,O,0.0,combined_max_sharpe
2022-12-01,O,1.347216466656044e-16,combined_max_sharpe
2023-01-03,O,0.0,combined_max_sharpe
2023-02-01,O,0.0,combined_max_sharpe
2023-03-01,O,4.3819406582378714e-17,combined_max_sharpe
2023-04-03,O,0.0,combined_max_sharpe
2023-05-01,O,0.0,combined_max_sharpe
2023-06-01,O,0.0,combined_max_sharpe
2023-07-03,O,4.4288376470158775e-17,combined_max_sharpe
2023-08-01,O,0.0,combined_max_sharpe
2023-09-01,O,0.0,combined_max_sharpe
2023-10-02,O,0.0,combined_max_sharpe
2023-11-01,O,1.279621801415309e-17,combined_max_sharpe
2023-12-01,O,0.0,combined_max_sharpe
2021-01-04,OXY,0.0,combined_max_sharpe
2021-02-01,OXY,7.053144984247305e-17,combined_max_sharpe
2021-03-01,OXY,0.0,combined_max_sharpe
2021-04-01,OXY,8.911902429360417e-18,combined_max_sharpe
2021-05-03,OXY,0.0,combined_max_sharpe
2021-06-01,OXY,0.0,combined_max_sharpe
2021-07-01,OXY,3.682460209123869e-17,combined_max_sharpe
2021-08-02,OXY,1.227164657488503e-16,combined_max_sharpe
2021-09-01,OXY,0.007099237452166065,combined_max_sharpe
2021-10-01,OXY,0.05364568682883053,combined_max_sharpe
2021-11-01,OXY,0.06035711726171267,combined_max_sharpe
2021-12-01,OXY,1.1494165989254075e-17,combined_max_sharpe
2022-01-03,OXY,0.0,combined_max_sharpe
2022-02-01,OXY,0.0,combined_max_sharpe
2022-03-01,OXY,6.971891993636097e-16,combined_max_sharpe
2022-04-01,OXY,0.009732651048264165,combined_max_sharpe
2022-05-02,OXY,0.013193363320052203,combined_max_sharpe
2022-06-01,OXY,0.0673146386545568,combined_max_sharpe
2022-07-01,OXY,0.10979278093703902,combined_max_sharpe
2022-08-01,OXY,0.1687293962705445,combined_max_sharpe
2022-09-01,OXY,0.22888726639455595,combined_max_sharpe
2022-10-03,OXY,0.21390863154554607,combined_max_sharpe
2022-11-01,OXY,0.10408676250532141,combined_max_sharpe
2022-12-01,OXY,0.0825020364573701,combined_max_sharpe
2023-01-03,OXY,0.08583491705672681,combined_max_sharpe
2023-02-01,OXY,0.06702249686671975,combined_max_sharpe
2023-03-01,OXY,0.043868534743084595,combined_max_sharpe
2023-04-03,OXY,0.0,combined_max_sharpe
2023-05-01,OXY,4.0440896714160855e-16,combined_max_sharpe
2023-06-01,OXY,0.0,combined_max_sharpe
2023-07-03,OXY,0.0,combined_max_sharpe
2023-08-01,OXY,0.0,combined_max_sharpe
2023-09-01,OXY,0.0,combined_max_sharpe
2023-10-02,OXY,0.0,combined_max_sharpe
2023-11-01,OXY,0.0,combined_max_sharpe
2023-12-01,OXY,3.636157562086827e-17,combined_max_sharpe
2021-01-04,PLD,0.0,combined_max_sharpe
2021-02-01,PLD,0.0,combined_max_sharpe
2021-03-01,PLD,4.417455017525378e-17,combined_max_sharpe
2021-04-01,PLD,8.855624654760846e-17,combined_max_sharpe
2021-05-03,PLD,0.0,combined_max_sharpe
2021-06-01,PLD,0.0,combined_max_sharpe
2021-07-01,PLD,0.0,combined_max_sharpe
2021-08-02,PLD,0.0,combined_max_sharpe
2021-09-01,PLD,1.1311956478952864e-16,combined_max_sharpe
2021-10-01,PLD,2.3339531777137817e-16,combined_max_sharpe
2021-11-01,PLD,0.041795973601558734,combined_max_sharpe
2021-12-01,PLD,0.03523196477597269,combined_max_sharpe
2022-01-03,PLD,0.09910912868143591,combined_max_sharpe
2022-02-01,PLD,0.06850633829230086,combined_max_sharpe
2022-03-01,PLD,0.0,combined_max_sharpe
2022-04-01,PLD,0.02271582723168086,combined_max_sharpe
2022-05-02,PLD,0.22363572720452365,combined_max_sharpe
2022-06-01,PLD,3.0710208877301124e-16,combined_max_sharpe
2022-07-01,PLD,3.0523819338217826e-16,combined_max_sharpe
2022-08-01,PLD,2.3738646724082788e-17,combined_max_sharpe
2022-09-01,PLD,0.0,combined_max_sharpe
2022-10-03,PLD,0.0,combined_max_sharpe
2022-11-01,PLD,0.0,combined_max_sharpe
2022-12-01,PLD,0.0,combined_max_sharpe
2023-01-03,PLD,0.0,combined_max_sharpe
2023-02-01,PLD,1.7379366745019778e-17,combined_max_sharpe
2023-03-01,PLD,1.5712899648401e-16,combined_max_sharpe
2023-04-03,PLD,0.0,combined_max_sharpe
2023-05-01,PLD,2.644460542440943e-16,combined_max_sharpe
2023-06-01,PLD,0.0,combined_max_sharpe
2023-07-03,PLD,0.0,combined_max_sharpe
2023-08-01,PLD,7.929491296829545e-18,combined_max_sharpe
2023-09-01,PLD,0.0,combined_max_sharpe
2023-10-02,PLD,0.0,combined_max_sharpe
2023-11-01,PLD,0.0,combined_max_sharpe
2023-12-01,PLD,1.2917431176747923e-17,combined_max_sharpe
2021-01-04,PSA,0.0,combined_max_sharpe
2021-02-01,PSA,0.0,combined_max_sharpe
2021-03-01,PSA,4.666041459786833e-17,combined_max_sharpe
2021-04-01,PSA,0.013018225496253045,combined_max_sharpe
2021-05-03,PSA,0.1609097202620472,combined_max_sharpe
2021-06-01,PSA,0.2064559481783526,combined_max_sharpe
2021-07-01,PSA,0.34447587272886115,combined_max_sharpe
2021-08-02,PSA,0.3890474648177383,combined_max_sharpe
2021-09-01,PSA,0.4080992583301835,combined_max_sharpe
2021-10-01,PSA,0.46173048689842305,combined_max_sharpe
2021-11-01,PSA,0.3626601533885288,combined_max_sharpe
2021-12-01,PSA,0.391856985774075,combined_max_sharpe
2022-01-03,PSA,0.38529485632849136,combined_max_sharpe
2022-02-01,PSA,0.4149670219109422,combined_max_sharpe
2022-03-01,PSA,0.41168058075348346,combined_max_sharpe
2022-04-01,PSA,0.3299912894229765,combined_max_sharpe
2022-05-02,PSA,0.09870788523440865,combined_max_sharpe
2022-06-01,PSA,1.778392063655329e-15,combined_max_sharpe
2022-07-01,PSA,4.3193827456604726e-16,combined_max_sharpe
2022-08-01,PSA,0.0,combined_max_sharpe
2022-09-01,PSA,0.0,combined_max_sharpe
2022-10-03,PSA,0.0,combined_max_sharpe
2022-11-01,PSA,2.423818968473107e-17,combined_max_sharpe
2022-12-01,PSA,9.107807852411486e-18,combined_max_sharpe
2023-01-03,PSA,0.0,combined_max_sharpe
2023-02-01,PSA,5.0077945421810895e-17,combined_max_sharpe
2023-03-01,PSA,9.285126029074555e-17,combined_max_sharpe
2023-04-03,PSA,0.0,combined_max_sharpe
2023-05-01,PSA,1.1916947969633023e-16,combined_max_sharpe
2023-06-01,PSA,1.1414088980719444e-17,combined_max_sharpe
2023-07-03,PSA,1.4190563446537412e-17,combined_max_sharpe
2023-08-01,PSA,8.932378306378637e-18,combined_max_sharpe
2023-09-01,PSA,8.823860828786511e-17,combined_max_sharpe
2023-10-02,PSA,1.3237350749848698e-18,combined_max_sharpe
2023-11-01,PSA,0.0,combined_max_sharpe
2023-12-01,PSA,1.2705606158653808e-17,combined_max_sharpe
2021-01-04,QCOM,0.0,combined_max_sharpe
2021-02-01,QCOM,0.0,combined_max_sharpe
2021-03-01,QCOM,2.3507465572234686e-17,combined_max_sharpe
2021-04-01,QCOM,0.0,combined_max_sharpe
2021-05-03,QCOM,7.231468493359292e-16,combined_max_sharpe
2021-06-01,QCOM,5.021529940608235e-19,combined_max_sharpe
2021-07-01,QCOM,2.3579243736133378e-17,combined_max_sharpe
2021-08-02,QCOM,2.6934448008817726e-18,combined_max_sharpe
2021-09-01,QCOM,9.481291158529863e-17,combined_max_sharpe
2021-10-01,QCOM,2.2081241570667272e-17,combined_max_sharpe
2021-11-01,QCOM,4.221789981071917e-17,combined_max_sharpe
2021-12-01,QCOM,0.0,combined_max_sharpe
2022-01-03,QCOM,5.925719198373976e-17,combined_max_sharpe
2022-02-01,QCOM,9.546360447160474e-17,combined_max_sharpe
2022-03-01,QCOM,2.986636507662338e-17,combined_max_sharpe
2022-04-01,QCOM,0.0,combined_max_sharpe
2022-05-02,QCOM,4.5923666192440716e-17,combined_max_sharpe
2022-06-01,QCOM,0.0,combined_max_sharpe
2022-07-01,QCOM,4.781930051650826e-16,combined_max_sharpe
2022-08-01,QCOM,0.0,combined_max_sharpe
2022-09-01,QCOM,0.0,combined_max_sharpe
2022-10-03,QCOM,0.0,combined_max_sharpe
2022-11-01,QCOM,4.2651739071691156e-17,combined_max_sharpe
2022-12-01,QCOM,0.0,combined_max_sharpe
2023-01-03,QCOM,0.0,combined_max_sharpe
2023-02-01,QCOM,0.0,combined_max_sharpe
2023-03-01,QCOM,2.4158707312012127e-16,combined_max_sharpe
2023-04-03,QCOM,0.0,combined_max_sharpe
2023-05-01,QCOM,3.740896165403311e-16,combined_max_sharpe
2023-06-01,QCOM,0.0,combined_max_sharpe
2023-07-03,QCOM,0.0,combined_max_sharpe
2023-08-01,QCOM,0.0,combined_max_sharpe
2023-09-01,QCOM,0.0,combined_max_sharpe
2023-10-02,QCOM,0.0,combined_max_sharpe
2023-11-01,QCOM,0.0,combined_max_sharpe
2023-12-01,QCOM,0.0,combined_max_sharpe
2021-01-04,SBUX,3.041325797992672e-17,combined_max_sharpe
2021-02-01,SBUX,0.0,combined_max_sharpe
2021-03-01,SBUX,0.0,combined_max_sharpe
2021-04-01,SBUX,0.0,combined_max_sharpe
2021-05-03,SBUX,0.0,combined_max_sharpe
2021-06-01,SBUX,3.8123238135149996e-17,combined_max_sharpe
2021-07-01,SBUX,2.1430019708580613e-17,combined_max_sharpe
2021-08-02,SBUX,0.026276505761521626,combined_max_sharpe
2021-09-01,SBUX,0.0,combined_max_sharpe
2021-10-01,SBUX,0.0,combined_max_sharpe
2021-11-01,SBUX,0.0,combined_max_sharpe
2021-12-01,SBUX,0.0,combined_max_sharpe
2022-01-03,SBUX,0.0,combined_max_sharpe
2022-02-01,SBUX,4.013704718568497e-17,combined_max_sharpe
2022-03-01,SBUX,8.161321870143947e-18,combined_max_sharpe
2022-04-01,SBUX,0.0,combined_max_sharpe
2022-05-02,SBUX,6.654992383889916e-17,combined_max_sharpe
2022-06-01,SBUX,0.0,combined_max_sharpe
2022-07-01,SBUX,0.0,combined_max_sharpe
2022-08-01,SBUX,4.2994913704247534e-18,combined_max_sharpe
2022-09-01,SBUX,0.0,combined_max_sharpe
2022-10-03,SBUX,5.214056087441907e-17,combined_max_sharpe
2022-11-01,SBUX,1.0179470200563007e-16,combined_max_sharpe
2022-12-01,SBUX,0.0,combined_max_sharpe
2023-01-03,SBUX,0.0,combined_max_sharpe
2023-02-01,SBUX,0.0,combined_max_sharpe
2023-03-01,SBUX,0.0,combined_max_sharpe
2023-04-03,SBUX,3.474220181119732e-14,combined_max_sharpe
2023-05-01,SBUX,0.1399632852263863,combined_max_sharpe
2023-06-01,SBUX,0.0,combined_max_sharpe
2023-07-03,SBUX,0.0,combined_max_sharpe
2023-08-01,SBUX,5.977468393237076e-17,combined_max_sharpe
2023-09-01,SBUX,0.0,combined_max_sharpe
2023-10-02,SBUX,0.0,combined_max_sharpe
2023-11-01,SBUX,1.3754078050776235e-17,combined_max_sharpe
2023-12-01,SBUX,0.0,combined_max_sharpe
2021-01-04,SHW,0.0,combined_max_sharpe
2021-02-01,SHW,0.0,combined_max_sharpe
2021-03-01,SHW,0.0,combined_max_sharpe
2021-04-01,SHW,2.1932034042854353e-17,combined_max_sharpe
2021-05-03,SHW,0.08187859145677158,combined_max_sharpe
2021-06-01,SHW,3.7173188414476374e-17,combined_max_sharpe
2021-07-01,SHW,2.3466909670737234e-17,combined_max_sharpe
2021-08-02,SHW,0.0,combined_max_sharpe
2021-09-01,SHW,5.334282259117666e-17,combined_max_sharpe
2021-10-01,SHW,0.0,combined_max_sharpe
2021-11-01,SHW,0.017234292337824433,combined_max_sharpe
2021-12-01,SHW,0.020149848321747835,combined_max_sharpe
2022-01-03,SHW,0.02449675218528747,combined_max_sharpe
2022-02-01,SHW,8.121151541152341e-17,combined_max_sharpe
2022-03-01,SHW,0.0,combined_max_sharpe
2022-04-01,SHW,8.072511186235632e-17,combined_max_sharpe
2022-05-02,SHW,0.0,combined_max_sharpe
2022-06-01,SHW,4.515052332903162e-16,combined_max_sharpe
2022-07-01,SHW,3.726919300867528e-17,combined_max_sharpe
2022-08-01,SHW,0.0,combined_max_sharpe
2022-09-01,SHW,0.0,combined_max_sharpe
2022-10-03,SHW,0.0,combined_max_sharpe
2022-11-01,SHW,0.0,combined_max_sharpe
2022-12-01,SHW,2.850539310838705e-17,combined_max_sharpe
2023-01-03,SHW,0.0,combined_max_sharpe
2023-02-01,SHW,3.89173384218399e-17,combined_max_sharpe
2023-03-01,SHW,1.3534199744425754e-16,combined_max_sharpe
2023-04-03,SHW,0.0,combined_max_sharpe
2023-05-01,SHW,2.0176326510343286e-16,combined_max_sharpe
2023-06-01,SHW,1.5320475590520695e-16,combined_max_sharpe
2023-07-03,SHW,7.095871157152062e-17,combined_max_sharpe
2023-08-01,SHW,0.0,combined_max_sharpe
2023-09-01,SHW,1.446757503812721e-19,combined_max_sharpe
2023-10-02,SHW,1.276153378002927e-16,combined_max_sharpe
2023-11-01,SHW,0.0,combined_max_sharpe
2023-12-01,SHW,0.0,combined_max_sharpe
2021-01-04,SLB,4.645831712736289e-17,combined_max_sharpe
2021-02-01,SLB,6.680491909917304e-17,combined_max_sharpe
2021-03-01,SLB,5.345307871131743e-18,combined_max_sharpe
2021-04-01,SLB,0.0,combined_max_sharpe
2021-05-03,SLB,0.0,combined_max_sharpe
2021-06-01,SLB,3.928178269857967e-18,combined_max_sharpe
2021-07-01,SLB,0.0,combined_max_sharpe
2021-08-02,SLB,0.0,combined_max_sharpe
2021-09-01,SLB,3.495857186611186e-17,combined_max_sharpe
2021-10-01,SLB,6.784341322785379e-17,combined_max_sharpe
2021-11-01,SLB,6.156572635158506e-17,combined_max_sharpe
2021-12-01,SLB,0.0,combined_max_sharpe
2022-01-03,SLB,0.0,combined_max_sharpe
2022-02-01,SLB,0.0,combined_max_sharpe
2022-03-01,SLB,0.0,combined_max_sharpe
2022-04-01,SLB,3.0146940178373393e-16,combined_max_sharpe
2022-05-02,SLB,0.0,combined_max_sharpe
2022-06-01,SLB,0.0,combined_max_sharpe
2022-07-01,SLB,2.2860956949475236e-15,combined_max_sharpe
2022-08-01,SLB,2.404109840168103e-16,combined_max_sharpe
2022-09-01,SLB,9.890819073261022e-15,combined_max_sharpe
2022-10-03,SLB,0.0,combined_max_sharpe
2022-11-01,SLB,2.0975061531871854e-14,combined_max_sharpe
2022-12-01,SLB,0.0,combined_max_sharpe
2023-01-03,SLB,9.331591183371127e-16,combined_max_sharpe
2023-02-01,SLB,0.0,combined_max_sharpe
2023-03-01,SLB,1.539350586472049e-15,combined_max_sharpe
2023-04-03,SLB,1.9727423251737103e-14,combined_max_sharpe
2023-05-01,SLB,1.8785972797836453e-15,combined_max_sharpe
2023-06-01,SLB,0.0,combined_max_sharpe
2023-07-03,SLB,1.2089126402374035e-16,combined_max_sharpe
2023-08-01,SLB,0.051052825019059965,combined_max_sharpe
2023-09-01,SLB,0.013844111277073795,combined_max_sharpe
2023-10-02,SLB,0.038466278016828295,combined_max_sharpe
2023-11-01,SLB,5.907164827412396e-18,combined_max_sharpe
2023-12-01,SLB,0.0,combined_max_sharpe
2021-01-04,SO,0.0,combined_max_sharpe
2021-02-01,SO,2.1824001805126756e-17,combined_max_sharpe
2021-03-01,SO,0.0,combined_max_sharpe
2021-04-01,SO,0.0,combined_max_sharpe
2021-05-03,SO,0.0,combined_max_sharpe
2021-06-01,SO,0.0,combined_max_sharpe
2021-07-01,SO,0.0,combined_max_sharpe
2021-08-02,SO,0.0,combined_max_sharpe
2021-09-01,SO,2.229141845266082e-19,combined_max_sharpe
2021-10-01,SO,0.0,combined_max_sharpe
2021-11-01,SO,1.7705174829912784e-17,combined_max_sharpe
2021-12-01,SO,2.9510541385522494e-17,combined_max_sharpe
2022-01-03,SO,0.0,combined_max_sharpe
2022-02-01,SO,0.02902096825078531,combined_max_sharpe
2022-03-01,SO,2.2746345286290964e-17,combined_max_sharpe
2022-04-01,SO,0.0,combined_max_sharpe
2022-05-02,SO,0.0,combined_max_sharpe
2022-06-01,SO,0.14090724335713822,combined_max_sharpe
2022-07-01,SO,0.22530281667331165,combined_max_sharpe
2022-08-01,SO,0.30314592770263044,combined_max_sharpe
2022-09-01,SO,0.339081176797219,combined_max_sharpe
2022-10-03,SO,0.008830403656398046,combined_max_sharpe
2022-11-01,SO,0.0,combined_max_sharpe
2022-12-01,SO,6.631130952969545e-17,combined_max_sharpe
2023-01-03,SO,0.0,combined_max_sharpe
2023-02-01,SO,1.1756369821467582e-17,combined_max_sharpe
2023-03-01,SO,1.3373518895183551e-17,combined_max_sharpe
2023-04-03,SO,0.0,combined_max_sharpe
2023-05-01,SO,3.3987538648876266e-16,combined_max_sharpe
2023-06-01,SO,9.061505768078554e-17,combined_max_sharpe
2023-07-03,SO,0.0,combined_max_sharpe
2023-08-01,SO,5.459835312057481e-17,combined_max_sharpe
2023-09-01,SO,0.0,combined_max_sharpe
2023-10-02,SO,1.9666124920042543e-17,combined_max_sharpe
2023-11-01,SO,1.4011576066741543e-17,combined_max_sharpe
2023-12-01,SO,0.0708023041904957,combined_max_sharpe
2021-01-04,T,1.8128832410845873e-17,combined_max_sharpe
2021-02-01,T,0.0,combined_max_sharpe
2021-03-01,T,0.0,combined_max_sharpe
2021-04-01,T,3.120930280838088e-17,combined_max_sharpe
2021-05-03,T,0.0,combined_max_sharpe
2021-06-01,T,5.787631350418505e-17,combined_max_sharpe
2021-07-01,T,0.0,combined_max_sharpe
2021-08-02,T,0.0,combined_max_sharpe
2021-09-01,T,1.0008072188194921e-16,combined_max_sharpe
2021-10-01,T,0.0,combined_max_sharpe
2021-11-01,T,1.609600009121597e-17,combined_max_sharpe
2021-12-01,T,1.7818376390962925e-17,combined_max_sharpe
2022-01-03,T,4.0126483706181294e-17,combined_max_sharpe
2022-02-01,T,4.953787715301495e-17,combined_max_sharpe
2022-03-01,T,0.0,combined_max_sharpe
2022-04-01,T,0.0,combined_max_sharpe
2022-05-02,T,2.3193954820724665e-18,combined_max_sharpe
2022-06-01,T,3.667355883625801e-16,combined_max_sharpe
2022-07-01,T,1.154049051027489e-16,combined_max_sharpe
2022-08-01,T,0.0,combined_max_sharpe
2022-09-01,T,3.1557537573394517e-17,combined_max_sharpe
2022-10-03,T,0.0,combined_max_sharpe
2022-11-01,T,0.0,combined_max_sharpe
2022-12-01,T,0.0,combined_max_sharpe
2023-01-03,T,0.0,combined_max_sharpe
2023-02-01,T,8.782263308176692e-17,combined_max_sharpe
2023-03-01,T,0.0,combined_max_sharpe
2023-04-03,T,0.0,combined_max_sharpe
2023-05-01,T,1.3041941774520604e-16,combined_max_sharpe
2023-06-01,T,0.0,combined_max_sharpe
2023-07-03,T,0.0,combined_max_sharpe
2023-08-01,T,0.0,combined_max_sharpe
2023-09-01,T,0.0,combined_max_sharpe
2023-10-02,T,3.629163355912305e-17,combined_max_sharpe
2023-11-01,T,0.0,combined_max_sharpe
2023-12-01,T,0.0,combined_max_sharpe
2021-01-04,TMUS,0.0,combined_max_sharpe
2021-02-01,TMUS,7.415288911250212e-18,combined_max_sharpe
2021-03-01,TMUS,1.1581777680387346e-17,combined_max_sharpe
2021-04-01,TMUS,6.143056894533563e-17,combined_max_sharpe
2021-05-03,TMUS,1.1147581361752635e-16,combined_max_sharpe
2021-06-01,TMUS,4.0170275509431595e-17,combined_max_sharpe
2021-07-01,TMUS,0.0,combined_max_sharpe
2021-08-02,TMUS,0.0,combined_max_sharpe
2021-09-01,TMUS,0.0,combined_max_sharpe
2021-10-01,TMUS,0.0,combined_max_sharpe
2021-11-01,TMUS,0.0,combined_max_sharpe
2021-12-01,TMUS,0.0,combined_max_sharpe
2022-01-03,TMUS,0.0,combined_max_sharpe
2022-02-01,TMUS,0.0,combined_max_sharpe
2022-03-01,TMUS,0.0,combined_max_sharpe
2022-04-01,TMUS,0.0,combined_max_sharpe
2022-05-02,TMUS,1.0027146282362035e-16,combined_max_sharpe
2022-06-01,TMUS,2.1006881734645845e-16,combined_max_sharpe
2022-07-01,TMUS,0.0,combined_max_sharpe
2022-08-01,TMUS,0.0,combined_max_sharpe
2022-09-01,TMUS,0.0,combined_max_sharpe
2022-10-03,TMUS,0.0,combined_max_sharpe
2022-11-01,TMUS,0.008643853716385564,combined_max_sharpe
2022-12-01,TMUS,0.024815944931126942,combined_max_sharpe
2023-01-03,TMUS,0.0,combined_max_sharpe
2023-02-01,TMUS,0.12554384618797498,combined_max_sharpe
2023-03-01,TMUS,0.0,combined_max_sharpe
2023-04-03,TMUS,0.0,combined_max_sharpe
2023-05-01,TMUS,2.8016191916498403e-16,combined_max_sharpe
2023-06-01,TMUS,0.0,combined_max_sharpe
2023-07-03,TMUS,0.0,combined_max_sharpe
2023-08-01,TMUS,0.0,combined_max_sharpe
2023-09-01,TMUS,6.305314239244256e-17,combined_max_sharpe
2023-10-02,TMUS,5.334754303466254e-17,combined_max_sharpe
2023-11-01,TMUS,5.471077086297903e-18,combined_max_sharpe
2023-12-01,TMUS,0.0,combined_max_sharpe
2021-01-04,TRX-USD,6.937543282364509e-16,combined_max_sharpe
2021-02-01,TRX-USD,6.824354215062599e-16,combined_max_sharpe
2021-03-01,TRX-USD,1.510479094750551e-16,combined_max_sharpe
2021-04-01,TRX-USD,0.051381337426866194,combined_max_sharpe
2021-05-03,TRX-USD,0.02680655698562994,combined_max_sharpe
2021-06-01,TRX-USD,0.003526007172078362,combined_max_sharpe
2021-07-01,TRX-USD,0.008709333016968761,combined_max_sharpe
2021-08-02,TRX-USD,0.009523875480540461,combined_max_sharpe
2021-09-01,TRX-USD,0.004494665918240004,combined_max_sharpe
2021-10-01,TRX-USD,6.807021500992451e-17,combined_max_sharpe
2021-11-01,TRX-USD,3.3116622958132105e-17,combined_max_sharpe
2021-12-01,TRX-USD,2.203220792387728e-17,combined_max_sharpe
2022-01-03,TRX-USD,0.0,combined_max_sharpe
2022-02-01,TRX-USD,0.0,combined_max_sharpe
2022-03-01,TRX-USD,0.0,combined_max_sharpe
2022-04-01,TRX-USD,1.6229448793487728e-17,combined_max_sharpe
2022-05-02,TRX-USD,1.3044956117745976e-16,combined_max_sharpe
2022-06-01,TRX-USD,0.0,combined_max_sharpe
2022-07-01,TRX-USD,3.06655429152604e-16,combined_max_sharpe
2022-08-01,TRX-USD,1.331903611934974e-16,combined_max_sharpe
2022-09-01,TRX-USD,2.279456364630718e-16,combined_max_sharpe
2022-10-03,TRX-USD,1.6183981007390233e-16,combined_max_sharpe
2022-11-01,TRX-USD,2.913539526897483e-18,combined_max_sharpe
2022-12-01,TRX-USD,0.0,combined_max_sharpe
2023-01-03,TRX-USD,5.772617407717167e-17,combined_max_sharpe
2023-02-01,TRX-USD,1.053246935937473e-16,combined_max_sharpe
2023-03-01,TRX-USD,0.0,combined_max_sharpe
2023-04-03,TRX-USD,0.0,combined_max_sharpe
2023-05-01,TRX-USD,3.6297823091410215e-16,combined_max_sharpe
2023-06-01,TRX-USD,0.0,combined_max_sharpe
2023-07-03,TRX-USD,0.0,combined_max_sharpe
2023-08-01,TRX-USD,0.0,combined_max_sharpe
2023-09-01,TRX-USD,2.6141987649941908e-17,combined_max_sharpe
2023-10-02,TRX-USD,5.4990732902708985e-17,combined_max_sharpe
2023-11-01,TRX-USD,6.266984235989787e-18,combined_max_sharpe
2023-12-01,TRX-USD,0.0,combined_max_sharpe
2021-01-04,TTWO,0.08147171169280332,combined_max_sharpe
2021-02-01,TTWO,0.0007211714188835778,combined_max_sharpe
2021-03-01,TTWO,0.03412939361050121,combined_max_sharpe
2021-04-01,TTWO,0.029280735156886676,combined_max_sharpe
2021-05-03,TTWO,0.018943980296118747,combined_max_sharpe
2021-06-01,TTWO,0.10677180792598151,combined_max_sharpe
2021-07-01,TTWO,0.0,combined_max_sharpe
2021-08-02,TTWO,0.0,combined_max_sharpe
2021-09-01,TTWO,0.0,combined_max_sharpe
2021-10-01,TTWO,0.0,combined_max_sharpe
2021-11-01,TTWO,0.0,combined_max_sharpe
2021-12-01,TTWO,0.0,combined_max_sharpe
2022-01-03,TTWO,0.0,combined_max_sharpe
2022-02-01,TTWO,0.0,combined_max_sharpe
2022-03-01,TTWO,0.0,combined_max_sharpe
2022-04-01,TTWO,4.5218773853419995e-17,combined_max_sharpe
2022-05-02,TTWO,0.0,combined_max_sharpe
2022-06-01,TTWO,0.0,combined_max_sharpe
2022-07-01,TTWO,0.0,combined_max_sharpe
2022-08-01,TTWO,0.0,combined_max_sharpe
2022-09-01,TTWO,3.19467588067887e-17,combined_max_sharpe
2022-10-03,TTWO,0.0,combined_max_sharpe
2022-11-01,TTWO,1.5886225664356036e-18,combined_max_sharpe
2022-12-01,TTWO,3.237539809235786e-17,combined_max_sharpe
2023-01-03,TTWO,0.0,combined_max_sharpe
2023-02-01,TTWO,1.1715455308331746e-17,combined_max_sharpe
2023-03-01,TTWO,2.650497346231765e-16,combined_max_sharpe
2023-04-03,TTWO,0.0,combined_max_sharpe
2023-05-01,TTWO,2.587964446902129e-16,combined_max_sharpe
2023-06-01,TTWO,0.0,combined_max_sharpe
2023-07-03,TTWO,0.0,combined_max_sharpe
2023-08-01,TTWO,4.4101186276377185e-17,combined_max_sharpe
2023-09-01,TTWO,0.0,combined_max_sharpe
2023-10-02,TTWO,1.324217299843903e-17,combined_max_sharpe
2023-11-01,TTWO,5.0187640437746923e-17,combined_max_sharpe
2023-12-01,TTWO,0.02113916247950226,combined_max_sharpe
2021-01-04,UPS,0.12115126615099464,combined_max_sharpe
2021-02-01,UPS,0.1232673582012393,combined_max_sharpe
2021-03-01,UPS,0.37451297743264306,combined_max_sharpe
2021-04-01,UPS,0.10800928204679197,combined_max_sharpe
2021-05-03,UPS,0.16476250295043185,combined_max_sharpe
2021-06-01,UPS,0.19859771472136864,combined_max_sharpe
2021-07-01,UPS,0.09025744475509244,combined_max_sharpe
2021-08-02,UPS,0.0,combined_max_sharpe
2021-09-01,UPS,4.5918900858128036e-18,combined_max_sharpe
2021-10-01,UPS,0.0,combined_max_sharpe
2021-11-01,UPS,0.0,combined_max_sharpe
2021-12-01,UPS,2.5089895524732628e-17,combined_max_sharpe
2022-01-03,UPS,7.239441631145377e-17,combined_max_sharpe
2022-02-01,UPS,3.6371123430279995e-17,combined_max_sharpe
2022-03-01,UPS,0.0,combined_max_sharpe
2022-04-01,UPS,7.884810420061552e-17,combined_max_sharpe
2022-05-02,UPS,1.1592710102661303e-16,combined_max_sharpe
2022-06-01,UPS,1.4763592997138095e-16,combined_max_sharpe
2022-07-01,UPS,9.920597476618778e-17,combined_max_sharpe
2022-08-01,UPS,0.0,combined_max_sharpe
2022-09-01,UPS,0.0,combined_max_sharpe
2022-10-03,UPS,0.0,combined_max_sharpe
2022-11-01,UPS,7.944509820283857e-17,combined_max_sharpe
2022-12-01,UPS,0.0,combined_max_sharpe
2023-01-03,UPS,1.9817168202793616e-17,combined_max_sharpe
2023-02-01,UPS,3.3122532434840406e-17,combined_max_sharpe
2023-03-01,UPS,8.321089254154702e-17,combined_max_sharpe
2023-04-03,UPS,0.0,combined_max_sharpe
2023-05-01,UPS,2.8523117295103407e-16,combined_max_sharpe
2023-06-01,UPS,6.96086405888789e-17,combined_max_sharpe
2023-07-03,UPS,0.0,combined_max_sharpe
2023-08-01,UPS,0.0,combined_max_sharpe
2023-09-01,UPS,0.0,combined_max_sharpe
2023-10-02,UPS,1.0824056611389093e-17,combined_max_sharpe
2023-11-01,UPS,1.1931263148284981e-17,combined_max_sharpe
2023-12-01,UPS,2.948437982758728e-17,combined_max_sharpe
2021-01-04,USB,0.0,combined_max_sharpe
2021-02-01,USB,4.3561134012621094e-17,combined_max_sharpe
2021-03-01,USB,0.0,combined_max_sharpe
2021-04-01,USB,0.0,combined_max_sharpe
2021-05-03,USB,4.578097101467695e-16,combined_max_sharpe
2021-06-01,USB,3.798652527220916e-17,combined_max_sharpe
2021-07-01,USB,1.905248507262317e-17,combined_max_sharpe
2021-08-02,USB,5.1229649723488356e-17,combined_max_sharpe
2021-09-01,USB,3.924609010172613e-16,combined_max_sharpe
2021-10-01,USB,6.415469727022926e-17,combined_max_sharpe
2021-11-01,USB,0.0,combined_max_sharpe
2021-12-01,USB,0.0,combined_max_sharpe
2022-01-03,USB,0.0,combined_max_sharpe
2022-02-01,USB,0.0,combined_max_sharpe
2022-03-01,USB,0.0,combined_max_sharpe
2022-04-01,USB,0.0,combined_max_sharpe
2022-05-02,USB,8.961722008871149e-17,combined_max_sharpe
2022-06-01,USB,3.7285239999950015e-18,combined_max_sharpe
2022-07-01,USB,0.0,combined_max_sharpe
2022-08-01,USB,0.0,combined_max_sharpe
2022-09-01,USB,0.0,combined_max_sharpe
2022-10-03,USB,0.0,combined_max_sharpe
2022-11-01,USB,0.0,combined_max_sharpe
2022-12-01,USB,3.7882932990862555e-17,combined_max_sharpe
2023-01-03,USB,0.0,combined_max_sharpe
2023-02-01,USB,9.006762891073879e-17,combined_max_sharpe
2023-03-01,USB,1.4491529484433916e-16,combined_max_sharpe
2023-04-03,USB,0.0,combined_max_sharpe
2023-05-01,USB,8.663084952563746e-17,combined_max_sharpe
2023-06-01,USB,0.0,combined_max_sharpe
2023-07-03,USB,0.0,combined_max_sharpe
2023-08-01,USB,2.6039394086695546e-17,combined_max_sharpe
2023-09-01,USB,0.0,combined_max_sharpe
2023-10-02,USB,2.0056859148141107e-16,combined_max_sharpe
2023-11-01,USB,0.0,combined_max_sharpe
2023-12-01,USB,0.0,combined_max_sharpe
2021-01-04,V,0.0,combined_max_sharpe
2021-02-01,V,6.114224483947168e-17,combined_max_sharpe
2021-03-01,V,5.645817371334832e-17,combined_max_sharpe
2021-04-01,V,0.0,combined_max_sharpe
2021-05-03,V,0.0,combined_max_sharpe
2021-06-01,V,0.0,combined_max_sharpe
2021-07-01,V,0.0,combined_max_sharpe
2021-08-02,V,0.0,combined_max_sharpe
2021-09-01,V,5.4459895559124705e-17,combined_max_sharpe
2021-10-01,V,8.725581758481256e-17,combined_max_sharpe
2021-11-01,V,0.0,combined_max_sharpe
2021-12-01,V,0.0,combined_max_sharpe
2022-01-03,V,0.0,combined_max_sharpe
2022-02-01,V,7.855450951049765e-17,combined_max_sharpe
2022-03-01,V,0.0,combined_max_sharpe
2022-04-01,V,0.0,combined_max_sharpe
2022-05-02,V,0.0,combined_max_sharpe
2022-06-01,V,1.9295884182733995e-16,combined_max_sharpe
2022-07-01,V,0.0,combined_max_sharpe
2022-08-01,V,3.6968521466369836e-17,combined_max_sharpe
2022-09-01,V,0.0,combined_max_sharpe
2022-10-03,V,4.3368417291708856e-17,combined_max_sharpe
2022-11-01,V,0.0,combined_max_sharpe
2022-12-01,V,0.0,combined_max_sharpe
2023-01-03,V,0.0,combined_max_sharpe
2023-02-01,V,0.0,combined_max_sharpe
2023-03-01,V,6.074745980355701e-17,combined_max_sharpe
2023-04-03,V,0.0,combined_max_sharpe
2023-05-01,V,2.300188111261897e-16,combined_max_sharpe
2023-06-01,V,0.0,combined_max_sharpe
2023-07-03,V,0.0,combined_max_sharpe
2023-08-01,V,6.146433699651429e-18,combined_max_sharpe
2023-09-01,V,0.0,combined_max_sharpe
2023-10-02,V,7.764044796191587e-17,combined_max_sharpe
2023-11-01,V,0.0,combined_max_sharpe
2023-12-01,V,0.0,combined_max_sharpe
2021-01-04,WFC,2.355405219209706e-16,combined_max_sharpe
2021-02-01,WFC,0.0,combined_max_sharpe
2021-03-01,WFC,0.0,combined_max_sharpe
2021-04-01,WFC,0.0,combined_max_sharpe
2021-05-03,WFC,0.0,combined_max_sharpe
2021-06-01,WFC,6.788674153585137e-18,combined_max_sharpe
2021-07-01,WFC,2.9087040937844447e-16,combined_max_sharpe
2021-08-02,WFC,1.4433999996307683e-17,combined_max_sharpe
2021-09-01,WFC,1.7667306027676718e-17,combined_max_sharpe
2021-10-01,WFC,0.0253430812579239,combined_max_sharpe
2021-11-01,WFC,0.10085016473103661,combined_max_sharpe
2021-12-01,WFC,0.07651789308916897,combined_max_sharpe
2022-01-03,WFC,0.02780895974946812,combined_max_sharpe
2022-02-01,WFC,0.06206334500310211,combined_max_sharpe
2022-03-01,WFC,5.886112836667778e-17,combined_max_sharpe
2022-04-01,WFC,3.6282218752781107e-17,combined_max_sharpe
2022-05-02,WFC,7.156153015543125e-18,combined_max_sharpe
2022-06-01,WFC,0.0,combined_max_sharpe
2022-07-01,WFC,0.0,combined_max_sharpe
2022-08-01,WFC,1.90870019094926e-17,combined_max_sharpe
2022-09-01,WFC,0.0,combined_max_sharpe
2022-10-03,WFC,6.149280755993264e-17,combined_max_sharpe
2022-11-01,WFC,1.3887489025110683e-16,combined_max_sharpe
2022-12-01,WFC,0.0,combined_max_sharpe
2023-01-03,WFC,0.0,combined_max_sharpe
2023-02-01,WFC,0.0,combined_max_sharpe
2023-03-01,WFC,1.6434889139039764e-16,combined_max_sharpe
2023-04-03,WFC,0.0,combined_max_sharpe
2023-05-01,WFC,3.051554171773566e-17,combined_max_sharpe
2023-06-01,WFC,0.0,combined_max_sharpe
2023-07-03,WFC,0.0,combined_max_sharpe
2023-08-01,WFC,0.0,combined_max_sharpe
2023-09-01,WFC,0.0,combined_max_sharpe
2023-10-02,WFC,0.0,combined_max_sharpe
2023-11-01,WFC,0.0,combined_max_sharpe
2023-12-01,WFC,3.8957880758770584e-17,combined_max_sharpe
2021-01-04,WMT,0.0,combined_max_sharpe
2021-02-01,WMT,0.0,combined_max_sharpe
2021-03-01,WMT,1.0193931699823654e-16,combined_max_sharpe
2021-04-01,WMT,9.884065736831089e-17,combined_max_sharpe
2021-05-03,WMT,0.0,combined_max_sharpe
2021-06-01,WMT,9.086888379312907e-18,combined_max_sharpe
2021-07-01,WMT,0.0,combined_max_sharpe
2021-08-02,WMT,2.6476383661508417e-17,combined_max_sharpe
2021-09-01,WMT,1.877042770081897e-18,combined_max_sharpe
2021-10-01,WMT,0.0,combined_max_sharpe
2021-11-01,WMT,0.0,combined_max_sharpe
2021-12-01,WMT,3.583034078976614e-18,combined_max_sharpe
2022-01-03,WMT,7.269913497910587e-18,combined_max_sharpe
2022-02-01,WMT,8.91416348256173e-17,combined_max_sharpe
2022-03-01,WMT,2.033593034891604e-17,combined_max_sharpe
2022-04-01,WMT,1.2048169605702843e-16,combined_max_sharpe
2022-05-02,WMT,0.0,combined_max_sharpe
2022-06-01,WMT,2.4661914502157797e-16,combined_max_sharpe
2022-07-01,WMT,2.286660656107275e-17,combined_max_sharpe
2022-08-01,WMT,0.0,combined_max_sharpe
2022-09-01,WMT,1.205884289222287e-17,combined_max_sharpe
2022-10-03,WMT,0.0,combined_max_sharpe
2022-11-01,WMT,0.0,combined_max_sharpe
2022-12-01,WMT,1.8199734669810968e-16,combined_max_sharpe
2023-01-03,WMT,4.8999637036529155e-18,combined_max_sharpe
2023-02-01,WMT,5.583807564438461e-18,combined_max_sharpe
2023-03-01,WMT,1.4092753773354777e-16,combined_max_sharpe
2023-04-03,WMT,0.0,combined_max_sharpe
2023-05-01,WMT,0.0,combined_max_sharpe
2023-06-01,WMT,3.518522161246413e-17,combined_max_sharpe
2023-07-03,WMT,0.06031020121326216,combined_max_sharpe
2023-08-01,WMT,0.018125270696019033,combined_max_sharpe
2023-09-01,WMT,0.03543556269793246,combined_max_sharpe
2023-10-02,WMT,1.1172061956795657e-16,combined_max_sharpe
2023-11-01,WMT,0.10183512090482928,combined_max_sharpe
2023-12-01,WMT,0.0,combined_max_sharpe
2021-01-04,XLM-USD,0.05855491436490965,combined_max_sharpe
2021-02-01,XLM-USD,0.16450342481025787,combined_max_sharpe
2021-03-01,XLM-USD,0.04929917651186275,combined_max_sharpe
2021-04-01,XLM-USD,0.0,combined_max_sharpe
2021-05-03,XLM-USD,0.0,combined_max_sharpe
2021-06-01,XLM-USD,0.0,combined_max_sharpe
2021-07-01,XLM-USD,3.576087792316529e-17,combined_max_sharpe
2021-08-02,XLM-USD,0.0,combined_max_sharpe
2021-09-01,XLM-USD,4.004809495027543e-18,combined_max_sharpe
2021-10-01,XLM-USD,7.812912733330752e-17,combined_max_sharpe
2021-11-01,XLM-USD,9.856323913183558e-17,combined_max_sharpe
2021-12-01,XLM-USD,0.0,combined_max_sharpe
2022-01-03,XLM-USD,5.3003893650382787e-17,combined_max_sharpe
2022-02-01,XLM-USD,0.0,combined_max_sharpe
2022-03-01,XLM-USD,5.174249145446265e-16,combined_max_sharpe
2022-04-01,XLM-USD,0.0,combined_max_sharpe
2022-05-02,XLM-USD,3.779658577300402e-16,combined_max_sharpe
2022-06-01,XLM-USD,0.0,combined_max_sharpe
2022-07-01,XLM-USD,0.0,combined_max_sharpe
2022-08-01,XLM-USD,2.809978400090203e-16,combined_max_sharpe
2022-09-01,XLM-USD,6.529100229698962e-16,combined_max_sharpe
2022-10-03,XLM-USD,2.4087383266483954e-16,combined_max_sharpe
2022-11-01,XLM-USD,5.297943529015611e-16,combined_max_sharpe
2022-12-01,XLM-USD,0.0,combined_max_sharpe
2023-01-03,XLM-USD,1.2420644797311674e-16,combined_max_sharpe
2023-02-01,XLM-USD,0.0,combined_max_sharpe
2023-03-01,XLM-USD,1.804247481631445e-16,combined_max_sharpe
2023-04-03,XLM-USD,0.0,combined_max_sharpe
2023-05-01,XLM-USD,4.534107281103207e-16,combined_max_sharpe
2023-06-01,XLM-USD,0.0,combined_max_sharpe
2023-07-03,XLM-USD,1.9166194489703998e-16,combined_max_sharpe
2023-08-01,XLM-USD,0.0,combined_max_sharpe
2023-09-01,XLM-USD,0.0,combined_max_sharpe
2023-10-02,XLM-USD,3.0148950625634865e-17,combined_max_sharpe
2023-11-01,XLM-USD,0.0,combined_max_sharpe
2023-12-01,XLM-USD,0.0,combined_max_sharpe
2021-01-04,XOM,8.388015735861834e-17,combined_max_sharpe
2021-02-01,XOM,3.3820262677809102e-18,combined_max_sharpe
2021-03-01,XOM,7.329993679728355e-17,combined_max_sharpe
2021-04-01,XOM,0.0,combined_max_sharpe
2021-05-03,XOM,0.0,combined_max_sharpe
2021-06-01,XOM,3.958541977562288e-17,combined_max_sharpe
2021-07-01,XOM,0.0,combined_max_sharpe
2021-08-02,XOM,0.0,combined_max_sharpe
2021-09-01,XOM,0.0,combined_max_sharpe
2021-10-01,XOM,1.4125957942154555e-17,combined_max_sharpe
2021-11-01,XOM,4.2498221120348134e-17,combined_max_sharpe
2021-12-01,XOM,0.025840231983453064,combined_max_sharpe
2022-01-03,XOM,3.946125844981992e-17,combined_max_sharpe
2022-02-01,XOM,1.2504192759004793e-16,combined_max_sharpe
2022-03-01,XOM,2.9595674773936014e-16,combined_max_sharpe
2022-04-01,XOM,5.675622906717237e-16,combined_max_sharpe
2022-05-02,XOM,2.1788671085635367e-15,combined_max_sharpe
2022-06-01,XOM,0.0,combined_max_sharpe
2022-07-01,XOM,0.0,combined_max_sharpe
2022-08-01,XOM,0.0,combined_max_sharpe
2022-09-01,XOM,0.06712115969268939,combined_max_sharpe
2022-10-03,XOM,0.039062742158587176,combined_max_sharpe
2022-11-01,XOM,0.20803075770044652,combined_max_sharpe
2022-12-01,XOM,0.17176799386350475,combined_max_sharpe
2023-01-03,XOM,0.24414225856800237,combined_max_sharpe
2023-02-01,XOM,0.1531311751554427,combined_max_sharpe
2023-03-01,XOM,0.14887619219149484,combined_max_sharpe
2023-04-03,XOM,0.1609509039493213,combined_max_sharpe
2023-05-01,XOM,0.06642818204902028,combined_max_sharpe
2023-06-01,XOM,0.0,combined_max_sharpe
2023-07-03,XOM,0.0,combined_max_sharpe
2023-08-01,XOM,0.0,combined_max_sharpe
2023-09-01,XOM,1.0329664780090565e-18,combined_max_sharpe
2023-10-02,XOM,6.720155987032699e-17,combined_max_sharpe
2023-11-01,XOM,3.9598747337399444e-17,combined_max_sharpe
2023-12-01,XOM,0.0,combined_max_sharpe
2021-01-04,XRP-USD,1.7723267132591944e-16,combined_max_sharpe
2021-02-01,XRP-USD,6.642998000751851e-16,combined_max_sharpe
2021-03-01,XRP-USD,1.481156573211829e-17,combined_max_sharpe
2021-04-01,XRP-USD,0.0,combined_max_sharpe
2021-05-03,XRP-USD,0.0,combined_max_sharpe
2021-06-01,XRP-USD,0.0,combined_max_sharpe
2021-07-01,XRP-USD,1.593386339904652e-17,combined_max_sharpe
2021-08-02,XRP-USD,1.2196953568658975e-16,combined_max_sharpe
2021-09-01,XRP-USD,2.964542115121039e-17,combined_max_sharpe
2021-10-01,XRP-USD,1.5646033326439039e-16,combined_max_sharpe
2021-11-01,XRP-USD,0.0,combined_max_sharpe
2021-12-01,XRP-USD,0.0,combined_max_sharpe
2022-01-03,XRP-USD,1.2924454384474843e-16,combined_max_sharpe
2022-02-01,XRP-USD,8.880436704237221e-17,combined_max_sharpe
2022-03-01,XRP-USD,0.0,combined_max_sharpe
2022-04-01,XRP-USD,2.940738243028122e-16,combined_max_sharpe
2022-05-02,XRP-USD,2.312082641285785e-16,combined_max_sharpe
2022-06-01,XRP-USD,0.0,combined_max_sharpe
2022-07-01,XRP-USD,0.0,combined_max_sharpe
2022-08-01,XRP-USD,9.275007403760879e-17,combined_max_sharpe
2022-09-01,XRP-USD,3.937060429661928e-16,combined_max_sharpe
2022-10-03,XRP-USD,0.0,combined_max_sharpe
2022-11-01,XRP-USD,3.982247319545593e-16,combined_max_sharpe
2022-12-01,XRP-USD,0.0,combined_max_sharpe
2023-01-03,XRP-USD,1.999546278653909e-17,combined_max_sharpe
2023-02-01,XRP-USD,0.0,combined_max_sharpe
2023-03-01,XRP-USD,1.479082361886233e-16,combined_max_sharpe
2023-04-03,XRP-USD,0.0,combined_max_sharpe
2023-05-01,XRP-USD,8.418815770609803e-16,combined_max_sharpe
2023-06-01,XRP-USD,0.09467621048396581,combined_max_sharpe
2023-07-03,XRP-USD,0.021245969669754106,combined_max_sharpe
2023-08-01,XRP-USD,0.05579559389733249,combined_max_sharpe
2023-09-01,XRP-USD,0.03270692135598742,combined_max_sharpe
2023-10-02,XRP-USD,0.0021255760737029306,combined_max_sharpe
2023-11-01,XRP-USD,0.008256806889948367,combined_max_sharpe
2023-12-01,XRP-USD,3.737650111797155e-17,combined_max_sharpe
2021-01-04,ABBV,0.016666666666666666,combined_risk_parity
2021-02-01,ABBV,0.016666666666666666,combined_risk_parity
2021-03-01,ABBV,0.016666666666666666,combined_risk_parity
2021-04-01,ABBV,0.016666666666666666,combined_risk_parity
2021-05-03,ABBV,0.016666666666666666,combined_risk_parity
2021-06-01,ABBV,0.016666666666666666,combined_risk_parity
2021-07-01,ABBV,0.016666666666666666,combined_risk_parity
2021-08-02,ABBV,0.016666666666666666,combined_risk_parity
2021-09-01,ABBV,0.016666666666666666,combined_risk_parity
2021-10-01,ABBV,0.016666666666666666,combined_risk_parity
2021-11-01,ABBV,0.016666666666666666,combined_risk_parity
2021-12-01,ABBV,0.016666666666666666,combined_risk_parity
2022-01-03,ABBV,0.016666666666666666,combined_risk_parity
2022-02-01,ABBV,0.016666666666666666,combined_risk_parity
2022-03-01,ABBV,0.016666666666666666,combined_risk_parity
2022-04-01,ABBV,0.016666666666666666,combined_risk_parity
2022-05-02,ABBV,0.016666666666666666,combined_risk_parity
2022-06-01,ABBV,0.016666666666666666,combined_risk_parity
2022-07-01,ABBV,0.016666666666666666,combined_risk_parity
2022-08-01,ABBV,0.016666666666666666,combined_risk_parity
2022-09-01,ABBV,0.016666666666666666,combined_risk_parity
2022-10-03,ABBV,0.016666666666666666,combined_risk_parity
2022-11-01,ABBV,0.016666666666666666,combined_risk_parity
2022-12-01,ABBV,0.016666666666666666,combined_risk_parity
2023-01-03,ABBV,0.016666666666666666,combined_risk_parity
2023-02-01,ABBV,0.016666666666666666,combined_risk_parity
2023-03-01,ABBV,0.016666666666666666,combined_risk_parity
2023-04-03,ABBV,0.016666666666666666,combined_risk_parity
2023-05-01,ABBV,0.016666666666666666,combined_risk_parity
2023-06-01,ABBV,0.016666666666666666,combined_risk_parity
2023-07-03,ABBV,0.016666666666666666,combined_risk_parity
2023-08-01,ABBV,0.016666666666666666,combined_risk_parity
2023-09-01,ABBV,0.016666666666666666,combined_risk_parity
2023-10-02,ABBV,0.016666666666666666,combined_risk_parity
2023-11-01,ABBV,0.016666666666666666,combined_risk_parity
2023-12-01,ABBV,0.016666666666666666,combined_risk_parity
2021-01-04,ABT,0.016666666666666666,combined_risk_parity
2021-02-01,ABT,0.016666666666666666,combined_risk_parity
2021-03-01,ABT,0.016666666666666666,combined_risk_parity
2021-04-01,ABT,0.016666666666666666,combined_risk_parity
2021-05-03,ABT,0.016666666666666666,combined_risk_parity
2021-06-01,ABT,0.016666666666666666,combined_risk_parity
2021-07-01,ABT,0.016666666666666666,combined_risk_parity
2021-08-02,ABT,0.016666666666666666,combined_risk_parity
2021-09-01,ABT,0.016666666666666666,combined_risk_parity
2021-10-01,ABT,0.016666666666666666,combined_risk_parity
2021-11-01,ABT,0.016666666666666666,combined_risk_parity
2021-12-01,ABT,0.016666666666666666,combined_risk_parity
2022-01-03,ABT,0.016666666666666666,combined_risk_parity
2022-02-01,ABT,0.016666666666666666,combined_risk_parity
2022-03-01,ABT,0.016666666666666666,combined_risk_parity
2022-04-01,ABT,0.016666666666666666,combined_risk_parity
2022-05-02,ABT,0.016666666666666666,combined_risk_parity
2022-06-01,ABT,0.016666666666666666,combined_risk_parity
2022-07-01,ABT,0.016666666666666666,combined_risk_parity
2022-08-01,ABT,0.016666666666666666,combined_risk_parity
2022-09-01,ABT,0.016666666666666666,combined_risk_parity
2022-10-03,ABT,0.016666666666666666,combined_risk_parity
2022-11-01,ABT,0.016666666666666666,combined_risk_parity
2022-12-01,ABT,0.016666666666666666,combined_risk_parity
2023-01-03,ABT,0.016666666666666666,combined_risk_parity
2023-02-01,ABT,0.016666666666666666,combined_risk_parity
2023-03-01,ABT,0.016666666666666666,combined_risk_parity
2023-04-03,ABT,0.016666666666666666,combined_risk_parity
2023-05-01,ABT,0.016666666666666666,combined_risk_parity
2023-06-01,ABT,0.016666666666666666,combined_risk_parity
2023-07-03,ABT,0.016666666666666666,combined_risk_parity
2023-08-01,ABT,0.016666666666666666,combined_risk_parity
2023-09-01,ABT,0.016666666666666666,combined_risk_parity
2023-10-02,ABT,0.016666666666666666,combined_risk_parity
2023-11-01,ABT,0.016666666666666666,combined_risk_parity
2023-12-01,ABT,0.016666666666666666,combined_risk_parity
2021-01-04,ADA-USD,0.016666666666666666,combined_risk_parity
2021-02-01,ADA-USD,0.016666666666666666,combined_risk_parity
2021-03-01,ADA-USD,0.016666666666666666,combined_risk_parity
2021-04-01,ADA-USD,0.016666666666666666,combined_risk_parity
2021-05-03,ADA-USD,0.016666666666666666,combined_risk_parity
2021-06-01,ADA-USD,0.016666666666666666,combined_risk_parity
2021-07-01,ADA-USD,0.016666666666666666,combined_risk_parity
2021-08-02,ADA-USD,0.016666666666666666,combined_risk_parity
2021-09-01,ADA-USD,0.016666666666666666,combined_risk_parity
2021-10-01,ADA-USD,0.016666666666666666,combined_risk_parity
2021-11-01,ADA-USD,0.016666666666666666,combined_risk_parity
2021-12-01,ADA-USD,0.016666666666666666,combined_risk_parity
2022-01-03,ADA-USD,0.016666666666666666,combined_risk_parity
2022-02-01,ADA-USD,0.016666666666666666,combined_risk_parity
2022-03-01,ADA-USD,0.016666666666666666,combined_risk_parity
2022-04-01,ADA-USD,0.016666666666666666,combined_risk_parity
2022-05-02,ADA-USD,0.016666666666666666,combined_risk_parity
2022-06-01,ADA-USD,0.016666666666666666,combined_risk_parity
2022-07-01,ADA-USD,0.016666666666666666,combined_risk_parity
2022-08-01,ADA-USD,0.016666666666666666,combined_risk_parity
2022-09-01,ADA-USD,0.016666666666666666,combined_risk_parity
2022-10-03,ADA-USD,0.016666666666666666,combined_risk_parity
2022-11-01,ADA-USD,0.016666666666666666,combined_risk_parity
2022-12-01,ADA-USD,0.016666666666666666,combined_risk_parity
2023-01-03,ADA-USD,0.016666666666666666,combined_risk_parity
2023-02-01,ADA-USD,0.016666666666666666,combined_risk_parity
2023-03-01,ADA-USD,0.016666666666666666,combined_risk_parity
2023-04-03,ADA-USD,0.016666666666666666,combined_risk_parity
2023-05-01,ADA-USD,0.016666666666666666,combined_risk_parity
2023-06-01,ADA-USD,0.016666666666666666,combined_risk_parity
2023-07-03,ADA-USD,0.016666666666666666,combined_risk_parity
2023-08-01,ADA-USD,0.016666666666666666,combined_risk_parity
2023-09-01,ADA-USD,0.016666666666666666,combined_risk_parity
2023-10-02,ADA-USD,0.016666666666666666,combined_risk_parity
2023-11-01,ADA-USD,0.016666666666666666,combined_risk_parity
2023-12-01,ADA-USD,0.016666666666666666,combined_risk_parity
2021-01-04,ADBE,0.016666666666666666,combined_risk_parity
2021-02-01,ADBE,0.016666666666666666,combined_risk_parity
2021-03-01,ADBE,0.016666666666666666,combined_risk_parity
2021-04-01,ADBE,0.016666666666666666,combined_risk_parity
2021-05-03,ADBE,0.016666666666666666,combined_risk_parity
2021-06-01,ADBE,0.016666666666666666,combined_risk_parity
2021-07-01,ADBE,0.016666666666666666,combined_risk_parity
2021-08-02,ADBE,0.016666666666666666,combined_risk_parity
2021-09-01,ADBE,0.016666666666666666,combined_risk_parity
2021-10-01,ADBE,0.016666666666666666,combined_risk_parity
2021-11-01,ADBE,0.016666666666666666,combined_risk_parity
2021-12-01,ADBE,0.016666666666666666,combined_risk_parity
2022-01-03,ADBE,0.016666666666666666,combined_risk_parity
2022-02-01,ADBE,0.016666666666666666,combined_risk_parity
2022-03-01,ADBE,0.016666666666666666,combined_risk_parity
2022-04-01,ADBE,0.016666666666666666,combined_risk_parity
2022-05-02,ADBE,0.016666666666666666,combined_risk_parity
2022-06-01,ADBE,0.016666666666666666,combined_risk_parity
2022-07-01,ADBE,0.016666666666666666,combined_risk_parity
2022-08-01,ADBE,0.016666666666666666,combined_risk_parity
2022-09-01,ADBE,0.016666666666666666,combined_risk_parity
2022-10-03,ADBE,0.016666666666666666,combined_risk_parity
2022-11-01,ADBE,0.016666666666666666,combined_risk_parity
2022-12-01,ADBE,0.016666666666666666,combined_risk_parity
2023-01-03,ADBE,0.016666666666666666,combined_risk_parity
2023-02-01,ADBE,0.016666666666666666,combined_risk_parity
2023-03-01,ADBE,0.016666666666666666,combined_risk_parity
2023-04-03,ADBE,0.016666666666666666,combined_risk_parity
2023-05-01,ADBE,0.016666666666666666,combined_risk_parity
2023-06-01,ADBE,0.016666666666666666,combined_risk_parity
2023-07-03,ADBE,0.016666666666666666,combined_risk_parity
2023-08-01,ADBE,0.016666666666666666,combined_risk_parity
2023-09-01,ADBE,0.016666666666666666,combined_risk_parity
2023-10-02,ADBE,0.016666666666666666,combined_risk_parity
2023-11-01,ADBE,0.016666666666666666,combined_risk_parity
2023-12-01,ADBE,0.016666666666666666,combined_risk_parity
2021-01-04,AEP,0.016666666666666666,combined_risk_parity
2021-02-01,AEP,0.016666666666666666,combined_risk_parity
2021-03-01,AEP,0.016666666666666666,combined_risk_parity
2021-04-01,AEP,0.016666666666666666,combined_risk_parity
2021-05-03,AEP,0.016666666666666666,combined_risk_parity
2021-06-01,AEP,0.016666666666666666,combined_risk_parity
2021-07-01,AEP,0.016666666666666666,combined_risk_parity
2021-08-02,AEP,0.016666666666666666,combined_risk_parity
2021-09-01,AEP,0.016666666666666666,combined_risk_parity
2021-10-01,AEP,0.016666666666666666,combined_risk_parity
2021-11-01,AEP,0.016666666666666666,combined_risk_parity
2021-12-01,AEP,0.016666666666666666,combined_risk_parity
2022-01-03,AEP,0.016666666666666666,combined_risk_parity
2022-02-01,AEP,0.016666666666666666,combined_risk_parity
2022-03-01,AEP,0.016666666666666666,combined_risk_parity
2022-04-01,AEP,0.016666666666666666,combined_risk_parity
2022-05-02,AEP,0.016666666666666666,combined_risk_parity
2022-06-01,AEP,0.016666666666666666,combined_risk_parity
2022-07-01,AEP,0.016666666666666666,combined_risk_parity
2022-08-01,AEP,0.016666666666666666,combined_risk_parity
2022-09-01,AEP,0.016666666666666666,combined_risk_parity
2022-10-03,AEP,0.016666666666666666,combined_risk_parity
2022-11-01,AEP,0.016666666666666666,combined_risk_parity
2022-12-01,AEP,0.016666666666666666,combined_risk_parity
2023-01-03,AEP,0.016666666666666666,combined_risk_parity
2023-02-01,AEP,0.016666666666666666,combined_risk_parity
2023-03-01,AEP,0.016666666666666666,combined_risk_parity
2023-04-03,AEP,0.016666666666666666,combined_risk_parity
2023-05-01,AEP,0.016666666666666666,combined_risk_parity
2023-06-01,AEP,0.016666666666666666,combined_risk_parity
2023-07-03,AEP,0.016666666666666666,combined_risk_parity
2023-08-01,AEP,0.016666666666666666,combined_risk_parity
2023-09-01,AEP,0.016666666666666666,combined_risk_parity
2023-10-02,AEP,0.016666666666666666,combined_risk_parity
2023-11-01,AEP,0.016666666666666666,combined_risk_parity
2023-12-01,AEP,0.016666666666666666,combined_risk_parity
2021-01-04,AMD,0.016666666666666666,combined_risk_parity
2021-02-01,AMD,0.016666666666666666,combined_risk_parity
2021-03-01,AMD,0.016666666666666666,combined_risk_parity
2021-04-01,AMD,0.016666666666666666,combined_risk_parity
2021-05-03,AMD,0.016666666666666666,combined_risk_parity
2021-06-01,AMD,0.016666666666666666,combined_risk_parity
2021-07-01,AMD,0.016666666666666666,combined_risk_parity
2021-08-02,AMD,0.016666666666666666,combined_risk_parity
2021-09-01,AMD,0.016666666666666666,combined_risk_parity
2021-10-01,AMD,0.016666666666666666,combined_risk_parity
2021-11-01,AMD,0.016666666666666666,combined_risk_parity
2021-12-01,AMD,0.016666666666666666,combined_risk_parity
2022-01-03,AMD,0.016666666666666666,combined_risk_parity
2022-02-01,AMD,0.016666666666666666,combined_risk_parity
2022-03-01,AMD,0.016666666666666666,combined_risk_parity
2022-04-01,AMD,0.016666666666666666,combined_risk_parity
2022-05-02,AMD,0.016666666666666666,combined_risk_parity
2022-06-01,AMD,0.016666666666666666,combined_risk_parity
2022-07-01,AMD,0.016666666666666666,combined_risk_parity
2022-08-01,AMD,0.016666666666666666,combined_risk_parity
2022-09-01,AMD,0.016666666666666666,combined_risk_parity
2022-10-03,AMD,0.016666666666666666,combined_risk_parity
2022-11-01,AMD,0.016666666666666666,combined_risk_parity
2022-12-01,AMD,0.016666666666666666,combined_risk_parity
2023-01-03,AMD,0.016666666666666666,combined_risk_parity
2023-02-01,AMD,0.016666666666666666,combined_risk_parity
2023-03-01,AMD,0.016666666666666666,combined_risk_parity
2023-04-03,AMD,0.016666666666666666,combined_risk_parity
2023-05-01,AMD,0.016666666666666666,combined_risk_parity
2023-06-01,AMD,0.016666666666666666,combined_risk_parity
2023-07-03,AMD,0.016666666666666666,combined_risk_parity
2023-08-01,AMD,0.016666666666666666,combined_risk_parity
2023-09-01,AMD,0.016666666666666666,combined_risk_parity
2023-10-02,AMD,0.016666666666666666,combined_risk_parity
2023-11-01,AMD,0.016666666666666666,combined_risk_parity
2023-12-01,AMD,0.016666666666666666,combined_risk_parity
2021-01-04,AMGN,0.016666666666666666,combined_risk_parity
2021-02-01,AMGN,0.016666666666666666,combined_risk_parity
2021-03-01,AMGN,0.016666666666666666,combined_risk_parity
2021-04-01,AMGN,0.016666666666666666,combined_risk_parity
2021-05-03,AMGN,0.016666666666666666,combined_risk_parity
2021-06-01,AMGN,0.016666666666666666,combined_risk_parity
2021-07-01,AMGN,0.016666666666666666,combined_risk_parity
2021-08-02,AMGN,0.016666666666666666,combined_risk_parity
2021-09-01,AMGN,0.016666666666666666,combined_risk_parity
2021-10-01,AMGN,0.016666666666666666,combined_risk_parity
2021-11-01,AMGN,0.016666666666666666,combined_risk_parity
2021-12-01,AMGN,0.016666666666666666,combined_risk_parity
2022-01-03,AMGN,0.016666666666666666,combined_risk_parity
2022-02-01,AMGN,0.016666666666666666,combined_risk_parity
2022-03-01,AMGN,0.016666666666666666,combined_risk_parity
2022-04-01,AMGN,0.016666666666666666,combined_risk_parity
2022-05-02,AMGN,0.016666666666666666,combined_risk_parity
2022-06-01,AMGN,0.016666666666666666,combined_risk_parity
2022-07-01,AMGN,0.016666666666666666,combined_risk_parity
2022-08-01,AMGN,0.016666666666666666,combined_risk_parity
2022-09-01,AMGN,0.016666666666666666,combined_risk_parity
2022-10-03,AMGN,0.016666666666666666,combined_risk_parity
2022-11-01,AMGN,0.016666666666666666,combined_risk_parity
2022-12-01,AMGN,0.016666666666666666,combined_risk_parity
2023-01-03,AMGN,0.016666666666666666,combined_risk_parity
2023-02-01,AMGN,0.016666666666666666,combined_risk_parity
2023-03-01,AMGN,0.016666666666666666,combined_risk_parity
2023-04-03,AMGN,0.016666666666666666,combined_risk_parity
2023-05-01,AMGN,0.016666666666666666,combined_risk_parity
2023-06-01,AMGN,0.016666666666666666,combined_risk_parity
2023-07-03,AMGN,0.016666666666666666,combined_risk_parity
2023-08-01,AMGN,0.016666666666666666,combined_risk_parity
2023-09-01,AMGN,0.016666666666666666,combined_risk_parity
2023-10-02,AMGN,0.016666666666666666,combined_risk_parity
2023-11-01,AMGN,0.016666666666666666,combined_risk_parity
2023-12-01,AMGN,0.016666666666666666,combined_risk_parity
2021-01-04,AMT,0.016666666666666666,combined_risk_parity
2021-02-01,AMT,0.016666666666666666,combined_risk_parity
2021-03-01,AMT,0.016666666666666666,combined_risk_parity
2021-04-01,AMT,0.016666666666666666,combined_risk_parity
2021-05-03,AMT,0.016666666666666666,combined_risk_parity
2021-06-01,AMT,0.016666666666666666,combined_risk_parity
2021-07-01,AMT,0.016666666666666666,combined_risk_parity
2021-08-02,AMT,0.016666666666666666,combined_risk_parity
2021-09-01,AMT,0.016666666666666666,combined_risk_parity
2021-10-01,AMT,0.016666666666666666,combined_risk_parity
2021-11-01,AMT,0.016666666666666666,combined_risk_parity
2021-12-01,AMT,0.016666666666666666,combined_risk_parity
2022-01-03,AMT,0.016666666666666666,combined_risk_parity
2022-02-01,AMT,0.016666666666666666,combined_risk_parity
2022-03-01,AMT,0.016666666666666666,combined_risk_parity
2022-04-01,AMT,0.016666666666666666,combined_risk_parity
2022-05-02,AMT,0.016666666666666666,combined_risk_parity
2022-06-01,AMT,0.016666666666666666,combined_risk_parity
2022-07-01,AMT,0.016666666666666666,combined_risk_parity
2022-08-01,AMT,0.016666666666666666,combined_risk_parity
2022-09-01,AMT,0.016666666666666666,combined_risk_parity
2022-10-03,AMT,0.016666666666666666,combined_risk_parity
2022-11-01,AMT,0.016666666666666666,combined_risk_parity
2022-12-01,AMT,0.016666666666666666,combined_risk_parity
2023-01-03,AMT,0.016666666666666666,combined_risk_parity
2023-02-01,AMT,0.016666666666666666,combined_risk_parity
2023-03-01,AMT,0.016666666666666666,combined_risk_parity
2023-04-03,AMT,0.016666666666666666,combined_risk_parity
2023-05-01,AMT,0.016666666666666666,combined_risk_parity
2023-06-01,AMT,0.016666666666666666,combined_risk_parity
2023-07-03,AMT,0.016666666666666666,combined_risk_parity
2023-08-01,AMT,0.016666666666666666,combined_risk_parity
2023-09-01,AMT,0.016666666666666666,combined_risk_parity
2023-10-02,AMT,0.016666666666666666,combined_risk_parity
2023-11-01,AMT,0.016666666666666666,combined_risk_parity
2023-12-01,AMT,0.016666666666666666,combined_risk_parity
2021-01-04,BA,0.016666666666666666,combined_risk_parity
2021-02-01,BA,0.016666666666666666,combined_risk_parity
2021-03-01,BA,0.016666666666666666,combined_risk_parity
2021-04-01,BA,0.016666666666666666,combined_risk_parity
2021-05-03,BA,0.016666666666666666,combined_risk_parity
2021-06-01,BA,0.016666666666666666,combined_risk_parity
2021-07-01,BA,0.016666666666666666,combined_risk_parity
2021-08-02,BA,0.016666666666666666,combined_risk_parity
2021-09-01,BA,0.016666666666666666,combined_risk_parity
2021-10-01,BA,0.016666666666666666,combined_risk_parity
2021-11-01,BA,0.016666666666666666,combined_risk_parity
2021-12-01,BA,0.016666666666666666,combined_risk_parity
2022-01-03,BA,0.016666666666666666,combined_risk_parity
2022-02-01,BA,0.016666666666666666,combined_risk_parity
2022-03-01,BA,0.016666666666666666,combined_risk_parity
2022-04-01,BA,0.016666666666666666,combined_risk_parity
2022-05-02,BA,0.016666666666666666,combined_risk_parity
2022-06-01,BA,0.016666666666666666,combined_risk_parity
2022-07-01,BA,0.016666666666666666,combined_risk_parity
2022-08-01,BA,0.016666666666666666,combined_risk_parity
2022-09-01,BA,0.016666666666666666,combined_risk_parity
2022-10-03,BA,0.016666666666666666,combined_risk_parity
2022-11-01,BA,0.016666666666666666,combined_risk_parity
2022-12-01,BA,0.016666666666666666,combined_risk_parity
2023-01-03,BA,0.016666666666666666,combined_risk_parity
2023-02-01,BA,0.016666666666666666,combined_risk_parity
2023-03-01,BA,0.016666666666666666,combined_risk_parity
2023-04-03,BA,0.016666666666666666,combined_risk_parity
2023-05-01,BA,0.016666666666666666,combined_risk_parity
2023-06-01,BA,0.016666666666666666,combined_risk_parity
2023-07-03,BA,0.016666666666666666,combined_risk_parity
2023-08-01,BA,0.016666666666666666,combined_risk_parity
2023-09-01,BA,0.016666666666666666,combined_risk_parity
2023-10-02,BA,0.016666666666666666,combined_risk_parity
2023-11-01,BA,0.016666666666666666,combined_risk_parity
2023-12-01,BA,0.016666666666666666,combined_risk_parity
2021-01-04,BCH-USD,0.016666666666666666,combined_risk_parity
2021-02-01,BCH-USD,0.016666666666666666,combined_risk_parity
2021-03-01,BCH-USD,0.016666666666666666,combined_risk_parity
2021-04-01,BCH-USD,0.016666666666666666,combined_risk_parity
2021-05-03,BCH-USD,0.016666666666666666,combined_risk_parity
2021-06-01,BCH-USD,0.016666666666666666,combined_risk_parity
2021-07-01,BCH-USD,0.016666666666666666,combined_risk_parity
2021-08-02,BCH-USD,0.016666666666666666,combined_risk_parity
2021-09-01,BCH-USD,0.016666666666666666,combined_risk_parity
2021-10-01,BCH-USD,0.016666666666666666,combined_risk_parity
2021-11-01,BCH-USD,0.016666666666666666,combined_risk_parity
2021-12-01,BCH-USD,0.016666666666666666,combined_risk_parity
2022-01-03,BCH-USD,0.016666666666666666,combined_risk_parity
2022-02-01,BCH-USD,0.016666666666666666,combined_risk_parity
2022-03-01,BCH-USD,0.016666666666666666,combined_risk_parity
2022-04-01,BCH-USD,0.016666666666666666,combined_risk_parity
2022-05-02,BCH-USD,0.016666666666666666,combined_risk_parity
2022-06-01,BCH-USD,0.016666666666666666,combined_risk_parity
2022-07-01,BCH-USD,0.016666666666666666,combined_risk_parity
2022-08-01,BCH-USD,0.016666666666666666,combined_risk_parity
2022-09-01,BCH-USD,0.016666666666666666,combined_risk_parity
2022-10-03,BCH-USD,0.016666666666666666,combined_risk_parity
2022-11-01,BCH-USD,0.016666666666666666,combined_risk_parity
2022-12-01,BCH-USD,0.016666666666666666,combined_risk_parity
2023-01-03,BCH-USD,0.016666666666666666,combined_risk_parity
2023-02-01,BCH-USD,0.016666666666666666,combined_risk_parity
2023-03-01,BCH-USD,0.016666666666666666,combined_risk_parity
2023-04-03,BCH-USD,0.016666666666666666,combined_risk_parity
2023-05-01,BCH-USD,0.016666666666666666,combined_risk_parity
2023-06-01,BCH-USD,0.016666666666666666,combined_risk_parity
2023-07-03,BCH-USD,0.016666666666666666,combined_risk_parity
2023-08-01,BCH-USD,0.016666666666666666,combined_risk_parity
2023-09-01,BCH-USD,0.016666666666666666,combined_risk_parity
2023-10-02,BCH-USD,0.016666666666666666,combined_risk_parity
2023-11-01,BCH-USD,0.016666666666666666,combined_risk_parity
2023-12-01,BCH-USD,0.016666666666666666,combined_risk_parity
2021-01-04,BTC-USD,0.016666666666666666,combined_risk_parity
2021-02-01,BTC-USD,0.016666666666666666,combined_risk_parity
2021-03-01,BTC-USD,0.016666666666666666,combined_risk_parity
2021-04-01,BTC-USD,0.016666666666666666,combined_risk_parity
2021-05-03,BTC-USD,0.016666666666666666,combined_risk_parity
2021-06-01,BTC-USD,0.016666666666666666,combined_risk_parity
2021-07-01,BTC-USD,0.016666666666666666,combined_risk_parity
2021-08-02,BTC-USD,0.016666666666666666,combined_risk_parity
2021-09-01,BTC-USD,0.016666666666666666,combined_risk_parity
2021-10-01,BTC-USD,0.016666666666666666,combined_risk_parity
2021-11-01,BTC-USD,0.016666666666666666,combined_risk_parity
2021-12-01,BTC-USD,0.016666666666666666,combined_risk_parity
2022-01-03,BTC-USD,0.016666666666666666,combined_risk_parity
2022-02-01,BTC-USD,0.016666666666666666,combined_risk_parity
2022-03-01,BTC-USD,0.016666666666666666,combined_risk_parity
2022-04-01,BTC-USD,0.016666666666666666,combined_risk_parity
2022-05-02,BTC-USD,0.016666666666666666,combined_risk_parity
2022-06-01,BTC-USD,0.016666666666666666,combined_risk_parity
2022-07-01,BTC-USD,0.016666666666666666,combined_risk_parity
2022-08-01,BTC-USD,0.016666666666666666,combined_risk_parity
2022-09-01,BTC-USD,0.016666666666666666,combined_risk_parity
2022-10-03,BTC-USD,0.016666666666666666,combined_risk_parity
2022-11-01,BTC-USD,0.016666666666666666,combined_risk_parity
2022-12-01,BTC-USD,0.016666666666666666,combined_risk_parity
2023-01-03,BTC-USD,0.016666666666666666,combined_risk_parity
2023-02-01,BTC-USD,0.016666666666666666,combined_risk_parity
2023-03-01,BTC-USD,0.016666666666666666,combined_risk_parity
2023-04-03,BTC-USD,0.016666666666666666,combined_risk_parity
2023-05-01,BTC-USD,0.016666666666666666,combined_risk_parity
2023-06-01,BTC-USD,0.016666666666666666,combined_risk_parity
2023-07-03,BTC-USD,0.016666666666666666,combined_risk_parity
2023-08-01,BTC-USD,0.016666666666666666,combined_risk_parity
2023-09-01,BTC-USD,0.016666666666666666,combined_risk_parity
2023-10-02,BTC-USD,0.016666666666666666,combined_risk_parity
2023-11-01,BTC-USD,0.016666666666666666,combined_risk_parity
2023-12-01,BTC-USD,0.016666666666666666,combined_risk_parity
2021-01-04,CAT,0.016666666666666666,combined_risk_parity
2021-02-01,CAT,0.016666666666666666,combined_risk_parity
2021-03-01,CAT,0.016666666666666666,combined_risk_parity
2021-04-01,CAT,0.016666666666666666,combined_risk_parity
2021-05-03,CAT,0.016666666666666666,combined_risk_parity
2021-06-01,CAT,0.016666666666666666,combined_risk_parity
2021-07-01,CAT,0.016666666666666666,combined_risk_parity
2021-08-02,CAT,0.016666666666666666,combined_risk_parity
2021-09-01,CAT,0.016666666666666666,combined_risk_parity
2021-10-01,CAT,0.016666666666666666,combined_risk_parity
2021-11-01,CAT,0.016666666666666666,combined_risk_parity
2021-12-01,CAT,0.016666666666666666,combined_risk_parity
2022-01-03,CAT,0.016666666666666666,combined_risk_parity
2022-02-01,CAT,0.016666666666666666,combined_risk_parity
2022-03-01,CAT,0.016666666666666666,combined_risk_parity
2022-04-01,CAT,0.016666666666666666,combined_risk_parity
2022-05-02,CAT,0.016666666666666666,combined_risk_parity
2022-06-01,CAT,0.016666666666666666,combined_risk_parity
2022-07-01,CAT,0.016666666666666666,combined_risk_parity
2022-08-01,CAT,0.016666666666666666,combined_risk_parity
2022-09-01,CAT,0.016666666666666666,combined_risk_parity
2022-10-03,CAT,0.016666666666666666,combined_risk_parity
2022-11-01,CAT,0.016666666666666666,combined_risk_parity
2022-12-01,CAT,0.016666666666666666,combined_risk_parity
2023-01-03,CAT,0.016666666666666666,combined_risk_parity
2023-02-01,CAT,0.016666666666666666,combined_risk_parity
2023-03-01,CAT,0.016666666666666666,combined_risk_parity
2023-04-03,CAT,0.016666666666666666,combined_risk_parity
2023-05-01,CAT,0.016666666666666666,combined_risk_parity
2023-06-01,CAT,0.016666666666666666,combined_risk_parity
2023-07-03,CAT,0.016666666666666666,combined_risk_parity
2023-08-01,CAT,0.016666666666666666,combined_risk_parity
2023-09-01,CAT,0.016666666666666666,combined_risk_parity
2023-10-02,CAT,0.016666666666666666,combined_risk_parity
2023-11-01,CAT,0.016666666666666666,combined_risk_parity
2023-12-01,CAT,0.016666666666666666,combined_risk_parity
2021-01-04,CCI,0.016666666666666666,combined_risk_parity
2021-02-01,CCI,0.016666666666666666,combined_risk_parity
2021-03-01,CCI,0.016666666666666666,combined_risk_parity
2021-04-01,CCI,0.016666666666666666,combined_risk_parity
2021-05-03,CCI,0.016666666666666666,combined_risk_parity
2021-06-01,CCI,0.016666666666666666,combined_risk_parity
2021-07-01,CCI,0.016666666666666666,combined_risk_parity
2021-08-02,CCI,0.016666666666666666,combined_risk_parity
2021-09-01,CCI,0.016666666666666666,combined_risk_parity
2021-10-01,CCI,0.016666666666666666,combined_risk_parity
2021-11-01,CCI,0.016666666666666666,combined_risk_parity
2021-12-01,CCI,0.016666666666666666,combined_risk_parity
2022-01-03,CCI,0.016666666666666666,combined_risk_parity
2022-02-01,CCI,0.016666666666666666,combined_risk_parity
2022-03-01,CCI,0.016666666666666666,combined_risk_parity
2022-04-01,CCI,0.016666666666666666,combined_risk_parity
2022-05-02,CCI,0.016666666666666666,combined_risk_parity
2022-06-01,CCI,0.016666666666666666,combined_risk_parity
2022-07-01,CCI,0.016666666666666666,combined_risk_parity
2022-08-01,CCI,0.016666666666666666,combined_risk_parity
2022-09-01,CCI,0.016666666666666666,combined_risk_parity
2022-10-03,CCI,0.016666666666666666,combined_risk_parity
2022-11-01,CCI,0.016666666666666666,combined_risk_parity
2022-12-01,CCI,0.016666666666666666,combined_risk_parity
2023-01-03,CCI,0.016666666666666666,combined_risk_parity
2023-02-01,CCI,0.016666666666666666,combined_risk_parity
2023-03-01,CCI,0.016666666666666666,combined_risk_parity
2023-04-03,CCI,0.016666666666666666,combined_risk_parity
2023-05-01,CCI,0.016666666666666666,combined_risk_parity
2023-06-01,CCI,0.016666666666666666,combined_risk_parity
2023-07-03,CCI,0.016666666666666666,combined_risk_parity
2023-08-01,CCI,0.016666666666666666,combined_risk_parity
2023-09-01,CCI,0.016666666666666666,combined_risk_parity
2023-10-02,CCI,0.016666666666666666,combined_risk_parity
2023-11-01,CCI,0.016666666666666666,combined_risk_parity
2023-12-01,CCI,0.016666666666666666,combined_risk_parity
2021-01-04,CMCSA,0.016666666666666666,combined_risk_parity
2021-02-01,CMCSA,0.016666666666666666,combined_risk_parity
2021-03-01,CMCSA,0.016666666666666666,combined_risk_parity
2021-04-01,CMCSA,0.016666666666666666,combined_risk_parity
2021-05-03,CMCSA,0.016666666666666666,combined_risk_parity
2021-06-01,CMCSA,0.016666666666666666,combined_risk_parity
2021-07-01,CMCSA,0.016666666666666666,combined_risk_parity
2021-08-02,CMCSA,0.016666666666666666,combined_risk_parity
2021-09-01,CMCSA,0.016666666666666666,combined_risk_parity
2021-10-01,CMCSA,0.016666666666666666,combined_risk_parity
2021-11-01,CMCSA,0.016666666666666666,combined_risk_parity
2021-12-01,CMCSA,0.016666666666666666,combined_risk_parity
2022-01-03,CMCSA,0.016666666666666666,combined_risk_parity
2022-02-01,CMCSA,0.016666666666666666,combined_risk_parity
2022-03-01,CMCSA,0.016666666666666666,combined_risk_parity
2022-04-01,CMCSA,0.016666666666666666,combined_risk_parity
2022-05-02,CMCSA,0.016666666666666666,combined_risk_parity
2022-06-01,CMCSA,0.016666666666666666,combined_risk_parity
2022-07-01,CMCSA,0.016666666666666666,combined_risk_parity
2022-08-01,CMCSA,0.016666666666666666,combined_risk_parity
2022-09-01,CMCSA,0.016666666666666666,combined_risk_parity
2022-10-03,CMCSA,0.016666666666666666,combined_risk_parity
2022-11-01,CMCSA,0.016666666666666666,combined_risk_parity
2022-12-01,CMCSA,0.016666666666666666,combined_risk_parity
2023-01-03,CMCSA,0.016666666666666666,combined_risk_parity
2023-02-01,CMCSA,0.016666666666666666,combined_risk_parity
2023-03-01,CMCSA,0.016666666666666666,combined_risk_parity
2023-04-03,CMCSA,0.016666666666666666,combined_risk_parity
2023-05-01,CMCSA,0.016666666666666666,combined_risk_parity
2023-06-01,CMCSA,0.016666666666666666,combined_risk_parity
2023-07-03,CMCSA,0.016666666666666666,combined_risk_parity
2023-08-01,CMCSA,0.016666666666666666,combined_risk_parity
2023-09-01,CMCSA,0.016666666666666666,combined_risk_parity
2023-10-02,CMCSA,0.016666666666666666,combined_risk_parity
2023-11-01,CMCSA,0.016666666666666666,combined_risk_parity
2023-12-01,CMCSA,0.016666666666666666,combined_risk_parity
2021-01-04,COP,0.016666666666666666,combined_risk_parity
2021-02-01,COP,0.016666666666666666,combined_risk_parity
2021-03-01,COP,0.016666666666666666,combined_risk_parity
2021-04-01,COP,0.016666666666666666,combined_risk_parity
2021-05-03,COP,0.016666666666666666,combined_risk_parity
2021-06-01,COP,0.016666666666666666,combined_risk_parity
2021-07-01,COP,0.016666666666666666,combined_risk_parity
2021-08-02,COP,0.016666666666666666,combined_risk_parity
2021-09-01,COP,0.016666666666666666,combined_risk_parity
2021-10-01,COP,0.016666666666666666,combined_risk_parity
2021-11-01,COP,0.016666666666666666,combined_risk_parity
2021-12-01,COP,0.016666666666666666,combined_risk_parity
2022-01-03,COP,0.016666666666666666,combined_risk_parity
2022-02-01,COP,0.016666666666666666,combined_risk_parity
2022-03-01,COP,0.016666666666666666,combined_risk_parity
2022-04-01,COP,0.016666666666666666,combined_risk_parity
2022-05-02,COP,0.016666666666666666,combined_risk_parity
2022-06-01,COP,0.016666666666666666,combined_risk_parity
2022-07-01,COP,0.016666666666666666,combined_risk_parity
2022-08-01,COP,0.016666666666666666,combined_risk_parity
2022-09-01,COP,0.016666666666666666,combined_risk_parity
2022-10-03,COP,0.016666666666666666,combined_risk_parity
2022-11-01,COP,0.016666666666666666,combined_risk_parity
2022-12-01,COP,0.016666666666666666,combined_risk_parity
2023-01-03,COP,0.016666666666666666,combined_risk_parity
2023-02-01,COP,0.016666666666666666,combined_risk_parity
2023-03-01,COP,0.016666666666666666,combined_risk_parity
2023-04-03,COP,0.016666666666666666,combined_risk_parity
2023-05-01,COP,0.016666666666666666,combined_risk_parity
2023-06-01,COP,0.016666666666666666,combined_risk_parity
2023-07-03,COP,0.016666666666666666,combined_risk_parity
2023-08-01,COP,0.016666666666666666,combined_risk_parity
2023-09-01,COP,0.016666666666666666,combined_risk_parity
2023-10-02,COP,0.016666666666666666,combined_risk_parity
2023-11-01,COP,0.016666666666666666,combined_risk_parity
2023-12-01,COP,0.016666666666666666,combined_risk_parity
2021-01-04,CVX,0.016666666666666666,combined_risk_parity
2021-02-01,CVX,0.016666666666666666,combined_risk_parity
2021-03-01,CVX,0.016666666666666666,combined_risk_parity
2021-04-01,CVX,0.016666666666666666,combined_risk_parity
2021-05-03,CVX,0.016666666666666666,combined_risk_parity
2021-06-01,CVX,0.016666666666666666,combined_risk_parity
2021-07-01,CVX,0.016666666666666666,combined_risk_parity
2021-08-02,CVX,0.016666666666666666,combined_risk_parity
2021-09-01,CVX,0.016666666666666666,combined_risk_parity
2021-10-01,CVX,0.016666666666666666,combined_risk_parity
2021-11-01,CVX,0.016666666666666666,combined_risk_parity
2021-12-01,CVX,0.016666666666666666,combined_risk_parity
2022-01-03,CVX,0.016666666666666666,combined_risk_parity
2022-02-01,CVX,0.016666666666666666,combined_risk_parity
2022-03-01,CVX,0.016666666666666666,combined_risk_parity
2022-04-01,CVX,0.016666666666666666,combined_risk_parity
2022-05-02,CVX,0.016666666666666666,combined_risk_parity
2022-06-01,CVX,0.016666666666666666,combined_risk_parity
2022-07-01,CVX,0.016666666666666666,combined_risk_parity
2022-08-01,CVX,0.016666666666666666,combined_risk_parity
2022-09-01,CVX,0.016666666666666666,combined_risk_parity
2022-10-03,CVX,0.016666666666666666,combined_risk_parity
2022-11-01,CVX,0.016666666666666666,combined_risk_parity
2022-12-01,CVX,0.016666666666666666,combined_risk_parity
2023-01-03,CVX,0.016666666666666666,combined_risk_parity
2023-02-01,CVX,0.016666666666666666,combined_risk_parity
2023-03-01,CVX,0.016666666666666666,combined_risk_parity
2023-04-03,CVX,0.016666666666666666,combined_risk_parity
2023-05-01,CVX,0.016666666666666666,combined_risk_parity
2023-06-01,CVX,0.016666666666666666,combined_risk_parity
2023-07-03,CVX,0.016666666666666666,combined_risk_parity
2023-08-01,CVX,0.016666666666666666,combined_risk_parity
2023-09-01,CVX,0.016666666666666666,combined_risk_parity
2023-10-02,CVX,0.016666666666666666,combined_risk_parity
2023-11-01,CVX,0.016666666666666666,combined_risk_parity
2023-12-01,CVX,0.016666666666666666,combined_risk_parity
2021-01-04,D,0.016666666666666666,combined_risk_parity
2021-02-01,D,0.016666666666666666,combined_risk_parity
2021-03-01,D,0.016666666666666666,combined_risk_parity
2021-04-01,D,0.016666666666666666,combined_risk_parity
2021-05-03,D,0.016666666666666666,combined_risk_parity
2021-06-01,D,0.016666666666666666,combined_risk_parity
2021-07-01,D,0.016666666666666666,combined_risk_parity
2021-08-02,D,0.016666666666666666,combined_risk_parity
2021-09-01,D,0.016666666666666666,combined_risk_parity
2021-10-01,D,0.016666666666666666,combined_risk_parity
2021-11-01,D,0.016666666666666666,combined_risk_parity
2021-12-01,D,0.016666666666666666,combined_risk_parity
2022-01-03,D,0.016666666666666666,combined_risk_parity
2022-02-01,D,0.016666666666666666,combined_risk_parity
2022-03-01,D,0.016666666666666666,combined_risk_parity
2022-04-01,D,0.016666666666666666,combined_risk_parity
2022-05-02,D,0.016666666666666666,combined_risk_parity
2022-06-01,D,0.016666666666666666,combined_risk_parity
2022-07-01,D,0.016666666666666666,combined_risk_parity
2022-08-01,D,0.016666666666666666,combined_risk_parity
2022-09-01,D,0.016666666666666666,combined_risk_parity
2022-10-03,D,0.016666666666666666,combined_risk_parity
2022-11-01,D,0.016666666666666666,combined_risk_parity
2022-12-01,D,0.016666666666666666,combined_risk_parity
2023-01-03,D,0.016666666666666666,combined_risk_parity
2023-02-01,D,0.016666666666666666,combined_risk_parity
2023-03-01,D,0.016666666666666666,combined_risk_parity
2023-04-03,D,0.016666666666666666,combined_risk_parity
2023-05-01,D,0.016666666666666666,combined_risk_parity
2023-06-01,D,0.016666666666666666,combined_risk_parity
2023-07-03,D,0.016666666666666666,combined_risk_parity
2023-08-01,D,0.016666666666666666,combined_risk_parity
2023-09-01,D,0.016666666666666666,combined_risk_parity
2023-10-02,D,0.016666666666666666,combined_risk_parity
2023-11-01,D,0.016666666666666666,combined_risk_parity
2023-12-01,D,0.016666666666666666,combined_risk_parity
2021-01-04,DD,0.016666666666666666,combined_risk_parity
2021-02-01,DD,0.016666666666666666,combined_risk_parity
2021-03-01,DD,0.016666666666666666,combined_risk_parity
2021-04-01,DD,0.016666666666666666,combined_risk_parity
2021-05-03,DD,0.016666666666666666,combined_risk_parity
2021-06-01,DD,0.016666666666666666,combined_risk_parity
2021-07-01,DD,0.016666666666666666,combined_risk_parity
2021-08-02,DD,0.016666666666666666,combined_risk_parity
2021-09-01,DD,0.016666666666666666,combined_risk_parity
2021-10-01,DD,0.016666666666666666,combined_risk_parity
2021-11-01,DD,0.016666666666666666,combined_risk_parity
2021-12-01,DD,0.016666666666666666,combined_risk_parity
2022-01-03,DD,0.016666666666666666,combined_risk_parity
2022-02-01,DD,0.016666666666666666,combined_risk_parity
2022-03-01,DD,0.016666666666666666,combined_risk_parity
2022-04-01,DD,0.016666666666666666,combined_risk_parity
2022-05-02,DD,0.016666666666666666,combined_risk_parity
2022-06-01,DD,0.016666666666666666,combined_risk_parity
2022-07-01,DD,0.016666666666666666,combined_risk_parity
2022-08-01,DD,0.016666666666666666,combined_risk_parity
2022-09-01,DD,0.016666666666666666,combined_risk_parity
2022-10-03,DD,0.016666666666666666,combined_risk_parity
2022-11-01,DD,0.016666666666666666,combined_risk_parity
2022-12-01,DD,0.016666666666666666,combined_risk_parity
2023-01-03,DD,0.016666666666666666,combined_risk_parity
2023-02-01,DD,0.016666666666666666,combined_risk_parity
2023-03-01,DD,0.016666666666666666,combined_risk_parity
2023-04-03,DD,0.016666666666666666,combined_risk_parity
2023-05-01,DD,0.016666666666666666,combined_risk_parity
2023-06-01,DD,0.016666666666666666,combined_risk_parity
2023-07-03,DD,0.016666666666666666,combined_risk_parity
2023-08-01,DD,0.016666666666666666,combined_risk_parity
2023-09-01,DD,0.016666666666666666,combined_risk_parity
2023-10-02,DD,0.016666666666666666,combined_risk_parity
2023-11-01,DD,0.016666666666666666,combined_risk_parity
2023-12-01,DD,0.016666666666666666,combined_risk_parity
2021-01-04,DIS,0.016666666666666666,combined_risk_parity
2021-02-01,DIS,0.016666666666666666,combined_risk_parity
2021-03-01,DIS,0.016666666666666666,combined_risk_parity
2021-04-01,DIS,0.016666666666666666,combined_risk_parity
2021-05-03,DIS,0.016666666666666666,combined_risk_parity
2021-06-01,DIS,0.016666666666666666,combined_risk_parity
2021-07-01,DIS,0.016666666666666666,combined_risk_parity
2021-08-02,DIS,0.016666666666666666,combined_risk_parity
2021-09-01,DIS,0.016666666666666666,combined_risk_parity
2021-10-01,DIS,0.016666666666666666,combined_risk_parity
2021-11-01,DIS,0.016666666666666666,combined_risk_parity
2021-12-01,DIS,0.016666666666666666,combined_risk_parity
2022-01-03,DIS,0.016666666666666666,combined_risk_parity
2022-02-01,DIS,0.016666666666666666,combined_risk_parity
2022-03-01,DIS,0.016666666666666666,combined_risk_parity
2022-04-01,DIS,0.016666666666666666,combined_risk_parity
2022-05-02,DIS,0.016666666666666666,combined_risk_parity
2022-06-01,DIS,0.016666666666666666,combined_risk_parity
2022-07-01,DIS,0.016666666666666666,combined_risk_parity
2022-08-01,DIS,0.016666666666666666,combined_risk_parity
2022-09-01,DIS,0.016666666666666666,combined_risk_parity
2022-10-03,DIS,0.016666666666666666,combined_risk_parity
2022-11-01,DIS,0.016666666666666666,combined_risk_parity
2022-12-01,DIS,0.016666666666666666,combined_risk_parity
2023-01-03,DIS,0.016666666666666666,combined_risk_parity
2023-02-01,DIS,0.016666666666666666,combined_risk_parity
2023-03-01,DIS,0.016666666666666666,combined_risk_parity
2023-04-03,DIS,0.016666666666666666,combined_risk_parity
2023-05-01,DIS,0.016666666666666666,combined_risk_parity
2023-06-01,DIS,0.016666666666666666,combined_risk_parity
2023-07-03,DIS,0.016666666666666666,combined_risk_parity
2023-08-01,DIS,0.016666666666666666,combined_risk_parity
2023-09-01,DIS,0.016666666666666666,combined_risk_parity
2023-10-02,DIS,0.016666666666666666,combined_risk_parity
2023-11-01,DIS,0.016666666666666666,combined_risk_parity
2023-12-01,DIS,0.016666666666666666,combined_risk_parity
2021-01-04,DOW,0.016666666666666666,combined_risk_parity
2021-02-01,DOW,0.016666666666666666,combined_risk_parity
2021-03-01,DOW,0.016666666666666666,combined_risk_parity
2021-04-01,DOW,0.016666666666666666,combined_risk_parity
2021-05-03,DOW,0.016666666666666666,combined_risk_parity
2021-06-01,DOW,0.016666666666666666,combined_risk_parity
2021-07-01,DOW,0.016666666666666666,combined_risk_parity
2021-08-02,DOW,0.016666666666666666,combined_risk_parity
2021-09-01,DOW,0.016666666666666666,combined_risk_parity
2021-10-01,DOW,0.016666666666666666,combined_risk_parity
2021-11-01,DOW,0.016666666666666666,combined_risk_parity
2021-12-01,DOW,0.016666666666666666,combined_risk_parity
2022-01-03,DOW,0.016666666666666666,combined_risk_parity
2022-02-01,DOW,0.016666666666666666,combined_risk_parity
2022-03-01,DOW,0.016666666666666666,combined_risk_parity
2022-04-01,DOW,0.016666666666666666,combined_risk_parity
2022-05-02,DOW,0.016666666666666666,combined_risk_parity
2022-06-01,DOW,0.016666666666666666,combined_risk_parity
2022-07-01,DOW,0.016666666666666666,combined_risk_parity
2022-08-01,DOW,0.016666666666666666,combined_risk_parity
2022-09-01,DOW,0.016666666666666666,combined_risk_parity
2022-10-03,DOW,0.016666666666666666,combined_risk_parity
2022-11-01,DOW,0.016666666666666666,combined_risk_parity
2022-12-01,DOW,0.016666666666666666,combined_risk_parity
2023-01-03,DOW,0.016666666666666666,combined_risk_parity
2023-02-01,DOW,0.016666666666666666,combined_risk_parity
2023-03-01,DOW,0.016666666666666666,combined_risk_parity
2023-04-03,DOW,0.016666666666666666,combined_risk_parity
2023-05-01,DOW,0.016666666666666666,combined_risk_parity
2023-06-01,DOW,0.016666666666666666,combined_risk_parity
2023-07-03,DOW,0.016666666666666666,combined_risk_parity
2023-08-01,DOW,0.016666666666666666,combined_risk_parity
2023-09-01,DOW,0.016666666666666666,combined_risk_parity
2023-10-02,DOW,0.016666666666666666,combined_risk_parity
2023-11-01,DOW,0.016666666666666666,combined_risk_parity
2023-12-01,DOW,0.016666666666666666,combined_risk_parity
2021-01-04,DUK,0.016666666666666666,combined_risk_parity
2021-02-01,DUK,0.016666666666666666,combined_risk_parity
2021-03-01,DUK,0.016666666666666666,combined_risk_parity
2021-04-01,DUK,0.016666666666666666,combined_risk_parity
2021-05-03,DUK,0.016666666666666666,combined_risk_parity
2021-06-01,DUK,0.016666666666666666,combined_risk_parity
2021-07-01,DUK,0.016666666666666666,combined_risk_parity
2021-08-02,DUK,0.016666666666666666,combined_risk_parity
2021-09-01,DUK,0.016666666666666666,combined_risk_parity
2021-10-01,DUK,0.016666666666666666,combined_risk_parity
2021-11-01,DUK,0.016666666666666666,combined_risk_parity
2021-12-01,DUK,0.016666666666666666,combined_risk_parity
2022-01-03,DUK,0.016666666666666666,combined_risk_parity
2022-02-01,DUK,0.016666666666666666,combined_risk_parity
2022-03-01,DUK,0.016666666666666666,combined_risk_parity
2022-04-01,DUK,0.016666666666666666,combined_risk_parity
2022-05-02,DUK,0.016666666666666666,combined_risk_parity
2022-06-01,DUK,0.016666666666666666,combined_risk_parity
2022-07-01,DUK,0.016666666666666666,combined_risk_parity
2022-08-01,DUK,0.016666666666666666,combined_risk_parity
2022-09-01,DUK,0.016666666666666666,combined_risk_parity
2022-10-03,DUK,0.016666666666666666,combined_risk_parity
2022-11-01,DUK,0.016666666666666666,combined_risk_parity
2022-12-01,DUK,0.016666666666666666,combined_risk_parity
2023-01-03,DUK,0.016666666666666666,combined_risk_parity
2023-02-01,DUK,0.016666666666666666,combined_risk_parity
2023-03-01,DUK,0.016666666666666666,combined_risk_parity
2023-04-03,DUK,0.016666666666666666,combined_risk_parity
2023-05-01,DUK,0.016666666666666666,combined_risk_parity
2023-06-01,DUK,0.016666666666666666,combined_risk_parity
2023-07-03,DUK,0.016666666666666666,combined_risk_parity
2023-08-01,DUK,0.016666666666666666,combined_risk_parity
2023-09-01,DUK,0.016666666666666666,combined_risk_parity
2023-10-02,DUK,0.016666666666666666,combined_risk_parity
2023-11-01,DUK,0.016666666666666666,combined_risk_parity
2023-12-01,DUK,0.016666666666666666,combined_risk_parity
2021-01-04,EA,0.016666666666666666,combined_risk_parity
2021-02-01,EA,0.016666666666666666,combined_risk_parity
2021-03-01,EA,0.016666666666666666,combined_risk_parity
2021-04-01,EA,0.016666666666666666,combined_risk_parity
2021-05-03,EA,0.016666666666666666,combined_risk_parity
2021-06-01,EA,0.016666666666666666,combined_risk_parity
2021-07-01,EA,0.016666666666666666,combined_risk_parity
2021-08-02,EA,0.016666666666666666,combined_risk_parity
2021-09-01,EA,0.016666666666666666,combined_risk_parity
2021-10-01,EA,0.016666666666666666,combined_risk_parity
2021-11-01,EA,0.016666666666666666,combined_risk_parity
2021-12-01,EA,0.016666666666666666,combined_risk_parity
2022-01-03,EA,0.016666666666666666,combined_risk_parity
2022-02-01,EA,0.016666666666666666,combined_risk_parity
2022-03-01,EA,0.016666666666666666,combined_risk_parity
2022-04-01,EA,0.016666666666666666,combined_risk_parity
2022-05-02,EA,0.016666666666666666,combined_risk_parity
2022-06-01,EA,0.016666666666666666,combined_risk_parity
2022-07-01,EA,0.016666666666666666,combined_risk_parity
2022-08-01,EA,0.016666666666666666,combined_risk_parity
2022-09-01,EA,0.016666666666666666,combined_risk_parity
2022-10-03,EA,0.016666666666666666,combined_risk_parity
2022-11-01,EA,0.016666666666666666,combined_risk_parity
2022-12-01,EA,0.016666666666666666,combined_risk_parity
2023-01-03,EA,0.016666666666666666,combined_risk_parity
2023-02-01,EA,0.016666666666666666,combined_risk_parity
2023-03-01,EA,0.016666666666666666,combined_risk_parity
2023-04-03,EA,0.016666666666666666,combined_risk_parity
2023-05-01,EA,0.016666666666666666,combined_risk_parity
2023-06-01,EA,0.016666666666666666,combined_risk_parity
2023-07-03,EA,0.016666666666666666,combined_risk_parity
2023-08-01,EA,0.016666666666666666,combined_risk_parity
2023-09-01,EA,0.016666666666666666,combined_risk_parity
2023-10-02,EA,0.016666666666666666,combined_risk_parity
2023-11-01,EA,0.016666666666666666,combined_risk_parity
2023-12-01,EA,0.016666666666666666,combined_risk_parity
2021-01-04,EOS-USD,0.016666666666666666,combined_risk_parity
2021-02-01,EOS-USD,0.016666666666666666,combined_risk_parity
2021-03-01,EOS-USD,0.016666666666666666,combined_risk_parity
2021-04-01,EOS-USD,0.016666666666666666,combined_risk_parity
2021-05-03,EOS-USD,0.016666666666666666,combined_risk_parity
2021-06-01,EOS-USD,0.016666666666666666,combined_risk_parity
2021-07-01,EOS-USD,0.016666666666666666,combined_risk_parity
2021-08-02,EOS-USD,0.016666666666666666,combined_risk_parity
2021-09-01,EOS-USD,0.016666666666666666,combined_risk_parity
2021-10-01,EOS-USD,0.016666666666666666,combined_risk_parity
2021-11-01,EOS-USD,0.016666666666666666,combined_risk_parity
2021-12-01,EOS-USD,0.016666666666666666,combined_risk_parity
2022-01-03,EOS-USD,0.016666666666666666,combined_risk_parity
2022-02-01,EOS-USD,0.016666666666666666,combined_risk_parity
2022-03-01,EOS-USD,0.016666666666666666,combined_risk_parity
2022-04-01,EOS-USD,0.016666666666666666,combined_risk_parity
2022-05-02,EOS-USD,0.016666666666666666,combined_risk_parity
2022-06-01,EOS-USD,0.016666666666666666,combined_risk_parity
2022-07-01,EOS-USD,0.016666666666666666,combined_risk_parity
2022-08-01,EOS-USD,0.016666666666666666,combined_risk_parity
2022-09-01,EOS-USD,0.016666666666666666,combined_risk_parity
2022-10-03,EOS-USD,0.016666666666666666,combined_risk_parity
2022-11-01,EOS-USD,0.016666666666666666,combined_risk_parity
2022-12-01,EOS-USD,0.016666666666666666,combined_risk_parity
2023-01-03,EOS-USD,0.016666666666666666,combined_risk_parity
2023-02-01,EOS-USD,0.016666666666666666,combined_risk_parity
2023-03-01,EOS-USD,0.016666666666666666,combined_risk_parity
2023-04-03,EOS-USD,0.016666666666666666,combined_risk_parity
2023-05-01,EOS-USD,0.016666666666666666,combined_risk_parity
2023-06-01,EOS-USD,0.016666666666666666,combined_risk_parity
2023-07-03,EOS-USD,0.016666666666666666,combined_risk_parity
2023-08-01,EOS-USD,0.016666666666666666,combined_risk_parity
2023-09-01,EOS-USD,0.016666666666666666,combined_risk_parity
2023-10-02,EOS-USD,0.016666666666666666,combined_risk_parity
2023-11-01,EOS-USD,0.016666666666666666,combined_risk_parity
2023-12-01,EOS-USD,0.016666666666666666,combined_risk_parity
2021-01-04,ETC-USD,0.016666666666666666,combined_risk_parity
2021-02-01,ETC-USD,0.016666666666666666,combined_risk_parity
2021-03-01,ETC-USD,0.016666666666666666,combined_risk_parity
2021-04-01,ETC-USD,0.016666666666666666,combined_risk_parity
2021-05-03,ETC-USD,0.016666666666666666,combined_risk_parity
2021-06-01,ETC-USD,0.016666666666666666,combined_risk_parity
2021-07-01,ETC-USD,0.016666666666666666,combined_risk_parity
2021-08-02,ETC-USD,0.016666666666666666,combined_risk_parity
2021-09-01,ETC-USD,0.016666666666666666,combined_risk_parity
2021-10-01,ETC-USD,0.016666666666666666,combined_risk_parity
2021-11-01,ETC-USD,0.016666666666666666,combined_risk_parity
2021-12-01,ETC-USD,0.016666666666666666,combined_risk_parity
2022-01-03,ETC-USD,0.016666666666666666,combined_risk_parity
2022-02-01,ETC-USD,0.016666666666666666,combined_risk_parity
2022-03-01,ETC-USD,0.016666666666666666,combined_risk_parity
2022-04-01,ETC-USD,0.016666666666666666,combined_risk_parity
2022-05-02,ETC-USD,0.016666666666666666,combined_risk_parity
2022-06-01,ETC-USD,0.016666666666666666,combined_risk_parity
2022-07-01,ETC-USD,0.016666666666666666,combined_risk_parity
2022-08-01,ETC-USD,0.016666666666666666,combined_risk_parity
2022-09-01,ETC-USD,0.016666666666666666,combined_risk_parity
2022-10-03,ETC-USD,0.016666666666666666,combined_risk_parity
2022-11-01,ETC-USD,0.016666666666666666,combined_risk_parity
2022-12-01,ETC-USD,0.016666666666666666,combined_risk_parity
2023-01-03,ETC-USD,0.016666666666666666,combined_risk_parity
2023-02-01,ETC-USD,0.016666666666666666,combined_risk_parity
2023-03-01,ETC-USD,0.016666666666666666,combined_risk_parity
2023-04-03,ETC-USD,0.016666666666666666,combined_risk_parity
2023-05-01,ETC-USD,0.016666666666666666,combined_risk_parity
2023-06-01,ETC-USD,0.016666666666666666,combined_risk_parity
2023-07-03,ETC-USD,0.016666666666666666,combined_risk_parity
2023-08-01,ETC-USD,0.016666666666666666,combined_risk_parity
2023-09-01,ETC-USD,0.016666666666666666,combined_risk_parity
2023-10-02,ETC-USD,0.016666666666666666,combined_risk_parity
2023-11-01,ETC-USD,0.016666666666666666,combined_risk_parity
2023-12-01,ETC-USD,0.016666666666666666,combined_risk_parity
2021-01-04,ETH-USD,0.016666666666666666,combined_risk_parity
2021-02-01,ETH-USD,0.016666666666666666,combined_risk_parity
2021-03-01,ETH-USD,0.016666666666666666,combined_risk_parity
2021-04-01,ETH-USD,0.016666666666666666,combined_risk_parity
2021-05-03,ETH-USD,0.016666666666666666,combined_risk_parity
2021-06-01,ETH-USD,0.016666666666666666,combined_risk_parity
2021-07-01,ETH-USD,0.016666666666666666,combined_risk_parity
2021-08-02,ETH-USD,0.016666666666666666,combined_risk_parity
2021-09-01,ETH-USD,0.016666666666666666,combined_risk_parity
2021-10-01,ETH-USD,0.016666666666666666,combined_risk_parity
2021-11-01,ETH-USD,0.016666666666666666,combined_risk_parity
2021-12-01,ETH-USD,0.016666666666666666,combined_risk_parity
2022-01-03,ETH-USD,0.016666666666666666,combined_risk_parity
2022-02-01,ETH-USD,0.016666666666666666,combined_risk_parity
2022-03-01,ETH-USD,0.016666666666666666,combined_risk_parity
2022-04-01,ETH-USD,0.016666666666666666,combined_risk_parity
2022-05-02,ETH-USD,0.016666666666666666,combined_risk_parity
2022-06-01,ETH-USD,0.016666666666666666,combined_risk_parity
2022-07-01,ETH-USD,0.016666666666666666,combined_risk_parity
2022-08-01,ETH-USD,0.016666666666666666,combined_risk_parity
2022-09-01,ETH-USD,0.016666666666666666,combined_risk_parity
2022-10-03,ETH-USD,0.016666666666666666,combined_risk_parity
2022-11-01,ETH-USD,0.016666666666666666,combined_risk_parity
2022-12-01,ETH-USD,0.016666666666666666,combined_risk_parity
2023-01-03,ETH-USD,0.016666666666666666,combined_risk_parity
2023-02-01,ETH-USD,0.016666666666666666,combined_risk_parity
2023-03-01,ETH-USD,0.016666666666666666,combined_risk_parity
2023-04-03,ETH-USD,0.016666666666666666,combined_risk_parity
2023-05-01,ETH-USD,0.016666666666666666,combined_risk_parity
2023-06-01,ETH-USD,0.016666666666666666,combined_risk_parity
2023-07-03,ETH-USD,0.016666666666666666,combined_risk_parity
2023-08-01,ETH-USD,0.016666666666666666,combined_risk_parity
2023-09-01,ETH-USD,0.016666666666666666,combined_risk_parity
2023-10-02,ETH-USD,0.016666666666666666,combined_risk_parity
2023-11-01,ETH-USD,0.016666666666666666,combined_risk_parity
2023-12-01,ETH-USD,0.016666666666666666,combined_risk_parity
2021-01-04,GE,0.016666666666666666,combined_risk_parity
2021-02-01,GE,0.016666666666666666,combined_risk_parity
2021-03-01,GE,0.016666666666666666,combined_risk_parity
2021-04-01,GE,0.016666666666666666,combined_risk_parity
2021-05-03,GE,0.016666666666666666,combined_risk_parity
2021-06-01,GE,0.016666666666666666,combined_risk_parity
2021-07-01,GE,0.016666666666666666,combined_risk_parity
2021-08-02,GE,0.016666666666666666,combined_risk_parity
2021-09-01,GE,0.016666666666666666,combined_risk_parity
2021-10-01,GE,0.016666666666666666,combined_risk_parity
2021-11-01,GE,0.016666666666666666,combined_risk_parity
2021-12-01,GE,0.016666666666666666,combined_risk_parity
2022-01-03,GE,0.016666666666666666,combined_risk_parity
2022-02-01,GE,0.016666666666666666,combined_risk_parity
2022-03-01,GE,0.016666666666666666,combined_risk_parity
2022-04-01,GE,0.016666666666666666,combined_risk_parity
2022-05-02,GE,0.016666666666666666,combined_risk_parity
2022-06-01,GE,0.016666666666666666,combined_risk_parity
2022-07-01,GE,0.016666666666666666,combined_risk_parity
2022-08-01,GE,0.016666666666666666,combined_risk_parity
2022-09-01,GE,0.016666666666666666,combined_risk_parity
2022-10-03,GE,0.016666666666666666,combined_risk_parity
2022-11-01,GE,0.016666666666666666,combined_risk_parity
2022-12-01,GE,0.016666666666666666,combined_risk_parity
2023-01-03,GE,0.016666666666666666,combined_risk_parity
2023-02-01,GE,0.016666666666666666,combined_risk_parity
2023-03-01,GE,0.016666666666666666,combined_risk_parity
2023-04-03,GE,0.016666666666666666,combined_risk_parity
2023-05-01,GE,0.016666666666666666,combined_risk_parity
2023-06-01,GE,0.016666666666666666,combined_risk_parity
2023-07-03,GE,0.016666666666666666,combined_risk_parity
2023-08-01,GE,0.016666666666666666,combined_risk_parity
2023-09-01,GE,0.016666666666666666,combined_risk_parity
2023-10-02,GE,0.016666666666666666,combined_risk_parity
2023-11-01,GE,0.016666666666666666,combined_risk_parity
2023-12-01,GE,0.016666666666666666,combined_risk_parity
2021-01-04,GILD,0.016666666666666666,combined_risk_parity
2021-02-01,GILD,0.016666666666666666,combined_risk_parity
2021-03-01,GILD,0.016666666666666666,combined_risk_parity
2021-04-01,GILD,0.016666666666666666,combined_risk_parity
2021-05-03,GILD,0.016666666666666666,combined_risk_parity
2021-06-01,GILD,0.016666666666666666,combined_risk_parity
2021-07-01,GILD,0.016666666666666666,combined_risk_parity
2021-08-02,GILD,0.016666666666666666,combined_risk_parity
2021-09-01,GILD,0.016666666666666666,combined_risk_parity
2021-10-01,GILD,0.016666666666666666,combined_risk_parity
2021-11-01,GILD,0.016666666666666666,combined_risk_parity
2021-12-01,GILD,0.016666666666666666,combined_risk_parity
2022-01-03,GILD,0.016666666666666666,combined_risk_parity
2022-02-01,GILD,0.016666666666666666,combined_risk_parity
2022-03-01,GILD,0.016666666666666666,combined_risk_parity
2022-04-01,GILD,0.016666666666666666,combined_risk_parity
2022-05-02,GILD,0.016666666666666666,combined_risk_parity
2022-06-01,GILD,0.016666666666666666,combined_risk_parity
2022-07-01,GILD,0.016666666666666666,combined_risk_parity
2022-08-01,GILD,0.016666666666666666,combined_risk_parity
2022-09-01,GILD,0.016666666666666666,combined_risk_parity
2022-10-03,GILD,0.016666666666666666,combined_risk_parity
2022-11-01,GILD,0.016666666666666666,combined_risk_parity
2022-12-01,GILD,0.016666666666666666,combined_risk_parity
2023-01-03,GILD,0.016666666666666666,combined_risk_parity
2023-02-01,GILD,0.016666666666666666,combined_risk_parity
2023-03-01,GILD,0.016666666666666666,combined_risk_parity
2023-04-03,GILD,0.016666666666666666,combined_risk_parity
2023-05-01,GILD,0.016666666666666666,combined_risk_parity
2023-06-01,GILD,0.016666666666666666,combined_risk_parity
2023-07-03,GILD,0.016666666666666666,combined_risk_parity
2023-08-01,GILD,0.016666666666666666,combined_risk_parity
2023-09-01,GILD,0.016666666666666666,combined_risk_parity
2023-10-02,GILD,0.016666666666666666,combined_risk_parity
2023-11-01,GILD,0.016666666666666666,combined_risk_parity
2023-12-01,GILD,0.016666666666666666,combined_risk_parity
2021-01-04,GS,0.016666666666666666,combined_risk_parity
2021-02-01,GS,0.016666666666666666,combined_risk_parity
2021-03-01,GS,0.016666666666666666,combined_risk_parity
2021-04-01,GS,0.016666666666666666,combined_risk_parity
2021-05-03,GS,0.016666666666666666,combined_risk_parity
2021-06-01,GS,0.016666666666666666,combined_risk_parity
2021-07-01,GS,0.016666666666666666,combined_risk_parity
2021-08-02,GS,0.016666666666666666,combined_risk_parity
2021-09-01,GS,0.016666666666666666,combined_risk_parity
2021-10-01,GS,0.016666666666666666,combined_risk_parity
2021-11-01,GS,0.016666666666666666,combined_risk_parity
2021-12-01,GS,0.016666666666666666,combined_risk_parity
2022-01-03,GS,0.016666666666666666,combined_risk_parity
2022-02-01,GS,0.016666666666666666,combined_risk_parity
2022-03-01,GS,0.016666666666666666,combined_risk_parity
2022-04-01,GS,0.016666666666666666,combined_risk_parity
2022-05-02,GS,0.016666666666666666,combined_risk_parity
2022-06-01,GS,0.016666666666666666,combined_risk_parity
2022-07-01,GS,0.016666666666666666,combined_risk_parity
2022-08-01,GS,0.016666666666666666,combined_risk_parity
2022-09-01,GS,0.016666666666666666,combined_risk_parity
2022-10-03,GS,0.016666666666666666,combined_risk_parity
2022-11-01,GS,0.016666666666666666,combined_risk_parity
2022-12-01,GS,0.016666666666666666,combined_risk_parity
2023-01-03,GS,0.016666666666666666,combined_risk_parity
2023-02-01,GS,0.016666666666666666,combined_risk_parity
2023-03-01,GS,0.016666666666666666,combined_risk_parity
2023-04-03,GS,0.016666666666666666,combined_risk_parity
2023-05-01,GS,0.016666666666666666,combined_risk_parity
2023-06-01,GS,0.016666666666666666,combined_risk_parity
2023-07-03,GS,0.016666666666666666,combined_risk_parity
2023-08-01,GS,0.016666666666666666,combined_risk_parity
2023-09-01,GS,0.016666666666666666,combined_risk_parity
2023-10-02,GS,0.016666666666666666,combined_risk_parity
2023-11-01,GS,0.016666666666666666,combined_risk_parity
2023-12-01,GS,0.016666666666666666,combined_risk_parity
2021-01-04,INTC,0.016666666666666666,combined_risk_parity
2021-02-01,INTC,0.016666666666666666,combined_risk_parity
2021-03-01,INTC,0.016666666666666666,combined_risk_parity
2021-04-01,INTC,0.016666666666666666,combined_risk_parity
2021-05-03,INTC,0.016666666666666666,combined_risk_parity
2021-06-01,INTC,0.016666666666666666,combined_risk_parity
2021-07-01,INTC,0.016666666666666666,combined_risk_parity
2021-08-02,INTC,0.016666666666666666,combined_risk_parity
2021-09-01,INTC,0.016666666666666666,combined_risk_parity
2021-10-01,INTC,0.016666666666666666,combined_risk_parity
2021-11-01,INTC,0.016666666666666666,combined_risk_parity
2021-12-01,INTC,0.016666666666666666,combined_risk_parity
2022-01-03,INTC,0.016666666666666666,combined_risk_parity
2022-02-01,INTC,0.016666666666666666,combined_risk_parity
2022-03-01,INTC,0.016666666666666666,combined_risk_parity
2022-04-01,INTC,0.016666666666666666,combined_risk_parity
2022-05-02,INTC,0.016666666666666666,combined_risk_parity
2022-06-01,INTC,0.016666666666666666,combined_risk_parity
2022-07-01,INTC,0.016666666666666666,combined_risk_parity
2022-08-01,INTC,0.016666666666666666,combined_risk_parity
2022-09-01,INTC,0.016666666666666666,combined_risk_parity
2022-10-03,INTC,0.016666666666666666,combined_risk_parity
2022-11-01,INTC,0.016666666666666666,combined_risk_parity
2022-12-01,INTC,0.016666666666666666,combined_risk_parity
2023-01-03,INTC,0.016666666666666666,combined_risk_parity
2023-02-01,INTC,0.016666666666666666,combined_risk_parity
2023-03-01,INTC,0.016666666666666666,combined_risk_parity
2023-04-03,INTC,0.016666666666666666,combined_risk_parity
2023-05-01,INTC,0.016666666666666666,combined_risk_parity
2023-06-01,INTC,0.016666666666666666,combined_risk_parity
2023-07-03,INTC,0.016666666666666666,combined_risk_parity
2023-08-01,INTC,0.016666666666666666,combined_risk_parity
2023-09-01,INTC,0.016666666666666666,combined_risk_parity
2023-10-02,INTC,0.016666666666666666,combined_risk_parity
2023-11-01,INTC,0.016666666666666666,combined_risk_parity
2023-12-01,INTC,0.016666666666666666,combined_risk_parity
2021-01-04,KO,0.016666666666666666,combined_risk_parity
2021-02-01,KO,0.016666666666666666,combined_risk_parity
2021-03-01,KO,0.016666666666666666,combined_risk_parity
2021-04-01,KO,0.016666666666666666,combined_risk_parity
2021-05-03,KO,0.016666666666666666,combined_risk_parity
2021-06-01,KO,0.016666666666666666,combined_risk_parity
2021-07-01,KO,0.016666666666666666,combined_risk_parity
2021-08-02,KO,0.016666666666666666,combined_risk_parity
2021-09-01,KO,0.016666666666666666,combined_risk_parity
2021-10-01,KO,0.016666666666666666,combined_risk_parity
2021-11-01,KO,0.016666666666666666,combined_risk_parity
2021-12-01,KO,0.016666666666666666,combined_risk_parity
2022-01-03,KO,0.016666666666666666,combined_risk_parity
2022-02-01,KO,0.016666666666666666,combined_risk_parity
2022-03-01,KO,0.016666666666666666,combined_risk_parity
2022-04-01,KO,0.016666666666666666,combined_risk_parity
2022-05-02,KO,0.016666666666666666,combined_risk_parity
2022-06-01,KO,0.016666666666666666,combined_risk_parity
2022-07-01,KO,0.016666666666666666,combined_risk_parity
2022-08-01,KO,0.016666666666666666,combined_risk_parity
2022-09-01,KO,0.016666666666666666,combined_risk_parity
2022-10-03,KO,0.016666666666666666,combined_risk_parity
2022-11-01,KO,0.016666666666666666,combined_risk_parity
2022-12-01,KO,0.016666666666666666,combined_risk_parity
2023-01-03,KO,0.016666666666666666,combined_risk_parity
2023-02-01,KO,0.016666666666666666,combined_risk_parity
2023-03-01,KO,0.016666666666666666,combined_risk_parity
2023-04-03,KO,0.016666666666666666,combined_risk_parity
2023-05-01,KO,0.016666666666666666,combined_risk_parity
2023-06-01,KO,0.016666666666666666,combined_risk_parity
2023-07-03,KO,0.016666666666666666,combined_risk_parity
2023-08-01,KO,0.016666666666666666,combined_risk_parity
2023-09-01,KO,0.016666666666666666,combined_risk_parity
2023-10-02,KO,0.016666666666666666,combined_risk_parity
2023-11-01,KO,0.016666666666666666,combined_risk_parity
2023-12-01,KO,0.016666666666666666,combined_risk_parity
2021-01-04,LTC-USD,0.016666666666666666,combined_risk_parity
2021-02-01,LTC-USD,0.016666666666666666,combined_risk_parity
2021-03-01,LTC-USD,0.016666666666666666,combined_risk_parity
2021-04-01,LTC-USD,0.016666666666666666,combined_risk_parity
2021-05-03,LTC-USD,0.016666666666666666,combined_risk_parity
2021-06-01,LTC-USD,0.016666666666666666,combined_risk_parity
2021-07-01,LTC-USD,0.016666666666666666,combined_risk_parity
2021-08-02,LTC-USD,0.016666666666666666,combined_risk_parity
2021-09-01,LTC-USD,0.016666666666666666,combined_risk_parity
2021-10-01,LTC-USD,0.016666666666666666,combined_risk_parity
2021-11-01,LTC-USD,0.016666666666666666,combined_risk_parity
2021-12-01,LTC-USD,0.016666666666666666,combined_risk_parity
2022-01-03,LTC-USD,0.016666666666666666,combined_risk_parity
2022-02-01,LTC-USD,0.016666666666666666,combined_risk_parity
2022-03-01,LTC-USD,0.016666666666666666,combined_risk_parity
2022-04-01,LTC-USD,0.016666666666666666,combined_risk_parity
2022-05-02,LTC-USD,0.016666666666666666,combined_risk_parity
2022-06-01,LTC-USD,0.016666666666666666,combined_risk_parity
2022-07-01,LTC-USD,0.016666666666666666,combined_risk_parity
2022-08-01,LTC-USD,0.016666666666666666,combined_risk_parity
2022-09-01,LTC-USD,0.016666666666666666,combined_risk_parity
2022-10-03,LTC-USD,0.016666666666666666,combined_risk_parity
2022-11-01,LTC-USD,0.016666666666666666,combined_risk_parity
2022-12-01,LTC-USD,0.016666666666666666,combined_risk_parity
2023-01-03,LTC-USD,0.016666666666666666,combined_risk_parity
2023-02-01,LTC-USD,0.016666666666666666,combined_risk_parity
2023-03-01,LTC-USD,0.016666666666666666,combined_risk_parity
2023-04-03,LTC-USD,0.016666666666666666,combined_risk_parity
2023-05-01,LTC-USD,0.016666666666666666,combined_risk_parity
2023-06-01,LTC-USD,0.016666666666666666,combined_risk_parity
2023-07-03,LTC-USD,0.016666666666666666,combined_risk_parity
2023-08-01,LTC-USD,0.016666666666666666,combined_risk_parity
2023-09-01,LTC-USD,0.016666666666666666,combined_risk_parity
2023-10-02,LTC-USD,0.016666666666666666,combined_risk_parity
2023-11-01,LTC-USD,0.016666666666666666,combined_risk_parity
2023-12-01,LTC-USD,0.016666666666666666,combined_risk_parity
2021-01-04,MMM,0.016666666666666666,combined_risk_parity
2021-02-01,MMM,0.016666666666666666,combined_risk_parity
2021-03-01,MMM,0.016666666666666666,combined_risk_parity
2021-04-01,MMM,0.016666666666666666,combined_risk_parity
2021-05-03,MMM,0.016666666666666666,combined_risk_parity
2021-06-01,MMM,0.016666666666666666,combined_risk_parity
2021-07-01,MMM,0.016666666666666666,combined_risk_parity
2021-08-02,MMM,0.016666666666666666,combined_risk_parity
2021-09-01,MMM,0.016666666666666666,combined_risk_parity
2021-10-01,MMM,0.016666666666666666,combined_risk_parity
2021-11-01,MMM,0.016666666666666666,combined_risk_parity
2021-12-01,MMM,0.016666666666666666,combined_risk_parity
2022-01-03,MMM,0.016666666666666666,combined_risk_parity
2022-02-01,MMM,0.016666666666666666,combined_risk_parity
2022-03-01,MMM,0.016666666666666666,combined_risk_parity
2022-04-01,MMM,0.016666666666666666,combined_risk_parity
2022-05-02,MMM,0.016666666666666666,combined_risk_parity
2022-06-01,MMM,0.016666666666666666,combined_risk_parity
2022-07-01,MMM,0.016666666666666666,combined_risk_parity
2022-08-01,MMM,0.016666666666666666,combined_risk_parity
2022-09-01,MMM,0.016666666666666666,combined_risk_parity
2022-10-03,MMM,0.016666666666666666,combined_risk_parity
2022-11-01,MMM,0.016666666666666666,combined_risk_parity
2022-12-01,MMM,0.016666666666666666,combined_risk_parity
2023-01-03,MMM,0.016666666666666666,combined_risk_parity
2023-02-01,MMM,0.016666666666666666,combined_risk_parity
2023-03-01,MMM,0.016666666666666666,combined_risk_parity
2023-04-03,MMM,0.016666666666666666,combined_risk_parity
2023-05-01,MMM,0.016666666666666666,combined_risk_parity
2023-06-01,MMM,0.016666666666666666,combined_risk_parity
2023-07-03,MMM,0.016666666666666666,combined_risk_parity
2023-08-01,MMM,0.016666666666666666,combined_risk_parity
2023-09-01,MMM,0.016666666666666666,combined_risk_parity
2023-10-02,MMM,0.016666666666666666,combined_risk_parity
2023-11-01,MMM,0.016666666666666666,combined_risk_parity
2023-12-01,MMM,0.016666666666666666,combined_risk_parity
2021-01-04,MRK,0.016666666666666666,combined_risk_parity
2021-02-01,MRK,0.016666666666666666,combined_risk_parity
2021-03-01,MRK,0.016666666666666666,combined_risk_parity
2021-04-01,MRK,0.016666666666666666,combined_risk_parity
2021-05-03,MRK,0.016666666666666666,combined_risk_parity
2021-06-01,MRK,0.016666666666666666,combined_risk_parity
2021-07-01,MRK,0.016666666666666666,combined_risk_parity
2021-08-02,MRK,0.016666666666666666,combined_risk_parity
2021-09-01,MRK,0.016666666666666666,combined_risk_parity
2021-10-01,MRK,0.016666666666666666,combined_risk_parity
2021-11-01,MRK,0.016666666666666666,combined_risk_parity
2021-12-01,MRK,0.016666666666666666,combined_risk_parity
2022-01-03,MRK,0.016666666666666666,combined_risk_parity
2022-02-01,MRK,0.016666666666666666,combined_risk_parity
2022-03-01,MRK,0.016666666666666666,combined_risk_parity
2022-04-01,MRK,0.016666666666666666,combined_risk_parity
2022-05-02,MRK,0.016666666666666666,combined_risk_parity
2022-06-01,MRK,0.016666666666666666,combined_risk_parity
2022-07-01,MRK,0.016666666666666666,combined_risk_parity
2022-08-01,MRK,0.016666666666666666,combined_risk_parity
2022-09-01,MRK,0.016666666666666666,combined_risk_parity
2022-10-03,MRK,0.016666666666666666,combined_risk_parity
2022-11-01,MRK,0.016666666666666666,combined_risk_parity
2022-12-01,MRK,0.016666666666666666,combined_risk_parity
2023-01-03,MRK,0.016666666666666666,combined_risk_parity
2023-02-01,MRK,0.016666666666666666,combined_risk_parity
2023-03-01,MRK,0.016666666666666666,combined_risk_parity
2023-04-03,MRK,0.016666666666666666,combined_risk_parity
2023-05-01,MRK,0.016666666666666666,combined_risk_parity
2023-06-01,MRK,0.016666666666666666,combined_risk_parity
2023-07-03,MRK,0.016666666666666666,combined_risk_parity
2023-08-01,MRK,0.016666666666666666,combined_risk_parity
2023-09-01,MRK,0.016666666666666666,combined_risk_parity
2023-10-02,MRK,0.016666666666666666,combined_risk_parity
2023-11-01,MRK,0.016666666666666666,combined_risk_parity
2023-12-01,MRK,0.016666666666666666,combined_risk_parity
2021-01-04,MS,0.016666666666666666,combined_risk_parity
2021-02-01,MS,0.016666666666666666,combined_risk_parity
2021-03-01,MS,0.016666666666666666,combined_risk_parity
2021-04-01,MS,0.016666666666666666,combined_risk_parity
2021-05-03,MS,0.016666666666666666,combined_risk_parity
2021-06-01,MS,0.016666666666666666,combined_risk_parity
2021-07-01,MS,0.016666666666666666,combined_risk_parity
2021-08-02,MS,0.016666666666666666,combined_risk_parity
2021-09-01,MS,0.016666666666666666,combined_risk_parity
2021-10-01,MS,0.016666666666666666,combined_risk_parity
2021-11-01,MS,0.016666666666666666,combined_risk_parity
2021-12-01,MS,0.016666666666666666,combined_risk_parity
2022-01-03,MS,0.016666666666666666,combined_risk_parity
2022-02-01,MS,0.016666666666666666,combined_risk_parity
2022-03-01,MS,0.016666666666666666,combined_risk_parity
2022-04-01,MS,0.016666666666666666,combined_risk_parity
2022-05-02,MS,0.016666666666666666,combined_risk_parity
2022-06-01,MS,0.016666666666666666,combined_risk_parity
2022-07-01,MS,0.016666666666666666,combined_risk_parity
2022-08-01,MS,0.016666666666666666,combined_risk_parity
2022-09-01,MS,0.016666666666666666,combined_risk_parity
2022-10-03,MS,0.016666666666666666,combined_risk_parity
2022-11-01,MS,0.016666666666666666,combined_risk_parity
2022-12-01,MS,0.016666666666666666,combined_risk_parity
2023-01-03,MS,0.016666666666666666,combined_risk_parity
2023-02-01,MS,0.016666666666666666,combined_risk_parity
2023-03-01,MS,0.016666666666666666,combined_risk_parity
2023-04-03,MS,0.016666666666666666,combined_risk_parity
2023-05-01,MS,0.016666666666666666,combined_risk_parity
2023-06-01,MS,0.016666666666666666,combined_risk_parity
2023-07-03,MS,0.016666666666666666,combined_risk_parity
2023-08-01,MS,0.016666666666666666,combined_risk_parity
2023-09-01,MS,0.016666666666666666,combined_risk_parity
2023-10-02,MS,0.016666666666666666,combined_risk_parity
2023-11-01,MS,0.016666666666666666,combined_risk_parity
2023-12-01,MS,0.016666666666666666,combined_risk_parity
2021-01-04,NEE,0.016666666666666666,combined_risk_parity
2021-02-01,NEE,0.016666666666666666,combined_risk_parity
2021-03-01,NEE,0.016666666666666666,combined_risk_parity
2021-04-01,NEE,0.016666666666666666,combined_risk_parity
2021-05-03,NEE,0.016666666666666666,combined_risk_parity
2021-06-01,NEE,0.016666666666666666,combined_risk_parity
2021-07-01,NEE,0.016666666666666666,combined_risk_parity
2021-08-02,NEE,0.016666666666666666,combined_risk_parity
2021-09-01,NEE,0.016666666666666666,combined_risk_parity
2021-10-01,NEE,0.016666666666666666,combined_risk_parity
2021-11-01,NEE,0.016666666666666666,combined_risk_parity
2021-12-01,NEE,0.016666666666666666,combined_risk_parity
2022-01-03,NEE,0.016666666666666666,combined_risk_parity
2022-02-01,NEE,0.016666666666666666,combined_risk_parity
2022-03-01,NEE,0.016666666666666666,combined_risk_parity
2022-04-01,NEE,0.016666666666666666,combined_risk_parity
2022-05-02,NEE,0.016666666666666666,combined_risk_parity
2022-06-01,NEE,0.016666666666666666,combined_risk_parity
2022-07-01,NEE,0.016666666666666666,combined_risk_parity
2022-08-01,NEE,0.016666666666666666,combined_risk_parity
2022-09-01,NEE,0.016666666666666666,combined_risk_parity
2022-10-03,NEE,0.016666666666666666,combined_risk_parity
2022-11-01,NEE,0.016666666666666666,combined_risk_parity
2022-12-01,NEE,0.016666666666666666,combined_risk_parity
2023-01-03,NEE,0.016666666666666666,combined_risk_parity
2023-02-01,NEE,0.016666666666666666,combined_risk_parity
2023-03-01,NEE,0.016666666666666666,combined_risk_parity
2023-04-03,NEE,0.016666666666666666,combined_risk_parity
2023-05-01,NEE,0.016666666666666666,combined_risk_parity
2023-06-01,NEE,0.016666666666666666,combined_risk_parity
2023-07-03,NEE,0.016666666666666666,combined_risk_parity
2023-08-01,NEE,0.016666666666666666,combined_risk_parity
2023-09-01,NEE,0.016666666666666666,combined_risk_parity
2023-10-02,NEE,0.016666666666666666,combined_risk_parity
2023-11-01,NEE,0.016666666666666666,combined_risk_parity
2023-12-01,NEE,0.016666666666666666,combined_risk_parity
2021-01-04,NEM,0.016666666666666666,combined_risk_parity
2021-02-01,NEM,0.016666666666666666,combined_risk_parity
2021-03-01,NEM,0.016666666666666666,combined_risk_parity
2021-04-01,NEM,0.016666666666666666,combined_risk_parity
2021-05-03,NEM,0.016666666666666666,combined_risk_parity
2021-06-01,NEM,0.016666666666666666,combined_risk_parity
2021-07-01,NEM,0.016666666666666666,combined_risk_parity
2021-08-02,NEM,0.016666666666666666,combined_risk_parity
2021-09-01,NEM,0.016666666666666666,combined_risk_parity
2021-10-01,NEM,0.016666666666666666,combined_risk_parity
2021-11-01,NEM,0.016666666666666666,combined_risk_parity
2021-12-01,NEM,0.016666666666666666,combined_risk_parity
2022-01-03,NEM,0.016666666666666666,combined_risk_parity
2022-02-01,NEM,0.016666666666666666,combined_risk_parity
2022-03-01,NEM,0.016666666666666666,combined_risk_parity
2022-04-01,NEM,0.016666666666666666,combined_risk_parity
2022-05-02,NEM,0.016666666666666666,combined_risk_parity
2022-06-01,NEM,0.016666666666666666,combined_risk_parity
2022-07-01,NEM,0.016666666666666666,combined_risk_parity
2022-08-01,NEM,0.016666666666666666,combined_risk_parity
2022-09-01,NEM,0.016666666666666666,combined_risk_parity
2022-10-03,NEM,0.016666666666666666,combined_risk_parity
2022-11-01,NEM,0.016666666666666666,combined_risk_parity
2022-12-01,NEM,0.016666666666666666,combined_risk_parity
2023-01-03,NEM,0.016666666666666666,combined_risk_parity
2023-02-01,NEM,0.016666666666666666,combined_risk_parity
2023-03-01,NEM,0.016666666666666666,combined_risk_parity
2023-04-03,NEM,0.016666666666666666,combined_risk_parity
2023-05-01,NEM,0.016666666666666666,combined_risk_parity
2023-06-01,NEM,0.016666666666666666,combined_risk_parity
2023-07-03,NEM,0.016666666666666666,combined_risk_parity
2023-08-01,NEM,0.016666666666666666,combined_risk_parity
2023-09-01,NEM,0.016666666666666666,combined_risk_parity
2023-10-02,NEM,0.016666666666666666,combined_risk_parity
2023-11-01,NEM,0.016666666666666666,combined_risk_parity
2023-12-01,NEM,0.016666666666666666,combined_risk_parity
2021-01-04,NKE,0.016666666666666666,combined_risk_parity
2021-02-01,NKE,0.016666666666666666,combined_risk_parity
2021-03-01,NKE,0.016666666666666666,combined_risk_parity
2021-04-01,NKE,0.016666666666666666,combined_risk_parity
2021-05-03,NKE,0.016666666666666666,combined_risk_parity
2021-06-01,NKE,0.016666666666666666,combined_risk_parity
2021-07-01,NKE,0.016666666666666666,combined_risk_parity
2021-08-02,NKE,0.016666666666666666,combined_risk_parity
2021-09-01,NKE,0.016666666666666666,combined_risk_parity
2021-10-01,NKE,0.016666666666666666,combined_risk_parity
2021-11-01,NKE,0.016666666666666666,combined_risk_parity
2021-12-01,NKE,0.016666666666666666,combined_risk_parity
2022-01-03,NKE,0.016666666666666666,combined_risk_parity
2022-02-01,NKE,0.016666666666666666,combined_risk_parity
2022-03-01,NKE,0.016666666666666666,combined_risk_parity
2022-04-01,NKE,0.016666666666666666,combined_risk_parity
2022-05-02,NKE,0.016666666666666666,combined_risk_parity
2022-06-01,NKE,0.016666666666666666,combined_risk_parity
2022-07-01,NKE,0.016666666666666666,combined_risk_parity
2022-08-01,NKE,0.016666666666666666,combined_risk_parity
2022-09-01,NKE,0.016666666666666666,combined_risk_parity
2022-10-03,NKE,0.016666666666666666,combined_risk_parity
2022-11-01,NKE,0.016666666666666666,combined_risk_parity
2022-12-01,NKE,0.016666666666666666,combined_risk_parity
2023-01-03,NKE,0.016666666666666666,combined_risk_parity
2023-02-01,NKE,0.016666666666666666,combined_risk_parity
2023-03-01,NKE,0.016666666666666666,combined_risk_parity
2023-04-03,NKE,0.016666666666666666,combined_risk_parity
2023-05-01,NKE,0.016666666666666666,combined_risk_parity
2023-06-01,NKE,0.016666666666666666,combined_risk_parity
2023-07-03,NKE,0.016666666666666666,combined_risk_parity
2023-08-01,NKE,0.016666666666666666,combined_risk_parity
2023-09-01,NKE,0.016666666666666666,combined_risk_parity
2023-10-02,NKE,0.016666666666666666,combined_risk_parity
2023-11-01,NKE,0.016666666666666666,combined_risk_parity
2023-12-01,NKE,0.016666666666666666,combined_risk_parity
2021-01-04,NUE,0.016666666666666666,combined_risk_parity
2021-02-01,NUE,0.016666666666666666,combined_risk_parity
2021-03-01,NUE,0.016666666666666666,combined_risk_parity
2021-04-01,NUE,0.016666666666666666,combined_risk_parity
2021-05-03,NUE,0.016666666666666666,combined_risk_parity
2021-06-01,NUE,0.016666666666666666,combined_risk_parity
2021-07-01,NUE,0.016666666666666666,combined_risk_parity
2021-08-02,NUE,0.016666666666666666,combined_risk_parity
2021-09-01,NUE,0.016666666666666666,combined_risk_parity
2021-10-01,NUE,0.016666666666666666,combined_risk_parity
2021-11-01,NUE,0.016666666666666666,combined_risk_parity
2021-12-01,NUE,0.016666666666666666,combined_risk_parity
2022-01-03,NUE,0.016666666666666666,combined_risk_parity
2022-02-01,NUE,0.016666666666666666,combined_risk_parity
2022-03-01,NUE,0.016666666666666666,combined_risk_parity
2022-04-01,NUE,0.016666666666666666,combined_risk_parity
2022-05-02,NUE,0.016666666666666666,combined_risk_parity
2022-06-01,NUE,0.016666666666666666,combined_risk_parity
2022-07-01,NUE,0.016666666666666666,combined_risk_parity
2022-08-01,NUE,0.016666666666666666,combined_risk_parity
2022-09-01,NUE,0.016666666666666666,combined_risk_parity
2022-10-03,NUE,0.016666666666666666,combined_risk_parity
2022-11-01,NUE,0.016666666666666666,combined_risk_parity
2022-12-01,NUE,0.016666666666666666,combined_risk_parity
2023-01-03,NUE,0.016666666666666666,combined_risk_parity
2023-02-01,NUE,0.016666666666666666,combined_risk_parity
2023-03-01,NUE,0.016666666666666666,combined_risk_parity
2023-04-03,NUE,0.016666666666666666,combined_risk_parity
2023-05-01,NUE,0.016666666666666666,combined_risk_parity
2023-06-01,NUE,0.016666666666666666,combined_risk_parity
2023-07-03,NUE,0.016666666666666666,combined_risk_parity
2023-08-01,NUE,0.016666666666666666,combined_risk_parity
2023-09-01,NUE,0.016666666666666666,combined_risk_parity
2023-10-02,NUE,0.016666666666666666,combined_risk_parity
2023-11-01,NUE,0.016666666666666666,combined_risk_parity
2023-12-01,NUE,0.016666666666666666,combined_risk_parity
2021-01-04,NVDA,0.016666666666666666,combined_risk_parity
2021-02-01,NVDA,0.016666666666666666,combined_risk_parity
2021-03-01,NVDA,0.016666666666666666,combined_risk_parity
2021-04-01,NVDA,0.016666666666666666,combined_risk_parity
2021-05-03,NVDA,0.016666666666666666,combined_risk_parity
2021-06-01,NVDA,0.016666666666666666,combined_risk_parity
2021-07-01,NVDA,0.016666666666666666,combined_risk_parity
2021-08-02,NVDA,0.016666666666666666,combined_risk_parity
2021-09-01,NVDA,0.016666666666666666,combined_risk_parity
2021-10-01,NVDA,0.016666666666666666,combined_risk_parity
2021-11-01,NVDA,0.016666666666666666,combined_risk_parity
2021-12-01,NVDA,0.016666666666666666,combined_risk_parity
2022-01-03,NVDA,0.016666666666666666,combined_risk_parity
2022-02-01,NVDA,0.016666666666666666,combined_risk_parity
2022-03-01,NVDA,0.016666666666666666,combined_risk_parity
2022-04-01,NVDA,0.016666666666666666,combined_risk_parity
2022-05-02,NVDA,0.016666666666666666,combined_risk_parity
2022-06-01,NVDA,0.016666666666666666,combined_risk_parity
2022-07-01,NVDA,0.016666666666666666,combined_risk_parity
2022-08-01,NVDA,0.016666666666666666,combined_risk_parity
2022-09-01,NVDA,0.016666666666666666,combined_risk_parity
2022-10-03,NVDA,0.016666666666666666,combined_risk_parity
2022-11-01,NVDA,0.016666666666666666,combined_risk_parity
2022-12-01,NVDA,0.016666666666666666,combined_risk_parity
2023-01-03,NVDA,0.016666666666666666,combined_risk_parity
2023-02-01,NVDA,0.016666666666666666,combined_risk_parity
2023-03-01,NVDA,0.016666666666666666,combined_risk_parity
2023-04-03,NVDA,0.016666666666666666,combined_risk_parity
2023-05-01,NVDA,0.016666666666666666,combined_risk_parity
2023-06-01,NVDA,0.016666666666666666,combined_risk_parity
2023-07-03,NVDA,0.016666666666666666,combined_risk_parity
2023-08-01,NVDA,0.016666666666666666,combined_risk_parity
2023-09-01,NVDA,0.016666666666666666,combined_risk_parity
2023-10-02,NVDA,0.016666666666666666,combined_risk_parity
2023-11-01,NVDA,0.016666666666666666,combined_risk_parity
2023-12-01,NVDA,0.016666666666666666,combined_risk_parity
2021-01-04,O,0.016666666666666666,combined_risk_parity
2021-02-01,O,0.016666666666666666,combined_risk_parity
2021-03-01,O,0.016666666666666666,combined_risk_parity
2021-04-01,O,0.016666666666666666,combined_risk_parity
2021-05-03,O,0.016666666666666666,combined_risk_parity
2021-06-01,O,0.016666666666666666,combined_risk_parity
2021-07-01,O,0.016666666666666666,combined_risk_parity
2021-08-02,O,0.016666666666666666,combined_risk_parity
2021-09-01,O,0.016666666666666666,combined_risk_parity
2021-10-01,O,0.016666666666666666,combined_risk_parity
2021-11-01,O,0.016666666666666666,combined_risk_parity
2021-12-01,O,0.016666666666666666,combined_risk_parity
2022-01-03,O,0.016666666666666666,combined_risk_parity
2022-02-01,O,0.016666666666666666,combined_risk_parity
2022-03-01,O,0.016666666666666666,combined_risk_parity
2022-04-01,O,0.016666666666666666,combined_risk_parity
2022-05-02,O,0.016666666666666666,combined_risk_parity
2022-06-01,O,0.016666666666666666,combined_risk_parity
2022-07-01,O,0.016666666666666666,combined_risk_parity
2022-08-01,O,0.016666666666666666,combined_risk_parity
2022-09-01,O,0.016666666666666666,combined_risk_parity
2022-10-03,O,0.016666666666666666,combined_risk_parity
2022-11-01,O,0.016666666666666666,combined_risk_parity
2022-12-01,O,0.016666666666666666,combined_risk_parity
2023-01-03,O,0.016666666666666666,combined_risk_parity
2023-02-01,O,0.016666666666666666,combined_risk_parity
2023-03-01,O,0.016666666666666666,combined_risk_parity
2023-04-03,O,0.016666666666666666,combined_risk_parity
2023-05-01,O,0.016666666666666666,combined_risk_parity
2023-06-01,O,0.016666666666666666,combined_risk_parity
2023-07-03,O,0.016666666666666666,combined_risk_parity
2023-08-01,O,0.016666666666666666,combined_risk_parity
2023-09-01,O,0.016666666666666666,combined_risk_parity
2023-10-02,O,0.016666666666666666,combined_risk_parity
2023-11-01,O,0.016666666666666666,combined_risk_parity
2023-12-01,O,0.016666666666666666,combined_risk_parity
2021-01-04,OXY,0.016666666666666666,combined_risk_parity
2021-02-01,OXY,0.016666666666666666,combined_risk_parity
2021-03-01,OXY,0.016666666666666666,combined_risk_parity
2021-04-01,OXY,0.016666666666666666,combined_risk_parity
2021-05-03,OXY,0.016666666666666666,combined_risk_parity
2021-06-01,OXY,0.016666666666666666,combined_risk_parity
2021-07-01,OXY,0.016666666666666666,combined_risk_parity
2021-08-02,OXY,0.016666666666666666,combined_risk_parity
2021-09-01,OXY,0.016666666666666666,combined_risk_parity
2021-10-01,OXY,0.016666666666666666,combined_risk_parity
2021-11-01,OXY,0.016666666666666666,combined_risk_parity
2021-12-01,OXY,0.016666666666666666,combined_risk_parity
2022-01-03,OXY,0.016666666666666666,combined_risk_parity
2022-02-01,OXY,0.016666666666666666,combined_risk_parity
2022-03-01,OXY,0.016666666666666666,combined_risk_parity
2022-04-01,OXY,0.016666666666666666,combined_risk_parity
2022-05-02,OXY,0.016666666666666666,combined_risk_parity
2022-06-01,OXY,0.016666666666666666,combined_risk_parity
2022-07-01,OXY,0.016666666666666666,combined_risk_parity
2022-08-01,OXY,0.016666666666666666,combined_risk_parity
2022-09-01,OXY,0.016666666666666666,combined_risk_parity
2022-10-03,OXY,0.016666666666666666,combined_risk_parity
2022-11-01,OXY,0.016666666666666666,combined_risk_parity
2022-12-01,OXY,0.016666666666666666,combined_risk_parity
2023-01-03,OXY,0.016666666666666666,combined_risk_parity
2023-02-01,OXY,0.016666666666666666,combined_risk_parity
2023-03-01,OXY,0.016666666666666666,combined_risk_parity
2023-04-03,OXY,0.016666666666666666,combined_risk_parity
2023-05-01,OXY,0.016666666666666666,combined_risk_parity
2023-06-01,OXY,0.016666666666666666,combined_risk_parity
2023-07-03,OXY,0.016666666666666666,combined_risk_parity
2023-08-01,OXY,0.016666666666666666,combined_risk_parity
2023-09-01,OXY,0.016666666666666666,combined_risk_parity
2023-10-02,OXY,0.016666666666666666,combined_risk_parity
2023-11-01,OXY,0.016666666666666666,combined_risk_parity
2023-12-01,OXY,0.016666666666666666,combined_risk_parity
2021-01-04,PLD,0.016666666666666666,combined_risk_parity
2021-02-01,PLD,0.016666666666666666,combined_risk_parity
2021-03-01,PLD,0.016666666666666666,combined_risk_parity
2021-04-01,PLD,0.016666666666666666,combined_risk_parity
2021-05-03,PLD,0.016666666666666666,combined_risk_parity
2021-06-01,PLD,0.016666666666666666,combined_risk_parity
2021-07-01,PLD,0.016666666666666666,combined_risk_parity
2021-08-02,PLD,0.016666666666666666,combined_risk_parity
2021-09-01,PLD,0.016666666666666666,combined_risk_parity
2021-10-01,PLD,0.016666666666666666,combined_risk_parity
2021-11-01,PLD,0.016666666666666666,combined_risk_parity
2021-12-01,PLD,0.016666666666666666,combined_risk_parity
2022-01-03,PLD,0.016666666666666666,combined_risk_parity
2022-02-01,PLD,0.016666666666666666,combined_risk_parity
2022-03-01,PLD,0.016666666666666666,combined_risk_parity
2022-04-01,PLD,0.016666666666666666,combined_risk_parity
2022-05-02,PLD,0.016666666666666666,combined_risk_parity
2022-06-01,PLD,0.016666666666666666,combined_risk_parity
2022-07-01,PLD,0.016666666666666666,combined_risk_parity
2022-08-01,PLD,0.016666666666666666,combined_risk_parity
2022-09-01,PLD,0.016666666666666666,combined_risk_parity
2022-10-03,PLD,0.016666666666666666,combined_risk_parity
2022-11-01,PLD,0.016666666666666666,combined_risk_parity
2022-12-01,PLD,0.016666666666666666,combined_risk_parity
2023-01-03,PLD,0.016666666666666666,combined_risk_parity
2023-02-01,PLD,0.016666666666666666,combined_risk_parity
2023-03-01,PLD,0.016666666666666666,combined_risk_parity
2023-04-03,PLD,0.016666666666666666,combined_risk_parity
2023-05-01,PLD,0.016666666666666666,combined_risk_parity
2023-06-01,PLD,0.016666666666666666,combined_risk_parity
2023-07-03,PLD,0.016666666666666666,combined_risk_parity
2023-08-01,PLD,0.016666666666666666,combined_risk_parity
2023-09-01,PLD,0.016666666666666666,combined_risk_parity
2023-10-02,PLD,0.016666666666666666,combined_risk_parity
2023-11-01,PLD,0.016666666666666666,combined_risk_parity
2023-12-01,PLD,0.016666666666666666,combined_risk_parity
2021-01-04,PSA,0.016666666666666666,combined_risk_parity
2021-02-01,PSA,0.016666666666666666,combined_risk_parity
2021-03-01,PSA,0.016666666666666666,combined_risk_parity
2021-04-01,PSA,0.016666666666666666,combined_risk_parity
2021-05-03,PSA,0.016666666666666666,combined_risk_parity
2021-06-01,PSA,0.016666666666666666,combined_risk_parity
2021-07-01,PSA,0.016666666666666666,combined_risk_parity
2021-08-02,PSA,0.016666666666666666,combined_risk_parity
2021-09-01,PSA,0.016666666666666666,combined_risk_parity
2021-10-01,PSA,0.016666666666666666,combined_risk_parity
2021-11-01,PSA,0.016666666666666666,combined_risk_parity
2021-12-01,PSA,0.016666666666666666,combined_risk_parity
2022-01-03,PSA,0.016666666666666666,combined_risk_parity
2022-02-01,PSA,0.016666666666666666,combined_risk_parity
2022-03-01,PSA,0.016666666666666666,combined_risk_parity
2022-04-01,PSA,0.016666666666666666,combined_risk_parity
2022-05-02,PSA,0.016666666666666666,combined_risk_parity
2022-06-01,PSA,0.016666666666666666,combined_risk_parity
2022-07-01,PSA,0.016666666666666666,combined_risk_parity
2022-08-01,PSA,0.016666666666666666,combined_risk_parity
2022-09-01,PSA,0.016666666666666666,combined_risk_parity
2022-10-03,PSA,0.016666666666666666,combined_risk_parity
2022-11-01,PSA,0.016666666666666666,combined_risk_parity
2022-12-01,PSA,0.016666666666666666,combined_risk_parity
2023-01-03,PSA,0.016666666666666666,combined_risk_parity
2023-02-01,PSA,0.016666666666666666,combined_risk_parity
2023-03-01,PSA,0.016666666666666666,combined_risk_parity
2023-04-03,PSA,0.016666666666666666,combined_risk_parity
2023-05-01,PSA,0.016666666666666666,combined_risk_parity
2023-06-01,PSA,0.016666666666666666,combined_risk_parity
2023-07-03,PSA,0.016666666666666666,combined_risk_parity
2023-08-01,PSA,0.016666666666666666,combined_risk_parity
2023-09-01,PSA,0.016666666666666666,combined_risk_parity
2023-10-02,PSA,0.016666666666666666,combined_risk_parity
2023-11-01,PSA,0.016666666666666666,combined_risk_parity
2023-12-01,PSA,0.016666666666666666,combined_risk_parity
2021-01-04,QCOM,0.016666666666666666,combined_risk_parity
2021-02-01,QCOM,0.016666666666666666,combined_risk_parity
2021-03-01,QCOM,0.016666666666666666,combined_risk_parity
2021-04-01,QCOM,0.016666666666666666,combined_risk_parity
2021-05-03,QCOM,0.016666666666666666,combined_risk_parity
2021-06-01,QCOM,0.016666666666666666,combined_risk_parity
2021-07-01,QCOM,0.016666666666666666,combined_risk_parity
2021-08-02,QCOM,0.016666666666666666,combined_risk_parity
2021-09-01,QCOM,0.016666666666666666,combined_risk_parity
2021-10-01,QCOM,0.016666666666666666,combined_risk_parity
2021-11-01,QCOM,0.016666666666666666,combined_risk_parity
2021-12-01,QCOM,0.016666666666666666,combined_risk_parity
2022-01-03,QCOM,0.016666666666666666,combined_risk_parity
2022-02-01,QCOM,0.016666666666666666,combined_risk_parity
2022-03-01,QCOM,0.016666666666666666,combined_risk_parity
2022-04-01,QCOM,0.016666666666666666,combined_risk_parity
2022-05-02,QCOM,0.016666666666666666,combined_risk_parity
2022-06-01,QCOM,0.016666666666666666,combined_risk_parity
2022-07-01,QCOM,0.016666666666666666,combined_risk_parity
2022-08-01,QCOM,0.016666666666666666,combined_risk_parity
2022-09-01,QCOM,0.016666666666666666,combined_risk_parity
2022-10-03,QCOM,0.016666666666666666,combined_risk_parity
2022-11-01,QCOM,0.016666666666666666,combined_risk_parity
2022-12-01,QCOM,0.016666666666666666,combined_risk_parity
2023-01-03,QCOM,0.016666666666666666,combined_risk_parity
2023-02-01,QCOM,0.016666666666666666,combined_risk_parity
2023-03-01,QCOM,0.016666666666666666,combined_risk_parity
2023-04-03,QCOM,0.016666666666666666,combined_risk_parity
2023-05-01,QCOM,0.016666666666666666,combined_risk_parity
2023-06-01,QCOM,0.016666666666666666,combined_risk_parity
2023-07-03,QCOM,0.016666666666666666,combined_risk_parity
2023-08-01,QCOM,0.016666666666666666,combined_risk_parity
2023-09-01,QCOM,0.016666666666666666,combined_risk_parity
2023-10-02,QCOM,0.016666666666666666,combined_risk_parity
2023-11-01,QCOM,0.016666666666666666,combined_risk_parity
2023-12-01,QCOM,0.016666666666666666,combined_risk_parity
2021-01-04,SBUX,0.016666666666666666,combined_risk_parity
2021-02-01,SBUX,0.016666666666666666,combined_risk_parity
2021-03-01,SBUX,0.016666666666666666,combined_risk_parity
2021-04-01,SBUX,0.016666666666666666,combined_risk_parity
2021-05-03,SBUX,0.016666666666666666,combined_risk_parity
2021-06-01,SBUX,0.016666666666666666,combined_risk_parity
2021-07-01,SBUX,0.016666666666666666,combined_risk_parity
2021-08-02,SBUX,0.016666666666666666,combined_risk_parity
2021-09-01,SBUX,0.016666666666666666,combined_risk_parity
2021-10-01,SBUX,0.016666666666666666,combined_risk_parity
2021-11-01,SBUX,0.016666666666666666,combined_risk_parity
2021-12-01,SBUX,0.016666666666666666,combined_risk_parity
2022-01-03,SBUX,0.016666666666666666,combined_risk_parity
2022-02-01,SBUX,0.016666666666666666,combined_risk_parity
2022-03-01,SBUX,0.016666666666666666,combined_risk_parity
2022-04-01,SBUX,0.016666666666666666,combined_risk_parity
2022-05-02,SBUX,0.016666666666666666,combined_risk_parity
2022-06-01,SBUX,0.016666666666666666,combined_risk_parity
2022-07-01,SBUX,0.016666666666666666,combined_risk_parity
2022-08-01,SBUX,0.016666666666666666,combined_risk_parity
2022-09-01,SBUX,0.016666666666666666,combined_risk_parity
2022-10-03,SBUX,0.016666666666666666,combined_risk_parity
2022-11-01,SBUX,0.016666666666666666,combined_risk_parity
2022-12-01,SBUX,0.016666666666666666,combined_risk_parity
2023-01-03,SBUX,0.016666666666666666,combined_risk_parity
2023-02-01,SBUX,0.016666666666666666,combined_risk_parity
2023-03-01,SBUX,0.016666666666666666,combined_risk_parity
2023-04-03,SBUX,0.016666666666666666,combined_risk_parity
2023-05-01,SBUX,0.016666666666666666,combined_risk_parity
2023-06-01,SBUX,0.016666666666666666,combined_risk_parity
2023-07-03,SBUX,0.016666666666666666,combined_risk_parity
2023-08-01,SBUX,0.016666666666666666,combined_risk_parity
2023-09-01,SBUX,0.016666666666666666,combined_risk_parity
2023-10-02,SBUX,0.016666666666666666,combined_risk_parity
2023-11-01,SBUX,0.016666666666666666,combined_risk_parity
2023-12-01,SBUX,0.016666666666666666,combined_risk_parity
2021-01-04,SHW,0.016666666666666666,combined_risk_parity
2021-02-01,SHW,0.016666666666666666,combined_risk_parity
2021-03-01,SHW,0.016666666666666666,combined_risk_parity
2021-04-01,SHW,0.016666666666666666,combined_risk_parity
2021-05-03,SHW,0.016666666666666666,combined_risk_parity
2021-06-01,SHW,0.016666666666666666,combined_risk_parity
2021-07-01,SHW,0.016666666666666666,combined_risk_parity
2021-08-02,SHW,0.016666666666666666,combined_risk_parity
2021-09-01,SHW,0.016666666666666666,combined_risk_parity
2021-10-01,SHW,0.016666666666666666,combined_risk_parity
2021-11-01,SHW,0.016666666666666666,combined_risk_parity
2021-12-01,SHW,0.016666666666666666,combined_risk_parity
2022-01-03,SHW,0.016666666666666666,combined_risk_parity
2022-02-01,SHW,0.016666666666666666,combined_risk_parity
2022-03-01,SHW,0.016666666666666666,combined_risk_parity
2022-04-01,SHW,0.016666666666666666,combined_risk_parity
2022-05-02,SHW,0.016666666666666666,combined_risk_parity
2022-06-01,SHW,0.016666666666666666,combined_risk_parity
2022-07-01,SHW,0.016666666666666666,combined_risk_parity
2022-08-01,SHW,0.016666666666666666,combined_risk_parity
2022-09-01,SHW,0.016666666666666666,combined_risk_parity
2022-10-03,SHW,0.016666666666666666,combined_risk_parity
2022-11-01,SHW,0.016666666666666666,combined_risk_parity
2022-12-01,SHW,0.016666666666666666,combined_risk_parity
2023-01-03,SHW,0.016666666666666666,combined_risk_parity
2023-02-01,SHW,0.016666666666666666,combined_risk_parity
2023-03-01,SHW,0.016666666666666666,combined_risk_parity
2023-04-03,SHW,0.016666666666666666,combined_risk_parity
2023-05-01,SHW,0.016666666666666666,combined_risk_parity
2023-06-01,SHW,0.016666666666666666,combined_risk_parity
2023-07-03,SHW,0.016666666666666666,combined_risk_parity
2023-08-01,SHW,0.016666666666666666,combined_risk_parity
2023-09-01,SHW,0.016666666666666666,combined_risk_parity
2023-10-02,SHW,0.016666666666666666,combined_risk_parity
2023-11-01,SHW,0.016666666666666666,combined_risk_parity
2023-12-01,SHW,0.016666666666666666,combined_risk_parity
2021-01-04,SLB,0.016666666666666666,combined_risk_parity
2021-02-01,SLB,0.016666666666666666,combined_risk_parity
2021-03-01,SLB,0.016666666666666666,combined_risk_parity
2021-04-01,SLB,0.016666666666666666,combined_risk_parity
2021-05-03,SLB,0.016666666666666666,combined_risk_parity
2021-06-01,SLB,0.016666666666666666,combined_risk_parity
2021-07-01,SLB,0.016666666666666666,combined_risk_parity
2021-08-02,SLB,0.016666666666666666,combined_risk_parity
2021-09-01,SLB,0.016666666666666666,combined_risk_parity
2021-10-01,SLB,0.016666666666666666,combined_risk_parity
2021-11-01,SLB,0.016666666666666666,combined_risk_parity
2021-12-01,SLB,0.016666666666666666,combined_risk_parity
2022-01-03,SLB,0.016666666666666666,combined_risk_parity
2022-02-01,SLB,0.016666666666666666,combined_risk_parity
2022-03-01,SLB,0.016666666666666666,combined_risk_parity
2022-04-01,SLB,0.016666666666666666,combined_risk_parity
2022-05-02,SLB,0.016666666666666666,combined_risk_parity
2022-06-01,SLB,0.016666666666666666,combined_risk_parity
2022-07-01,SLB,0.016666666666666666,combined_risk_parity
2022-08-01,SLB,0.016666666666666666,combined_risk_parity
2022-09-01,SLB,0.016666666666666666,combined_risk_parity
2022-10-03,SLB,0.016666666666666666,combined_risk_parity
2022-11-01,SLB,0.016666666666666666,combined_risk_parity
2022-12-01,SLB,0.016666666666666666,combined_risk_parity
2023-01-03,SLB,0.016666666666666666,combined_risk_parity
2023-02-01,SLB,0.016666666666666666,combined_risk_parity
2023-03-01,SLB,0.016666666666666666,combined_risk_parity
2023-04-03,SLB,0.016666666666666666,combined_risk_parity
2023-05-01,SLB,0.016666666666666666,combined_risk_parity
2023-06-01,SLB,0.016666666666666666,combined_risk_parity
2023-07-03,SLB,0.016666666666666666,combined_risk_parity
2023-08-01,SLB,0.016666666666666666,combined_risk_parity
2023-09-01,SLB,0.016666666666666666,combined_risk_parity
2023-10-02,SLB,0.016666666666666666,combined_risk_parity
2023-11-01,SLB,0.016666666666666666,combined_risk_parity
2023-12-01,SLB,0.016666666666666666,combined_risk_parity
2021-01-04,SO,0.016666666666666666,combined_risk_parity
2021-02-01,SO,0.016666666666666666,combined_risk_parity
2021-03-01,SO,0.016666666666666666,combined_risk_parity
2021-04-01,SO,0.016666666666666666,combined_risk_parity
2021-05-03,SO,0.016666666666666666,combined_risk_parity
2021-06-01,SO,0.016666666666666666,combined_risk_parity
2021-07-01,SO,0.016666666666666666,combined_risk_parity
2021-08-02,SO,0.016666666666666666,combined_risk_parity
2021-09-01,SO,0.016666666666666666,combined_risk_parity
2021-10-01,SO,0.016666666666666666,combined_risk_parity
2021-11-01,SO,0.016666666666666666,combined_risk_parity
2021-12-01,SO,0.016666666666666666,combined_risk_parity
2022-01-03,SO,0.016666666666666666,combined_risk_parity
2022-02-01,SO,0.016666666666666666,combined_risk_parity
2022-03-01,SO,0.016666666666666666,combined_risk_parity
2022-04-01,SO,0.016666666666666666,combined_risk_parity
2022-05-02,SO,0.016666666666666666,combined_risk_parity
2022-06-01,SO,0.016666666666666666,combined_risk_parity
2022-07-01,SO,0.016666666666666666,combined_risk_parity
2022-08-01,SO,0.016666666666666666,combined_risk_parity
2022-09-01,SO,0.016666666666666666,combined_risk_parity
2022-10-03,SO,0.016666666666666666,combined_risk_parity
2022-11-01,SO,0.016666666666666666,combined_risk_parity
2022-12-01,SO,0.016666666666666666,combined_risk_parity
2023-01-03,SO,0.016666666666666666,combined_risk_parity
2023-02-01,SO,0.016666666666666666,combined_risk_parity
2023-03-01,SO,0.016666666666666666,combined_risk_parity
2023-04-03,SO,0.016666666666666666,combined_risk_parity
2023-05-01,SO,0.016666666666666666,combined_risk_parity
2023-06-01,SO,0.016666666666666666,combined_risk_parity
2023-07-03,SO,0.016666666666666666,combined_risk_parity
2023-08-01,SO,0.016666666666666666,combined_risk_parity
2023-09-01,SO,0.016666666666666666,combined_risk_parity
2023-10-02,SO,0.016666666666666666,combined_risk_parity
2023-11-01,SO,0.016666666666666666,combined_risk_parity
2023-12-01,SO,0.016666666666666666,combined_risk_parity
2021-01-04,T,0.016666666666666666,combined_risk_parity
2021-02-01,T,0.016666666666666666,combined_risk_parity
2021-03-01,T,0.016666666666666666,combined_risk_parity
2021-04-01,T,0.016666666666666666,combined_risk_parity
2021-05-03,T,0.016666666666666666,combined_risk_parity
2021-06-01,T,0.016666666666666666,combined_risk_parity
2021-07-01,T,0.016666666666666666,combined_risk_parity
2021-08-02,T,0.016666666666666666,combined_risk_parity
2021-09-01,T,0.016666666666666666,combined_risk_parity
2021-10-01,T,0.016666666666666666,combined_risk_parity
2021-11-01,T,0.016666666666666666,combined_risk_parity
2021-12-01,T,0.016666666666666666,combined_risk_parity
2022-01-03,T,0.016666666666666666,combined_risk_parity
2022-02-01,T,0.016666666666666666,combined_risk_parity
2022-03-01,T,0.016666666666666666,combined_risk_parity
2022-04-01,T,0.016666666666666666,combined_risk_parity
2022-05-02,T,0.016666666666666666,combined_risk_parity
2022-06-01,T,0.016666666666666666,combined_risk_parity
2022-07-01,T,0.016666666666666666,combined_risk_parity
2022-08-01,T,0.016666666666666666,combined_risk_parity
2022-09-01,T,0.016666666666666666,combined_risk_parity
2022-10-03,T,0.016666666666666666,combined_risk_parity
2022-11-01,T,0.016666666666666666,combined_risk_parity
2022-12-01,T,0.016666666666666666,combined_risk_parity
2023-01-03,T,0.016666666666666666,combined_risk_parity
2023-02-01,T,0.016666666666666666,combined_risk_parity
2023-03-01,T,0.016666666666666666,combined_risk_parity
2023-04-03,T,0.016666666666666666,combined_risk_parity
2023-05-01,T,0.016666666666666666,combined_risk_parity
2023-06-01,T,0.016666666666666666,combined_risk_parity
2023-07-03,T,0.016666666666666666,combined_risk_parity
2023-08-01,T,0.016666666666666666,combined_risk_parity
2023-09-01,T,0.016666666666666666,combined_risk_parity
2023-10-02,T,0.016666666666666666,combined_risk_parity
2023-11-01,T,0.016666666666666666,combined_risk_parity
2023-12-01,T,0.016666666666666666,combined_risk_parity
2021-01-04,TMUS,0.016666666666666666,combined_risk_parity
2021-02-01,TMUS,0.016666666666666666,combined_risk_parity
2021-03-01,TMUS,0.016666666666666666,combined_risk_parity
2021-04-01,TMUS,0.016666666666666666,combined_risk_parity
2021-05-03,TMUS,0.016666666666666666,combined_risk_parity
2021-06-01,TMUS,0.016666666666666666,combined_risk_parity
2021-07-01,TMUS,0.016666666666666666,combined_risk_parity
2021-08-02,TMUS,0.016666666666666666,combined_risk_parity
2021-09-01,TMUS,0.016666666666666666,combined_risk_parity
2021-10-01,TMUS,0.016666666666666666,combined_risk_parity
2021-11-01,TMUS,0.016666666666666666,combined_risk_parity
2021-12-01,TMUS,0.016666666666666666,combined_risk_parity
2022-01-03,TMUS,0.016666666666666666,combined_risk_parity
2022-02-01,TMUS,0.016666666666666666,combined_risk_parity
2022-03-01,TMUS,0.016666666666666666,combined_risk_parity
2022-04-01,TMUS,0.016666666666666666,combined_risk_parity
2022-05-02,TMUS,0.016666666666666666,combined_risk_parity
2022-06-01,TMUS,0.016666666666666666,combined_risk_parity
2022-07-01,TMUS,0.016666666666666666,combined_risk_parity
2022-08-01,TMUS,0.016666666666666666,combined_risk_parity
2022-09-01,TMUS,0.016666666666666666,combined_risk_parity
2022-10-03,TMUS,0.016666666666666666,combined_risk_parity
2022-11-01,TMUS,0.016666666666666666,combined_risk_parity
2022-12-01,TMUS,0.016666666666666666,combined_risk_parity
2023-01-03,TMUS,0.016666666666666666,combined_risk_parity
2023-02-01,TMUS,0.016666666666666666,combined_risk_parity
2023-03-01,TMUS,0.016666666666666666,combined_risk_parity
2023-04-03,TMUS,0.016666666666666666,combined_risk_parity
2023-05-01,TMUS,0.016666666666666666,combined_risk_parity
2023-06-01,TMUS,0.016666666666666666,combined_risk_parity
2023-07-03,TMUS,0.016666666666666666,combined_risk_parity
2023-08-01,TMUS,0.016666666666666666,combined_risk_parity
2023-09-01,TMUS,0.016666666666666666,combined_risk_parity
2023-10-02,TMUS,0.016666666666666666,combined_risk_parity
2023-11-01,TMUS,0.016666666666666666,combined_risk_parity
2023-12-01,TMUS,0.016666666666666666,combined_risk_parity
2021-01-04,TRX-USD,0.016666666666666666,combined_risk_parity
2021-02-01,TRX-USD,0.016666666666666666,combined_risk_parity
2021-03-01,TRX-USD,0.016666666666666666,combined_risk_parity
2021-04-01,TRX-USD,0.016666666666666666,combined_risk_parity
2021-05-03,TRX-USD,0.016666666666666666,combined_risk_parity
2021-06-01,TRX-USD,0.016666666666666666,combined_risk_parity
2021-07-01,TRX-USD,0.016666666666666666,combined_risk_parity
2021-08-02,TRX-USD,0.016666666666666666,combined_risk_parity
2021-09-01,TRX-USD,0.016666666666666666,combined_risk_parity
2021-10-01,TRX-USD,0.016666666666666666,combined_risk_parity
2021-11-01,TRX-USD,0.016666666666666666,combined_risk_parity
2021-12-01,TRX-USD,0.016666666666666666,combined_risk_parity
2022-01-03,TRX-USD,0.016666666666666666,combined_risk_parity
2022-02-01,TRX-USD,0.016666666666666666,combined_risk_parity
2022-03-01,TRX-USD,0.016666666666666666,combined_risk_parity
2022-04-01,TRX-USD,0.016666666666666666,combined_risk_parity
2022-05-02,TRX-USD,0.016666666666666666,combined_risk_parity
2022-06-01,TRX-USD,0.016666666666666666,combined_risk_parity
2022-07-01,TRX-USD,0.016666666666666666,combined_risk_parity
2022-08-01,TRX-USD,0.016666666666666666,combined_risk_parity
2022-09-01,TRX-USD,0.016666666666666666,combined_risk_parity
2022-10-03,TRX-USD,0.016666666666666666,combined_risk_parity
2022-11-01,TRX-USD,0.016666666666666666,combined_risk_parity
2022-12-01,TRX-USD,0.016666666666666666,combined_risk_parity
2023-01-03,TRX-USD,0.016666666666666666,combined_risk_parity
2023-02-01,TRX-USD,0.016666666666666666,combined_risk_parity
2023-03-01,TRX-USD,0.016666666666666666,combined_risk_parity
2023-04-03,TRX-USD,0.016666666666666666,combined_risk_parity
2023-05-01,TRX-USD,0.016666666666666666,combined_risk_parity
2023-06-01,TRX-USD,0.016666666666666666,combined_risk_parity
2023-07-03,TRX-USD,0.016666666666666666,combined_risk_parity
2023-08-01,TRX-USD,0.016666666666666666,combined_risk_parity
2023-09-01,TRX-USD,0.016666666666666666,combined_risk_parity
2023-10-02,TRX-USD,0.016666666666666666,combined_risk_parity
2023-11-01,TRX-USD,0.016666666666666666,combined_risk_parity
2023-12-01,TRX-USD,0.016666666666666666,combined_risk_parity
2021-01-04,TTWO,0.016666666666666666,combined_risk_parity
2021-02-01,TTWO,0.016666666666666666,combined_risk_parity
2021-03-01,TTWO,0.016666666666666666,combined_risk_parity
2021-04-01,TTWO,0.016666666666666666,combined_risk_parity
2021-05-03,TTWO,0.016666666666666666,combined_risk_parity
2021-06-01,TTWO,0.016666666666666666,combined_risk_parity
2021-07-01,TTWO,0.016666666666666666,combined_risk_parity
2021-08-02,TTWO,0.016666666666666666,combined_risk_parity
2021-09-01,TTWO,0.016666666666666666,combined_risk_parity
2021-10-01,TTWO,0.016666666666666666,combined_risk_parity
2021-11-01,TTWO,0.016666666666666666,combined_risk_parity
2021-12-01,TTWO,0.016666666666666666,combined_risk_parity
2022-01-03,TTWO,0.016666666666666666,combined_risk_parity
2022-02-01,TTWO,0.016666666666666666,combined_risk_parity
2022-03-01,TTWO,0.016666666666666666,combined_risk_parity
2022-04-01,TTWO,0.016666666666666666,combined_risk_parity
2022-05-02,TTWO,0.016666666666666666,combined_risk_parity
2022-06-01,TTWO,0.016666666666666666,combined_risk_parity
2022-07-01,TTWO,0.016666666666666666,combined_risk_parity
2022-08-01,TTWO,0.016666666666666666,combined_risk_parity
2022-09-01,TTWO,0.016666666666666666,combined_risk_parity
2022-10-03,TTWO,0.016666666666666666,combined_risk_parity
2022-11-01,TTWO,0.016666666666666666,combined_risk_parity
2022-12-01,TTWO,0.016666666666666666,combined_risk_parity
2023-01-03,TTWO,0.016666666666666666,combined_risk_parity
2023-02-01,TTWO,0.016666666666666666,combined_risk_parity
2023-03-01,TTWO,0.016666666666666666,combined_risk_parity
2023-04-03,TTWO,0.016666666666666666,combined_risk_parity
2023-05-01,TTWO,0.016666666666666666,combined_risk_parity
2023-06-01,TTWO,0.016666666666666666,combined_risk_parity
2023-07-03,TTWO,0.016666666666666666,combined_risk_parity
2023-08-01,TTWO,0.016666666666666666,combined_risk_parity
2023-09-01,TTWO,0.016666666666666666,combined_risk_parity
2023-10-02,TTWO,0.016666666666666666,combined_risk_parity
2023-11-01,TTWO,0.016666666666666666,combined_risk_parity
2023-12-01,TTWO,0.016666666666666666,combined_risk_parity
2021-01-04,UPS,0.016666666666666666,combined_risk_parity
2021-02-01,UPS,0.016666666666666666,combined_risk_parity
2021-03-01,UPS,0.016666666666666666,combined_risk_parity
2021-04-01,UPS,0.016666666666666666,combined_risk_parity
2021-05-03,UPS,0.016666666666666666,combined_risk_parity
2021-06-01,UPS,0.016666666666666666,combined_risk_parity
2021-07-01,UPS,0.016666666666666666,combined_risk_parity
2021-08-02,UPS,0.016666666666666666,combined_risk_parity
2021-09-01,UPS,0.016666666666666666,combined_risk_parity
2021-10-01,UPS,0.016666666666666666,combined_risk_parity
2021-11-01,UPS,0.016666666666666666,combined_risk_parity
2021-12-01,UPS,0.016666666666666666,combined_risk_parity
2022-01-03,UPS,0.016666666666666666,combined_risk_parity
2022-02-01,UPS,0.016666666666666666,combined_risk_parity
2022-03-01,UPS,0.016666666666666666,combined_risk_parity
2022-04-01,UPS,0.016666666666666666,combined_risk_parity
2022-05-02,UPS,0.016666666666666666,combined_risk_parity
2022-06-01,UPS,0.016666666666666666,combined_risk_parity
2022-07-01,UPS,0.016666666666666666,combined_risk_parity
2022-08-01,UPS,0.016666666666666666,combined_risk_parity
2022-09-01,UPS,0.016666666666666666,combined_risk_parity
2022-10-03,UPS,0.016666666666666666,combined_risk_parity
2022-11-01,UPS,0.016666666666666666,combined_risk_parity
2022-12-01,UPS,0.016666666666666666,combined_risk_parity
2023-01-03,UPS,0.016666666666666666,combined_risk_parity
2023-02-01,UPS,0.016666666666666666,combined_risk_parity
2023-03-01,UPS,0.016666666666666666,combined_risk_parity
2023-04-03,UPS,0.016666666666666666,combined_risk_parity
2023-05-01,UPS,0.016666666666666666,combined_risk_parity
2023-06-01,UPS,0.016666666666666666,combined_risk_parity
2023-07-03,UPS,0.016666666666666666,combined_risk_parity
2023-08-01,UPS,0.016666666666666666,combined_risk_parity
2023-09-01,UPS,0.016666666666666666,combined_risk_parity
2023-10-02,UPS,0.016666666666666666,combined_risk_parity
2023-11-01,UPS,0.016666666666666666,combined_risk_parity
2023-12-01,UPS,0.016666666666666666,combined_risk_parity
2021-01-04,USB,0.016666666666666666,combined_risk_parity
2021-02-01,USB,0.016666666666666666,combined_risk_parity
2021-03-01,USB,0.016666666666666666,combined_risk_parity
2021-04-01,USB,0.016666666666666666,combined_risk_parity
2021-05-03,USB,0.016666666666666666,combined_risk_parity
2021-06-01,USB,0.016666666666666666,combined_risk_parity
2021-07-01,USB,0.016666666666666666,combined_risk_parity
2021-08-02,USB,0.016666666666666666,combined_risk_parity
2021-09-01,USB,0.016666666666666666,combined_risk_parity
2021-10-01,USB,0.016666666666666666,combined_risk_parity
2021-11-01,USB,0.016666666666666666,combined_risk_parity
2021-12-01,USB,0.016666666666666666,combined_risk_parity
2022-01-03,USB,0.016666666666666666,combined_risk_parity
2022-02-01,USB,0.016666666666666666,combined_risk_parity
2022-03-01,USB,0.016666666666666666,combined_risk_parity
2022-04-01,USB,0.016666666666666666,combined_risk_parity
2022-05-02,USB,0.016666666666666666,combined_risk_parity
2022-06-01,USB,0.016666666666666666,combined_risk_parity
2022-07-01,USB,0.016666666666666666,combined_risk_parity
2022-08-01,USB,0.016666666666666666,combined_risk_parity
2022-09-01,USB,0.016666666666666666,combined_risk_parity
2022-10-03,USB,0.016666666666666666,combined_risk_parity
2022-11-01,USB,0.016666666666666666,combined_risk_parity
2022-12-01,USB,0.016666666666666666,combined_risk_parity
2023-01-03,USB,0.016666666666666666,combined_risk_parity
2023-02-01,USB,0.016666666666666666,combined_risk_parity
2023-03-01,USB,0.016666666666666666,combined_risk_parity
2023-04-03,USB,0.016666666666666666,combined_risk_parity
2023-05-01,USB,0.016666666666666666,combined_risk_parity
2023-06-01,USB,0.016666666666666666,combined_risk_parity
2023-07-03,USB,0.016666666666666666,combined_risk_parity
2023-08-01,USB,0.016666666666666666,combined_risk_parity
2023-09-01,USB,0.016666666666666666,combined_risk_parity
2023-10-02,USB,0.016666666666666666,combined_risk_parity
2023-11-01,USB,0.016666666666666666,combined_risk_parity
2023-12-01,USB,0.016666666666666666,combined_risk_parity
2021-01-04,V,0.016666666666666666,combined_risk_parity
2021-02-01,V,0.016666666666666666,combined_risk_parity
2021-03-01,V,0.016666666666666666,combined_risk_parity
2021-04-01,V,0.016666666666666666,combined_risk_parity
2021-05-03,V,0.016666666666666666,combined_risk_parity
2021-06-01,V,0.016666666666666666,combined_risk_parity
2021-07-01,V,0.016666666666666666,combined_risk_parity
2021-08-02,V,0.016666666666666666,combined_risk_parity
2021-09-01,V,0.016666666666666666,combined_risk_parity
2021-10-01,V,0.016666666666666666,combined_risk_parity
2021-11-01,V,0.016666666666666666,combined_risk_parity
2021-12-01,V,0.016666666666666666,combined_risk_parity
2022-01-03,V,0.016666666666666666,combined_risk_parity
2022-02-01,V,0.016666666666666666,combined_risk_parity
2022-03-01,V,0.016666666666666666,combined_risk_parity
2022-04-01,V,0.016666666666666666,combined_risk_parity
2022-05-02,V,0.016666666666666666,combined_risk_parity
2022-06-01,V,0.016666666666666666,combined_risk_parity
2022-07-01,V,0.016666666666666666,combined_risk_parity
2022-08-01,V,0.016666666666666666,combined_risk_parity
2022-09-01,V,0.016666666666666666,combined_risk_parity
2022-10-03,V,0.016666666666666666,combined_risk_parity
2022-11-01,V,0.016666666666666666,combined_risk_parity
2022-12-01,V,0.016666666666666666,combined_risk_parity
2023-01-03,V,0.016666666666666666,combined_risk_parity
2023-02-01,V,0.016666666666666666,combined_risk_parity
2023-03-01,V,0.016666666666666666,combined_risk_parity
2023-04-03,V,0.016666666666666666,combined_risk_parity
2023-05-01,V,0.016666666666666666,combined_risk_parity
2023-06-01,V,0.016666666666666666,combined_risk_parity
2023-07-03,V,0.016666666666666666,combined_risk_parity
2023-08-01,V,0.016666666666666666,combined_risk_parity
2023-09-01,V,0.016666666666666666,combined_risk_parity
2023-10-02,V,0.016666666666666666,combined_risk_parity
2023-11-01,V,0.016666666666666666,combined_risk_parity
2023-12-01,V,0.016666666666666666,combined_risk_parity
2021-01-04,WFC,0.016666666666666666,combined_risk_parity
2021-02-01,WFC,0.016666666666666666,combined_risk_parity
2021-03-01,WFC,0.016666666666666666,combined_risk_parity
2021-04-01,WFC,0.016666666666666666,combined_risk_parity
2021-05-03,WFC,0.016666666666666666,combined_risk_parity
2021-06-01,WFC,0.016666666666666666,combined_risk_parity
2021-07-01,WFC,0.016666666666666666,combined_risk_parity
2021-08-02,WFC,0.016666666666666666,combined_risk_parity
2021-09-01,WFC,0.016666666666666666,combined_risk_parity
2021-10-01,WFC,0.016666666666666666,combined_risk_parity
2021-11-01,WFC,0.016666666666666666,combined_risk_parity
2021-12-01,WFC,0.016666666666666666,combined_risk_parity
2022-01-03,WFC,0.016666666666666666,combined_risk_parity
2022-02-01,WFC,0.016666666666666666,combined_risk_parity
2022-03-01,WFC,0.016666666666666666,combined_risk_parity
2022-04-01,WFC,0.016666666666666666,combined_risk_parity
2022-05-02,WFC,0.016666666666666666,combined_risk_parity
2022-06-01,WFC,0.016666666666666666,combined_risk_parity
2022-07-01,WFC,0.016666666666666666,combined_risk_parity
2022-08-01,WFC,0.016666666666666666,combined_risk_parity
2022-09-01,WFC,0.016666666666666666,combined_risk_parity
2022-10-03,WFC,0.016666666666666666,combined_risk_parity
2022-11-01,WFC,0.016666666666666666,combined_risk_parity
2022-12-01,WFC,0.016666666666666666,combined_risk_parity
2023-01-03,WFC,0.016666666666666666,combined_risk_parity
2023-02-01,WFC,0.016666666666666666,combined_risk_parity
2023-03-01,WFC,0.016666666666666666,combined_risk_parity
2023-04-03,WFC,0.016666666666666666,combined_risk_parity
2023-05-01,WFC,0.016666666666666666,combined_risk_parity
2023-06-01,WFC,0.016666666666666666,combined_risk_parity
2023-07-03,WFC,0.016666666666666666,combined_risk_parity
2023-08-01,WFC,0.016666666666666666,combined_risk_parity
2023-09-01,WFC,0.016666666666666666,combined_risk_parity
2023-10-02,WFC,0.016666666666666666,combined_risk_parity
2023-11-01,WFC,0.016666666666666666,combined_risk_parity
2023-12-01,WFC,0.016666666666666666,combined_risk_parity
2021-01-04,WMT,0.016666666666666666,combined_risk_parity
2021-02-01,WMT,0.016666666666666666,combined_risk_parity
2021-03-01,WMT,0.016666666666666666,combined_risk_parity
2021-04-01,WMT,0.016666666666666666,combined_risk_parity
2021-05-03,WMT,0.016666666666666666,combined_risk_parity
2021-06-01,WMT,0.016666666666666666,combined_risk_parity
2021-07-01,WMT,0.016666666666666666,combined_risk_parity
2021-08-02,WMT,0.016666666666666666,combined_risk_parity
2021-09-01,WMT,0.016666666666666666,combined_risk_parity
2021-10-01,WMT,0.016666666666666666,combined_risk_parity
2021-11-01,WMT,0.016666666666666666,combined_risk_parity
2021-12-01,WMT,0.016666666666666666,combined_risk_parity
2022-01-03,WMT,0.016666666666666666,combined_risk_parity
2022-02-01,WMT,0.016666666666666666,combined_risk_parity
2022-03-01,WMT,0.016666666666666666,combined_risk_parity
2022-04-01,WMT,0.016666666666666666,combined_risk_parity
2022-05-02,WMT,0.016666666666666666,combined_risk_parity
2022-06-01,WMT,0.016666666666666666,combined_risk_parity
2022-07-01,WMT,0.016666666666666666,combined_risk_parity
2022-08-01,WMT,0.016666666666666666,combined_risk_parity
2022-09-01,WMT,0.016666666666666666,combined_risk_parity
2022-10-03,WMT,0.016666666666666666,combined_risk_parity
2022-11-01,WMT,0.016666666666666666,combined_risk_parity
2022-12-01,WMT,0.016666666666666666,combined_risk_parity
2023-01-03,WMT,0.016666666666666666,combined_risk_parity
2023-02-01,WMT,0.016666666666666666,combined_risk_parity
2023-03-01,WMT,0.016666666666666666,combined_risk_parity
2023-04-03,WMT,0.016666666666666666,combined_risk_parity
2023-05-01,WMT,0.016666666666666666,combined_risk_parity
2023-06-01,WMT,0.016666666666666666,combined_risk_parity
2023-07-03,WMT,0.016666666666666666,combined_risk_parity
2023-08-01,WMT,0.016666666666666666,combined_risk_parity
2023-09-01,WMT,0.016666666666666666,combined_risk_parity
2023-10-02,WMT,0.016666666666666666,combined_risk_parity
2023-11-01,WMT,0.016666666666666666,combined_risk_parity
2023-12-01,WMT,0.016666666666666666,combined_risk_parity
2021-01-04,XLM-USD,0.016666666666666666,combined_risk_parity
2021-02-01,XLM-USD,0.016666666666666666,combined_risk_parity
2021-03-01,XLM-USD,0.016666666666666666,combined_risk_parity
2021-04-01,XLM-USD,0.016666666666666666,combined_risk_parity
2021-05-03,XLM-USD,0.016666666666666666,combined_risk_parity
2021-06-01,XLM-USD,0.016666666666666666,combined_risk_parity
2021-07-01,XLM-USD,0.016666666666666666,combined_risk_parity
2021-08-02,XLM-USD,0.016666666666666666,combined_risk_parity
2021-09-01,XLM-USD,0.016666666666666666,combined_risk_parity
2021-10-01,XLM-USD,0.016666666666666666,combined_risk_parity
2021-11-01,XLM-USD,0.016666666666666666,combined_risk_parity
2021-12-01,XLM-USD,0.016666666666666666,combined_risk_parity
2022-01-03,XLM-USD,0.016666666666666666,combined_risk_parity
2022-02-01,XLM-USD,0.016666666666666666,combined_risk_parity
2022-03-01,XLM-USD,0.016666666666666666,combined_risk_parity
2022-04-01,XLM-USD,0.016666666666666666,combined_risk_parity
2022-05-02,XLM-USD,0.016666666666666666,combined_risk_parity
2022-06-01,XLM-USD,0.016666666666666666,combined_risk_parity
2022-07-01,XLM-USD,0.016666666666666666,combined_risk_parity
2022-08-01,XLM-USD,0.016666666666666666,combined_risk_parity
2022-09-01,XLM-USD,0.016666666666666666,combined_risk_parity
2022-10-03,XLM-USD,0.016666666666666666,combined_risk_parity
2022-11-01,XLM-USD,0.016666666666666666,combined_risk_parity
2022-12-01,XLM-USD,0.016666666666666666,combined_risk_parity
2023-01-03,XLM-USD,0.016666666666666666,combined_risk_parity
2023-02-01,XLM-USD,0.016666666666666666,combined_risk_parity
2023-03-01,XLM-USD,0.016666666666666666,combined_risk_parity
2023-04-03,XLM-USD,0.016666666666666666,combined_risk_parity
2023-05-01,XLM-USD,0.016666666666666666,combined_risk_parity
2023-06-01,XLM-USD,0.016666666666666666,combined_risk_parity
2023-07-03,XLM-USD,0.016666666666666666,combined_risk_parity
2023-08-01,XLM-USD,0.016666666666666666,combined_risk_parity
2023-09-01,XLM-USD,0.016666666666666666,combined_risk_parity
2023-10-02,XLM-USD,0.016666666666666666,combined_risk_parity
2023-11-01,XLM-USD,0.016666666666666666,combined_risk_parity
2023-12-01,XLM-USD,0.016666666666666666,combined_risk_parity
2021-01-04,XOM,0.016666666666666666,combined_risk_parity
2021-02-01,XOM,0.016666666666666666,combined_risk_parity
2021-03-01,XOM,0.016666666666666666,combined_risk_parity
2021-04-01,XOM,0.016666666666666666,combined_risk_parity
2021-05-03,XOM,0.016666666666666666,combined_risk_parity
2021-06-01,XOM,0.016666666666666666,combined_risk_parity
2021-07-01,XOM,0.016666666666666666,combined_risk_parity
2021-08-02,XOM,0.016666666666666666,combined_risk_parity
2021-09-01,XOM,0.016666666666666666,combined_risk_parity
2021-10-01,XOM,0.016666666666666666,combined_risk_parity
2021-11-01,XOM,0.016666666666666666,combined_risk_parity
2021-12-01,XOM,0.016666666666666666,combined_risk_parity
2022-01-03,XOM,0.016666666666666666,combined_risk_parity
2022-02-01,XOM,0.016666666666666666,combined_risk_parity
2022-03-01,XOM,0.016666666666666666,combined_risk_parity
2022-04-01,XOM,0.016666666666666666,combined_risk_parity
2022-05-02,XOM,0.016666666666666666,combined_risk_parity
2022-06-01,XOM,0.016666666666666666,combined_risk_parity
2022-07-01,XOM,0.016666666666666666,combined_risk_parity
2022-08-01,XOM,0.016666666666666666,combined_risk_parity
2022-09-01,XOM,0.016666666666666666,combined_risk_parity
2022-10-03,XOM,0.016666666666666666,combined_risk_parity
2022-11-01,XOM,0.016666666666666666,combined_risk_parity
2022-12-01,XOM,0.016666666666666666,combined_risk_parity
2023-01-03,XOM,0.016666666666666666,combined_risk_parity
2023-02-01,XOM,0.016666666666666666,combined_risk_parity
2023-03-01,XOM,0.016666666666666666,combined_risk_parity
2023-04-03,XOM,0.016666666666666666,combined_risk_parity
2023-05-01,XOM,0.016666666666666666,combined_risk_parity
2023-06-01,XOM,0.016666666666666666,combined_risk_parity
2023-07-03,XOM,0.016666666666666666,combined_risk_parity
2023-08-01,XOM,0.016666666666666666,combined_risk_parity
2023-09-01,XOM,0.016666666666666666,combined_risk_parity
2023-10-02,XOM,0.016666666666666666,combined_risk_parity
2023-11-01,XOM,0.016666666666666666,combined_risk_parity
2023-12-01,XOM,0.016666666666666666,combined_risk_parity
2021-01-04,XRP-USD,0.016666666666666666,combined_risk_parity
2021-02-01,XRP-USD,0.016666666666666666,combined_risk_parity
2021-03-01,XRP-USD,0.016666666666666666,combined_risk_parity
2021-04-01,XRP-USD,0.016666666666666666,combined_risk_parity
2021-05-03,XRP-USD,0.016666666666666666,combined_risk_parity
2021-06-01,XRP-USD,0.016666666666666666,combined_risk_parity
2021-07-01,XRP-USD,0.016666666666666666,combined_risk_parity
2021-08-02,XRP-USD,0.016666666666666666,combined_risk_parity
2021-09-01,XRP-USD,0.016666666666666666,combined_risk_parity
2021-10-01,XRP-USD,0.016666666666666666,combined_risk_parity
2021-11-01,XRP-USD,0.016666666666666666,combined_risk_parity
2021-12-01,XRP-USD,0.016666666666666666,combined_risk_parity
2022-01-03,XRP-USD,0.016666666666666666,combined_risk_parity
2022-02-01,XRP-USD,0.016666666666666666,combined_risk_parity
2022-03-01,XRP-USD,0.016666666666666666,combined_risk_parity
2022-04-01,XRP-USD,0.016666666666666666,combined_risk_parity
2022-05-02,XRP-USD,0.016666666666666666,combined_risk_parity
2022-06-01,XRP-USD,0.016666666666666666,combined_risk_parity
2022-07-01,XRP-USD,0.016666666666666666,combined_risk_parity
2022-08-01,XRP-USD,0.016666666666666666,combined_risk_parity
2022-09-01,XRP-USD,0.016666666666666666,combined_risk_parity
2022-10-03,XRP-USD,0.016666666666666666,combined_risk_parity
2022-11-01,XRP-USD,0.016666666666666666,combined_risk_parity
2022-12-01,XRP-USD,0.016666666666666666,combined_risk_parity
2023-01-03,XRP-USD,0.016666666666666666,combined_risk_parity
2023-02-01,XRP-USD,0.016666666666666666,combined_risk_parity
2023-03-01,XRP-USD,0.016666666666666666,combined_risk_parity
2023-04-03,XRP-USD,0.016666666666666666,combined_risk_parity
2023-05-01,XRP-USD,0.016666666666666666,combined_risk_parity
2023-06-01,XRP-USD,0.016666666666666666,combined_risk_parity
2023-07-03,XRP-USD,0.016666666666666666,combined_risk_parity
2023-08-01,XRP-USD,0.016666666666666666,combined_risk_parity
2023-09-01,XRP-USD,0.016666666666666666,combined_risk_parity
2023-10-02,XRP-USD,0.016666666666666666,combined_risk_parity
2023-11-01,XRP-USD,0.016666666666666666,combined_risk_parity
2023-12-01,XRP-USD,0.016666666666666666,combined_risk_parity
2021-01-04,ABBV,0.06771734978347176,equity_min_variance
2021-02-01,ABBV,0.06363230659228945,equity_min_variance
2021-03-01,ABBV,0.06457605792425541,equity_min_variance
2021-04-01,ABBV,0.043440676939752454,equity_min_variance
2021-05-03,ABBV,0.027694694104158406,equity_min_variance
2021-06-01,ABBV,0.02,equity_min_variance
2021-07-01,ABBV,0.02,equity_min_variance
2021-08-02,ABBV,0.02,equity_min_variance
2021-09-01,ABBV,0.02,equity_min_variance
2021-10-01,ABBV,0.02,equity_min_variance
2021-11-01,ABBV,0.02,equity_min_variance
2021-12-01,ABBV,0.02,equity_min_variance
2022-01-03,ABBV,0.02,equity_min_variance
2022-02-01,ABBV,0.02,equity_min_variance
2022-03-01,ABBV,0.02,equity_min_variance
2022-04-01,ABBV,0.02,equity_min_variance
2022-05-02,ABBV,0.02,equity_min_variance
2022-06-01,ABBV,0.02,equity_min_variance
2022-07-01,ABBV,0.02,equity_min_variance
2022-08-01,ABBV,0.02,equity_min_variance
2022-09-01,ABBV,0.02,equity_min_variance
2022-10-03,ABBV,0.02,equity_min_variance
2022-11-01,ABBV,0.02,equity_min_variance
2022-12-01,ABBV,0.02,equity_min_variance
2023-01-03,ABBV,0.02,equity_min_variance
2023-02-01,ABBV,0.02,equity_min_variance
2023-03-01,ABBV,0.02,equity_min_variance
2023-04-03,ABBV,0.02,equity_min_variance
2023-05-01,ABBV,0.02,equity_min_variance
2023-06-01,ABBV,0.02,equity_min_variance
2023-07-03,ABBV,0.02,equity_min_variance
2023-08-01,ABBV,0.02,equity_min_variance
2023-09-01,ABBV,0.02,equity_min_variance
2023-10-02,ABBV,0.02,equity_min_variance
2023-11-01,ABBV,0.02,equity_min_variance
2023-12-01,ABBV,0.02,equity_min_variance
2021-01-04,ABT,0.02289577553476691,equity_min_variance
2021-02-01,ABT,0.026238301251298012,equity_min_variance
2021-03-01,ABT,0.02781973548664474,equity_min_variance
2021-04-01,ABT,0.03809438969633549,equity_min_variance
2021-05-03,ABT,0.026396651027897046,equity_min_variance
2021-06-01,ABT,0.02,equity_min_variance
2021-07-01,ABT,0.02,equity_min_variance
2021-08-02,ABT,0.02,equity_min_variance
2021-09-01,ABT,0.02,equity_min_variance
2021-10-01,ABT,0.02,equity_min_variance
2021-11-01,ABT,0.02,equity_min_variance
2021-12-01,ABT,0.02,equity_min_variance
2022-01-03,ABT,0.02,equity_min_variance
2022-02-01,ABT,0.02,equity_min_variance
2022-03-01,ABT,0.02,equity_min_variance
2022-04-01,ABT,0.02,equity_min_variance
2022-05-02,ABT,0.02,equity_min_variance
2022-06-01,ABT,0.02,equity_min_variance
2022-07-01,ABT,0.02,equity_min_variance
2022-08-01,ABT,0.02,equity_min_variance
2022-09-01,ABT,0.02,equity_min_variance
2022-10-03,ABT,0.02,equity_min_variance
2022-11-01,ABT,0.02,equity_min_variance
2022-12-01,ABT,0.02,equity_min_variance
2023-01-03,ABT,0.02,equity_min_variance
2023-02-01,ABT,0.02,equity_min_variance
2023-03-01,ABT,0.02,equity_min_variance
2023-04-03,ABT,0.02,equity_min_variance
2023-05-01,ABT,0.02,equity_min_variance
2023-06-01,ABT,0.02,equity_min_variance
2023-07-03,ABT,0.02,equity_min_variance
2023-08-01,ABT,0.02,equity_min_variance
2023-09-01,ABT,0.02,equity_min_variance
2023-10-02,ABT,0.02,equity_min_variance
2023-11-01,ABT,0.02,equity_min_variance
2023-12-01,ABT,0.02,equity_min_variance
2021-01-04,ADBE,0.0,equity_min_variance
2021-02-01,ADBE,2.956593399346907e-18,equity_min_variance
2021-03-01,ADBE,2.3091346471889976e-19,equity_min_variance
2021-04-01,ADBE,0.021234800654195158,equity_min_variance
2021-05-03,ADBE,0.02525635157440604,equity_min_variance
2021-06-01,ADBE,0.02,equity_min_variance
2021-07-01,ADBE,0.02,equity_min_variance
2021-08-02,ADBE,0.02,equity_min_variance
2021-09-01,ADBE,0.02,equity_min_variance
2021-10-01,ADBE,0.02,equity_min_variance
2021-11-01,ADBE,0.02,equity_min_variance
2021-12-01,ADBE,0.02,equity_min_variance
2022-01-03,ADBE,0.02,equity_min_variance
2022-02-01,ADBE,0.02,equity_min_variance
2022-03-01,ADBE,0.02,equity_min_variance
2022-04-01,ADBE,0.02,equity_min_variance
2022-05-02,ADBE,0.02,equity_min_variance
2022-06-01,ADBE,0.02,equity_min_variance
2022-07-01,ADBE,0.02,equity_min_variance
2022-08-01,ADBE,0.02,equity_min_variance
2022-09-01,ADBE,0.02,equity_min_variance
2022-10-03,ADBE,0.02,equity_min_variance
2022-11-01,ADBE,0.02,equity_min_variance
2022-12-01,ADBE,0.02,equity_min_variance
2023-01-03,ADBE,0.02,equity_min_variance
2023-02-01,ADBE,0.02,equity_min_variance
2023-03-01,ADBE,0.02,equity_min_variance
2023-04-03,ADBE,0.02,equity_min_variance
2023-05-01,ADBE,0.02,equity_min_variance
2023-06-01,ADBE,0.02,equity_min_variance
2023-07-03,ADBE,0.02,equity_min_variance
2023-08-01,ADBE,0.02,equity_min_variance
2023-09-01,ADBE,0.02,equity_min_variance
2023-10-02,ADBE,0.02,equity_min_variance
2023-11-01,ADBE,0.02,equity_min_variance
2023-12-01,ADBE,0.02,equity_min_variance
2021-01-04,AEP,0.0403237549197365,equity_min_variance
2021-02-01,AEP,0.041455476005085916,equity_min_variance
2021-03-01,AEP,0.041417758487643105,equity_min_variance
2021-04-01,AEP,0.031289769745554676,equity_min_variance
2021-05-03,AEP,0.0279261657020058,equity_min_variance
2021-06-01,AEP,0.02,equity_min_variance
2021-07-01,AEP,0.02,equity_min_variance
2021-08-02,AEP,0.02,equity_min_variance
2021-09-01,AEP,0.02,equity_min_variance
2021-10-01,AEP,0.02,equity_min_variance
2021-11-01,AEP,0.02,equity_min_variance
2021-12-01,AEP,0.02,equity_min_variance
2022-01-03,AEP,0.02,equity_min_variance
2022-02-01,AEP,0.02,equity_min_variance
2022-03-01,AEP,0.02,equity_min_variance
2022-04-01,AEP,0.02,equity_min_variance
2022-05-02,AEP,0.02,equity_min_variance
2022-06-01,AEP,0.02,equity_min_variance
2022-07-01,AEP,0.02,equity_min_variance
2022-08-01,AEP,0.02,equity_min_variance
2022-09-01,AEP,0.02,equity_min_variance
2022-10-03,AEP,0.02,equity_min_variance
2022-11-01,AEP,0.02,equity_min_variance
2022-12-01,AEP,0.02,equity_min_variance
2023-01-03,AEP,0.02,equity_min_variance
2023-02-01,AEP,0.02,equity_min_variance
2023-03-01,AEP,0.02,equity_min_variance
2023-04-03,AEP,0.02,equity_min_variance
2023-05-01,AEP,0.02,equity_min_variance
2023-06-01,AEP,0.02,equity_min_variance
2023-07-03,AEP,0.02,equity_min_variance
2023-08-01,AEP,0.02,equity_min_variance
2023-09-01,AEP,0.02,equity_min_variance
2023-10-02,AEP,0.02,equity_min_variance
2023-11-01,AEP,0.02,equity_min_variance
2023-12-01,AEP,0.02,equity_min_variance
2021-01-04,AMD,5.28258942616438e-18,equity_min_variance
2021-02-01,AMD,0.0,equity_min_variance
2021-03-01,AMD,4.7789465719999385e-18,equity_min_variance
2021-04-01,AMD,0.007799019496013886,equity_min_variance
2021-05-03,AMD,0.020858340261965005,equity_min_variance
2021-06-01,AMD,0.02,equity_min_variance
2021-07-01,AMD,0.02,equity_min_variance
2021-08-02,AMD,0.02,equity_min_variance
2021-09-01,AMD,0.02,equity_min_variance
2021-10-01,AMD,0.02,equity_min_variance
2021-11-01,AMD,0.02,equity_min_variance
2021-12-01,AMD,0.02,equity_min_variance
2022-01-03,AMD,0.02,equity_min_variance
2022-02-01,AMD,0.02,equity_min_variance
2022-03-01,AMD,0.02,equity_min_variance
2022-04-01,AMD,0.02,equity_min_variance
2022-05-02,AMD,0.02,equity_min_variance
2022-06-01,AMD,0.02,equity_min_variance
2022-07-01,AMD,0.02,equity_min_variance
2022-08-01,AMD,0.02,equity_min_variance
2022-09-01,AMD,0.02,equity_min_variance
2022-10-03,AMD,0.02,equity_min_variance
2022-11-01,AMD,0.02,equity_min_variance
2022-12-01,AMD,0.02,equity_min_variance
2023-01-03,AMD,0.02,equity_min_variance
2023-02-01,AMD,0.02,equity_min_variance
2023-03-01,AMD,0.02,equity_min_variance
2023-04-03,AMD,0.02,equity_min_variance
2023-05-01,AMD,0.02,equity_min_variance
2023-06-01,AMD,0.02,equity_min_variance
2023-07-03,AMD,0.02,equity_min_variance
2023-08-01,AMD,0.02,equity_min_variance
2023-09-01,AMD,0.02,equity_min_variance
2023-10-02,AMD,0.02,equity_min_variance
2023-11-01,AMD,0.02,equity_min_variance
2023-12-01,AMD,0.02,equity_min_variance
2021-01-04,AMGN,0.03519597008256488,equity_min_variance
2021-02-01,AMGN,0.03605873111746171,equity_min_variance
2021-03-01,AMGN,0.039515438068512015,equity_min_variance
2021-04-01,AMGN,0.04005343483209098,equity_min_variance
2021-05-03,AMGN,0.02741642622876342,equity_min_variance
2021-06-01,AMGN,0.02,equity_min_variance
2021-07-01,AMGN,0.02,equity_min_variance
2021-08-02,AMGN,0.02,equity_min_variance
2021-09-01,AMGN,0.02,equity_min_variance
2021-10-01,AMGN,0.02,equity_min_variance
2021-11-01,AMGN,0.02,equity_min_variance
2021-12-01,AMGN,0.02,equity_min_variance
2022-01-03,AMGN,0.02,equity_min_variance
2022-02-01,AMGN,0.02,equity_min_variance
2022-03-01,AMGN,0.02,equity_min_variance
2022-04-01,AMGN,0.02,equity_min_variance
2022-05-02,AMGN,0.02,equity_min_variance
2022-06-01,AMGN,0.02,equity_min_variance
2022-07-01,AMGN,0.02,equity_min_variance
2022-08-01,AMGN,0.02,equity_min_variance
2022-09-01,AMGN,0.02,equity_min_variance
2022-10-03,AMGN,0.02,equity_min_variance
2022-11-01,AMGN,0.02,equity_min_variance
2022-12-01,AMGN,0.02,equity_min_variance
2023-01-03,AMGN,0.02,equity_min_variance
2023-02-01,AMGN,0.02,equity_min_variance
2023-03-01,AMGN,0.02,equity_min_variance
2023-04-03,AMGN,0.02,equity_min_variance
2023-05-01,AMGN,0.02,equity_min_variance
2023-06-01,AMGN,0.02,equity_min_variance
2023-07-03,AMGN,0.02,equity_min_variance
2023-08-01,AMGN,0.02,equity_min_variance
2023-09-01,AMGN,0.02,equity_min_variance
2023-10-02,AMGN,0.02,equity_min_variance
2023-11-01,AMGN,0.02,equity_min_variance
2023-12-01,AMGN,0.02,equity_min_variance
2021-01-04,AMT,0.0,equity_min_variance
2021-02-01,AMT,2.3409050314172933e-18,equity_min_variance
2021-03-01,AMT,8.801780248858646e-19,equity_min_variance
2021-04-01,AMT,0.02132823514915524,equity_min_variance
2021-05-03,AMT,0.02527760420792165,equity_min_variance
2021-06-01,AMT,0.02,equity_min_variance
2021-07-01,AMT,0.02,equity_min_variance
2021-08-02,AMT,0.02,equity_min_variance
2021-09-01,AMT,0.02,equity_min_variance
2021-10-01,AMT,0.02,equity_min_variance
2021-11-01,AMT,0.02,equity_min_variance
2021-12-01,AMT,0.02,equity_min_variance
2022-01-03,AMT,0.02,equity_min_variance
2022-02-01,AMT,0.02,equity_min_variance
2022-03-01,AMT,0.02,equity_min_variance
2022-04-01,AMT,0.02,equity_min_variance
2022-05-02,AMT,0.02,equity_min_variance
2022-06-01,AMT,0.02,equity_min_variance
2022-07-01,AMT,0.02,equity_min_variance
2022-08-01,AMT,0.02,equity_min_variance
2022-09-01,AMT,0.02,equity_min_variance
2022-10-03,AMT,0.02,equity_min_variance
2022-11-01,AMT,0.02,equity_min_variance
2022-12-01,AMT,0.02,equity_min_variance
2023-01-03,AMT,0.02,equity_min_variance
2023-02-01,AMT,0.02,equity_min_variance
2023-03-01,AMT,0.02,equity_min_variance
2023-04-03,AMT,0.02,equity_min_variance
2023-05-01,AMT,0.02,equity_min_variance
2023-06-01,AMT,0.02,equity_min_variance
2023-07-03,AMT,0.02,equity_min_variance
2023-08-01,AMT,0.02,equity_min_variance
2023-09-01,AMT,0.02,equity_min_variance
2023-10-02,AMT,0.02,equity_min_variance
2023-11-01,AMT,0.02,equity_min_variance
2023-12-01,AMT,0.02,equity_min_variance
2021-01-04,BA,0.0,equity_min_variance
2021-02-01,BA,9.389285265531983e-19,equity_min_variance
2021-03-01,BA,0.0,equity_min_variance
2021-04-01,BA,0.0,equity_min_variance
2021-05-03,BA,3.469446951953614e-18,equity_min_variance
2021-06-01,BA,0.02,equity_min_variance
2021-07-01,BA,0.02,equity_min_variance
2021-08-02,BA,0.02,equity_min_variance
2021-09-01,BA,0.02,equity_min_variance
2021-10-01,BA,0.02,equity_min_variance
2021-11-01,BA,0.02,equity_min_variance
2021-12-01,BA,0.02,equity_min_variance
2022-01-03,BA,0.02,equity_min_variance
2022-02-01,BA,0.02,equity_min_variance
2022-03-01,BA,0.02,equity_min_variance
2022-04-01,BA,0.02,equity_min_variance
2022-05-02,BA,0.02,equity_min_variance
2022-06-01,BA,0.02,equity_min_variance
2022-07-01,BA,0.02,equity_min_variance
2022-08-01,BA,0.02,equity_min_variance
2022-09-01,BA,0.02,equity_min_variance
2022-10-03,BA,0.02,equity_min_variance
2022-11-01,BA,0.02,equity_min_variance
2022-12-01,BA,0.02,equity_min_variance
2023-01-03,BA,0.02,equity_min_variance
2023-02-01,BA,0.02,equity_min_variance
2023-03-01,BA,0.02,equity_min_variance
2023-04-03,BA,0.02,equity_min_variance
2023-05-01,BA,0.02,equity_min_variance
2023-06-01,BA,0.02,equity_min_variance
2023-07-03,BA,0.02,equity_min_variance
2023-08-01,BA,0.02,equity_min_variance
2023-09-01,BA,0.02,equity_min_variance
2023-10-02,BA,0.02,equity_min_variance
2023-11-01,BA,0.02,equity_min_variance
2023-12-01,BA,0.02,equity_min_variance
2021-01-04,CAT,0.004025704491836013,equity_min_variance
2021-02-01,CAT,0.0067372001340751395,equity_min_variance
2021-03-01,CAT,0.008976111053265061,equity_min_variance
2021-04-01,CAT,0.008797218756306166,equity_min_variance
2021-05-03,CAT,0.015950971191443942,equity_min_variance
2021-06-01,CAT,0.02,equity_min_variance
2021-07-01,CAT,0.02,equity_min_variance
2021-08-02,CAT,0.02,equity_min_variance
2021-09-01,CAT,0.02,equity_min_variance
2021-10-01,CAT,0.02,equity_min_variance
2021-11-01,CAT,0.02,equity_min_variance
2021-12-01,CAT,0.02,equity_min_variance
2022-01-03,CAT,0.02,equity_min_variance
2022-02-01,CAT,0.02,equity_min_variance
2022-03-01,CAT,0.02,equity_min_variance
2022-04-01,CAT,0.02,equity_min_variance
2022-05-02,CAT,0.02,equity_min_variance
2022-06-01,CAT,0.02,equity_min_variance
2022-07-01,CAT,0.02,equity_min_variance
2022-08-01,CAT,0.02,equity_min_variance
2022-09-01,CAT,0.02,equity_min_variance
2022-10-03,CAT,0.02,equity_min_variance
2022-11-01,CAT,0.02,equity_min_variance
2022-12-01,CAT,0.02,equity_min_variance
2023-01-03,CAT,0.02,equity_min_variance
2023-02-01,CAT,0.02,equity_min_variance
2023-03-01,CAT,0.02,equity_min_variance
2023-04-03,CAT,0.02,equity_min_variance
2023-05-01,CAT,0.02,equity_min_variance
2023-06-01,CAT,0.02,equity_min_variance
2023-07-03,CAT,0.02,equity_min_variance
2023-08-01,CAT,0.02,equity_min_variance
2023-09-01,CAT,0.02,equity_min_variance
2023-10-02,CAT,0.02,equity_min_variance
2023-11-01,CAT,0.02,equity_min_variance
2023-12-01,CAT,0.02,equity_min_variance
2021-01-04,CCI,0.0008766003214315389,equity_min_variance
2021-02-01,CCI,0.004799751599931468,equity_min_variance
2021-03-01,CCI,0.008470008134025988,equity_min_variance
2021-04-01,CCI,0.02753292415444306,equity_min_variance
2021-05-03,CCI,0.025636046796068568,equity_min_variance
2021-06-01,CCI,0.02,equity_min_variance
2021-07-01,CCI,0.02,equity_min_variance
2021-08-02,CCI,0.02,equity_min_variance
2021-09-01,CCI,0.02,equity_min_variance
2021-10-01,CCI,0.02,equity_min_variance
2021-11-01,CCI,0.02,equity_min_variance
2021-12-01,CCI,0.02,equity_min_variance
2022-01-03,CCI,0.02,equity_min_variance
2022-02-01,CCI,0.02,equity_min_variance
2022-03-01,CCI,0.02,equity_min_variance
2022-04-01,CCI,0.02,equity_min_variance
2022-05-02,CCI,0.02,equity_min_variance
2022-06-01,CCI,0.02,equity_min_variance
2022-07-01,CCI,0.02,equity_min_variance
2022-08-01,CCI,0.02,equity_min_variance
2022-09-01,CCI,0.02,equity_min_variance
2022-10-03,CCI,0.02,equity_min_variance
2022-11-01,CCI,0.02,equity_min_variance
2022-12-01,CCI,0.02,equity_min_variance
2023-01-03,CCI,0.02,equity_min_variance
2023-02-01,CCI,0.02,equity_min_variance
2023-03-01,CCI,0.02,equity_min_variance
2023-04-03,CCI,0.02,equity_min_variance
2023-05-01,CCI,0.02,equity_min_variance
2023-06-01,CCI,0.02,equity_min_variance
2023-07-03,CCI,0.02,equity_min_variance
2023-08-01,CCI,0.02,equity_min_variance
2023-09-01,CCI,0.02,equity_min_variance
2023-10-02,CCI,0.02,equity_min_variance
2023-11-01,CCI,0.02,equity_min_variance
2023-12-01,CCI,0.02,equity_min_variance
2021-01-04,CMCSA,0.021697181547257804,equity_min_variance
2021-02-01,CMCSA,0.02127053462807519,equity_min_variance
2021-03-01,CMCSA,0.02164428648736691,equity_min_variance
2021-04-01,CMCSA,0.017737168994004942,equity_min_variance
2021-05-03,CMCSA,0.020886804676568074,equity_min_variance
2021-06-01,CMCSA,0.02,equity_min_variance
2021-07-01,CMCSA,0.02,equity_min_variance
2021-08-02,CMCSA,0.02,equity_min_variance
2021-09-01,CMCSA,0.02,equity_min_variance
2021-10-01,CMCSA,0.02,equity_min_variance
2021-11-01,CMCSA,0.02,equity_min_variance
2021-12-01,CMCSA,0.02,equity_min_variance
2022-01-03,CMCSA,0.02,equity_min_variance
2022-02-01,CMCSA,0.02,equity_min_variance
2022-03-01,CMCSA,0.02,equity_min_variance
2022-04-01,CMCSA,0.02,equity_min_variance
2022-05-02,CMCSA,0.02,equity_min_variance
2022-06-01,CMCSA,0.02,equity_min_variance
2022-07-01,CMCSA,0.02,equity_min_variance
2022-08-01,CMCSA,0.02,equity_min_variance
2022-09-01,CMCSA,0.02,equity_min_variance
2022-10-03,CMCSA,0.02,equity_min_variance
2022-11-01,CMCSA,0.02,equity_min_variance
2022-12-01,CMCSA,0.02,equity_min_variance
2023-01-03,CMCSA,0.02,equity_min_variance
2023-02-01,CMCSA,0.02,equity_min_variance
2023-03-01,CMCSA,0.02,equity_min_variance
2023-04-03,CMCSA,0.02,equity_min_variance
2023-05-01,CMCSA,0.02,equity_min_variance
2023-06-01,CMCSA,0.02,equity_min_variance
2023-07-03,CMCSA,0.02,equity_min_variance
2023-08-01,CMCSA,0.02,equity_min_variance
2023-09-01,CMCSA,0.02,equity_min_variance
2023-10-02,CMCSA,0.02,equity_min_variance
2023-11-01,CMCSA,0.02,equity_min_variance
2023-12-01,CMCSA,0.02,equity_min_variance
2021-01-04,COP,0.0,equity_min_variance
2021-02-01,COP,1.5783575198192597e-18,equity_min_variance
2021-03-01,COP,0.0,equity_min_variance
2021-04-01,COP,8.673617379884035e-19,equity_min_variance
2021-05-03,COP,0.005852066636827172,equity_min_variance
2021-06-01,COP,0.02,equity_min_variance
2021-07-01,COP,0.02,equity_min_variance
2021-08-02,COP,0.02,equity_min_variance
2021-09-01,COP,0.02,equity_min_variance
2021-10-01,COP,0.02,equity_min_variance
2021-11-01,COP,0.02,equity_min_variance
2021-12-01,COP,0.02,equity_min_variance
2022-01-03,COP,0.02,equity_min_variance
2022-02-01,COP,0.02,equity_min_variance
2022-03-01,COP,0.02,equity_min_variance
2022-04-01,COP,0.02,equity_min_variance
2022-05-02,COP,0.02,equity_min_variance
2022-06-01,COP,0.02,equity_min_variance
2022-07-01,COP,0.02,equity_min_variance
2022-08-01,COP,0.02,equity_min_variance
2022-09-01,COP,0.02,equity_min_variance
2022-10-03,COP,0.02,equity_min_variance
2022-11-01,COP,0.02,equity_min_variance
2022-12-01,COP,0.02,equity_min_variance
2023-01-03,COP,0.02,equity_min_variance
2023-02-01,COP,0.02,equity_min_variance
2023-03-01,COP,0.02,equity_min_variance
2023-04-03,COP,0.02,equity_min_variance
2023-05-01,COP,0.02,equity_min_variance
2023-06-01,COP,0.02,equity_min_variance
2023-07-03,COP,0.02,equity_min_variance
2023-08-01,COP,0.02,equity_min_variance
2023-09-01,COP,0.02,equity_min_variance
2023-10-02,COP,0.02,equity_min_variance
2023-11-01,COP,0.02,equity_min_variance
2023-12-01,COP,0.02,equity_min_variance
2021-01-04,CVX,2.1744367234632714e-18,equity_min_variance
2021-02-01,CVX,7.144431892645392e-19,equity_min_variance
2021-03-01,CVX,0.0,equity_min_variance
2021-04-01,CVX,0.0017733226492488376,equity_min_variance
2021-05-03,CVX,0.011815937988426886,equity_min_variance
2021-06-01,CVX,0.02,equity_min_variance
2021-07-01,CVX,0.02,equity_min_variance
2021-08-02,CVX,0.02,equity_min_variance
2021-09-01,CVX,0.02,equity_min_variance
2021-10-01,CVX,0.02,equity_min_variance
2021-11-01,CVX,0.02,equity_min_variance
2021-12-01,CVX,0.02,equity_min_variance
2022-01-03,CVX,0.02,equity_min_variance
2022-02-01,CVX,0.02,equity_min_variance
2022-03-01,CVX,0.02,equity_min_variance
2022-04-01,CVX,0.02,equity_min_variance
2022-05-02,CVX,0.02,equity_min_variance
2022-06-01,CVX,0.02,equity_min_variance
2022-07-01,CVX,0.02,equity_min_variance
2022-08-01,CVX,0.02,equity_min_variance
2022-09-01,CVX,0.02,equity_min_variance
2022-10-03,CVX,0.02,equity_min_variance
2022-11-01,CVX,0.02,equity_min_variance
2022-12-01,CVX,0.02,equity_min_variance
2023-01-03,CVX,0.02,equity_min_variance
2023-02-01,CVX,0.02,equity_min_variance
2023-03-01,CVX,0.02,equity_min_variance
2023-04-03,CVX,0.02,equity_min_variance
2023-05-01,CVX,0.02,equity_min_variance
2023-06-01,CVX,0.02,equity_min_variance
2023-07-03,CVX,0.02,equity_min_variance
2023-08-01,CVX,0.02,equity_min_variance
2023-09-01,CVX,0.02,equity_min_variance
2023-10-02,CVX,0.02,equity_min_variance
2023-11-01,CVX,0.02,equity_min_variance
2023-12-01,CVX,0.02,equity_min_variance
2021-01-04,D,0.0,equity_min_variance
2021-02-01,D,0.00045025136701977507,equity_min_variance
2021-03-01,D,5.421010862427522e-18,equity_min_variance
2021-04-01,D,0.03905581387674027,equity_min_variance
2021-05-03,D,0.029338752914866,equity_min_variance
2021-06-01,D,0.02,equity_min_variance
2021-07-01,D,0.02,equity_min_variance
2021-08-02,D,0.02,equity_min_variance
2021-09-01,D,0.02,equity_min_variance
2021-10-01,D,0.02,equity_min_variance
2021-11-01,D,0.02,equity_min_variance
2021-12-01,D,0.02,equity_min_variance
2022-01-03,D,0.02,equity_min_variance
2022-02-01,D,0.02,equity_min_variance
2022-03-01,D,0.02,equity_min_variance
2022-04-01,D,0.02,equity_min_variance
2022-05-02,D,0.02,equity_min_variance
2022-06-01,D,0.02,equity_min_variance
2022-07-01,D,0.02,equity_min_variance
2022-08-01,D,0.02,equity_min_variance
2022-09-01,D,0.02,equity_min_variance
2022-10-03,D,0.02,equity_min_variance
2022-11-01,D,0.02,equity_min_variance
2022-12-01,D,0.02,equity_min_variance
2023-01-03,D,0.02,equity_min_variance
2023-02-01,D,0.02,equity_min_variance
2023-03-01,D,0.02,equity_min_variance
2023-04-03,D,0.02,equity_min_variance
2023-05-01,D,0.02,equity_min_variance
2023-06-01,D,0.02,equity_min_variance
2023-07-03,D,0.02,equity_min_variance
2023-08-01,D,0.02,equity_min_variance
2023-09-01,D,0.02,equity_min_variance
2023-10-02,D,0.02,equity_min_variance
2023-11-01,D,0.02,equity_min_variance
2023-12-01,D,0.02,equity_min_variance
2021-01-04,DD,1.50481959224966e-18,equity_min_variance
2021-02-01,DD,0.0,equity_min_variance
2021-03-01,DD,0.0,equity_min_variance
2021-04-01,DD,0.0010648804837899669,equity_min_variance
2021-05-03,DD,0.015077318253728073,equity_min_variance
2021-06-01,DD,0.02,equity_min_variance
2021-07-01,DD,0.02,equity_min_variance
2021-08-02,DD,0.02,equity_min_variance
2021-09-01,DD,0.02,equity_min_variance
2021-10-01,DD,0.02,equity_min_variance
2021-11-01,DD,0.02,equity_min_variance
2021-12-01,DD,0.02,equity_min_variance
2022-01-03,DD,0.02,equity_min_variance
2022-02-01,DD,0.02,equity_min_variance
2022-03-01,DD,0.02,equity_min_variance
2022-04-01,DD,0.02,equity_min_variance
2022-05-02,DD,0.02,equity_min_variance
2022-06-01,DD,0.02,equity_min_variance
2022-07-01,DD,0.02,equity_min_variance
2022-08-01,DD,0.02,equity_min_variance
2022-09-01,DD,0.02,equity_min_variance
2022-10-03,DD,0.02,equity_min_variance
2022-11-01,DD,0.02,equity_min_variance
2022-12-01,DD,0.02,equity_min_variance
2023-01-03,DD,0.02,equity_min_variance
2023-02-01,DD,0.02,equity_min_variance
2023-03-01,DD,0.02,equity_min_variance
2023-04-03,DD,0.02,equity_min_variance
2023-05-01,DD,0.02,equity_min_variance
2023-06-01,DD,0.02,equity_min_variance
2023-07-03,DD,0.02,equity_min_variance
2023-08-01,DD,0.02,equity_min_variance
2023-09-01,DD,0.02,equity_min_variance
2023-10-02,DD,0.02,equity_min_variance
2023-11-01,DD,0.02,equity_min_variance
2023-12-01,DD,0.02,equity_min_variance
2021-01-04,DIS,0.00250921662293656,equity_min_variance
2021-02-01,DIS,0.003120679423473008,equity_min_variance
2021-03-01,DIS,0.0029799808452421863,equity_min_variance
2021-04-01,DIS,0.01522142529629765,equity_min_variance
2021-05-03,DIS,0.017329043558113072,equity_min_variance
2021-06-01,DIS,0.02,equity_min_variance
2021-07-01,DIS,0.02,equity_min_variance
2021-08-02,DIS,0.02,equity_min_variance
2021-09-01,DIS,0.02,equity_min_variance
2021-10-01,DIS,0.02,equity_min_variance
2021-11-01,DIS,0.02,equity_min_variance
2021-12-01,DIS,0.02,equity_min_variance
2022-01-03,DIS,0.02,equity_min_variance
2022-02-01,DIS,0.02,equity_min_variance
2022-03-01,DIS,0.02,equity_min_variance
2022-04-01,DIS,0.02,equity_min_variance
2022-05-02,DIS,0.02,equity_min_variance
2022-06-01,DIS,0.02,equity_min_variance
2022-07-01,DIS,0.02,equity_min_variance
2022-08-01,DIS,0.02,equity_min_variance
2022-09-01,DIS,0.02,equity_min_variance
2022-10-03,DIS,0.02,equity_min_variance
2022-11-01,DIS,0.02,equity_min_variance
2022-12-01,DIS,0.02,equity_min_variance
2023-01-03,DIS,0.02,equity_min_variance
2023-02-01,DIS,0.02,equity_min_variance
2023-03-01,DIS,0.02,equity_min_variance
2023-04-03,DIS,0.02,equity_min_variance
2023-05-01,DIS,0.02,equity_min_variance
2023-06-01,DIS,0.02,equity_min_variance
2023-07-03,DIS,0.02,equity_min_variance
2023-08-01,DIS,0.02,equity_min_variance
2023-09-01,DIS,0.02,equity_min_variance
2023-10-02,DIS,0.02,equity_min_variance
2023-11-01,DIS,0.02,equity_min_variance
2023-12-01,DIS,0.02,equity_min_variance
2021-01-04,DOW,1.346630636118424e-18,equity_min_variance
2021-02-01,DOW,3.354511465590243e-19,equity_min_variance
2021-03-01,DOW,0.0,equity_min_variance
2021-04-01,DOW,1.6263032587282567e-18,equity_min_variance
2021-05-03,DOW,0.009296746691471996,equity_min_variance
2021-06-01,DOW,0.02,equity_min_variance
2021-07-01,DOW,0.02,equity_min_variance
2021-08-02,DOW,0.02,equity_min_variance
2021-09-01,DOW,0.02,equity_min_variance
2021-10-01,DOW,0.02,equity_min_variance
2021-11-01,DOW,0.02,equity_min_variance
2021-12-01,DOW,0.02,equity_min_variance
2022-01-03,DOW,0.02,equity_min_variance
2022-02-01,DOW,0.02,equity_min_variance
2022-03-01,DOW,0.02,equity_min_variance
2022-04-01,DOW,0.02,equity_min_variance
2022-05-02,DOW,0.02,equity_min_variance
2022-06-01,DOW,0.02,equity_min_variance
2022-07-01,DOW,0.02,equity_min_variance
2022-08-01,DOW,0.02,equity_min_variance
2022-09-01,DOW,0.02,equity_min_variance
2022-10-03,DOW,0.02,equity_min_variance
2022-11-01,DOW,0.02,equity_min_variance
2022-12-01,DOW,0.02,equity_min_variance
2023-01-03,DOW,0.02,equity_min_variance
2023-02-01,DOW,0.02,equity_min_variance
2023-03-01,DOW,0.02,equity_min_variance
2023-04-03,DOW,0.02,equity_min_variance
2023-05-01,DOW,0.02,equity_min_variance
2023-06-01,DOW,0.02,equity_min_variance
2023-07-03,DOW,0.02,equity_min_variance
2023-08-01,DOW,0.02,equity_min_variance
2023-09-01,DOW,0.02,equity_min_variance
2023-10-02,DOW,0.02,equity_min_variance
2023-11-01,DOW,0.02,equity_min_variance
2023-12-01,DOW,0.02,equity_min_variance
2021-01-04,DUK,0.0,equity_min_variance
2021-02-01,DUK,0.0038369423898254817,equity_min_variance
2021-03-01,DUK,0.003025749151753498,equity_min_variance
2021-04-01,DUK,0.03197260987060559,equity_min_variance
2021-05-03,DUK,0.027186428176977667,equity_min_variance
2021-06-01,DUK,0.02,equity_min_variance
2021-07-01,DUK,0.02,equity_min_variance
2021-08-02,DUK,0.02,equity_min_variance
2021-09-01,DUK,0.02,equity_min_variance
2021-10-01,DUK,0.02,equity_min_variance
2021-11-01,DUK,0.02,equity_min_variance
2021-12-01,DUK,0.02,equity_min_variance
2022-01-03,DUK,0.02,equity_min_variance
2022-02-01,DUK,0.02,equity_min_variance
2022-03-01,DUK,0.02,equity_min_variance
2022-04-01,DUK,0.02,equity_min_variance
2022-05-02,DUK,0.02,equity_min_variance
2022-06-01,DUK,0.02,equity_min_variance
2022-07-01,DUK,0.02,equity_min_variance
2022-08-01,DUK,0.02,equity_min_variance
2022-09-01,DUK,0.02,equity_min_variance
2022-10-03,DUK,0.02,equity_min_variance
2022-11-01,DUK,0.02,equity_min_variance
2022-12-01,DUK,0.02,equity_min_variance
2023-01-03,DUK,0.02,equity_min_variance
2023-02-01,DUK,0.02,equity_min_variance
2023-03-01,DUK,0.02,equity_min_variance
2023-04-03,DUK,0.02,equity_min_variance
2023-05-01,DUK,0.02,equity_min_variance
2023-06-01,DUK,0.02,equity_min_variance
2023-07-03,DUK,0.02,equity_min_variance
2023-08-01,DUK,0.02,equity_min_variance
2023-09-01,DUK,0.02,equity_min_variance
2023-10-02,DUK,0.02,equity_min_variance
2023-11-01,DUK,0.02,equity_min_variance
2023-12-01,DUK,0.02,equity_min_variance
2021-01-04,EA,0.08233464079421585,equity_min_variance
2021-02-01,EA,0.08152982471035422,equity_min_variance
2021-03-01,EA,0.08024487666965467,equity_min_variance
2021-04-01,EA,0.05444986784073423,equity_min_variance
2021-05-03,EA,0.03032740545973189,equity_min_variance
2021-06-01,EA,0.02,equity_min_variance
2021-07-01,EA,0.02,equity_min_variance
2021-08-02,EA,0.02,equity_min_variance
2021-09-01,EA,0.02,equity_min_variance
2021-10-01,EA,0.02,equity_min_variance
2021-11-01,EA,0.02,equity_min_variance
2021-12-01,EA,0.02,equity_min_variance
2022-01-03,EA,0.02,equity_min_variance
2022-02-01,EA,0.02,equity_min_variance
2022-03-01,EA,0.02,equity_min_variance
2022-04-01,EA,0.02,equity_min_variance
2022-05-02,EA,0.02,equity_min_variance
2022-06-01,EA,0.02,equity_min_variance
2022-07-01,EA,0.02,equity_min_variance
2022-08-01,EA,0.02,equity_min_variance
2022-09-01,EA,0.02,equity_min_variance
2022-10-03,EA,0.02,equity_min_variance
2022-11-01,EA,0.02,equity_min_variance
2022-12-01,EA,0.02,equity_min_variance
2023-01-03,EA,0.02,equity_min_variance
2023-02-01,EA,0.02,equity_min_variance
2023-03-01,EA,0.02,equity_min_variance
2023-04-03,EA,0.02,equity_min_variance
2023-05-01,EA,0.02,equity_min_variance
2023-06-01,EA,0.02,equity_min_variance
2023-07-03,EA,0.02,equity_min_variance
2023-08-01,EA,0.02,equity_min_variance
2023-09-01,EA,0.02,equity_min_variance
2023-10-02,EA,0.02,equity_min_variance
2023-11-01,EA,0.02,equity_min_variance
2023-12-01,EA,0.02,equity_min_variance
2021-01-04,GE,1.798815444058831e-18,equity_min_variance
2021-02-01,GE,0.0,equity_min_variance
2021-03-01,GE,0.0,equity_min_variance
2021-04-01,GE,0.0,equity_min_variance
2021-05-03,GE,0.010413684252139213,equity_min_variance
2021-06-01,GE,0.02,equity_min_variance
2021-07-01,GE,0.02,equity_min_variance
2021-08-02,GE,0.02,equity_min_variance
2021-09-01,GE,0.02,equity_min_variance
2021-10-01,GE,0.02,equity_min_variance
2021-11-01,GE,0.02,equity_min_variance
2021-12-01,GE,0.02,equity_min_variance
2022-01-03,GE,0.02,equity_min_variance
2022-02-01,GE,0.02,equity_min_variance
2022-03-01,GE,0.02,equity_min_variance
2022-04-01,GE,0.02,equity_min_variance
2022-05-02,GE,0.02,equity_min_variance
2022-06-01,GE,0.02,equity_min_variance
2022-07-01,GE,0.02,equity_min_variance
2022-08-01,GE,0.02,equity_min_variance
2022-09-01,GE,0.02,equity_min_variance
2022-10-03,GE,0.02,equity_min_variance
2022-11-01,GE,0.02,equity_min_variance
2022-12-01,GE,0.02,equity_min_variance
2023-01-03,GE,0.02,equity_min_variance
2023-02-01,GE,0.02,equity_min_variance
2023-03-01,GE,0.02,equity_min_variance
2023-04-03,GE,0.02,equity_min_variance
2023-05-01,GE,0.02,equity_min_variance
2023-06-01,GE,0.02,equity_min_variance
2023-07-03,GE,0.02,equity_min_variance
2023-08-01,GE,0.02,equity_min_variance
2023-09-01,GE,0.02,equity_min_variance
2023-10-02,GE,0.02,equity_min_variance
2023-11-01,GE,0.02,equity_min_variance
2023-12-01,GE,0.02,equity_min_variance
2021-01-04,GILD,0.0989853542211184,equity_min_variance
2021-02-01,GILD,0.0954781399434919,equity_min_variance
2021-03-01,GILD,0.09108108614265666,equity_min_variance
2021-04-01,GILD,0.04440339854724319,equity_min_variance
2021-05-03,GILD,0.02811398300519015,equity_min_variance
2021-06-01,GILD,0.02,equity_min_variance
2021-07-01,GILD,0.02,equity_min_variance
2021-08-02,GILD,0.02,equity_min_variance
2021-09-01,GILD,0.02,equity_min_variance
2021-10-01,GILD,0.02,equity_min_variance
2021-11-01,GILD,0.02,equity_min_variance
2021-12-01,GILD,0.02,equity_min_variance
2022-01-03,GILD,0.02,equity_min_variance
2022-02-01,GILD,0.02,equity_min_variance
2022-03-01,GILD,0.02,equity_min_variance
2022-04-01,GILD,0.02,equity_min_variance
2022-05-02,GILD,0.02,equity_min_variance
2022-06-01,GILD,0.02,equity_min_variance
2022-07-01,GILD,0.02,equity_min_variance
2022-08-01,GILD,0.02,equity_min_variance
2022-09-01,GILD,0.02,equity_min_variance
2022-10-03,GILD,0.02,equity_min_variance
2022-11-01,GILD,0.02,equity_min_variance
2022-12-01,GILD,0.02,equity_min_variance
2023-01-03,GILD,0.02,equity_min_variance
2023-02-01,GILD,0.02,equity_min_variance
2023-03-01,GILD,0.02,equity_min_variance
2023-04-03,GILD,0.02,equity_min_variance
2023-05-01,GILD,0.02,equity_min_variance
2023-06-01,GILD,0.02,equity_min_variance
2023-07-03,GILD,0.02,equity_min_variance
2023-08-01,GILD,0.02,equity_min_variance
2023-09-01,GILD,0.02,equity_min_variance
2023-10-02,GILD,0.02,equity_min_variance
2023-11-01,GILD,0.02,equity_min_variance
2023-12-01,GILD,0.02,equity_min_variance
2021-01-04,GS,2.65022586824758e-19,equity_min_variance
2021-02-01,GS,0.0,equity_min_variance
2021-03-01,GS,0.0,equity_min_variance
2021-04-01,GS,0.005634045965482435,equity_min_variance
2021-05-03,GS,0.015065159398890882,equity_min_variance
2021-06-01,GS,0.02,equity_min_variance
2021-07-01,GS,0.02,equity_min_variance
2021-08-02,GS,0.02,equity_min_variance
2021-09-01,GS,0.02,equity_min_variance
2021-10-01,GS,0.02,equity_min_variance
2021-11-01,GS,0.02,equity_min_variance
2021-12-01,GS,0.02,equity_min_variance
2022-01-03,GS,0.02,equity_min_variance
2022-02-01,GS,0.02,equity_min_variance
2022-03-01,GS,0.02,equity_min_variance
2022-04-01,GS,0.02,equity_min_variance
2022-05-02,GS,0.02,equity_min_variance
2022-06-01,GS,0.02,equity_min_variance
2022-07-01,GS,0.02,equity_min_variance
2022-08-01,GS,0.02,equity_min_variance
2022-09-01,GS,0.02,equity_min_variance
2022-10-03,GS,0.02,equity_min_variance
2022-11-01,GS,0.02,equity_min_variance
2022-12-01,GS,0.02,equity_min_variance
2023-01-03,GS,0.02,equity_min_variance
2023-02-01,GS,0.02,equity_min_variance
2023-03-01,GS,0.02,equity_min_variance
2023-04-03,GS,0.02,equity_min_variance
2023-05-01,GS,0.02,equity_min_variance
2023-06-01,GS,0.02,equity_min_variance
2023-07-03,GS,0.02,equity_min_variance
2023-08-01,GS,0.02,equity_min_variance
2023-09-01,GS,0.02,equity_min_variance
2023-10-02,GS,0.02,equity_min_variance
2023-11-01,GS,0.02,equity_min_variance
2023-12-01,GS,0.02,equity_min_variance
2021-01-04,INTC,3.1908362064800542e-18,equity_min_variance
2021-02-01,INTC,0.0,equity_min_variance
2021-03-01,INTC,0.0,equity_min_variance
2021-04-01,INTC,0.01636929870760791,equity_min_variance
2021-05-03,INTC,0.020727036623861102,equity_min_variance
2021-06-01,INTC,0.02,equity_min_variance
2021-07-01,INTC,0.02,equity_min_variance
2021-08-02,INTC,0.02,equity_min_variance
2021-09-01,INTC,0.02,equity_min_variance
2021-10-01,INTC,0.02,equity_min_variance
2021-11-01,INTC,0.02,equity_min_variance
2021-12-01,INTC,0.02,equity_min_variance
2022-01-03,INTC,0.02,equity_min_variance
2022-02-01,INTC,0.02,equity_min_variance
2022-03-01,INTC,0.02,equity_min_variance
2022-04-01,INTC,0.02,equity_min_variance
2022-05-02,INTC,0.02,equity_min_variance
2022-06-01,INTC,0.02,equity_min_variance
2022-07-01,INTC,0.02,equity_min_variance
2022-08-01,INTC,0.02,equity_min_variance
2022-09-01,INTC,0.02,equity_min_variance
2022-10-03,INTC,0.02,equity_min_variance
2022-11-01,INTC,0.02,equity_min_variance
2022-12-01,INTC,0.02,equity_min_variance
2023-01-03,INTC,0.02,equity_min_variance
2023-02-01,INTC,0.02,equity_min_variance
2023-03-01,INTC,0.02,equity_min_variance
2023-04-03,INTC,0.02,equity_min_variance
2023-05-01,INTC,0.02,equity_min_variance
2023-06-01,INTC,0.02,equity_min_variance
2023-07-03,INTC,0.02,equity_min_variance
2023-08-01,INTC,0.02,equity_min_variance
2023-09-01,INTC,0.02,equity_min_variance
2023-10-02,INTC,0.02,equity_min_variance
2023-11-01,INTC,0.02,equity_min_variance
2023-12-01,INTC,0.02,equity_min_variance
2021-01-04,KO,0.037805563968997626,equity_min_variance
2021-02-01,KO,0.03791134006819887,equity_min_variance
2021-03-01,KO,0.03684859667461543,equity_min_variance
2021-04-01,KO,0.022170806797083834,equity_min_variance
2021-05-03,KO,0.022190309019004265,equity_min_variance
2021-06-01,KO,0.02,equity_min_variance
2021-07-01,KO,0.02,equity_min_variance
2021-08-02,KO,0.02,equity_min_variance
2021-09-01,KO,0.02,equity_min_variance
2021-10-01,KO,0.02,equity_min_variance
2021-11-01,KO,0.02,equity_min_variance
2021-12-01,KO,0.02,equity_min_variance
2022-01-03,KO,0.02,equity_min_variance
2022-02-01,KO,0.02,equity_min_variance
2022-03-01,KO,0.02,equity_min_variance
2022-04-01,KO,0.02,equity_min_variance
2022-05-02,KO,0.02,equity_min_variance
2022-06-01,KO,0.02,equity_min_variance
2022-07-01,KO,0.02,equity_min_variance
2022-08-01,KO,0.02,equity_min_variance
2022-09-01,KO,0.02,equity_min_variance
2022-10-03,KO,0.02,equity_min_variance
2022-11-01,KO,0.02,equity_min_variance
2022-12-01,KO,0.02,equity_min_variance
2023-01-03,KO,0.02,equity_min_variance
2023-02-01,KO,0.02,equity_min_variance
2023-03-01,KO,0.02,equity_min_variance
2023-04-03,KO,0.02,equity_min_variance
2023-05-01,KO,0.02,equity_min_variance
2023-06-01,KO,0.02,equity_min_variance
2023-07-03,KO,0.02,equity_min_variance
2023-08-01,KO,0.02,equity_min_variance
2023-09-01,KO,0.02,equity_min_variance
2023-10-02,KO,0.02,equity_min_variance
2023-11-01,KO,0.02,equity_min_variance
2023-12-01,KO,0.02,equity_min_variance
2021-01-04,MMM,0.04115839767590607,equity_min_variance
2021-02-01,MMM,0.04463625685481508,equity_min_variance
2021-03-01,MMM,0.042602562555240586,equity_min_variance
2021-04-01,MMM,0.03280346996299564,equity_min_variance
2021-05-03,MMM,0.022789376087385137,equity_min_variance
2021-06-01,MMM,0.02,equity_min_variance
2021-07-01,MMM,0.02,equity_min_variance
2021-08-02,MMM,0.02,equity_min_variance
2021-09-01,MMM,0.02,equity_min_variance
2021-10-01,MMM,0.02,equity_min_variance
2021-11-01,MMM,0.02,equity_min_variance
2021-12-01,MMM,0.02,equity_min_variance
2022-01-03,MMM,0.02,equity_min_variance
2022-02-01,MMM,0.02,equity_min_variance
2022-03-01,MMM,0.02,equity_min_variance
2022-04-01,MMM,0.02,equity_min_variance
2022-05-02,MMM,0.02,equity_min_variance
2022-06-01,MMM,0.02,equity_min_variance
2022-07-01,MMM,0.02,equity_min_variance
2022-08-01,MMM,0.02,equity_min_variance
2022-09-01,MMM,0.02,equity_min_variance
2022-10-03,MMM,0.02,equity_min_variance
2022-11-01,MMM,0.02,equity_min_variance
2022-12-01,MMM,0.02,equity_min_variance
2023-01-03,MMM,0.02,equity_min_variance
2023-02-01,MMM,0.02,equity_min_variance
2023-03-01,MMM,0.02,equity_min_variance
2023-04-03,MMM,0.02,equity_min_variance
2023-05-01,MMM,0.02,equity_min_variance
2023-06-01,MMM,0.02,equity_min_variance
2023-07-03,MMM,0.02,equity_min_variance
2023-08-01,MMM,0.02,equity_min_variance
2023-09-01,MMM,0.02,equity_min_variance
2023-10-02,MMM,0.02,equity_min_variance
2023-11-01,MMM,0.02,equity_min_variance
2023-12-01,MMM,0.02,equity_min_variance
2021-01-04,MRK,0.06504073830713412,equity_min_variance
2021-02-01,MRK,0.06294526165861679,equity_min_variance
2021-03-01,MRK,0.060354312693151266,equity_min_variance
2021-04-01,MRK,0.039105122000157505,equity_min_variance
2021-05-03,MRK,0.027869607852059698,equity_min_variance
2021-06-01,MRK,0.02,equity_min_variance
2021-07-01,MRK,0.02,equity_min_variance
2021-08-02,MRK,0.02,equity_min_variance
2021-09-01,MRK,0.02,equity_min_variance
2021-10-01,MRK,0.02,equity_min_variance
2021-11-01,MRK,0.02,equity_min_variance
2021-12-01,MRK,0.02,equity_min_variance
2022-01-03,MRK,0.02,equity_min_variance
2022-02-01,MRK,0.02,equity_min_variance
2022-03-01,MRK,0.02,equity_min_variance
2022-04-01,MRK,0.02,equity_min_variance
2022-05-02,MRK,0.02,equity_min_variance
2022-06-01,MRK,0.02,equity_min_variance
2022-07-01,MRK,0.02,equity_min_variance
2022-08-01,MRK,0.02,equity_min_variance
2022-09-01,MRK,0.02,equity_min_variance
2022-10-03,MRK,0.02,equity_min_variance
2022-11-01,MRK,0.02,equity_min_variance
2022-12-01,MRK,0.02,equity_min_variance
2023-01-03,MRK,0.02,equity_min_variance
2023-02-01,MRK,0.02,equity_min_variance
2023-03-01,MRK,0.02,equity_min_variance
2023-04-03,MRK,0.02,equity_min_variance
2023-05-01,MRK,0.02,equity_min_variance
2023-06-01,MRK,0.02,equity_min_variance
2023-07-03,MRK,0.02,equity_min_variance
2023-08-01,MRK,0.02,equity_min_variance
2023-09-01,MRK,0.02,equity_min_variance
2023-10-02,MRK,0.02,equity_min_variance
2023-11-01,MRK,0.02,equity_min_variance
2023-12-01,MRK,0.02,equity_min_variance
2021-01-04,MS,1.3766633549598087e-18,equity_min_variance
2021-02-01,MS,1.304425385266825e-18,equity_min_variance
2021-03-01,MS,0.0,equity_min_variance
2021-04-01,MS,0.0,equity_min_variance
2021-05-03,MS,0.013221572952533286,equity_min_variance
2021-06-01,MS,0.02,equity_min_variance
2021-07-01,MS,0.02,equity_min_variance
2021-08-02,MS,0.02,equity_min_variance
2021-09-01,MS,0.02,equity_min_variance
2021-10-01,MS,0.02,equity_min_variance
2021-11-01,MS,0.02,equity_min_variance
2021-12-01,MS,0.02,equity_min_variance
2022-01-03,MS,0.02,equity_min_variance
2022-02-01,MS,0.02,equity_min_variance
2022-03-01,MS,0.02,equity_min_variance
2022-04-01,MS,0.02,equity_min_variance
2022-05-02,MS,0.02,equity_min_variance
2022-06-01,MS,0.02,equity_min_variance
2022-07-01,MS,0.02,equity_min_variance
2022-08-01,MS,0.02,equity_min_variance
2022-09-01,MS,0.02,equity_min_variance
2022-10-03,MS,0.02,equity_min_variance
2022-11-01,MS,0.02,equity_min_variance
2022-12-01,MS,0.02,equity_min_variance
2023-01-03,MS,0.02,equity_min_variance
2023-02-01,MS,0.02,equity_min_variance
2023-03-01,MS,0.02,equity_min_variance
2023-04-03,MS,0.02,equity_min_variance
2023-05-01,MS,0.02,equity_min_variance
2023-06-01,MS,0.02,equity_min_variance
2023-07-03,MS,0.02,equity_min_variance
2023-08-01,MS,0.02,equity_min_variance
2023-09-01,MS,0.02,equity_min_variance
2023-10-02,MS,0.02,equity_min_variance
2023-11-01,MS,0.02,equity_min_variance
2023-12-01,MS,0.02,equity_min_variance
2021-01-04,NEE,0.0004489683355835823,equity_min_variance
2021-02-01,NEE,8.229072682610512e-18,equity_min_variance
2021-03-01,NEE,0.0,equity_min_variance
2021-04-01,NEE,0.021918435306332175,equity_min_variance
2021-05-03,NEE,0.025329872346664433,equity_min_variance
2021-06-01,NEE,0.02,equity_min_variance
2021-07-01,NEE,0.02,equity_min_variance
2021-08-02,NEE,0.02,equity_min_variance
2021-09-01,NEE,0.02,equity_min_variance
2021-10-01,NEE,0.02,equity_min_variance
2021-11-01,NEE,0.02,equity_min_variance
2021-12-01,NEE,0.02,equity_min_variance
2022-01-03,NEE,0.02,equity_min_variance
2022-02-01,NEE,0.02,equity_min_variance
2022-03-01,NEE,0.02,equity_min_variance
2022-04-01,NEE,0.02,equity_min_variance
2022-05-02,NEE,0.02,equity_min_variance
2022-06-01,NEE,0.02,equity_min_variance
2022-07-01,NEE,0.02,equity_min_variance
2022-08-01,NEE,0.02,equity_min_variance
2022-09-01,NEE,0.02,equity_min_variance
2022-10-03,NEE,0.02,equity_min_variance
2022-11-01,NEE,0.02,equity_min_variance
2022-12-01,NEE,0.02,equity_min_variance
2023-01-03,NEE,0.02,equity_min_variance
2023-02-01,NEE,0.02,equity_min_variance
2023-03-01,NEE,0.02,equity_min_variance
2023-04-03,NEE,0.02,equity_min_variance
2023-05-01,NEE,0.02,equity_min_variance
2023-06-01,NEE,0.02,equity_min_variance
2023-07-03,NEE,0.02,equity_min_variance
2023-08-01,NEE,0.02,equity_min_variance
2023-09-01,NEE,0.02,equity_min_variance
2023-10-02,NEE,0.02,equity_min_variance
2023-11-01,NEE,0.02,equity_min_variance
2023-12-01,NEE,0.02,equity_min_variance
2021-01-04,NEM,0.10645523413151324,equity_min_variance
2021-02-01,NEM,0.10147410884056009,equity_min_variance
2021-03-01,NEM,0.09900876137352863,equity_min_variance
2021-04-01,NEM,0.046512198638432915,equity_min_variance
2021-05-03,NEM,0.029366488655249767,equity_min_variance
2021-06-01,NEM,0.02,equity_min_variance
2021-07-01,NEM,0.02,equity_min_variance
2021-08-02,NEM,0.02,equity_min_variance
2021-09-01,NEM,0.02,equity_min_variance
2021-10-01,NEM,0.02,equity_min_variance
2021-11-01,NEM,0.02,equity_min_variance
2021-12-01,NEM,0.02,equity_min_variance
2022-01-03,NEM,0.02,equity_min_variance
2022-02-01,NEM,0.02,equity_min_variance
2022-03-01,NEM,0.02,equity_min_variance
2022-04-01,NEM,0.02,equity_min_variance
2022-05-02,NEM,0.02,equity_min_variance
2022-06-01,NEM,0.02,equity_min_variance
2022-07-01,NEM,0.02,equity_min_variance
2022-08-01,NEM,0.02,equity_min_variance
2022-09-01,NEM,0.02,equity_min_variance
2022-10-03,NEM,0.02,equity_min_variance
2022-11-01,NEM,0.02,equity_min_variance
2022-12-01,NEM,0.02,equity_min_variance
2023-01-03,NEM,0.02,equity_min_variance
2023-02-01,NEM,0.02,equity_min_variance
2023-03-01,NEM,0.02,equity_min_variance
2023-04-03,NEM,0.02,equity_min_variance
2023-05-01,NEM,0.02,equity_min_variance
2023-06-01,NEM,0.02,equity_min_variance
2023-07-03,NEM,0.02,equity_min_variance
2023-08-01,NEM,0.02,equity_min_variance
2023-09-01,NEM,0.02,equity_min_variance
2023-10-02,NEM,0.02,equity_min_variance
2023-11-01,NEM,0.02,equity_min_variance
2023-12-01,NEM,0.02,equity_min_variance
2021-01-04,NKE,0.023853004232744942,equity_min_variance
2021-02-01,NKE,0.023510540285113558,equity_min_variance
2021-03-01,NKE,0.02469413440323301,equity_min_variance
2021-04-01,NKE,0.02527912355184893,equity_min_variance
2021-05-03,NKE,0.0228582824401803,equity_min_variance
2021-06-01,NKE,0.02,equity_min_variance
2021-07-01,NKE,0.02,equity_min_variance
2021-08-02,NKE,0.02,equity_min_variance
2021-09-01,NKE,0.02,equity_min_variance
2021-10-01,NKE,0.02,equity_min_variance
2021-11-01,NKE,0.02,equity_min_variance
2021-12-01,NKE,0.02,equity_min_variance
2022-01-03,NKE,0.02,equity_min_variance
2022-02-01,NKE,0.02,equity_min_variance
2022-03-01,NKE,0.02,equity_min_variance
2022-04-01,NKE,0.02,equity_min_variance
2022-05-02,NKE,0.02,equity_min_variance
2022-06-01,NKE,0.02,equity_min_variance
2022-07-01,NKE,0.02,equity_min_variance
2022-08-01,NKE,0.02,equity_min_variance
2022-09-01,NKE,0.02,equity_min_variance
2022-10-03,NKE,0.02,equity_min_variance
2022-11-01,NKE,0.02,equity_min_variance
2022-12-01,NKE,0.02,equity_min_variance
2023-01-03,NKE,0.02,equity_min_variance
2023-02-01,NKE,0.02,equity_min_variance
2023-03-01,NKE,0.02,equity_min_variance
2023-04-03,NKE,0.02,equity_min_variance
2023-05-01,NKE,0.02,equity_min_variance
2023-06-01,NKE,0.02,equity_min_variance
2023-07-03,NKE,0.02,equity_min_variance
2023-08-01,NKE,0.02,equity_min_variance
2023-09-01,NKE,0.02,equity_min_variance
2023-10-02,NKE,0.02,equity_min_variance
2023-11-01,NKE,0.02,equity_min_variance
2023-12-01,NKE,0.02,equity_min_variance
2021-01-04,NUE,3.2208690735494697e-18,equity_min_variance
2021-02-01,NUE,0.0,equity_min_variance
2021-03-01,NUE,0.0,equity_min_variance
2021-04-01,NUE,0.005579768980206441,equity_min_variance
2021-05-03,NUE,0.012873922101076005,equity_min_variance
2021-06-01,NUE,0.02,equity_min_variance
2021-07-01,NUE,0.02,equity_min_variance
2021-08-02,NUE,0.02,equity_min_variance
2021-09-01,NUE,0.02,equity_min_variance
2021-10-01,NUE,0.02,equity_min_variance
2021-11-01,NUE,0.02,equity_min_variance
2021-12-01,NUE,0.02,equity_min_variance
2022-01-03,NUE,0.02,equity_min_variance
2022-02-01,NUE,0.02,equity_min_variance
2022-03-01,NUE,0.02,equity_min_variance
2022-04-01,NUE,0.02,equity_min_variance
2022-05-02,NUE,0.02,equity_min_variance
2022-06-01,NUE,0.02,equity_min_variance
2022-07-01,NUE,0.02,equity_min_variance
2022-08-01,NUE,0.02,equity_min_variance
2022-09-01,NUE,0.02,equity_min_variance
2022-10-03,NUE,0.02,equity_min_variance
2022-11-01,NUE,0.02,equity_min_variance
2022-12-01,NUE,0.02,equity_min_variance
2023-01-03,NUE,0.02,equity_min_variance
2023-02-01,NUE,0.02,equity_min_variance
2023-03-01,NUE,0.02,equity_min_variance
2023-04-03,NUE,0.02,equity_min_variance
2023-05-01,NUE,0.02,equity_min_variance
2023-06-01,NUE,0.02,equity_min_variance
2023-07-03,NUE,0.02,equity_min_variance
2023-08-01,NUE,0.02,equity_min_variance
2023-09-01,NUE,0.02,equity_min_variance
2023-10-02,NUE,0.02,equity_min_variance
2023-11-01,NUE,0.02,equity_min_variance
2023-12-01,NUE,0.02,equity_min_variance
2021-01-04,NVDA,9.860402882675556e-19,equity_min_variance
2021-02-01,NVDA,0.0,equity_min_variance
2021-03-01,NVDA,0.0,equity_min_variance
2021-04-01,NVDA,0.0,equity_min_variance
2021-05-03,NVDA,0.02059010058274776,equity_min_variance
2021-06-01,NVDA,0.02,equity_min_variance
2021-07-01,NVDA,0.02,equity_min_variance
2021-08-02,NVDA,0.02,equity_min_variance
2021-09-01,NVDA,0.02,equity_min_variance
2021-10-01,NVDA,0.02,equity_min_variance
2021-11-01,NVDA,0.02,equity_min_variance
2021-12-01,NVDA,0.02,equity_min_variance
2022-01-03,NVDA,0.02,equity_min_variance
2022-02-01,NVDA,0.02,equity_min_variance
2022-03-01,NVDA,0.02,equity_min_variance
2022-04-01,NVDA,0.02,equity_min_variance
2022-05-02,NVDA,0.02,equity_min_variance
2022-06-01,NVDA,0.02,equity_min_variance
2022-07-01,NVDA,0.02,equity_min_variance
2022-08-01,NVDA,0.02,equity_min_variance
2022-09-01,NVDA,0.02,equity_min_variance
2022-10-03,NVDA,0.02,equity_min_variance
2022-11-01,NVDA,0.02,equity_min_variance
2022-12-01,NVDA,0.02,equity_min_variance
2023-01-03,NVDA,0.02,equity_min_variance
2023-02-01,NVDA,0.02,equity_min_variance
2023-03-01,NVDA,0.02,equity_min_variance
2023-04-03,NVDA,0.02,equity_min_variance
2023-05-01,NVDA,0.02,equity_min_variance
2023-06-01,NVDA,0.02,equity_min_variance
2023-07-03,NVDA,0.02,equity_min_variance
2023-08-01,NVDA,0.02,equity_min_variance
2023-09-01,NVDA,0.02,equity_min_variance
2023-10-02,NVDA,0.02,equity_min_variance
2023-11-01,NVDA,0.02,equity_min_variance
2023-12-01,NVDA,0.02,equity_min_variance
2021-01-04,O,1.3065327915996028e-18,equity_min_variance
2021-02-01,O,0.0,equity_min_variance
2021-03-01,O,7.111339842334644e-21,equity_min_variance
2021-04-01,O,0.00754340750168641,equity_min_variance
2021-05-03,O,0.01967025932737179,equity_min_variance
2021-06-01,O,0.02,equity_min_variance
2021-07-01,O,0.02,equity_min_variance
2021-08-02,O,0.02,equity_min_variance
2021-09-01,O,0.02,equity_min_variance
2021-10-01,O,0.02,equity_min_variance
2021-11-01,O,0.02,equity_min_variance
2021-12-01,O,0.02,equity_min_variance
2022-01-03,O,0.02,equity_min_variance
2022-02-01,O,0.02,equity_min_variance
2022-03-01,O,0.02,equity_min_variance
2022-04-01,O,0.02,equity_min_variance
2022-05-02,O,0.02,equity_min_variance
2022-06-01,O,0.02,equity_min_variance
2022-07-01,O,0.02,equity_min_variance
2022-08-01,O,0.02,equity_min_variance
2022-09-01,O,0.02,equity_min_variance
2022-10-03,O,0.02,equity_min_variance
2022-11-01,O,0.02,equity_min_variance
2022-12-01,O,0.02,equity_min_variance
2023-01-03,O,0.02,equity_min_variance
2023-02-01,O,0.02,equity_min_variance
2023-03-01,O,0.02,equity_min_variance
2023-04-03,O,0.02,equity_min_variance
2023-05-01,O,0.02,equity_min_variance
2023-06-01,O,0.02,equity_min_variance
2023-07-03,O,0.02,equity_min_variance
2023-08-01,O,0.02,equity_min_variance
2023-09-01,O,0.02,equity_min_variance
2023-10-02,O,0.02,equity_min_variance
2023-11-01,O,0.02,equity_min_variance
2023-12-01,O,0.02,equity_min_variance
2021-01-04,OXY,0.0,equity_min_variance
2021-02-01,OXY,2.271184892848215e-18,equity_min_variance
2021-03-01,OXY,0.0,equity_min_variance
2021-04-01,OXY,6.057261774082878e-20,equity_min_variance
2021-05-03,OXY,2.464050224048562e-18,equity_min_variance
2021-06-01,OXY,0.02,equity_min_variance
2021-07-01,OXY,0.02,equity_min_variance
2021-08-02,OXY,0.02,equity_min_variance
2021-09-01,OXY,0.02,equity_min_variance
2021-10-01,OXY,0.02,equity_min_variance
2021-11-01,OXY,0.02,equity_min_variance
2021-12-01,OXY,0.02,equity_min_variance
2022-01-03,OXY,0.02,equity_min_variance
2022-02-01,OXY,0.02,equity_min_variance
2022-03-01,OXY,0.02,equity_min_variance
2022-04-01,OXY,0.02,equity_min_variance
2022-05-02,OXY,0.02,equity_min_variance
2022-06-01,OXY,0.02,equity_min_variance
2022-07-01,OXY,0.02,equity_min_variance
2022-08-01,OXY,0.02,equity_min_variance
2022-09-01,OXY,0.02,equity_min_variance
2022-10-03,OXY,0.02,equity_min_variance
2022-11-01,OXY,0.02,equity_min_variance
2022-12-01,OXY,0.02,equity_min_variance
2023-01-03,OXY,0.02,equity_min_variance
2023-02-01,OXY,0.02,equity_min_variance
2023-03-01,OXY,0.02,equity_min_variance
2023-04-03,OXY,0.02,equity_min_variance
2023-05-01,OXY,0.02,equity_min_variance
2023-06-01,OXY,0.02,equity_min_variance
2023-07-03,OXY,0.02,equity_min_variance
2023-08-01,OXY,0.02,equity_min_variance
2023-09-01,OXY,0.02,equity_min_variance
2023-10-02,OXY,0.02,equity_min_variance
2023-11-01,OXY,0.02,equity_min_variance
2023-12-01,OXY,0.02,equity_min_variance
2021-01-04,PLD,5.2141006494528536e-18,equity_min_variance
2021-02-01,PLD,0.0,equity_min_variance
2021-03-01,PLD,5.726398651761286e-20,equity_min_variance
2021-04-01,PLD,0.009405112799155268,equity_min_variance
2021-05-03,PLD,0.022222710818871227,equity_min_variance
2021-06-01,PLD,0.02,equity_min_variance
2021-07-01,PLD,0.02,equity_min_variance
2021-08-02,PLD,0.02,equity_min_variance
2021-09-01,PLD,0.02,equity_min_variance
2021-10-01,PLD,0.02,equity_min_variance
2021-11-01,PLD,0.02,equity_min_variance
2021-12-01,PLD,0.02,equity_min_variance
2022-01-03,PLD,0.02,equity_min_variance
2022-02-01,PLD,0.02,equity_min_variance
2022-03-01,PLD,0.02,equity_min_variance
2022-04-01,PLD,0.02,equity_min_variance
2022-05-02,PLD,0.02,equity_min_variance
2022-06-01,PLD,0.02,equity_min_variance
2022-07-01,PLD,0.02,equity_min_variance
2022-08-01,PLD,0.02,equity_min_variance
2022-09-01,PLD,0.02,equity_min_variance
2022-10-03,PLD,0.02,equity_min_variance
2022-11-01,PLD,0.02,equity_min_variance
2022-12-01,PLD,0.02,equity_min_variance
2023-01-03,PLD,0.02,equity_min_variance
2023-02-01,PLD,0.02,equity_min_variance
2023-03-01,PLD,0.02,equity_min_variance
2023-04-03,PLD,0.02,equity_min_variance
2023-05-01,PLD,0.02,equity_min_variance
2023-06-01,PLD,0.02,equity_min_variance
2023-07-03,PLD,0.02,equity_min_variance
2023-08-01,PLD,0.02,equity_min_variance
2023-09-01,PLD,0.02,equity_min_variance
2023-10-02,PLD,0.02,equity_min_variance
2023-11-01,PLD,0.02,equity_min_variance
2023-12-01,PLD,0.02,equity_min_variance
2021-01-04,PSA,0.05612268273079429,equity_min_variance
2021-02-01,PSA,0.05529942728761644,equity_min_variance
2021-03-01,PSA,0.05686260793019213,equity_min_variance
2021-04-01,PSA,0.04652364608733103,equity_min_variance
2021-05-03,PSA,0.027929343693747763,equity_min_variance
2021-06-01,PSA,0.02,equity_min_variance
2021-07-01,PSA,0.02,equity_min_variance
2021-08-02,PSA,0.02,equity_min_variance
2021-09-01,PSA,0.02,equity_min_variance
2021-10-01,PSA,0.02,equity_min_variance
2021-11-01,PSA,0.02,equity_min_variance
2021-12-01,PSA,0.02,equity_min_variance
2022-01-03,PSA,0.02,equity_min_variance
2022-02-01,PSA,0.02,equity_min_variance
2022-03-01,PSA,0.02,equity_min_variance
2022-04-01,PSA,0.02,equity_min_variance
2022-05-02,PSA,0.02,equity_min_variance
2022-06-01,PSA,0.02,equity_min_variance
2022-07-01,PSA,0.02,equity_min_variance
2022-08-01,PSA,0.02,equity_min_variance
2022-09-01,PSA,0.02,equity_min_variance
2022-10-03,PSA,0.02,equity_min_variance
2022-11-01,PSA,0.02,equity_min_variance
2022-12-01,PSA,0.02,equity_min_variance
2023-01-03,PSA,0.02,equity_min_variance
2023-02-01,PSA,0.02,equity_min_variance
2023-03-01,PSA,0.02,equity_min_variance
2023-04-03,PSA,0.02,equity_min_variance
2023-05-01,PSA,0.02,equity_min_variance
2023-06-01,PSA,0.02,equity_min_variance
2023-07-03,PSA,0.02,equity_min_variance
2023-08-01,PSA,0.02,equity_min_variance
2023-09-01,PSA,0.02,equity_min_variance
2023-10-02,PSA,0.02,equity_min_variance
2023-11-01,PSA,0.02,equity_min_variance
2023-12-01,PSA,0.02,equity_min_variance
2021-01-04,QCOM,2.1834962555021626e-18,equity_min_variance
2021-02-01,QCOM,0.0,equity_min_variance
2021-03-01,QCOM,1.1709816926720215e-18,equity_min_variance
2021-04-01,QCOM,0.006357963693204585,equity_min_variance
2021-05-03,QCOM,0.017466238283224092,equity_min_variance
2021-06-01,QCOM,0.02,equity_min_variance
2021-07-01,QCOM,0.02,equity_min_variance
2021-08-02,QCOM,0.02,equity_min_variance
2021-09-01,QCOM,0.02,equity_min_variance
2021-10-01,QCOM,0.02,equity_min_variance
2021-11-01,QCOM,0.02,equity_min_variance
2021-12-01,QCOM,0.02,equity_min_variance
2022-01-03,QCOM,0.02,equity_min_variance
2022-02-01,QCOM,0.02,equity_min_variance
2022-03-01,QCOM,0.02,equity_min_variance
2022-04-01,QCOM,0.02,equity_min_variance
2022-05-02,QCOM,0.02,equity_min_variance
2022-06-01,QCOM,0.02,equity_min_variance
2022-07-01,QCOM,0.02,equity_min_variance
2022-08-01,QCOM,0.02,equity_min_variance
2022-09-01,QCOM,0.02,equity_min_variance
2022-10-03,QCOM,0.02,equity_min_variance
2022-11-01,QCOM,0.02,equity_min_variance
2022-12-01,QCOM,0.02,equity_min_variance
2023-01-03,QCOM,0.02,equity_min_variance
2023-02-01,QCOM,0.02,equity_min_variance
2023-03-01,QCOM,0.02,equity_min_variance
2023-04-03,QCOM,0.02,equity_min_variance
2023-05-01,QCOM,0.02,equity_min_variance
2023-06-01,QCOM,0.02,equity_min_variance
2023-07-03,QCOM,0.02,equity_min_variance
2023-08-01,QCOM,0.02,equity_min_variance
2023-09-01,QCOM,0.02,equity_min_variance
2023-10-02,QCOM,0.02,equity_min_variance
2023-11-01,QCOM,0.02,equity_min_variance
2023-12-01,QCOM,0.02,equity_min_variance
2021-01-04,SBUX,3.0061378023554886e-18,equity_min_variance
2021-02-01,SBUX,0.0,equity_min_variance
2021-03-01,SBUX,1.1563216926616481e-18,equity_min_variance
2021-04-01,SBUX,0.0109622427394566,equity_min_variance
2021-05-03,SBUX,0.019443141849903773,equity_min_variance
2021-06-01,SBUX,0.02,equity_min_variance
2021-07-01,SBUX,0.02,equity_min_variance
2021-08-02,SBUX,0.02,equity_min_variance
2021-09-01,SBUX,0.02,equity_min_variance
2021-10-01,SBUX,0.02,equity_min_variance
2021-11-01,SBUX,0.02,equity_min_variance
2021-12-01,SBUX,0.02,equity_min_variance
2022-01-03,SBUX,0.02,equity_min_variance
2022-02-01,SBUX,0.02,equity_min_variance
2022-03-01,SBUX,0.02,equity_min_variance
2022-04-01,SBUX,0.02,equity_min_variance
2022-05-02,SBUX,0.02,equity_min_variance
2022-06-01,SBUX,0.02,equity_min_variance
2022-07-01,SBUX,0.02,equity_min_variance
2022-08-01,SBUX,0.02,equity_min_variance
2022-09-01,SBUX,0.02,equity_min_variance
2022-10-03,SBUX,0.02,equity_min_variance
2022-11-01,SBUX,0.02,equity_min_variance
2022-12-01,SBUX,0.02,equity_min_variance
2023-01-03,SBUX,0.02,equity_min_variance
2023-02-01,SBUX,0.02,equity_min_variance
2023-03-01,SBUX,0.02,equity_min_variance
2023-04-03,SBUX,0.02,equity_min_variance
2023-05-01,SBUX,0.02,equity_min_variance
2023-06-01,SBUX,0.02,equity_min_variance
2023-07-03,SBUX,0.02,equity_min_variance
2023-08-01,SBUX,0.02,equity_min_variance
2023-09-01,SBUX,0.02,equity_min_variance
2023-10-02,SBUX,0.02,equity_min_variance
2023-11-01,SBUX,0.02,equity_min_variance
2023-12-01,SBUX,0.02,equity_min_variance
2021-01-04,SHW,0.009994276466491925,equity_min_variance
2021-02-01,SHW,0.013145577645195278,equity_min_variance
2021-03-01,SHW,0.014094523345150198,equity_min_variance
2021-04-01,SHW,0.022766592635687505,equity_min_variance
2021-05-03,SHW,0.02660557983669859,equity_min_variance
2021-06-01,SHW,0.02,equity_min_variance
2021-07-01,SHW,0.02,equity_min_variance
2021-08-02,SHW,0.02,equity_min_variance
2021-09-01,SHW,0.02,equity_min_variance
2021-10-01,SHW,0.02,equity_min_variance
2021-11-01,SHW,0.02,equity_min_variance
2021-12-01,SHW,0.02,equity_min_variance
2022-01-03,SHW,0.02,equity_min_variance
2022-02-01,SHW,0.02,equity_min_variance
2022-03-01,SHW,0.02,equity_min_variance
2022-04-01,SHW,0.02,equity_min_variance
2022-05-02,SHW,0.02,equity_min_variance
2022-06-01,SHW,0.02,equity_min_variance
2022-07-01,SHW,0.02,equity_min_variance
2022-08-01,SHW,0.02,equity_min_variance
2022-09-01,SHW,0.02,equity_min_variance
2022-10-03,SHW,0.02,equity_min_variance
2022-11-01,SHW,0.02,equity_min_variance
2022-12-01,SHW,0.02,equity_min_variance
2023-01-03,SHW,0.02,equity_min_variance
2023-02-01,SHW,0.02,equity_min_variance
2023-03-01,SHW,0.02,equity_min_variance
2023-04-03,SHW,0.02,equity_min_variance
2023-05-01,SHW,0.02,equity_min_variance
2023-06-01,SHW,0.02,equity_min_variance
2023-07-03,SHW,0.02,equity_min_variance
2023-08-01,SHW,0.02,equity_min_variance
2023-09-01,SHW,0.02,equity_min_variance
2023-10-02,SHW,0.02,equity_min_variance
2023-11-01,SHW,0.02,equity_min_variance
2023-12-01,SHW,0.02,equity_min_variance
2021-01-04,SLB,0.0,equity_min_variance
2021-02-01,SLB,3.46784467266459e-19,equity_min_variance
2021-03-01,SLB,0.0,equity_min_variance
2021-04-01,SLB,0.0,equity_min_variance
2021-05-03,SLB,2.6020852139652106e-18,equity_min_variance
2021-06-01,SLB,0.02,equity_min_variance
2021-07-01,SLB,0.02,equity_min_variance
2021-08-02,SLB,0.02,equity_min_variance
2021-09-01,SLB,0.02,equity_min_variance
2021-10-01,SLB,0.02,equity_min_variance
2021-11-01,SLB,0.02,equity_min_variance
2021-12-01,SLB,0.02,equity_min_variance
2022-01-03,SLB,0.02,equity_min_variance
2022-02-01,SLB,0.02,equity_min_variance
2022-03-01,SLB,0.02,equity_min_variance
2022-04-01,SLB,0.02,equity_min_variance
2022-05-02,SLB,0.02,equity_min_variance
2022-06-01,SLB,0.02,equity_min_variance
2022-07-01,SLB,0.02,equity_min_variance
2022-08-01,SLB,0.02,equity_min_variance
2022-09-01,SLB,0.02,equity_min_variance
2022-10-03,SLB,0.02,equity_min_variance
2022-11-01,SLB,0.02,equity_min_variance
2022-12-01,SLB,0.02,equity_min_variance
2023-01-03,SLB,0.02,equity_min_variance
2023-02-01,SLB,0.02,equity_min_variance
2023-03-01,SLB,0.02,equity_min_variance
2023-04-03,SLB,0.02,equity_min_variance
2023-05-01,SLB,0.02,equity_min_variance
2023-06-01,SLB,0.02,equity_min_variance
2023-07-03,SLB,0.02,equity_min_variance
2023-08-01,SLB,0.02,equity_min_variance
2023-09-01,SLB,0.02,equity_min_variance
2023-10-02,SLB,0.02,equity_min_variance
2023-11-01,SLB,0.02,equity_min_variance
2023-12-01,SLB,0.02,equity_min_variance
2021-01-04,SO,3.0148485777311525e-18,equity_min_variance
2021-02-01,SO,0.0,equity_min_variance
2021-03-01,SO,4.753207455277051e-18,equity_min_variance
2021-04-01,SO,0.018163101501883116,equity_min_variance
2021-05-03,SO,0.02462064463127,equity_min_variance
2021-06-01,SO,0.02,equity_min_variance
2021-07-01,SO,0.02,equity_min_variance
2021-08-02,SO,0.02,equity_min_variance
2021-09-01,SO,0.02,equity_min_variance
2021-10-01,SO,0.02,equity_min_variance
2021-11-01,SO,0.02,equity_min_variance
2021-12-01,SO,0.02,equity_min_variance
2022-01-03,SO,0.02,equity_min_variance
2022-02-01,SO,0.02,equity_min_variance
2022-03-01,SO,0.02,equity_min_variance
2022-04-01,SO,0.02,equity_min_variance
2022-05-02,SO,0.02,equity_min_variance
2022-06-01,SO,0.02,equity_min_variance
2022-07-01,SO,0.02,equity_min_variance
2022-08-01,SO,0.02,equity_min_variance
2022-09-01,SO,0.02,equity_min_variance
2022-10-03,SO,0.02,equity_min_variance
2022-11-01,SO,0.02,equity_min_variance
2022-12-01,SO,0.02,equity_min_variance
2023-01-03,SO,0.02,equity_min_variance
2023-02-01,SO,0.02,equity_min_variance
2023-03-01,SO,0.02,equity_min_variance
2023-04-03,SO,0.02,equity_min_variance
2023-05-01,SO,0.02,equity_min_variance
2023-06-01,SO,0.02,equity_min_variance
2023-07-03,SO,0.02,equity_min_variance
2023-08-01,SO,0.02,equity_min_variance
2023-09-01,SO,0.02,equity_min_variance
2023-10-02,SO,0.02,equity_min_variance
2023-11-01,SO,0.02,equity_min_variance
2023-12-01,SO,0.02,equity_min_variance
2021-01-04,T,0.03190543527882919,equity_min_variance
2021-02-01,T,0.03408435800850974,equity_min_variance
2021-03-01,T,0.031777428861840096,equity_min_variance
2021-04-01,T,0.03136403284135591,equity_min_variance
2021-05-03,T,0.02430800448370807,equity_min_variance
2021-06-01,T,0.02,equity_min_variance
2021-07-01,T,0.02,equity_min_variance
2021-08-02,T,0.02,equity_min_variance
2021-09-01,T,0.02,equity_min_variance
2021-10-01,T,0.02,equity_min_variance
2021-11-01,T,0.02,equity_min_variance
2021-12-01,T,0.02,equity_min_variance
2022-01-03,T,0.02,equity_min_variance
2022-02-01,T,0.02,equity_min_variance
2022-03-01,T,0.02,equity_min_variance
2022-04-01,T,0.02,equity_min_variance
2022-05-02,T,0.02,equity_min_variance
2022-06-01,T,0.02,equity_min_variance
2022-07-01,T,0.02,equity_min_variance
2022-08-01,T,0.02,equity_min_variance
2022-09-01,T,0.02,equity_min_variance
2022-10-03,T,0.02,equity_min_variance
2022-11-01,T,0.02,equity_min_variance
2022-12-01,T,0.02,equity_min_variance
2023-01-03,T,0.02,equity_min_variance
2023-02-01,T,0.02,equity_min_variance
2023-03-01,T,0.02,equity_min_variance
2023-04-03,T,0.02,equity_min_variance
2023-05-01,T,0.02,equity_min_variance
2023-06-01,T,0.02,equity_min_variance
2023-07-03,T,0.02,equity_min_variance
2023-08-01,T,0.02,equity_min_variance
2023-09-01,T,0.02,equity_min_variance
2023-10-02,T,0.02,equity_min_variance
2023-11-01,T,0.02,equity_min_variance
2023-12-01,T,0.02,equity_min_variance
2021-01-04,TMUS,0.03453748632838736,equity_min_variance
2021-02-01,TMUS,0.032281977827046976,equity_min_variance
2021-03-01,TMUS,0.033211984735674216,equity_min_variance
2021-04-01,TMUS,0.03291880387312296,equity_min_variance
2021-05-03,TMUS,0.02306325284752348,equity_min_variance
2021-06-01,TMUS,0.02,equity_min_variance
2021-07-01,TMUS,0.02,equity_min_variance
2021-08-02,TMUS,0.02,equity_min_variance
2021-09-01,TMUS,0.02,equity_min_variance
2021-10-01,TMUS,0.02,equity_min_variance
2021-11-01,TMUS,0.02,equity_min_variance
2021-12-01,TMUS,0.02,equity_min_variance
2022-01-03,TMUS,0.02,equity_min_variance
2022-02-01,TMUS,0.02,equity_min_variance
2022-03-01,TMUS,0.02,equity_min_variance
2022-04-01,TMUS,0.02,equity_min_variance
2022-05-02,TMUS,0.02,equity_min_variance
2022-06-01,TMUS,0.02,equity_min_variance
2022-07-01,TMUS,0.02,equity_min_variance
2022-08-01,TMUS,0.02,equity_min_variance
2022-09-01,TMUS,0.02,equity_min_variance
2022-10-03,TMUS,0.02,equity_min_variance
2022-11-01,TMUS,0.02,equity_min_variance
2022-12-01,TMUS,0.02,equity_min_variance
2023-01-03,TMUS,0.02,equity_min_variance
2023-02-01,TMUS,0.02,equity_min_variance
2023-03-01,TMUS,0.02,equity_min_variance
2023-04-03,TMUS,0.02,equity_min_variance
2023-05-01,TMUS,0.02,equity_min_variance
2023-06-01,TMUS,0.02,equity_min_variance
2023-07-03,TMUS,0.02,equity_min_variance
2023-08-01,TMUS,0.02,equity_min_variance
2023-09-01,TMUS,0.02,equity_min_variance
2023-10-02,TMUS,0.02,equity_min_variance
2023-11-01,TMUS,0.02,equity_min_variance
2023-12-01,TMUS,0.02,equity_min_variance
2021-01-04,TTWO,0.07551890672985612,equity_min_variance
2021-02-01,TTWO,0.07292841891665272,equity_min_variance
2021-03-01,TTWO,0.07159788676128558,equity_min_variance
2021-04-01,TTWO,0.05468488687533015,equity_min_variance
2021-05-03,TTWO,0.030472111685471,equity_min_variance
2021-06-01,TTWO,0.02,equity_min_variance
2021-07-01,TTWO,0.02,equity_min_variance
2021-08-02,TTWO,0.02,equity_min_variance
2021-09-01,TTWO,0.02,equity_min_variance
2021-10-01,TTWO,0.02,equity_min_variance
2021-11-01,TTWO,0.02,equity_min_variance
2021-12-01,TTWO,0.02,equity_min_variance
2022-01-03,TTWO,0.02,equity_min_variance
2022-02-01,TTWO,0.02,equity_min_variance
2022-03-01,TTWO,0.02,equity_min_variance
2022-04-01,TTWO,0.02,equity_min_variance
2022-05-02,TTWO,0.02,equity_min_variance
2022-06-01,TTWO,0.02,equity_min_variance
2022-07-01,TTWO,0.02,equity_min_variance
2022-08-01,TTWO,0.02,equity_min_variance
2022-09-01,TTWO,0.02,equity_min_variance
2022-10-03,TTWO,0.02,equity_min_variance
2022-11-01,TTWO,0.02,equity_min_variance
2022-12-01,TTWO,0.02,equity_min_variance
2023-01-03,TTWO,0.02,equity_min_variance
2023-02-01,TTWO,0.02,equity_min_variance
2023-03-01,TTWO,0.02,equity_min_variance
2023-04-03,TTWO,0.02,equity_min_variance
2023-05-01,TTWO,0.02,equity_min_variance
2023-06-01,TTWO,0.02,equity_min_variance
2023-07-03,TTWO,0.02,equity_min_variance
2023-08-01,TTWO,0.02,equity_min_variance
2023-09-01,TTWO,0.02,equity_min_variance
2023-10-02,TTWO,0.02,equity_min_variance
2023-11-01,TTWO,0.02,equity_min_variance
2023-12-01,TTWO,0.02,equity_min_variance
2021-01-04,UPS,0.04228138060988242,equity_min_variance
2021-02-01,UPS,0.04225924479361406,equity_min_variance
2021-03-01,UPS,0.04582894706053863,equity_min_variance
2021-04-01,UPS,0.023909907849581358,equity_min_variance
2021-05-03,UPS,0.022371505163426154,equity_min_variance
2021-06-01,UPS,0.02,equity_min_variance
2021-07-01,UPS,0.02,equity_min_variance
2021-08-02,UPS,0.02,equity_min_variance
2021-09-01,UPS,0.02,equity_min_variance
2021-10-01,UPS,0.02,equity_min_variance
2021-11-01,UPS,0.02,equity_min_variance
2021-12-01,UPS,0.02,equity_min_variance
2022-01-03,UPS,0.02,equity_min_variance
2022-02-01,UPS,0.02,equity_min_variance
2022-03-01,UPS,0.02,equity_min_variance
2022-04-01,UPS,0.02,equity_min_variance
2022-05-02,UPS,0.02,equity_min_variance
2022-06-01,UPS,0.02,equity_min_variance
2022-07-01,UPS,0.02,equity_min_variance
2022-08-01,UPS,0.02,equity_min_variance
2022-09-01,UPS,0.02,equity_min_variance
2022-10-03,UPS,0.02,equity_min_variance
2022-11-01,UPS,0.02,equity_min_variance
2022-12-01,UPS,0.02,equity_min_variance
2023-01-03,UPS,0.02,equity_min_variance
2023-02-01,UPS,0.02,equity_min_variance
2023-03-01,UPS,0.02,equity_min_variance
2023-04-03,UPS,0.02,equity_min_variance
2023-05-01,UPS,0.02,equity_min_variance
2023-06-01,UPS,0.02,equity_min_variance
2023-07-03,UPS,0.02,equity_min_variance
2023-08-01,UPS,0.02,equity_min_variance
2023-09-01,UPS,0.02,equity_min_variance
2023-10-02,UPS,0.02,equity_min_variance
2023-11-01,UPS,0.02,equity_min_variance
2023-12-01,UPS,0.02,equity_min_variance
2021-01-04,USB,2.2856638719778113e-18,equity_min_variance
2021-02-01,USB,0.0,equity_min_variance
2021-03-01,USB,0.0,equity_min_variance
2021-04-01,USB,0.00378479607227143,equity_min_variance
2021-05-03,USB,0.010934671453561256,equity_min_variance
2021-06-01,USB,0.02,equity_min_variance
2021-07-01,USB,0.02,equity_min_variance
2021-08-02,USB,0.02,equity_min_variance
2021-09-01,USB,0.02,equity_min_variance
2021-10-01,USB,0.02,equity_min_variance
2021-11-01,USB,0.02,equity_min_variance
2021-12-01,USB,0.02,equity_min_variance
2022-01-03,USB,0.02,equity_min_variance
2022-02-01,USB,0.02,equity_min_variance
2022-03-01,USB,0.02,equity_min_variance
2022-04-01,USB,0.02,equity_min_variance
2022-05-02,USB,0.02,equity_min_variance
2022-06-01,USB,0.02,equity_min_variance
2022-07-01,USB,0.02,equity_min_variance
2022-08-01,USB,0.02,equity_min_variance
2022-09-01,USB,0.02,equity_min_variance
2022-10-03,USB,0.02,equity_min_variance
2022-11-01,USB,0.02,equity_min_variance
2022-12-01,USB,0.02,equity_min_variance
2023-01-03,USB,0.02,equity_min_variance
2023-02-01,USB,0.02,equity_min_variance
2023-03-01,USB,0.02,equity_min_variance
2023-04-03,USB,0.02,equity_min_variance
2023-05-01,USB,0.02,equity_min_variance
2023-06-01,USB,0.02,equity_min_variance
2023-07-03,USB,0.02,equity_min_variance
2023-08-01,USB,0.02,equity_min_variance
2023-09-01,USB,0.02,equity_min_variance
2023-10-02,USB,0.02,equity_min_variance
2023-11-01,USB,0.02,equity_min_variance
2023-12-01,USB,0.02,equity_min_variance
2021-01-04,V,2.8102121134396455e-18,equity_min_variance
2021-02-01,V,0.0,equity_min_variance
2021-03-01,V,3.2129904757457668e-18,equity_min_variance
2021-04-01,V,0.007300548083542741,equity_min_variance
2021-05-03,V,0.020381409159085154,equity_min_variance
2021-06-01,V,0.02,equity_min_variance
2021-07-01,V,0.02,equity_min_variance
2021-08-02,V,0.02,equity_min_variance
2021-09-01,V,0.02,equity_min_variance
2021-10-01,V,0.02,equity_min_variance
2021-11-01,V,0.02,equity_min_variance
2021-12-01,V,0.02,equity_min_variance
2022-01-03,V,0.02,equity_min_variance
2022-02-01,V,0.02,equity_min_variance
2022-03-01,V,0.02,equity_min_variance
2022-04-01,V,0.02,equity_min_variance
2022-05-02,V,0.02,equity_min_variance
2022-06-01,V,0.02,equity_min_variance
2022-07-01,V,0.02,equity_min_variance
2022-08-01,V,0.02,equity_min_variance
2022-09-01,V,0.02,equity_min_variance
2022-10-03,V,0.02,equity_min_variance
2022-11-01,V,0.02,equity_min_variance
2022-12-01,V,0.02,equity_min_variance
2023-01-03,V,0.02,equity_min_variance
2023-02-01,V,0.02,equity_min_variance
2023-03-01,V,0.02,equity_min_variance
2023-04-03,V,0.02,equity_min_variance
2023-05-01,V,0.02,equity_min_variance
2023-06-01,V,0.02,equity_min_variance
2023-07-03,V,0.02,equity_min_variance
2023-08-01,V,0.02,equity_min_variance
2023-09-01,V,0.02,equity_min_variance
2023-10-02,V,0.02,equity_min_variance
2023-11-01,V,0.02,equity_min_variance
2023-12-01,V,0.02,equity_min_variance
2021-01-04,WFC,5.14896477572645e-19,equity_min_variance
2021-02-01,WFC,1.9673122170204027e-18,equity_min_variance
2021-03-01,WFC,0.0,equity_min_variance
2021-04-01,WFC,0.002207399832605533,equity_min_variance
2021-05-03,WFC,0.008686516357348913,equity_min_variance
2021-06-01,WFC,0.02,equity_min_variance
2021-07-01,WFC,0.02,equity_min_variance
2021-08-02,WFC,0.02,equity_min_variance
2021-09-01,WFC,0.02,equity_min_variance
2021-10-01,WFC,0.02,equity_min_variance
2021-11-01,WFC,0.02,equity_min_variance
2021-12-01,WFC,0.02,equity_min_variance
2022-01-03,WFC,0.02,equity_min_variance
2022-02-01,WFC,0.02,equity_min_variance
2022-03-01,WFC,0.02,equity_min_variance
2022-04-01,WFC,0.02,equity_min_variance
2022-05-02,WFC,0.02,equity_min_variance
2022-06-01,WFC,0.02,equity_min_variance
2022-07-01,WFC,0.02,equity_min_variance
2022-08-01,WFC,0.02,equity_min_variance
2022-09-01,WFC,0.02,equity_min_variance
2022-10-03,WFC,0.02,equity_min_variance
2022-11-01,WFC,0.02,equity_min_variance
2022-12-01,WFC,0.02,equity_min_variance
2023-01-03,WFC,0.02,equity_min_variance
2023-02-01,WFC,0.02,equity_min_variance
2023-03-01,WFC,0.02,equity_min_variance
2023-04-03,WFC,0.02,equity_min_variance
2023-05-01,WFC,0.02,equity_min_variance
2023-06-01,WFC,0.02,equity_min_variance
2023-07-03,WFC,0.02,equity_min_variance
2023-08-01,WFC,0.02,equity_min_variance
2023-09-01,WFC,0.02,equity_min_variance
2023-10-02,WFC,0.02,equity_min_variance
2023-11-01,WFC,0.02,equity_min_variance
2023-12-01,WFC,0.02,equity_min_variance
2021-01-04,WMT,0.09831637688454298,equity_min_variance
2021-02-01,WMT,0.09491534865167918,equity_min_variance
2021-03-01,WMT,0.09336716515453002,equity_min_variance
2021-04-01,WMT,0.06148633072112599,equity_min_variance
2021-05-03,WMT,0.03128093212043925,equity_min_variance
2021-06-01,WMT,0.02,equity_min_variance
2021-07-01,WMT,0.02,equity_min_variance
2021-08-02,WMT,0.02,equity_min_variance
2021-09-01,WMT,0.02,equity_min_variance
2021-10-01,WMT,0.02,equity_min_variance
2021-11-01,WMT,0.02,equity_min_variance
2021-12-01,WMT,0.02,equity_min_variance
2022-01-03,WMT,0.02,equity_min_variance
2022-02-01,WMT,0.02,equity_min_variance
2022-03-01,WMT,0.02,equity_min_variance
2022-04-01,WMT,0.02,equity_min_variance
2022-05-02,WMT,0.02,equity_min_variance
2022-06-01,WMT,0.02,equity_min_variance
2022-07-01,WMT,0.02,equity_min_variance
2022-08-01,WMT,0.02,equity_min_variance
2022-09-01,WMT,0.02,equity_min_variance
2022-10-03,WMT,0.02,equity_min_variance
2022-11-01,WMT,0.02,equity_min_variance
2022-12-01,WMT,0.02,equity_min_variance
2023-01-03,WMT,0.02,equity_min_variance
2023-02-01,WMT,0.02,equity_min_variance
2023-03-01,WMT,0.02,equity_min_variance
2023-04-03,WMT,0.02,equity_min_variance
2023-05-01,WMT,0.02,equity_min_variance
2023-06-01,WMT,0.02,equity_min_variance
2023-07-03,WMT,0.02,equity_min_variance
2023-08-01,WMT,0.02,equity_min_variance
2023-09-01,WMT,0.02,equity_min_variance
2023-10-02,WMT,0.02,equity_min_variance
2023-11-01,WMT,0.02,equity_min_variance
2023-12-01,WMT,0.02,equity_min_variance
2021-01-04,XOM,0.0,equity_min_variance
2021-02-01,XOM,0.0,equity_min_variance
2021-03-01,XOM,6.497040449307669e-19,equity_min_variance
2021-04-01,XOM,0.0,equity_min_variance
2021-05-03,XOM,0.009610527520026646,equity_min_variance
2021-06-01,XOM,0.02,equity_min_variance
2021-07-01,XOM,0.02,equity_min_variance
2021-08-02,XOM,0.02,equity_min_variance
2021-09-01,XOM,0.02,equity_min_variance
2021-10-01,XOM,0.02,equity_min_variance
2021-11-01,XOM,0.02,equity_min_variance
2021-12-01,XOM,0.02,equity_min_variance
2022-01-03,XOM,0.02,equity_min_variance
2022-02-01,XOM,0.02,equity_min_variance
2022-03-01,XOM,0.02,equity_min_variance
2022-04-01,XOM,0.02,equity_min_variance
2022-05-02,XOM,0.02,equity_min_variance
2022-06-01,XOM,0.02,equity_min_variance
2022-07-01,XOM,0.02,equity_min_variance
2022-08-01,XOM,0.02,equity_min_variance
2022-09-01,XOM,0.02,equity_min_variance
2022-10-03,XOM,0.02,equity_min_variance
2022-11-01,XOM,0.02,equity_min_variance
2022-12-01,XOM,0.02,equity_min_variance
2023-01-03,XOM,0.02,equity_min_variance
2023-02-01,XOM,0.02,equity_min_variance
2023-03-01,XOM,0.02,equity_min_variance
2023-04-03,XOM,0.02,equity_min_variance
2023-05-01,XOM,0.02,equity_min_variance
2023-06-01,XOM,0.02,equity_min_variance
2023-07-03,XOM,0.02,equity_min_variance
2023-08-01,XOM,0.02,equity_min_variance
2023-09-01,XOM,0.02,equity_min_variance
2023-10-02,XOM,0.02,equity_min_variance
2023-11-01,XOM,0.02,equity_min_variance
2023-12-01,XOM,0.02,equity_min_variance
2021-01-04,ABBV,2.815058116215173e-17,equity_max_sharpe
2021-02-01,ABBV,0.003807273175679674,equity_max_sharpe
2021-03-01,ABBV,1.0235261307587498e-17,equity_max_sharpe
2021-04-01,ABBV,0.11348197313583534,equity_max_sharpe
2021-05-03,ABBV,0.13349133316272627,equity_max_sharpe
2021-06-01,ABBV,0.0,equity_max_sharpe
2021-07-01,ABBV,0.0,equity_max_sharpe
2021-08-02,ABBV,0.002945028044087236,equity_max_sharpe
2021-09-01,ABBV,0.022633364858340645,equity_max_sharpe
2021-10-01,ABBV,0.008554942228181667,equity_max_sharpe
2021-11-01,ABBV,0.05104663294022699,equity_max_sharpe
2021-12-01,ABBV,0.0,equity_max_sharpe
2022-01-03,ABBV,1.2742251797204095e-16,equity_max_sharpe
2022-02-01,ABBV,0.11338788428615762,equity_max_sharpe
2022-03-01,ABBV,0.18099204271078226,equity_max_sharpe
2022-04-01,ABBV,0.2992211632956739,equity_max_sharpe
2022-05-02,ABBV,0.1976118252245726,equity_max_sharpe
2022-06-01,ABBV,0.2552801945091201,equity_max_sharpe
2022-07-01,ABBV,0.46786793223443457,equity_max_sharpe
2022-08-01,ABBV,0.24114705125719132,equity_max_sharpe
2022-09-01,ABBV,0.0791388565623165,equity_max_sharpe
2022-10-03,ABBV,0.5353123393995222,equity_max_sharpe
2022-11-01,ABBV,0.17525603346813537,equity_max_sharpe
2022-12-01,ABBV,0.06168652394202032,equity_max_sharpe
2023-01-03,ABBV,1.088717223353785e-16,equity_max_sharpe
2023-02-01,ABBV,3.4438027565459174e-16,equity_max_sharpe
2023-03-01,ABBV,5.532360686818323e-17,equity_max_sharpe
2023-04-03,ABBV,6.211910882725371e-17,equity_max_sharpe
2023-05-01,ABBV,2.3089010779280517e-16,equity_max_sharpe
2023-06-01,ABBV,0.0,equity_max_sharpe
2023-07-03,ABBV,0.0,equity_max_sharpe
2023-08-01,ABBV,1.3331622958943757e-16,equity_max_sharpe
2023-09-01,ABBV,0.0,equity_max_sharpe
2023-10-02,ABBV,1.4402169516032275e-16,equity_max_sharpe
2023-11-01,ABBV,2.847396228910167e-16,equity_max_sharpe
2023-12-01,ABBV,0.0,equity_max_sharpe
2021-01-04,ABT,0.0,equity_max_sharpe
2021-02-01,ABT,0.0,equity_max_sharpe
2021-03-01,ABT,1.6716057766188706e-16,equity_max_sharpe
2021-04-01,ABT,0.06537365821644368,equity_max_sharpe
2021-05-03,ABT,7.469605153129693e-17,equity_max_sharpe
2021-06-01,ABT,0.0,equity_max_sharpe
2021-07-01,ABT,0.02115053661935658,equity_max_sharpe
2021-08-02,ABT,0.0,equity_max_sharpe
2021-09-01,ABT,8.049497220043979e-17,equity_max_sharpe
2021-10-01,ABT,0.001916266915962144,equity_max_sharpe
2021-11-01,ABT,0.08545085730153798,equity_max_sharpe
2021-12-01,ABT,0.019633878736276485,equity_max_sharpe
2022-01-03,ABT,0.07268381191772942,equity_max_sharpe
2022-02-01,ABT,4.233297069527375e-18,equity_max_sharpe
2022-03-01,ABT,0.0,equity_max_sharpe
2022-04-01,ABT,0.0,equity_max_sharpe
2022-05-02,ABT,0.0,equity_max_sharpe
2022-06-01,ABT,2.060201385621731e-16,equity_max_sharpe
2022-07-01,ABT,5.037001686739492e-17,equity_max_sharpe
2022-08-01,ABT,1.0602418021423185e-16,equity_max_sharpe
2022-09-01,ABT,0.0,equity_max_sharpe
2022-10-03,ABT,1.5310916993831407e-16,equity_max_sharpe
2022-11-01,ABT,6.829141253267642e-17,equity_max_sharpe
2022-12-01,ABT,0.0,equity_max_sharpe
2023-01-03,ABT,5.100021901359659e-18,equity_max_sharpe
2023-02-01,ABT,0.0,equity_max_sharpe
2023-03-01,ABT,2.3265618061523446e-16,equity_max_sharpe
2023-04-03,ABT,8.062128925556321e-17,equity_max_sharpe
2023-05-01,ABT,1.8829061277119444e-16,equity_max_sharpe
2023-06-01,ABT,7.089256284374608e-17,equity_max_sharpe
2023-07-03,ABT,0.0,equity_max_sharpe
2023-08-01,ABT,9.31219518172692e-17,equity_max_sharpe
2023-09-01,ABT,0.0,equity_max_sharpe
2023-10-02,ABT,0.0,equity_max_sharpe
2023-11-01,ABT,0.0,equity_max_sharpe
2023-12-01,ABT,3.272373343071304e-17,equity_max_sharpe
2021-01-04,ADBE,0.0,equity_max_sharpe
2021-02-01,ADBE,2.474597688631871e-16,equity_max_sharpe
2021-03-01,ADBE,0.0,equity_max_sharpe
2021-04-01,ADBE,0.0,equity_max_sharpe
2021-05-03,ADBE,0.0,equity_max_sharpe
2021-06-01,ADBE,1.1349377430316892e-16,equity_max_sharpe
2021-07-01,ADBE,5.053390821587363e-18,equity_max_sharpe
2021-08-02,ADBE,0.0066759218262581535,equity_max_sharpe
2021-09-01,ADBE,1.2770209187592046e-16,equity_max_sharpe
2021-10-01,ADBE,9.098547662585312e-17,equity_max_sharpe
2021-11-01,ADBE,1.8239269198782483e-16,equity_max_sharpe
2021-12-01,ADBE,0.0,equity_max_sharpe
2022-01-03,ADBE,0.0,equity_max_sharpe
2022-02-01,ADBE,0.0,equity_max_sharpe
2022-03-01,ADBE,0.0,equity_max_sharpe
2022-04-01,ADBE,3.096579977097797e-17,equity_max_sharpe
2022-05-02,ADBE,1.5908645305308214e-17,equity_max_sharpe
2022-06-01,ADBE,0.0,equity_max_sharpe
2022-07-01,ADBE,0.0,equity_max_sharpe
2022-08-01,ADBE,0.0,equity_max_sharpe
2022-09-01,ADBE,4.5582273070419087e-17,equity_max_sharpe
2022-10-03,ADBE,0.0,equity_max_sharpe
2022-11-01,ADBE,0.0,equity_max_sharpe
2022-12-01,ADBE,0.0,equity_max_sharpe
2023-01-03,ADBE,1.3365374802659392e-16,equity_max_sharpe
2023-02-01,ADBE,1.0704099862017152e-16,equity_max_sharpe
2023-03-01,ADBE,1.474711369002963e-18,equity_max_sharpe
2023-04-03,ADBE,0.0,equity_max_sharpe
2023-05-01,ADBE,2.360942782207356e-16,equity_max_sharpe
2023-06-01,ADBE,0.0,equity_max_sharpe
2023-07-03,ADBE,7.765686502185806e-17,equity_max_sharpe
2023-08-01,ADBE,0.0,equity_max_sharpe
2023-09-01,ADBE,2.1304896607902105e-16,equity_max_sharpe
2023-10-02,ADBE,0.0,equity_max_sharpe
2023-11-01,ADBE,1.9703431693667044e-16,equity_max_sharpe
2023-12-01,ADBE,0.09081020400202883,equity_max_sharpe
2021-01-04,AEP,0.0,equity_max_sharpe
2021-02-01,AEP,6.434535753886799e-18,equity_max_sharpe
2021-03-01,AEP,0.0,equity_max_sharpe
2021-04-01,AEP,0.0,equity_max_sharpe
2021-05-03,AEP,0.0,equity_max_sharpe
2021-06-01,AEP,0.0,equity_max_sharpe
2021-07-01,AEP,0.0,equity_max_sharpe
2021-08-02,AEP,2.6677777727815544e-18,equity_max_sharpe
2021-09-01,AEP,1.4537808995178604e-16,equity_max_sharpe
2021-10-01,AEP,9.40173089871817e-18,equity_max_sharpe
2021-11-01,AEP,4.648429931227769e-18,equity_max_sharpe
2021-12-01,AEP,0.0,equity_max_sharpe
2022-01-03,AEP,9.839508901476916e-18,equity_max_sharpe
2022-02-01,AEP,5.816617544339697e-17,equity_max_sharpe
2022-03-01,AEP,0.036896130411536776,equity_max_sharpe
2022-04-01,AEP,0.0,equity_max_sharpe
2022-05-02,AEP,1.5174595805619602e-17,equity_max_sharpe
2022-06-01,AEP,0.11743318308494122,equity_max_sharpe
2022-07-01,AEP,7.000071540699631e-16,equity_max_sharpe
2022-08-01,AEP,0.0,equity_max_sharpe
2022-09-01,AEP,0.0,equity_max_sharpe
2022-10-03,AEP,2.853617370337141e-17,equity_max_sharpe
2022-11-01,AEP,0.0,equity_max_sharpe
2022-12-01,AEP,0.0,equity_max_sharpe
2023-01-03,AEP,0.0,equity_max_sharpe
2023-02-01,AEP,0.0,equity_max_sharpe
2023-03-01,AEP,1.2639305927460807e-16,equity_max_sharpe
2023-04-03,AEP,1.0695086865952935e-16,equity_max_sharpe
2023-05-01,AEP,0.0,equity_max_sharpe
2023-06-01,AEP,1.1112582076164378e-16,equity_max_sharpe
2023-07-03,AEP,6.292795137742065e-17,equity_max_sharpe
2023-08-01,AEP,3.8504230880730216e-18,equity_max_sharpe
2023-09-01,AEP,6.49416172426564e-17,equity_max_sharpe
2023-10-02,AEP,0.0,equity_max_sharpe
2023-11-01,AEP,2.5492071654531504e-17,equity_max_sharpe
2023-12-01,AEP,3.396866431856598e-17,equity_max_sharpe
2021-01-04,AMD,0.0,equity_max_sharpe
2021-02-01,AMD,6.367883690957685e-17,equity_max_sharpe
2021-03-01,AMD,9.684219586127056e-17,equity_max_sharpe
2021-04-01,AMD,0.0,equity_max_sharpe
2021-05-03,AMD,0.0,equity_max_sharpe
2021-06-01,AMD,4.649659132146347e-17,equity_max_sharpe
2021-07-01,AMD,0.03614885810216961,equity_max_sharpe
2021-08-02,AMD,0.0,equity_max_sharpe
2021-09-01,AMD,5.89585296726242e-17,equity_max_sharpe
2021-10-01,AMD,7.189594696207519e-18,equity_max_sharpe
2021-11-01,AMD,0.011827495850116356,equity_max_sharpe
2021-12-01,AMD,5.926744436869448e-17,equity_max_sharpe
2022-01-03,AMD,6.3145140682448306e-18,equity_max_sharpe
2022-02-01,AMD,0.0,equity_max_sharpe
2022-03-01,AMD,2.1480136638233508e-16,equity_max_sharpe
2022-04-01,AMD,2.3142910493338125e-16,equity_max_sharpe
2022-05-02,AMD,0.0,equity_max_sharpe
2022-06-01,AMD,0.040043356715244074,equity_max_sharpe
2022-07-01,AMD,0.0,equity_max_sharpe
2022-08-01,AMD,0.0,equity_max_sharpe
2022-09-01,AMD,7.705150445264994e-17,equity_max_sharpe
2022-10-03,AMD,0.0,equity_max_sharpe
2022-11-01,AMD,1.866049746051571e-16,equity_max_sharpe
2022-12-01,AMD,0.0,equity_max_sharpe
2023-01-03,AMD,3.19325023668052e-16,equity_max_sharpe
2023-02-01,AMD,0.0,equity_max_sharpe
2023-03-01,AMD,2.7414248345718632e-17,equity_max_sharpe
2023-04-03,AMD,4.633988662515705e-16,equity_max_sharpe
2023-05-01,AMD,0.0,equity_max_sharpe
2023-06-01,AMD,0.0,equity_max_sharpe
2023-07-03,AMD,2.1504039628309194e-16,equity_max_sharpe
2023-08-01,AMD,6.201670069369733e-17,equity_max_sharpe
2023-09-01,AMD,0.0,equity_max_sharpe
2023-10-02,AMD,0.0,equity_max_sharpe
2023-11-01,AMD,8.202663009186053e-16,equity_max_sharpe
2023-12-01,AMD,2.6018000601101332e-16,equity_max_sharpe
2021-01-04,AMGN,1.2900171001929397e-16,equity_max_sharpe
2021-02-01,AMGN,7.702564791079478e-18,equity_max_sharpe
2021-03-01,AMGN,0.0,equity_max_sharpe
2021-04-01,AMGN,1.7653727388751478e-17,equity_max_sharpe
2021-05-03,AMGN,0.0,equity_max_sharpe
2021-06-01,AMGN,7.248934087887809e-17,equity_max_sharpe
2021-07-01,AMGN,1.1034959046535809e-16,equity_max_sharpe
2021-08-02,AMGN,0.0,equity_max_sharpe
2021-09-01,AMGN,0.0,equity_max_sharpe
2021-10-01,AMGN,0.0,equity_max_sharpe
2021-11-01,AMGN,1.447396175047185e-17,equity_max_sharpe
2021-12-01,AMGN,5.737009056684485e-17,equity_max_sharpe
2022-01-03,AMGN,3.643149774372232e-17,equity_max_sharpe
2022-02-01,AMGN,0.0,equity_max_sharpe
2022-03-01,AMGN,3.070498950543574e-17,equity_max_sharpe
2022-04-01,AMGN,3.051889552307969e-17,equity_max_sharpe
2022-05-02,AMGN,2.194481581721775e-17,equity_max_sharpe
2022-06-01,AMGN,0.0,equity_max_sharpe
2022-07-01,AMGN,9.009498209543238e-17,equity_max_sharpe
2022-08-01,AMGN,3.145217810871495e-17,equity_max_sharpe
2022-09-01,AMGN,0.06270207447360499,equity_max_sharpe
2022-10-03,AMGN,1.8547443817064817e-16,equity_max_sharpe
2022-11-01,AMGN,0.39094492781392637,equity_max_sharpe
2022-12-01,AMGN,0.27163489260495133,equity_max_sharpe
2023-01-03,AMGN,0.028999981675217314,equity_max_sharpe
2023-02-01,AMGN,1.985222514818875e-16,equity_max_sharpe
2023-03-01,AMGN,0.0,equity_max_sharpe
2023-04-03,AMGN,5.3407814726177043e-17,equity_max_sharpe
2023-05-01,AMGN,1.5347807267734015e-16,equity_max_sharpe
2023-06-01,AMGN,6.19096823865142e-17,equity_max_sharpe
2023-07-03,AMGN,0.0,equity_max_sharpe
2023-08-01,AMGN,0.0,equity_max_sharpe
2023-09-01,AMGN,0.0,equity_max_sharpe
2023-10-02,AMGN,0.09179893068519777,equity_max_sharpe
2023-11-01,AMGN,0.0,equity_max_sharpe
2023-12-01,AMGN,8.110121504622817e-19,equity_max_sharpe
2021-01-04,AMT,0.0,equity_max_sharpe
2021-02-01,AMT,0.0,equity_max_sharpe
2021-03-01,AMT,9.058131511315226e-18,equity_max_sharpe
2021-04-01,AMT,1.0982289417377578e-16,equity_max_sharpe
2021-05-03,AMT,5.795917127614937e-17,equity_max_sharpe
2021-06-01,AMT,0.0,equity_max_sharpe
2021-07-01,AMT,2.921685102433476e-18,equity_max_sharpe
2021-08-02,AMT,0.0,equity_max_sharpe
2021-09-01,AMT,3.7192289380458906e-17,equity_max_sharpe
2021-10-01,AMT,0.0,equity_max_sharpe
2021-11-01,AMT,1.6501280602714175e-17,equity_max_sharpe
2021-12-01,AMT,4.330918919026695e-17,equity_max_sharpe
2022-01-03,AMT,0.0,equity_max_sharpe
2022-02-01,AMT,4.2360796254228095e-17,equity_max_sharpe
2022-03-01,AMT,0.0,equity_max_sharpe
2022-04-01,AMT,0.0,equity_max_sharpe
2022-05-02,AMT,3.400720159694194e-17,equity_max_sharpe
2022-06-01,AMT,6.006420632841e-17,equity_max_sharpe
2022-07-01,AMT,2.4284955306094565e-16,equity_max_sharpe
2022-08-01,AMT,0.0,equity_max_sharpe
2022-09-01,AMT,3.569438886605787e-18,equity_max_sharpe
2022-10-03,AMT,1.41162848093142e-17,equity_max_sharpe
2022-11-01,AMT,6.072910237959003e-17,equity_max_sharpe
2022-12-01,AMT,6.823122485166744e-17,equity_max_sharpe
2023-01-03,AMT,2.103173710833422e-16,equity_max_sharpe
2023-02-01,AMT,1.012687692712349e-17,equity_max_sharpe
2023-03-01,AMT,0.0,equity_max_sharpe
2023-04-03,AMT,3.850003485450136e-17,equity_max_sharpe
2023-05-01,AMT,0.0,equity_max_sharpe
2023-06-01,AMT,0.0,equity_max_sharpe
2023-07-03,AMT,0.0,equity_max_sharpe
2023-08-01,AMT,7.283089190244592e-17,equity_max_sharpe
2023-09-01,AMT,0.0,equity_max_sharpe
2023-10-02,AMT,7.400694277451449e-17,equity_max_sharpe
2023-11-01,AMT,3.8973282087644195e-17,equity_max_sharpe
2023-12-01,AMT,0.0,equity_max_sharpe
2021-01-04,BA,1.0353770158475925e-16,equity_max_sharpe
2021-02-01,BA,0.0,equity_max_sharpe
2021-03-01,BA,5.765608807248013e-18,equity_max_sharpe
2021-04-01,BA,5.866218626027363e-17,equity_max_sharpe
2021-05-03,BA,0.0,equity_max_sharpe
2021-06-01,BA,3.291591271880008e-17,equity_max_sharpe
2021-07-01,BA,0.0,equity_max_sharpe
2021-08-02,BA,0.0,equity_max_sharpe
2021-09-01,BA,1.0303886617633507e-16,equity_max_sharpe
2021-10-01,BA,9.840056343715235e-17,equity_max_sharpe
2021-11-01,BA,0.0,equity_max_sharpe
2021-12-01,BA,0.0,equity_max_sharpe
2022-01-03,BA,6.622638767785508e-18,equity_max_sharpe
2022-02-01,BA,0.0,equity_max_sharpe
2022-03-01,BA,0.0,equity_max_sharpe
2022-04-01,BA,0.0,equity_max_sharpe
2022-05-02,BA,2.2058634980884e-17,equity_max_sharpe
2022-06-01,BA,0.0,equity_max_sharpe
2022-07-01,BA,8.762967753845592e-17,equity_max_sharpe
2022-08-01,BA,8.097436409526333e-17,equity_max_sharpe
2022-09-01,BA,1.3354363493287464e-17,equity_max_sharpe
2022-10-03,BA,0.0,equity_max_sharpe
2022-11-01,BA,1.2824779267112483e-16,equity_max_sharpe
2022-12-01,BA,0.0,equity_max_sharpe
2023-01-03,BA,0.0,equity_max_sharpe
2023-02-01,BA,1.4387676743036653e-16,equity_max_sharpe
2023-03-01,BA,1.1159369962018093e-16,equity_max_sharpe
2023-04-03,BA,0.0,equity_max_sharpe
2023-05-01,BA,1.3694398954693621e-16,equity_max_sharpe
2023-06-01,BA,0.044940152364607557,equity_max_sharpe
2023-07-03,BA,0.0,equity_max_sharpe
2023-08-01,BA,0.0,equity_max_sharpe
2023-09-01,BA,9.150386270205977e-17,equity_max_sharpe
2023-10-02,BA,0.0,equity_max_sharpe
2023-11-01,BA,9.310534655993031e-17,equity_max_sharpe
2023-12-01,BA,0.0,equity_max_sharpe
2021-01-04,CAT,1.6395562083534466e-16,equity_max_sharpe
2021-02-01,CAT,2.368936166070953e-16,equity_max_sharpe
2021-03-01,CAT,0.2992440784331624,equity_max_sharpe
2021-04-01,CAT,0.02797292651373407,equity_max_sharpe
2021-05-03,CAT,0.15017412881436817,equity_max_sharpe
2021-06-01,CAT,0.12160561682120619,equity_max_sharpe
2021-07-01,CAT,4.5366555758328946e-18,equity_max_sharpe
2021-08-02,CAT,0.0,equity_max_sharpe
2021-09-01,CAT,4.5929208829356155e-17,equity_max_sharpe
2021-10-01,CAT,0.0,equity_max_sharpe
2021-11-01,CAT,0.0,equity_max_sharpe
2021-12-01,CAT,0.0,equity_max_sharpe
2022-01-03,CAT,0.0,equity_max_sharpe
2022-02-01,CAT,0.0,equity_max_sharpe
2022-03-01,CAT,0.0,equity_max_sharpe
2022-04-01,CAT,3.018304958328709e-17,equity_max_sharpe
2022-05-02,CAT,1.1012536040091555e-16,equity_max_sharpe
2022-06-01,CAT,4.634931723206659e-17,equity_max_sharpe
2022-07-01,CAT,0.0,equity_max_sharpe
2022-08-01,CAT,1.7207850286254624e-17,equity_max_sharpe
2022-09-01,CAT,2.0591412994628206e-17,equity_max_sharpe
2022-10-03,CAT,0.0,equity_max_sharpe
2022-11-01,CAT,0.0,equity_max_sharpe
2022-12-01,CAT,2.332632316785064e-17,equity_max_sharpe
2023-01-03,CAT,1.9497591034267226e-16,equity_max_sharpe
2023-02-01,CAT,1.2444359070811256e-17,equity_max_sharpe
2023-03-01,CAT,0.0,equity_max_sharpe
2023-04-03,CAT,3.362112507831659e-17,equity_max_sharpe
2023-05-01,CAT,0.0,equity_max_sharpe
2023-06-01,CAT,0.0,equity_max_sharpe
2023-07-03,CAT,0.0,equity_max_sharpe
2023-08-01,CAT,0.0,equity_max_sharpe
2023-09-01,CAT,0.0,equity_max_sharpe
2023-10-02,CAT,0.016067751373989657,equity_max_sharpe
2023-11-01,CAT,2.5383757325335725e-17,equity_max_sharpe
2023-12-01,CAT,0.0,equity_max_sharpe
2021-01-04,CCI,1.7584112146534044e-18,equity_max_sharpe
2021-02-01,CCI,0.0,equity_max_sharpe
2021-03-01,CCI,2.9635021854818777e-17,equity_max_sharpe
2021-04-01,CCI,1.7552815280321428e-17,equity_max_sharpe
2021-05-03,CCI,2.1429637390775624e-17,equity_max_sharpe
2021-06-01,CCI,0.0,equity_max_sharpe
2021-07-01,CCI,3.087871209030959e-17,equity_max_sharpe
2021-08-02,CCI,4.364754384234495e-17,equity_max_sharpe
2021-09-01,CCI,8.874041862757658e-18,equity_max_sharpe
2021-10-01,CCI,0.0,equity_max_sharpe
2021-11-01,CCI,0.0,equity_max_sharpe
2021-12-01,CCI,0.0,equity_max_sharpe
2022-01-03,CCI,0.0,equity_max_sharpe
2022-02-01,CCI,0.0,equity_max_sharpe
2022-03-01,CCI,3.82333741165624e-18,equity_max_sharpe
2022-04-01,CCI,6.019498514277796e-17,equity_max_sharpe
2022-05-02,CCI,0.0,equity_max_sharpe
2022-06-01,CCI,0.0,equity_max_sharpe
2022-07-01,CCI,8.836739134958121e-17,equity_max_sharpe
2022-08-01,CCI,0.0,equity_max_sharpe
2022-09-01,CCI,6.580264358727374e-17,equity_max_sharpe
2022-10-03,CCI,1.197717865180266e-16,equity_max_sharpe
2022-11-01,CCI,1.2572702262009603e-16,equity_max_sharpe
2022-12-01,CCI,1.6077605358470048e-16,equity_max_sharpe
2023-01-03,CCI,5.998386400951936e-17,equity_max_sharpe
2023-02-01,CCI,0.0,equity_max_sharpe
2023-03-01,CCI,9.714647879892806e-18,equity_max_sharpe
2023-04-03,CCI,1.0138376085866062e-16,equity_max_sharpe
2023-05-01,CCI,1.6898216374388287e-16,equity_max_sharpe
2023-06-01,CCI,0.0,equity_max_sharpe
2023-07-03,CCI,9.172623755172004e-17,equity_max_sharpe
2023-08-01,CCI,0.0,equity_max_sharpe
2023-09-01,CCI,0.0,equity_max_sharpe
2023-10-02,CCI,0.0,equity_max_sharpe
2023-11-01,CCI,0.0,equity_max_sharpe
2023-12-01,CCI,0.0,equity_max_sharpe
2021-01-04,CMCSA,3.562206409671271e-18,equity_max_sharpe
2021-02-01,CMCSA,3.964638157036463e-17,equity_max_sharpe
2021-03-01,CMCSA,1.1692903249568896e-17,equity_max_sharpe
2021-04-01,CMCSA,0.0,equity_max_sharpe
2021-05-03,CMCSA,1.2011606974474025e-16,equity_max_sharpe
2021-06-01,CMCSA,6.122160756512335e-17,equity_max_sharpe
2021-07-01,CMCSA,7.522906598093987e-18,equity_max_sharpe
2021-08-02,CMCSA,3.1721528837735296e-18,equity_max_sharpe
2021-09-01,CMCSA,0.0,equity_max_sharpe
2021-10-01,CMCSA,5.315860829039832e-17,equity_max_sharpe
2021-11-01,CMCSA,1.228783911250095e-16,equity_max_sharpe
2021-12-01,CMCSA,0.0,equity_max_sharpe
2022-01-03,CMCSA,0.0,equity_max_sharpe
2022-02-01,CMCSA,0.0,equity_max_sharpe
2022-03-01,CMCSA,1.86072272525929e-16,equity_max_sharpe
2022-04-01,CMCSA,0.0,equity_max_sharpe
2022-05-02,CMCSA,0.0,equity_max_sharpe
2022-06-01,CMCSA,0.0,equity_max_sharpe
2022-07-01,CMCSA,2.816278803552551e-17,equity_max_sharpe
2022-08-01,CMCSA,0.0,equity_max_sharpe
2022-09-01,CMCSA,1.512377747791315e-16,equity_max_sharpe
2022-10-03,CMCSA,0.0,equity_max_sharpe
2022-11-01,CMCSA,9.574326174044625e-18,equity_max_sharpe
2022-12-01,CMCSA,0.0,equity_max_sharpe
2023-01-03,CMCSA,3.5163424840812004e-16,equity_max_sharpe
2023-02-01,CMCSA,5.712704110437011e-17,equity_max_sharpe
2023-03-01,CMCSA,5.895296239891184e-18,equity_max_sharpe
2023-04-03,CMCSA,4.982994755697488e-17,equity_max_sharpe
2023-05-01,CMCSA,1.0382161317750406e-16,equity_max_sharpe
2023-06-01,CMCSA,5.498412493790117e-18,equity_max_sharpe
2023-07-03,CMCSA,1.1132426147661661e-16,equity_max_sharpe
2023-08-01,CMCSA,0.0,equity_max_sharpe
2023-09-01,CMCSA,1.5799628910757167e-16,equity_max_sharpe
2023-10-02,CMCSA,1.1040219421183665e-16,equity_max_sharpe
2023-11-01,CMCSA,0.0,equity_max_sharpe
2023-12-01,CMCSA,0.0,equity_max_sharpe
2021-01-04,COP,4.515376742271249e-17,equity_max_sharpe
2021-02-01,COP,0.0,equity_max_sharpe
2021-03-01,COP,0.0,equity_max_sharpe
2021-04-01,COP,0.0,equity_max_sharpe
2021-05-03,COP,5.963039250109753e-17,equity_max_sharpe
2021-06-01,COP,1.1936702440279578e-16,equity_max_sharpe
2021-07-01,COP,0.0,equity_max_sharpe
2021-08-02,COP,0.0,equity_max_sharpe
2021-09-01,COP,0.0,equity_max_sharpe
2021-10-01,COP,0.0,equity_max_sharpe
2021-11-01,COP,0.0005789420489562632,equity_max_sharpe
2021-12-01,COP,0.04003811988492158,equity_max_sharpe
2022-01-03,COP,0.08651036174250949,equity_max_sharpe
2022-02-01,COP,0.16520123912990536,equity_max_sharpe
2022-03-01,COP,0.1547676946238824,equity_max_sharpe
2022-04-01,COP,0.07584485237941194,equity_max_sharpe
2022-05-02,COP,0.17316251328867988,equity_max_sharpe
2022-06-01,COP,0.04961026778513464,equity_max_sharpe
2022-07-01,COP,4.8473571918048336e-17,equity_max_sharpe
2022-08-01,COP,7.32181377914381e-16,equity_max_sharpe
2022-09-01,COP,0.06199282718210504,equity_max_sharpe
2022-10-03,COP,2.6245580798517933e-17,equity_max_sharpe
2022-11-01,COP,6.983755050726273e-16,equity_max_sharpe
2022-12-01,COP,1.744490058428132e-16,equity_max_sharpe
2023-01-03,COP,2.038989988371151e-15,equity_max_sharpe
2023-02-01,COP,0.0,equity_max_sharpe
2023-03-01,COP,9.113823103355418e-17,equity_max_sharpe
2023-04-03,COP,0.0,equity_max_sharpe
2023-05-01,COP,0.0,equity_max_sharpe
2023-06-01,COP,1.2074651611798018e-16,equity_max_sharpe
2023-07-03,COP,0.0,equity_max_sharpe
2023-08-01,COP,0.0,equity_max_sharpe
2023-09-01,COP,0.0,equity_max_sharpe
2023-10-02,COP,4.586472231025186e-17,equity_max_sharpe
2023-11-01,COP,0.0,equity_max_sharpe
2023-12-01,COP,4.5163380462256585e-18,equity_max_sharpe
2021-01-04,CVX,0.0,equity_max_sharpe
2021-02-01,CVX,0.0,equity_max_sharpe
2021-03-01,CVX,9.032506226755408e-18,equity_max_sharpe
2021-04-01,CVX,4.4631013607277855e-17,equity_max_sharpe
2021-05-03,CVX,0.0,equity_max_sharpe
2021-06-01,CVX,0.0,equity_max_sharpe
2021-07-01,CVX,4.068818746769129e-17,equity_max_sharpe
2021-08-02,CVX,1.1064579400966199e-18,equity_max_sharpe
2021-09-01,CVX,1.4897465234111874e-16,equity_max_sharpe
2021-10-01,CVX,0.0,equity_max_sharpe
2021-11-01,CVX,0.0,equity_max_sharpe
2021-12-01,CVX,1.902999124232619e-17,equity_max_sharpe
2022-01-03,CVX,0.0,equity_max_sharpe
2022-02-01,CVX,6.290839309661295e-17,equity_max_sharpe
2022-03-01,CVX,0.0,equity_max_sharpe
2022-04-01,CVX,0.10826122312277571,equity_max_sharpe
2022-05-02,CVX,0.08460909023049144,equity_max_sharpe
2022-06-01,CVX,0.19521997388816417,equity_max_sharpe
2022-07-01,CVX,0.1162339958835517,equity_max_sharpe
2022-08-01,CVX,0.2078399469829329,equity_max_sharpe
2022-09-01,CVX,0.126233643934252,equity_max_sharpe
2022-10-03,CVX,0.14870506133010758,equity_max_sharpe
2022-11-01,CVX,0.06159261711773052,equity_max_sharpe
2022-12-01,CVX,1.3492983665571657e-16,equity_max_sharpe
2023-01-03,CVX,1.1211179816720792e-15,equity_max_sharpe
2023-02-01,CVX,1.819063058498443e-17,equity_max_sharpe
2023-03-01,CVX,3.699590773234766e-16,equity_max_sharpe
2023-04-03,CVX,5.87746154799803e-17,equity_max_sharpe
2023-05-01,CVX,0.0,equity_max_sharpe
2023-06-01,CVX,0.0,equity_max_sharpe
2023-07-03,CVX,0.0,equity_max_sharpe
2023-08-01,CVX,0.0,equity_max_sharpe
2023-09-01,CVX,5.887122323985312e-17,equity_max_sharpe
2023-10-02,CVX,5.2495477550452145e-18,equity_max_sharpe
2023-11-01,CVX,0.0,equity_max_sharpe
2023-12-01,CVX,7.926002599563755e-19,equity_max_sharpe
2021-01-04,D,1.1058452433010125e-17,equity_max_sharpe
2021-02-01,D,0.0,equity_max_sharpe
2021-03-01,D,0.0,equity_max_sharpe
2021-04-01,D,4.26650226146724e-17,equity_max_sharpe
2021-05-03,D,5.68220747100047e-17,equity_max_sharpe
2021-06-01,D,0.0,equity_max_sharpe
2021-07-01,D,7.565701004404207e-17,equity_max_sharpe
2021-08-02,D,7.131349033841113e-17,equity_max_sharpe
2021-09-01,D,7.199440902569236e-17,equity_max_sharpe
2021-10-01,D,0.0,equity_max_sharpe
2021-11-01,D,0.0,equity_max_sharpe
2021-12-01,D,0.0,equity_max_sharpe
2022-01-03,D,9.613427967633501e-17,equity_max_sharpe
2022-02-01,D,0.0,equity_max_sharpe
2022-03-01,D,0.0,equity_max_sharpe
2022-04-01,D,7.810193182499544e-17,equity_max_sharpe
2022-05-02,D,9.581852016136285e-17,equity_max_sharpe
2022-06-01,D,4.33471001738148e-17,equity_max_sharpe
2022-07-01,D,0.0,equity_max_sharpe
2022-08-01,D,0.0,equity_max_sharpe
2022-09-01,D,0.0,equity_max_sharpe
2022-10-03,D,0.0,equity_max_sharpe
2022-11-01,D,0.0,equity_max_sharpe
2022-12-01,D,3.583375809054147e-17,equity_max_sharpe
2023-01-03,D,0.0,equity_max_sharpe
2023-02-01,D,6.02729219628296e-17,equity_max_sharpe
2023-03-01,D,8.206049885699787e-17,equity_max_sharpe
2023-04-03,D,1.6936323707350175e-16,equity_max_sharpe
2023-05-01,D,0.0,equity_max_sharpe
2023-06-01,D,3.039745041684444e-17,equity_max_sharpe
2023-07-03,D,0.0,equity_max_sharpe
2023-08-01,D,0.0,equity_max_sharpe
2023-09-01,D,0.0,equity_max_sharpe
2023-10-02,D,4.928902372291413e-17,equity_max_sharpe
2023-11-01,D,0.0,equity_max_sharpe
2023-12-01,D,0.0,equity_max_sharpe
2021-01-04,DD,7.036144830768565e-17,equity_max_sharpe
2021-02-01,DD,0.11056447399446691,equity_max_sharpe
2021-03-01,DD,0.0,equity_max_sharpe
2021-04-01,DD,0.0967683497988489,equity_max_sharpe
2021-05-03,DD,5.000456096234911e-17,equity_max_sharpe
2021-06-01,DD,3.358110190696864e-17,equity_max_sharpe
2021-07-01,DD,0.0,equity_max_sharpe
2021-08-02,DD,0.0,equity_max_sharpe
2021-09-01,DD,0.0,equity_max_sharpe
2021-10-01,DD,7.362356162920824e-19,equity_max_sharpe
2021-11-01,DD,2.357214771700423e-17,equity_max_sharpe
2021-12-01,DD,9.671816788904173e-18,equity_max_sharpe
2022-01-03,DD,0.0,equity_max_sharpe
2022-02-01,DD,7.782278919388655e-17,equity_max_sharpe
2022-03-01,DD,4.080523013695116e-17,equity_max_sharpe
2022-04-01,DD,0.0,equity_max_sharpe
2022-05-02,DD,3.07941527581147e-17,equity_max_sharpe
2022-06-01,DD,8.325843106563868e-17,equity_max_sharpe
2022-07-01,DD,0.0,equity_max_sharpe
2022-08-01,DD,6.207415128290648e-17,equity_max_sharpe
2022-09-01,DD,0.0,equity_max_sharpe
2022-10-03,DD,8.53212624872997e-17,equity_max_sharpe
2022-11-01,DD,5.327521244375218e-17,equity_max_sharpe
2022-12-01,DD,1.593785956452647e-16,equity_max_sharpe
2023-01-03,DD,8.375840599209344e-18,equity_max_sharpe
2023-02-01,DD,4.2234508318102025e-17,equity_max_sharpe
2023-03-01,DD,4.2929314560633296e-17,equity_max_sharpe
2023-04-03,DD,1.9305305454231002e-16,equity_max_sharpe
2023-05-01,DD,0.0,equity_max_sharpe
2023-06-01,DD,0.0,equity_max_sharpe
2023-07-03,DD,3.508153112087175e-17,equity_max_sharpe
2023-08-01,DD,0.0,equity_max_sharpe
2023-09-01,DD,0.0,equity_max_sharpe
2023-10-02,DD,0.0,equity_max_sharpe
2023-11-01,DD,9.601483115695235e-17,equity_max_sharpe
2023-12-01,DD,4.04310003657439e-17,equity_max_sharpe
2021-01-04,DIS,8.854490604000823e-17,equity_max_sharpe
2021-02-01,DIS,5.0814427706811126e-17,equity_max_sharpe
2021-03-01,DIS,2.1225011174887506e-17,equity_max_sharpe
2021-04-01,DIS,0.05338009009949483,equity_max_sharpe
2021-05-03,DIS,0.0,equity_max_sharpe
2021-06-01,DIS,0.0,equity_max_sharpe
2021-07-01,DIS,0.005747015057278964,equity_max_sharpe
2021-08-02,DIS,0.0,equity_max_sharpe
2021-09-01,DIS,3.1586279671715464e-17,equity_max_sharpe
2021-10-01,DIS,9.601107016740684e-18,equity_max_sharpe
2021-11-01,DIS,0.0,equity_max_sharpe
2021-12-01,DIS,3.9717769493908717e-17,equity_max_sharpe
2022-01-03,DIS,7.04005781669012e-17,equity_max_sharpe
2022-02-01,DIS,0.0,equity_max_sharpe
2022-03-01,DIS,9.440798392886033e-17,equity_max_sharpe
2022-04-01,DIS,1.8106270526111558e-16,equity_max_sharpe
2022-05-02,DIS,0.0,equity_max_sharpe
2022-06-01,DIS,6.672067196382116e-17,equity_max_sharpe
2022-07-01,DIS,8.080143068633163e-17,equity_max_sharpe
2022-08-01,DIS,2.791681249727635e-17,equity_max_sharpe
2022-09-01,DIS,0.0,equity_max_sharpe
2022-10-03,DIS,0.0,equity_max_sharpe
2022-11-01,DIS,1.0544490327607538e-16,equity_max_sharpe
2022-12-01,DIS,2.151607974196439e-16,equity_max_sharpe
2023-01-03,DIS,1.955091355702074e-16,equity_max_sharpe
2023-02-01,DIS,1.9211190613706695e-16,equity_max_sharpe
2023-03-01,DIS,1.6031279065613915e-16,equity_max_sharpe
2023-04-03,DIS,1.4226875442824465e-16,equity_max_sharpe
2023-05-01,DIS,0.0,equity_max_sharpe
2023-06-01,DIS,0.0,equity_max_sharpe
2023-07-03,DIS,9.852874390565492e-17,equity_max_sharpe
2023-08-01,DIS,0.0,equity_max_sharpe
2023-09-01,DIS,1.999339142951254e-16,equity_max_sharpe
2023-10-02,DIS,0.0,equity_max_sharpe
2023-11-01,DIS,5.049284600782981e-17,equity_max_sharpe
2023-12-01,DIS,3.4851107363919225e-17,equity_max_sharpe
2021-01-04,DOW,0.0,equity_max_sharpe
2021-02-01,DOW,9.947785109359948e-17,equity_max_sharpe
2021-03-01,DOW,1.7987381812379217e-17,equity_max_sharpe
2021-04-01,DOW,0.0,equity_max_sharpe
2021-05-03,DOW,5.5285552958054895e-18,equity_max_sharpe
2021-06-01,DOW,0.0,equity_max_sharpe
2021-07-01,DOW,0.0,equity_max_sharpe
2021-08-02,DOW,7.405813429764395e-17,equity_max_sharpe
2021-09-01,DOW,0.0,equity_max_sharpe
2021-10-01,DOW,0.0,equity_max_sharpe
2021-11-01,DOW,0.0,equity_max_sharpe
2021-12-01,DOW,0.0,equity_max_sharpe
2022-01-03,DOW,0.0,equity_max_sharpe
2022-02-01,DOW,1.3550872686385543e-16,equity_max_sharpe
2022-03-01,DOW,1.7314493695366904e-16,equity_max_sharpe
2022-04-01,DOW,0.0,equity_max_sharpe
2022-05-02,DOW,4.592514271125254e-17,equity_max_sharpe
2022-06-01,DOW,6.322029432857587e-18,equity_max_sharpe
2022-07-01,DOW,0.0,equity_max_sharpe
2022-08-01,DOW,1.194973193371225e-17,equity_max_sharpe
2022-09-01,DOW,6.404107838282388e-17,equity_max_sharpe
2022-10-03,DOW,0.0,equity_max_sharpe
2022-11-01,DOW,4.6688684245902743e-17,equity_max_sharpe
2022-12-01,DOW,0.0,equity_max_sharpe
2023-01-03,DOW,1.6182096241104974e-17,equity_max_sharpe
2023-02-01,DOW,0.0,equity_max_sharpe
2023-03-01,DOW,0.0,equity_max_sharpe
2023-04-03,DOW,6.029249852146e-17,equity_max_sharpe
2023-05-01,DOW,0.0,equity_max_sharpe
2023-06-01,DOW,2.381903068969808e-17,equity_max_sharpe
2023-07-03,DOW,2.6937051255327243e-17,equity_max_sharpe
2023-08-01,DOW,3.607323204044037e-19,equity_max_sharpe
2023-09-01,DOW,0.0,equity_max_sharpe
2023-10-02,DOW,0.0,equity_max_sharpe
2023-11-01,DOW,0.0,equity_max_sharpe
2023-12-01,DOW,0.0,equity_max_sharpe
2021-01-04,DUK,4.026155164915947e-18,equity_max_sharpe
2021-02-01,DUK,0.0,equity_max_sharpe
2021-03-01,DUK,0.0,equity_max_sharpe
2021-04-01,DUK,0.0,equity_max_sharpe
2021-05-03,DUK,1.3563083352949308e-16,equity_max_sharpe
2021-06-01,DUK,5.767164068960773e-17,equity_max_sharpe
2021-07-01,DUK,0.0,equity_max_sharpe
2021-08-02,DUK,0.003027080153676164,equity_max_sharpe
2021-09-01,DUK,0.05223442320935091,equity_max_sharpe
2021-10-01,DUK,1.415725949705967e-17,equity_max_sharpe
2021-11-01,DUK,2.5773467782157792e-17,equity_max_sharpe
2021-12-01,DUK,6.995345757909822e-17,equity_max_sharpe
2022-01-03,DUK,1.4975927903573355e-18,equity_max_sharpe
2022-02-01,DUK,1.0077070969544367e-17,equity_max_sharpe
2022-03-01,DUK,9.110200538910596e-17,equity_max_sharpe
2022-04-01,DUK,1.5526551236544427e-16,equity_max_sharpe
2022-05-02,DUK,0.0,equity_max_sharpe
2022-06-01,DUK,2.7064118631963613e-16,equity_max_sharpe
2022-07-01,DUK,0.0,equity_max_sharpe
2022-08-01,DUK,5.344639573800135e-18,equity_max_sharpe
2022-09-01,DUK,2.4223490272454646e-17,equity_max_sharpe
2022-10-03,DUK,0.0,equity_max_sharpe
2022-11-01,DUK,0.0,equity_max_sharpe
2022-12-01,DUK,0.0,equity_max_sharpe
2023-01-03,DUK,0.0,equity_max_sharpe
2023-02-01,DUK,2.4559160201187497e-17,equity_max_sharpe
2023-03-01,DUK,0.0,equity_max_sharpe
2023-04-03,DUK,3.8174774202755706e-17,equity_max_sharpe
2023-05-01,DUK,0.0,equity_max_sharpe
2023-06-01,DUK,0.0,equity_max_sharpe
2023-07-03,DUK,0.0,equity_max_sharpe
2023-08-01,DUK,2.788456728697637e-17,equity_max_sharpe
2023-09-01,DUK,0.0,equity_max_sharpe
2023-10-02,DUK,7.337501153292724e-17,equity_max_sharpe
2023-11-01,DUK,0.0,equity_max_sharpe
2023-12-01,DUK,1.1028620415105132e-16,equity_max_sharpe
2021-01-04,EA,0.0,equity_max_sharpe
2021-02-01,EA,1.5567215373001453e-16,equity_max_sharpe
2021-03-01,EA,0.0,equity_max_sharpe
2021-04-01,EA,0.0660125978625148,equity_max_sharpe
2021-05-03,EA,1.1912150598548662e-17,equity_max_sharpe
2021-06-01,EA,0.0,equity_max_sharpe
2021-07-01,EA,0.0,equity_max_sharpe
2021-08-02,EA,7.992916407275376e-17,equity_max_sharpe
2021-09-01,EA,3.5360749907734136e-17,equity_max_sharpe
2021-10-01,EA,0.0,equity_max_sharpe
2021-11-01,EA,3.517387051191788e-18,equity_max_sharpe
2021-12-01,EA,0.0,equity_max_sharpe
2022-01-03,EA,0.0,equity_max_sharpe
2022-02-01,EA,3.5300985855498775e-17,equity_max_sharpe
2022-03-01,EA,0.0,equity_max_sharpe
2022-04-01,EA,0.0,equity_max_sharpe
2022-05-02,EA,0.0,equity_max_sharpe
2022-06-01,EA,0.0,equity_max_sharpe
2022-07-01,EA,8.224475325790922e-17,equity_max_sharpe
2022-08-01,EA,4.132062651286598e-17,equity_max_sharpe
2022-09-01,EA,6.968496842760793e-17,equity_max_sharpe
2022-10-03,EA,0.0,equity_max_sharpe
2022-11-01,EA,0.0,equity_max_sharpe
2022-12-01,EA,1.662612654203282e-17,equity_max_sharpe
2023-01-03,EA,2.3043084332905186e-18,equity_max_sharpe
2023-02-01,EA,0.0,equity_max_sharpe
2023-03-01,EA,4.7637079880583103e-17,equity_max_sharpe
2023-04-03,EA,1.8025946890698107e-16,equity_max_sharpe
2023-05-01,EA,3.183058892446657e-17,equity_max_sharpe
2023-06-01,EA,0.0,equity_max_sharpe
2023-07-03,EA,0.0,equity_max_sharpe
2023-08-01,EA,0.0,equity_max_sharpe
2023-09-01,EA,0.0,equity_max_sharpe
2023-10-02,EA,3.1063304077723607e-17,equity_max_sharpe
2023-11-01,EA,0.0,equity_max_sharpe
2023-12-01,EA,4.3036258653409684e-17,equity_max_sharpe
2021-01-04,GE,0.0,equity_max_sharpe
2021-02-01,GE,5.712503542615314e-17,equity_max_sharpe
2021-03-01,GE,4.666826485353709e-17,equity_max_sharpe
2021-04-01,GE,6.540568451279004e-17,equity_max_sharpe
2021-05-03,GE,0.0053333683460701775,equity_max_sharpe
2021-06-01,GE,0.07019664461855488,equity_max_sharpe
2021-07-01,GE,0.078610118310329,equity_max_sharpe
2021-08-02,GE,0.0712966275233528,equity_max_sharpe
2021-09-01,GE,0.06494915798982412,equity_max_sharpe
2021-10-01,GE,0.10859435512625548,equity_max_sharpe
2021-11-01,GE,5.274510656639306e-17,equity_max_sharpe
2021-12-01,GE,1.4760945188164515e-17,equity_max_sharpe
2022-01-03,GE,9.132220357580547e-18,equity_max_sharpe
2022-02-01,GE,0.0,equity_max_sharpe
2022-03-01,GE,0.0,equity_max_sharpe
2022-04-01,GE,0.0,equity_max_sharpe
2022-05-02,GE,5.45006781332724e-17,equity_max_sharpe
2022-06-01,GE,3.7121224933120004e-17,equity_max_sharpe
2022-07-01,GE,0.0,equity_max_sharpe
2022-08-01,GE,7.703645051585371e-17,equity_max_sharpe
2022-09-01,GE,6.7949403497501626e-18,equity_max_sharpe
2022-10-03,GE,8.116042083490877e-17,equity_max_sharpe
2022-11-01,GE,0.0,equity_max_sharpe
2022-12-01,GE,0.0,equity_max_sharpe
2023-01-03,GE,0.0,equity_max_sharpe
2023-02-01,GE,6.971618068520876e-17,equity_max_sharpe
2023-03-01,GE,5.1025211669600304e-17,equity_max_sharpe
2023-04-03,GE,0.07007700428859974,equity_max_sharpe
2023-05-01,GE,0.24347949708406486,equity_max_sharpe
2023-06-01,GE,0.39278304835103905,equity_max_sharpe
2023-07-03,GE,0.48825898959687486,equity_max_sharpe
2023-08-01,GE,0.4698772310356331,equity_max_sharpe
2023-09-01,GE,0.39644458752582945,equity_max_sharpe
2023-10-02,GE,0.4952609490924282,equity_max_sharpe
2023-11-01,GE,0.5169743971169883,equity_max_sharpe
2023-12-01,GE,0.5036801694122444,equity_max_sharpe
2021-01-04,GILD,1.157228402387971e-17,equity_max_sharpe
2021-02-01,GILD,7.649953411243187e-17,equity_max_sharpe
2021-03-01,GILD,6.10412257715345e-17,equity_max_sharpe
2021-04-01,GILD,9.106987247801083e-17,equity_max_sharpe
2021-05-03,GILD,0.0,equity_max_sharpe
2021-06-01,GILD,0.0,equity_max_sharpe
2021-07-01,GILD,4.0163800870940116e-17,equity_max_sharpe
2021-08-02,GILD,3.9588943582647404e-18,equity_max_sharpe
2021-09-01,GILD,0.0,equity_max_sharpe
2021-10-01,GILD,0.013842390789094664,equity_max_sharpe
2021-11-01,GILD,0.0,equity_max_sharpe
2021-12-01,GILD,0.09015844581918914,equity_max_sharpe
2022-01-03,GILD,0.11602929310260612,equity_max_sharpe
2022-02-01,GILD,2.344030690054597e-17,equity_max_sharpe
2022-03-01,GILD,4.2660601727514247e-17,equity_max_sharpe
2022-04-01,GILD,6.30907822152087e-17,equity_max_sharpe
2022-05-02,GILD,0.0,equity_max_sharpe
2022-06-01,GILD,6.932922101942868e-17,equity_max_sharpe
2022-07-01,GILD,3.787955988785278e-17,equity_max_sharpe
2022-08-01,GILD,3.061337900515375e-17,equity_max_sharpe
2022-09-01,GILD,2.8104973658659338e-18,equity_max_sharpe
2022-10-03,GILD,3.214114592688571e-17,equity_max_sharpe
2022-11-01,GILD,0.05146959658858911,equity_max_sharpe
2022-12-01,GILD,0.0,equity_max_sharpe
2023-01-03,GILD,0.0,equity_max_sharpe
2023-02-01,GILD,0.0449776893411895,equity_max_sharpe
2023-03-01,GILD,0.1807742601457091,equity_max_sharpe
2023-04-03,GILD,0.36604951313429424,equity_max_sharpe
2023-05-01,GILD,0.07877598608877225,equity_max_sharpe
2023-06-01,GILD,0.009392588238545241,equity_max_sharpe
2023-07-03,GILD,1.0983856112841693e-16,equity_max_sharpe
2023-08-01,GILD,0.04629986506579277,equity_max_sharpe
2023-09-01,GILD,0.0,equity_max_sharpe
2023-10-02,GILD,0.0,equity_max_sharpe
2023-11-01,GILD,0.0,equity_max_sharpe
2023-12-01,GILD,0.0,equity_max_sharpe
2021-01-04,GS,0.0,equity_max_sharpe
2021-02-01,GS,0.0,equity_max_sharpe
2021-03-01,GS,0.0,equity_max_sharpe
2021-04-01,GS,0.10610808118110328,equity_max_sharpe
2021-05-03,GS,1.5125536273338688e-16,equity_max_sharpe
2021-06-01,GS,0.0,equity_max_sharpe
2021-07-01,GS,0.17497594469653077,equity_max_sharpe
2021-08-02,GS,0.12471085931859038,equity_max_sharpe
2021-09-01,GS,0.19979411538962372,equity_max_sharpe
2021-10-01,GS,0.04450891229360183,equity_max_sharpe
2021-11-01,GS,0.17373428132593638,equity_max_sharpe
2021-12-01,GS,0.1233703367130401,equity_max_sharpe
2022-01-03,GS,8.33457911913299e-17,equity_max_sharpe
2022-02-01,GS,2.765120396477071e-17,equity_max_sharpe
2022-03-01,GS,7.51051745237506e-17,equity_max_sharpe
2022-04-01,GS,0.0,equity_max_sharpe
2022-05-02,GS,0.0,equity_max_sharpe
2022-06-01,GS,0.0,equity_max_sharpe
2022-07-01,GS,1.4538331461366188e-16,equity_max_sharpe
2022-08-01,GS,3.408714402385192e-17,equity_max_sharpe
2022-09-01,GS,0.0,equity_max_sharpe
2022-10-03,GS,7.902551720635796e-19,equity_max_sharpe
2022-11-01,GS,1.2292370323800118e-17,equity_max_sharpe
2022-12-01,GS,0.0,equity_max_sharpe
2023-01-03,GS,0.0,equity_max_sharpe
2023-02-01,GS,8.857059866470126e-17,equity_max_sharpe
2023-03-01,GS,2.3196835021397103e-17,equity_max_sharpe
2023-04-03,GS,2.783121512239966e-17,equity_max_sharpe
2023-05-01,GS,0.0,equity_max_sharpe
2023-06-01,GS,3.5413606429927164e-17,equity_max_sharpe
2023-07-03,GS,8.785735269016841e-17,equity_max_sharpe
2023-08-01,GS,0.0,equity_max_sharpe
2023-09-01,GS,0.0,equity_max_sharpe
2023-10-02,GS,1.0610670004848454e-16,equity_max_sharpe
2023-11-01,GS,8.702047262885293e-17,equity_max_sharpe
2023-12-01,GS,0.0,equity_max_sharpe
2021-01-04,INTC,0.0,equity_max_sharpe
2021-02-01,INTC,0.0,equity_max_sharpe
2021-03-01,INTC,8.52161261916877e-17,equity_max_sharpe
2021-04-01,INTC,0.0,equity_max_sharpe
2021-05-03,INTC,1.0723631220264628e-16,equity_max_sharpe
2021-06-01,INTC,8.84695229439422e-18,equity_max_sharpe
2021-07-01,INTC,1.2735034522052252e-16,equity_max_sharpe
2021-08-02,INTC,0.0,equity_max_sharpe
2021-09-01,INTC,0.0,equity_max_sharpe
2021-10-01,INTC,0.0,equity_max_sharpe
2021-11-01,INTC,1.3299422869179415e-17,equity_max_sharpe
2021-12-01,INTC,1.1667915927180376e-16,equity_max_sharpe
2022-01-03,INTC,0.0,equity_max_sharpe
2022-02-01,INTC,2.520257686559397e-18,equity_max_sharpe
2022-03-01,INTC,0.0,equity_max_sharpe
2022-04-01,INTC,0.0,equity_max_sharpe
2022-05-02,INTC,0.0,equity_max_sharpe
2022-06-01,INTC,2.388565907846402e-17,equity_max_sharpe
2022-07-01,INTC,0.0,equity_max_sharpe
2022-08-01,INTC,5.2082109334670216e-17,equity_max_sharpe
2022-09-01,INTC,7.1204643273349e-18,equity_max_sharpe
2022-10-03,INTC,2.239666308619443e-17,equity_max_sharpe
2022-11-01,INTC,9.618251341986602e-17,equity_max_sharpe
2022-12-01,INTC,3.011380296977444e-16,equity_max_sharpe
2023-01-03,INTC,1.2615617744415492e-16,equity_max_sharpe
2023-02-01,INTC,0.0,equity_max_sharpe
2023-03-01,INTC,1.225825550536436e-16,equity_max_sharpe
2023-04-03,INTC,2.014014112704484e-16,equity_max_sharpe
2023-05-01,INTC,0.0,equity_max_sharpe
2023-06-01,INTC,0.0,equity_max_sharpe
2023-07-03,INTC,7.150846918987548e-18,equity_max_sharpe
2023-08-01,INTC,0.0,equity_max_sharpe
2023-09-01,INTC,3.1869739413913114e-18,equity_max_sharpe
2023-10-02,INTC,1.4491723766091598e-17,equity_max_sharpe
2023-11-01,INTC,4.515282136879247e-17,equity_max_sharpe
2023-12-01,INTC,0.047264767054539386,equity_max_sharpe
2021-01-04,KO,0.0,equity_max_sharpe
2021-02-01,KO,9.19348358812079e-18,equity_max_sharpe
2021-03-01,KO,2.4378833988938938e-17,equity_max_sharpe
2021-04-01,KO,0.0,equity_max_sharpe
2021-05-03,KO,0.0,equity_max_sharpe
2021-06-01,KO,1.9408143329807056e-17,equity_max_sharpe
2021-07-01,KO,5.401545168147516e-17,equity_max_sharpe
2021-08-02,KO,4.624888134479171e-17,equity_max_sharpe
2021-09-01,KO,1.2720267749429684e-17,equity_max_sharpe
2021-10-01,KO,0.0,equity_max_sharpe
2021-11-01,KO,0.0,equity_max_sharpe
2021-12-01,KO,7.001968939158619e-18,equity_max_sharpe
2022-01-03,KO,4.2223803084430047e-17,equity_max_sharpe
2022-02-01,KO,0.0,equity_max_sharpe
2022-03-01,KO,0.03661062558267152,equity_max_sharpe
2022-04-01,KO,8.120565873649926e-17,equity_max_sharpe
2022-05-02,KO,0.024092149707117122,equity_max_sharpe
2022-06-01,KO,2.905837399087429e-17,equity_max_sharpe
2022-07-01,KO,0.0481425348924067,equity_max_sharpe
2022-08-01,KO,0.0,equity_max_sharpe
2022-09-01,KO,0.0,equity_max_sharpe
2022-10-03,KO,5.621043415606391e-17,equity_max_sharpe
2022-11-01,KO,0.0,equity_max_sharpe
2022-12-01,KO,1.1581661339299835e-17,equity_max_sharpe
2023-01-03,KO,0.0,equity_max_sharpe
2023-02-01,KO,0.0,equity_max_sharpe
2023-03-01,KO,0.0,equity_max_sharpe
2023-04-03,KO,0.0,equity_max_sharpe
2023-05-01,KO,0.0,equity_max_sharpe
2023-06-01,KO,5.578451507725867e-17,equity_max_sharpe
2023-07-03,KO,0.0,equity_max_sharpe
2023-08-01,KO,0.0,equity_max_sharpe
2023-09-01,KO,0.0,equity_max_sharpe
2023-10-02,KO,1.6262445679876617e-17,equity_max_sharpe
2023-11-01,KO,0.0,equity_max_sharpe
2023-12-01,KO,1.1954303833772434e-16,equity_max_sharpe
2021-01-04,MMM,0.0,equity_max_sharpe
2021-02-01,MMM,5.728818312832418e-17,equity_max_sharpe
2021-03-01,MMM,3.054360702959098e-17,equity_max_sharpe
2021-04-01,MMM,1.4059403898035585e-17,equity_max_sharpe
2021-05-03,MMM,4.280354877367808e-17,equity_max_sharpe
2021-06-01,MMM,0.0,equity_max_sharpe
2021-07-01,MMM,1.0629880440860442e-18,equity_max_sharpe
2021-08-02,MMM,9.288110110321492e-18,equity_max_sharpe
2021-09-01,MMM,1.459971981946109e-17,equity_max_sharpe
2021-10-01,MMM,0.0,equity_max_sharpe
2021-11-01,MMM,6.720429736660523e-17,equity_max_sharpe
2021-12-01,MMM,5.660268750707807e-18,equity_max_sharpe
2022-01-03,MMM,3.0823325884112463e-18,equity_max_sharpe
2022-02-01,MMM,2.4631237310687605e-17,equity_max_sharpe
2022-03-01,MMM,0.0,equity_max_sharpe
2022-04-01,MMM,2.5681953582484473e-17,equity_max_sharpe
2022-05-02,MMM,2.5138091061142076e-17,equity_max_sharpe
2022-06-01,MMM,2.141425534576942e-16,equity_max_sharpe
2022-07-01,MMM,0.0,equity_max_sharpe
2022-08-01,MMM,2.4135365004007338e-17,equity_max_sharpe
2022-09-01,MMM,0.0,equity_max_sharpe
2022-10-03,MMM,6.362345069495574e-17,equity_max_sharpe
2022-11-01,MMM,7.526927922091755e-17,equity_max_sharpe
2022-12-01,MMM,9.110789069111159e-17,equity_max_sharpe
2023-01-03,MMM,0.0,equity_max_sharpe
2023-02-01,MMM,6.283388516809528e-17,equity_max_sharpe
2023-03-01,MMM,5.688841753138417e-17,equity_max_sharpe
2023-04-03,MMM,1.8004262847248397e-16,equity_max_sharpe
2023-05-01,MMM,0.0,equity_max_sharpe
2023-06-01,MMM,1.8006502032317634e-17,equity_max_sharpe
2023-07-03,MMM,7.96784561424258e-18,equity_max_sharpe
2023-08-01,MMM,8.958229206013065e-17,equity_max_sharpe
2023-09-01,MMM,0.0,equity_max_sharpe
2023-10-02,MMM,0.0,equity_max_sharpe
2023-11-01,MMM,5.081837505307273e-18,equity_max_sharpe
2023-12-01,MMM,9.214730720448686e-17,equity_max_sharpe
2021-01-04,MRK,3.0225044138158175e-17,equity_max_sharpe
2021-02-01,MRK,0.0,equity_max_sharpe
2021-03-01,MRK,0.0,equity_max_sharpe
2021-04-01,MRK,0.0,equity_max_sharpe
2021-05-03,MRK,1.1785056177538454e-17,equity_max_sharpe
2021-06-01,MRK,0.0,equity_max_sharpe
2021-07-01,MRK,0.0,equity_max_sharpe
2021-08-02,MRK,8.965621864686605e-18,equity_max_sharpe
2021-09-01,MRK,0.0,equity_max_sharpe
2021-10-01,MRK,3.2386249467266e-18,equity_max_sharpe
2021-11-01,MRK,0.032662807660728606,equity_max_sharpe
2021-12-01,MRK,0.0,equity_max_sharpe
2022-01-03,MRK,1.0363491983700737e-16,equity_max_sharpe
2022-02-01,MRK,9.630594244809064e-18,equity_max_sharpe
2022-03-01,MRK,3.351979902927678e-17,equity_max_sharpe
2022-04-01,MRK,1.9370860969786835e-17,equity_max_sharpe
2022-05-02,MRK,0.08081576171979388,equity_max_sharpe
2022-06-01,MRK,0.1337365427813757,equity_max_sharpe
2022-07-01,MRK,0.03333164984005347,equity_max_sharpe
2022-08-01,MRK,0.05762896316340436,equity_max_sharpe
2022-09-01,MRK,0.033772490427999846,equity_max_sharpe
2022-10-03,MRK,0.05291656380440738,equity_max_sharpe
2022-11-01,MRK,0.0,equity_max_sharpe
2022-12-01,MRK,0.38787672741748386,equity_max_sharpe
2023-01-03,MRK,0.6410699975119665,equity_max_sharpe
2023-02-01,MRK,0.4962060026286388,equity_max_sharpe
2023-03-01,MRK,0.6028282363695937,equity_max_sharpe
2023-04-03,MRK,0.4028858693198013,equity_max_sharpe
2023-05-01,MRK,0.47102140409452986,equity_max_sharpe
2023-06-01,MRK,0.4164290642235858,equity_max_sharpe
2023-07-03,MRK,0.31940213744348006,equity_max_sharpe
2023-08-01,MRK,0.266341937649962,equity_max_sharpe
2023-09-01,MRK,0.345181608635772,equity_max_sharpe
2023-10-02,MRK,0.18155711498919885,equity_max_sharpe
2023-11-01,MRK,0.10802678279626728,equity_max_sharpe
2023-12-01,MRK,1.2473572575346593e-17,equity_max_sharpe
2021-01-04,MS,2.289599006113756e-17,equity_max_sharpe
2021-02-01,MS,2.666375457140393e-16,equity_max_sharpe
2021-03-01,MS,1.287360329996673e-17,equity_max_sharpe
2021-04-01,MS,0.02926416454466546,equity_max_sharpe
2021-05-03,MS,0.12203032146094407,equity_max_sharpe
2021-06-01,MS,0.1263681877154558,equity_max_sharpe
2021-07-01,MS,2.636925954635833e-18,equity_max_sharpe
2021-08-02,MS,0.027163831513813668,equity_max_sharpe
2021-09-01,MS,0.0,equity_max_sharpe
2021-10-01,MS,0.16202857750074467,equity_max_sharpe
2021-11-01,MS,0.0,equity_max_sharpe
2021-12-01,MS,0.0,equity_max_sharpe
2022-01-03,MS,1.701942294706344e-16,equity_max_sharpe
2022-02-01,MS,0.004175341042809066,equity_max_sharpe
2022-03-01,MS,0.0,equity_max_sharpe
2022-04-01,MS,0.0,equity_max_sharpe
2022-05-02,MS,2.4199307035528707e-17,equity_max_sharpe
2022-06-01,MS,2.529138585037317e-17,equity_max_sharpe
2022-07-01,MS,1.5366535676711782e-17,equity_max_sharpe
2022-08-01,MS,0.0,equity_max_sharpe
2022-09-01,MS,4.22754564443383e-17,equity_max_sharpe
2022-10-03,MS,1.9643882505348465e-17,equity_max_sharpe
2022-11-01,MS,1.5134129894506607e-16,equity_max_sharpe
2022-12-01,MS,0.0,equity_max_sharpe
2023-01-03,MS,0.0,equity_max_sharpe
2023-02-01,MS,0.0,equity_max_sharpe
2023-03-01,MS,4.160844938624162e-17,equity_max_sharpe
2023-04-03,MS,1.8973661622924065e-16,equity_max_sharpe
2023-05-01,MS,0.0,equity_max_sharpe
2023-06-01,MS,7.264709986147143e-17,equity_max_sharpe
2023-07-03,MS,3.5732994789155525e-18,equity_max_sharpe
2023-08-01,MS,7.546117382482448e-17,equity_max_sharpe
2023-09-01,MS,2.3526466982650494e-17,equity_max_sharpe
2023-10-02,MS,1.0291254634292205e-16,equity_max_sharpe
2023-11-01,MS,5.4296027091745206e-17,equity_max_sharpe
2023-12-01,MS,0.0,equity_max_sharpe
2021-01-04,NEE,0.0,equity_max_sharpe
2021-02-01,NEE,2.1307156707772233e-16,equity_max_sharpe
2021-03-01,NEE,0.0,equity_max_sharpe
2021-04-01,NEE,1.3499969138989158e-17,equity_max_sharpe
2021-05-03,NEE,0.0,equity_max_sharpe
2021-06-01,NEE,1.92514216780697e-17,equity_max_sharpe
2021-07-01,NEE,0.0,equity_max_sharpe
2021-08-02,NEE,0.0,equity_max_sharpe
2021-09-01,NEE,0.0,equity_max_sharpe
2021-10-01,NEE,0.0,equity_max_sharpe
2021-11-01,NEE,0.0,equity_max_sharpe
2021-12-01,NEE,1.502506501555135e-17,equity_max_sharpe
2022-01-03,NEE,2.870791951062931e-17,equity_max_sharpe
2022-02-01,NEE,2.72467422921424e-17,equity_max_sharpe
2022-03-01,NEE,8.738206924535812e-18,equity_max_sharpe
2022-04-01,NEE,2.4159701466530525e-17,equity_max_sharpe
2022-05-02,NEE,5.75119885537078e-17,equity_max_sharpe
2022-06-01,NEE,0.0,equity_max_sharpe
2022-07-01,NEE,0.0,equity_max_sharpe
2022-08-01,NEE,0.0,equity_max_sharpe
2022-09-01,NEE,0.0,equity_max_sharpe
2022-10-03,NEE,0.0,equity_max_sharpe
2022-11-01,NEE,6.49964636366174e-17,equity_max_sharpe
2022-12-01,NEE,0.0,equity_max_sharpe
2023-01-03,NEE,0.0,equity_max_sharpe
2023-02-01,NEE,0.0,equity_max_sharpe
2023-03-01,NEE,1.2951124491409095e-17,equity_max_sharpe
2023-04-03,NEE,7.383432504167383e-18,equity_max_sharpe
2023-05-01,NEE,0.0,equity_max_sharpe
2023-06-01,NEE,2.5296974906989126e-17,equity_max_sharpe
2023-07-03,NEE,0.0,equity_max_sharpe
2023-08-01,NEE,0.0,equity_max_sharpe
2023-09-01,NEE,1.6475793114734757e-16,equity_max_sharpe
2023-10-02,NEE,0.0,equity_max_sharpe
2023-11-01,NEE,4.309521672968498e-17,equity_max_sharpe
2023-12-01,NEE,9.550927185423383e-17,equity_max_sharpe
2021-01-04,NEM,0.160684445227328,equity_max_sharpe
2021-02-01,NEM,0.14393542337576876,equity_max_sharpe
2021-03-01,NEM,7.831412441739302e-17,equity_max_sharpe
2021-04-01,NEM,0.012513372105069002,equity_max_sharpe
2021-05-03,NEM,5.6566245942199195e-18,equity_max_sharpe
2021-06-01,NEM,7.336173711804514e-17,equity_max_sharpe
2021-07-01,NEM,7.438881355413707e-17,equity_max_sharpe
2021-08-02,NEM,4.4543898957492845e-18,equity_max_sharpe
2021-09-01,NEM,0.0,equity_max_sharpe
2021-10-01,NEM,1.274397526507417e-16,equity_max_sharpe
2021-11-01,NEM,5.438191436505194e-18,equity_max_sharpe
2021-12-01,NEM,5.71429074751935e-17,equity_max_sharpe
2022-01-03,NEM,0.0,equity_max_sharpe
2022-02-01,NEM,2.1105699401384066e-17,equity_max_sharpe
2022-03-01,NEM,0.02526147783322202,equity_max_sharpe
2022-04-01,NEM,0.058409021754205565,equity_max_sharpe
2022-05-02,NEM,0.0,equity_max_sharpe
2022-06-01,NEM,0.0,equity_max_sharpe
2022-07-01,NEM,0.0,equity_max_sharpe
2022-08-01,NEM,0.0,equity_max_sharpe
2022-09-01,NEM,5.62616644694013e-17,equity_max_sharpe
2022-10-03,NEM,0.0,equity_max_sharpe
2022-11-01,NEM,0.0,equity_max_sharpe
2022-12-01,NEM,0.0,equity_max_sharpe
2023-01-03,NEM,3.3836362457014205e-17,equity_max_sharpe
2023-02-01,NEM,5.819938530795107e-17,equity_max_sharpe
2023-03-01,NEM,0.0,equity_max_sharpe
2023-04-03,NEM,0.0,equity_max_sharpe
2023-05-01,NEM,0.0,equity_max_sharpe
2023-06-01,NEM,0.0,equity_max_sharpe
2023-07-03,NEM,8.326594613595324e-17,equity_max_sharpe
2023-08-01,NEM,0.0,equity_max_sharpe
2023-09-01,NEM,0.0,equity_max_sharpe
2023-10-02,NEM,0.0,equity_max_sharpe
2023-11-01,NEM,0.0,equity_max_sharpe
2023-12-01,NEM,0.0,equity_max_sharpe
2021-01-04,NKE,1.0718910138677847e-16,equity_max_sharpe
2021-02-01,NKE,1.827267071370116e-16,equity_max_sharpe
2021-03-01,NKE,0.0,equity_max_sharpe
2021-04-01,NKE,0.0,equity_max_sharpe
2021-05-03,NKE,0.0,equity_max_sharpe
2021-06-01,NKE,0.0,equity_max_sharpe
2021-07-01,NKE,0.06628766890087741,equity_max_sharpe
2021-08-02,NKE,0.1314102849518803,equity_max_sharpe
2021-09-01,NKE,0.06489260720285625,equity_max_sharpe
2021-10-01,NKE,5.852774142825432e-17,equity_max_sharpe
2021-11-01,NKE,0.0,equity_max_sharpe
2021-12-01,NKE,0.0,equity_max_sharpe
2022-01-03,NKE,4.103793059053069e-18,equity_max_sharpe
2022-02-01,NKE,0.0,equity_max_sharpe
2022-03-01,NKE,0.0,equity_max_sharpe
2022-04-01,NKE,0.0,equity_max_sharpe
2022-05-02,NKE,0.0,equity_max_sharpe
2022-06-01,NKE,1.0344180263699786e-16,equity_max_sharpe
2022-07-01,NKE,0.0,equity_max_sharpe
2022-08-01,NKE,3.793313094274074e-17,equity_max_sharpe
2022-09-01,NKE,0.0,equity_max_sharpe
2022-10-03,NKE,7.202282180289648e-17,equity_max_sharpe
2022-11-01,NKE,1.5381634790130266e-16,equity_max_sharpe
2022-12-01,NKE,0.0,equity_max_sharpe
2023-01-03,NKE,1.1614553654426848e-16,equity_max_sharpe
2023-02-01,NKE,4.3356515366654934e-17,equity_max_sharpe
2023-03-01,NKE,6.827254034248196e-17,equity_max_sharpe
2023-04-03,NKE,1.4745306641213836e-18,equity_max_sharpe
2023-05-01,NKE,1.6922809052790884e-17,equity_max_sharpe
2023-06-01,NKE,5.777015919188721e-17,equity_max_sharpe
2023-07-03,NKE,3.3913054075162084e-17,equity_max_sharpe
2023-08-01,NKE,0.0,equity_max_sharpe
2023-09-01,NKE,2.5545026672363477e-17,equity_max_sharpe
2023-10-02,NKE,0.0,equity_max_sharpe
2023-11-01,NKE,1.072654416506331e-17,equity_max_sharpe
2023-12-01,NKE,0.0,equity_max_sharpe
2021-01-04,NUE,0.0,equity_max_sharpe
2021-02-01,NUE,0.0,equity_max_sharpe
2021-03-01,NUE,0.0,equity_max_sharpe
2021-04-01,NUE,0.14249826295066978,equity_max_sharpe
2021-05-03,NUE,0.004321860894888652,equity_max_sharpe
2021-06-01,NUE,0.09524677238424815,equity_max_sharpe
2021-07-01,NUE,0.10010665168663073,equity_max_sharpe
2021-08-02,NUE,0.1199838179184761,equity_max_sharpe
2021-09-01,NUE,0.11354297198039164,equity_max_sharpe
2021-10-01,NUE,0.054324057173326876,equity_max_sharpe
2021-11-01,NUE,0.023030699133223257,equity_max_sharpe
2021-12-01,NUE,0.05227911925442338,equity_max_sharpe
2022-01-03,NUE,0.10533212846206272,equity_max_sharpe
2022-02-01,NUE,0.07341744328993936,equity_max_sharpe
2022-03-01,NUE,0.09918893278685133,equity_max_sharpe
2022-04-01,NUE,0.036215721116458044,equity_max_sharpe
2022-05-02,NUE,0.10453430042834594,equity_max_sharpe
2022-06-01,NUE,1.5298796897165464e-17,equity_max_sharpe
2022-07-01,NUE,0.0,equity_max_sharpe
2022-08-01,NUE,0.022993231740660643,equity_max_sharpe
2022-09-01,NUE,0.0,equity_max_sharpe
2022-10-03,NUE,7.506178361467777e-17,equity_max_sharpe
2022-11-01,NUE,5.160940148235019e-16,equity_max_sharpe
2022-12-01,NUE,0.0,equity_max_sharpe
2023-01-03,NUE,4.1253765184417775e-16,equity_max_sharpe
2023-02-01,NUE,0.11385537841858816,equity_max_sharpe
2023-03-01,NUE,0.023090047825014507,equity_max_sharpe
2023-04-03,NUE,6.247147453331153e-17,equity_max_sharpe
2023-05-01,NUE,0.0,equity_max_sharpe
2023-06-01,NUE,6.491130032592194e-17,equity_max_sharpe
2023-07-03,NUE,5.586816465940828e-16,equity_max_sharpe
2023-08-01,NUE,0.0,equity_max_sharpe
2023-09-01,NUE,0.0,equity_max_sharpe
2023-10-02,NUE,5.0104001830963964e-17,equity_max_sharpe
2023-11-01,NUE,8.133308809187159e-19,equity_max_sharpe
2023-12-01,NUE,0.0,equity_max_sharpe
2021-01-04,NVDA,0.1959030319083938,equity_max_sharpe
2021-02-01,NVDA,0.25218123333213094,equity_max_sharpe
2021-03-01,NVDA,0.08752799447748949,equity_max_sharpe
2021-04-01,NVDA,0.01793748708378143,equity_max_sharpe
2021-05-03,NVDA,0.06825271782050898,equity_max_sharpe
2021-06-01,NVDA,0.05444503307018423,equity_max_sharpe
2021-07-01,NVDA,0.09244160402630494,equity_max_sharpe
2021-08-02,NVDA,0.09143958367860336,equity_max_sharpe
2021-09-01,NVDA,0.08803622255712656,equity_max_sharpe
2021-10-01,NVDA,0.11732895014955187,equity_max_sharpe
2021-11-01,NVDA,0.08653937948476201,equity_max_sharpe
2021-12-01,NVDA,0.1491069409739606,equity_max_sharpe
2022-01-03,NVDA,0.09410419952086196,equity_max_sharpe
2022-02-01,NVDA,0.06730716122270994,equity_max_sharpe
2022-03-01,NVDA,0.06440718716686286,equity_max_sharpe
2022-04-01,NVDA,0.07096641173485245,equity_max_sharpe
2022-05-02,NVDA,0.0,equity_max_sharpe
2022-06-01,NVDA,0.0,equity_max_sharpe
2022-07-01,NVDA,0.0,equity_max_sharpe
2022-08-01,NVDA,1.846806138821836e-17,equity_max_sharpe
2022-09-01,NVDA,1.0678548570722581e-16,equity_max_sharpe
2022-10-03,NVDA,0.0,equity_max_sharpe
2022-11-01,NVDA,1.2350440816650074e-16,equity_max_sharpe
2022-12-01,NVDA,5.118954344020361e-18,equity_max_sharpe
2023-01-03,NVDA,9.901903509291649e-17,equity_max_sharpe
2023-02-01,NVDA,0.0,equity_max_sharpe
2023-03-01,NVDA,8.149129271644298e-17,equity_max_sharpe
2023-04-03,NVDA,5.064416924992451e-16,equity_max_sharpe
2023-05-01,NVDA,2.9482421918561526e-16,equity_max_sharpe
2023-06-01,NVDA,0.13645514682222243,equity_max_sharpe
2023-07-03,NVDA,0.1103622546079183,equity_max_sharpe
2023-08-01,NVDA,0.14412737216822544,equity_max_sharpe
2023-09-01,NVDA,0.1917736490024742,equity_max_sharpe
2023-10-02,NVDA,0.17297958796547128,equity_max_sharpe
2023-11-01,NVDA,0.24040220776787347,equity_max_sharpe
2023-12-01,NVDA,0.2098716531724935,equity_max_sharpe
2021-01-04,O,4.95733059682767e-19,equity_max_sharpe
2021-02-01,O,0.0,equity_max_sharpe
2021-03-01,O,8.557650320681468e-17,equity_max_sharpe
2021-04-01,O,9.693855524661162e-17,equity_max_sharpe
2021-05-03,O,7.993156311177564e-17,equity_max_sharpe
2021-06-01,O,0.0,equity_max_sharpe
2021-07-01,O,0.0,equity_max_sharpe
2021-08-02,O,1.2353785486999347e-17,equity_max_sharpe
2021-09-01,O,0.0,equity_max_sharpe
2021-10-01,O,2.3835907314351937e-17,equity_max_sharpe
2021-11-01,O,8.942064848719505e-17,equity_max_sharpe
2021-12-01,O,8.818007578071839e-18,equity_max_sharpe
2022-01-03,O,8.657144178738468e-17,equity_max_sharpe
2022-02-01,O,1.693193547965656e-17,equity_max_sharpe
2022-03-01,O,4.244611394570368e-18,equity_max_sharpe
2022-04-01,O,9.871765089789289e-17,equity_max_sharpe
2022-05-02,O,2.2646148958168168e-17,equity_max_sharpe
2022-06-01,O,1.3809833345003911e-17,equity_max_sharpe
2022-07-01,O,1.5080624148030857e-16,equity_max_sharpe
2022-08-01,O,0.0,equity_max_sharpe
2022-09-01,O,5.697269795521538e-17,equity_max_sharpe
2022-10-03,O,0.0,equity_max_sharpe
2022-11-01,O,0.0,equity_max_sharpe
2022-12-01,O,0.0,equity_max_sharpe
2023-01-03,O,0.0,equity_max_sharpe
2023-02-01,O,2.6066343420911937e-17,equity_max_sharpe
2023-03-01,O,9.434749917734277e-18,equity_max_sharpe
2023-04-03,O,0.0,equity_max_sharpe
2023-05-01,O,9.650324851322691e-17,equity_max_sharpe
2023-06-01,O,0.0,equity_max_sharpe
2023-07-03,O,3.7581724598938194e-18,equity_max_sharpe
2023-08-01,O,0.0,equity_max_sharpe
2023-09-01,O,0.0,equity_max_sharpe
2023-10-02,O,0.0,equity_max_sharpe
2023-11-01,O,5.124692276893732e-17,equity_max_sharpe
2023-12-01,O,0.0,equity_max_sharpe
2021-01-04,OXY,1.4890738490490634e-18,equity_max_sharpe
2021-02-01,OXY,0.0,equity_max_sharpe
2021-03-01,OXY,0.0,equity_max_sharpe
2021-04-01,OXY,1.7523691634783588e-19,equity_max_sharpe
2021-05-03,OXY,0.0,equity_max_sharpe
2021-06-01,OXY,0.0,equity_max_sharpe
2021-07-01,OXY,6.816062653718741e-17,equity_max_sharpe
2021-08-02,OXY,2.6547518797415515e-17,equity_max_sharpe
2021-09-01,OXY,7.844169566086014e-18,equity_max_sharpe
2021-10-01,OXY,0.04685144822052885,equity_max_sharpe
2021-11-01,OXY,0.05764128580383034,equity_max_sharpe
2021-12-01,OXY,0.0,equity_max_sharpe
2022-01-03,OXY,2.910258156327899e-18,equity_max_sharpe
2022-02-01,OXY,0.0,equity_max_sharpe
2022-03-01,OXY,1.301751670882921e-17,equity_max_sharpe
2022-04-01,OXY,0.0051132039906990135,equity_max_sharpe
2022-05-02,OXY,0.013313186694129307,equity_max_sharpe
2022-06-01,OXY,0.06789771313146607,equity_max_sharpe
2022-07-01,OXY,0.10976836213605094,equity_max_sharpe
2022-08-01,OXY,0.1677582011794437,equity_max_sharpe
2022-09-01,OXY,0.23051982739858753,equity_max_sharpe
2022-10-03,OXY,0.21373796423598723,equity_max_sharpe
2022-11-01,OXY,0.10379412077069895,equity_max_sharpe
2022-12-01,OXY,0.08207137947027039,equity_max_sharpe
2023-01-03,OXY,0.08601166891858317,equity_max_sharpe
2023-02-01,OXY,0.06692987796459683,equity_max_sharpe
2023-03-01,OXY,0.04406699066164932,equity_max_sharpe
2023-04-03,OXY,0.0,equity_max_sharpe
2023-05-01,OXY,0.0,equity_max_sharpe
2023-06-01,OXY,0.0,equity_max_sharpe
2023-07-03,OXY,9.679455387562063e-18,equity_max_sharpe
2023-08-01,OXY,1.5003659084541154e-17,equity_max_sharpe
2023-09-01,OXY,8.053530975908112e-18,equity_max_sharpe
2023-10-02,OXY,1.1490104478228436e-17,equity_max_sharpe
2023-11-01,OXY,1.0189731300437871e-16,equity_max_sharpe
2023-12-01,OXY,0.0,equity_max_sharpe
2021-01-04,PLD,0.0,equity_max_sharpe
2021-02-01,PLD,0.0,equity_max_sharpe
2021-03-01,PLD,4.297850842661727e-17,equity_max_sharpe
2021-04-01,PLD,9.187337526390948e-17,equity_max_sharpe
2021-05-03,PLD,2.3463831017219578e-17,equity_max_sharpe
2021-06-01,PLD,2.2872208070929097e-17,equity_max_sharpe
2021-07-01,PLD,2.6118721682248822e-17,equity_max_sharpe
2021-08-02,PLD,4.2742728963428654e-17,equity_max_sharpe
2021-09-01,PLD,0.0,equity_max_sharpe
2021-10-01,PLD,1.0592022192307187e-16,equity_max_sharpe
2021-11-01,PLD,0.03146916660744042,equity_max_sharpe
2021-12-01,PLD,0.0342130130084749,equity_max_sharpe
2022-01-03,PLD,0.10180435562364085,equity_max_sharpe
2022-02-01,PLD,0.07299087077460911,equity_max_sharpe
2022-03-01,PLD,2.728878079741966e-16,equity_max_sharpe
2022-04-01,PLD,0.026205375426195394,equity_max_sharpe
2022-05-02,PLD,0.22355552593652825,equity_max_sharpe
2022-06-01,PLD,0.0,equity_max_sharpe
2022-07-01,PLD,1.0106994159243236e-16,equity_max_sharpe
2022-08-01,PLD,1.6494402977102342e-18,equity_max_sharpe
2022-09-01,PLD,0.0,equity_max_sharpe
2022-10-03,PLD,0.0,equity_max_sharpe
2022-11-01,PLD,2.6983309760978703e-17,equity_max_sharpe
2022-12-01,PLD,7.464819586552253e-17,equity_max_sharpe
2023-01-03,PLD,9.53288548325468e-17,equity_max_sharpe
2023-02-01,PLD,9.321911547923287e-17,equity_max_sharpe
2023-03-01,PLD,0.0,equity_max_sharpe
2023-04-03,PLD,1.182973147494345e-16,equity_max_sharpe
2023-05-01,PLD,0.0,equity_max_sharpe
2023-06-01,PLD,3.2771505679459765e-17,equity_max_sharpe
2023-07-03,PLD,4.018668134955361e-18,equity_max_sharpe
2023-08-01,PLD,0.0,equity_max_sharpe
2023-09-01,PLD,5.165357568778572e-17,equity_max_sharpe
2023-10-02,PLD,0.0,equity_max_sharpe
2023-11-01,PLD,1.1768667721695618e-17,equity_max_sharpe
2023-12-01,PLD,5.562264711905807e-17,equity_max_sharpe
2021-01-04,PSA,9.257229264539439e-18,equity_max_sharpe
2021-02-01,PSA,0.0,equity_max_sharpe
2021-03-01,PSA,8.003559848378502e-18,equity_max_sharpe
2021-04-01,PSA,0.004306032002859707,equity_max_sharpe
2021-05-03,PSA,0.19899262471406404,equity_max_sharpe
2021-06-01,PSA,0.20814675714806832,equity_max_sharpe
2021-07-01,PSA,0.3374795870942506,equity_max_sharpe
2021-08-02,PSA,0.3894316485123827,equity_max_sharpe
2021-09-01,PSA,0.3939171368124858,equity_max_sharpe
2021-10-01,PSA,0.4364697732996091,equity_max_sharpe
2021-11-01,PSA,0.3389620569602235,equity_max_sharpe
2021-12-01,PSA,0.3728629573220543,equity_max_sharpe
2022-01-03,PSA,0.36766300977565686,equity_max_sharpe
2022-02-01,PSA,0.4056082533688061,equity_max_sharpe
2022-03-01,PSA,0.40187590888419017,equity_max_sharpe
2022-04-01,PSA,0.3197630271797281,equity_max_sharpe
2022-05-02,PSA,0.0983056467703414,equity_max_sharpe
2022-06-01,PSA,7.241600160144755e-17,equity_max_sharpe
2022-07-01,PSA,0.0,equity_max_sharpe
2022-08-01,PSA,0.0,equity_max_sharpe
2022-09-01,PSA,0.0,equity_max_sharpe
2022-10-03,PSA,0.0,equity_max_sharpe
2022-11-01,PSA,0.0,equity_max_sharpe
2022-12-01,PSA,0.0,equity_max_sharpe
2023-01-03,PSA,2.0766743293775198e-17,equity_max_sharpe
2023-02-01,PSA,2.1770192312438126e-17,equity_max_sharpe
2023-03-01,PSA,5.449465862155392e-17,equity_max_sharpe
2023-04-03,PSA,0.0,equity_max_sharpe
2023-05-01,PSA,1.4103883404328572e-17,equity_max_sharpe
2023-06-01,PSA,0.0,equity_max_sharpe
2023-07-03,PSA,0.0,equity_max_sharpe
2023-08-01,PSA,0.0,equity_max_sharpe
2023-09-01,PSA,0.0,equity_max_sharpe
2023-10-02,PSA,0.0,equity_max_sharpe
2023-11-01,PSA,0.0,equity_max_sharpe
2023-12-01,PSA,9.646767129957484e-19,equity_max_sharpe
2021-01-04,QCOM,0.0032237520818699135,equity_max_sharpe
2021-02-01,QCOM,0.11565491737784298,equity_max_sharpe
2021-03-01,QCOM,0.0,equity_max_sharpe
2021-04-01,QCOM,0.0,equity_max_sharpe
2021-05-03,QCOM,0.0,equity_max_sharpe
2021-06-01,QCOM,0.0,equity_max_sharpe
2021-07-01,QCOM,3.880630431891276e-17,equity_max_sharpe
2021-08-02,QCOM,0.0,equity_max_sharpe
2021-09-01,QCOM,4.3616320961781475e-17,equity_max_sharpe
2021-10-01,QCOM,5.857260504664743e-19,equity_max_sharpe
2021-11-01,QCOM,0.0,equity_max_sharpe
2021-12-01,QCOM,0.0,equity_max_sharpe
2022-01-03,QCOM,6.42689709599914e-17,equity_max_sharpe
2022-02-01,QCOM,2.6390593195013935e-17,equity_max_sharpe
2022-03-01,QCOM,3.175558066929632e-17,equity_max_sharpe
2022-04-01,QCOM,0.0,equity_max_sharpe
2022-05-02,QCOM,4.941739161976151e-17,equity_max_sharpe
2022-06-01,QCOM,5.330441424511324e-17,equity_max_sharpe
2022-07-01,QCOM,0.0,equity_max_sharpe
2022-08-01,QCOM,0.0,equity_max_sharpe
2022-09-01,QCOM,0.0,equity_max_sharpe
2022-10-03,QCOM,0.0,equity_max_sharpe
2022-11-01,QCOM,9.907125544332009e-18,equity_max_sharpe
2022-12-01,QCOM,2.922012483837989e-17,equity_max_sharpe
2023-01-03,QCOM,3.8299820559809265e-17,equity_max_sharpe
2023-02-01,QCOM,1.0723188121990518e-17,equity_max_sharpe
2023-03-01,QCOM,0.0,equity_max_sharpe
2023-04-03,QCOM,0.0,equity_max_sharpe
2023-05-01,QCOM,0.0,equity_max_sharpe
2023-06-01,QCOM,0.0,equity_max_sharpe
2023-07-03,QCOM,2.2581764299158905e-16,equity_max_sharpe
2023-08-01,QCOM,6.135164222017674e-19,equity_max_sharpe
2023-09-01,QCOM,9.96310856291504e-17,equity_max_sharpe
2023-10-02,QCOM,0.0,equity_max_sharpe
2023-11-01,QCOM,4.406993592576379e-17,equity_max_sharpe
2023-12-01,QCOM,3.479614464063071e-17,equity_max_sharpe
2021-01-04,SBUX,0.0,equity_max_sharpe
2021-02-01,SBUX,1.5581325754515064e-17,equity_max_sharpe
2021-03-01,SBUX,4.2811967936545804e-17,equity_max_sharpe
2021-04-01,SBUX,0.0,equity_max_sharpe
2021-05-03,SBUX,3.1851237238369826e-17,equity_max_sharpe
2021-06-01,SBUX,8.248159232609298e-17,equity_max_sharpe
2021-07-01,SBUX,0.0,equity_max_sharpe
2021-08-02,SBUX,0.031915316558878956,equity_max_sharpe
2021-09-01,SBUX,0.0,equity_max_sharpe
2021-10-01,SBUX,2.4618604665607158e-17,equity_max_sharpe
2021-11-01,SBUX,9.819525389422373e-17,equity_max_sharpe
2021-12-01,SBUX,0.0,equity_max_sharpe
2022-01-03,SBUX,0.0,equity_max_sharpe
2022-02-01,SBUX,5.255031866158884e-17,equity_max_sharpe
2022-03-01,SBUX,0.0,equity_max_sharpe
2022-04-01,SBUX,3.3055496035034416e-17,equity_max_sharpe
2022-05-02,SBUX,2.2436631636999354e-16,equity_max_sharpe
2022-06-01,SBUX,7.133348559203032e-17,equity_max_sharpe
2022-07-01,SBUX,8.247990154826676e-17,equity_max_sharpe
2022-08-01,SBUX,7.814588320062681e-17,equity_max_sharpe
2022-09-01,SBUX,0.0,equity_max_sharpe
2022-10-03,SBUX,0.0,equity_max_sharpe
2022-11-01,SBUX,0.0,equity_max_sharpe
2022-12-01,SBUX,0.0,equity_max_sharpe
2023-01-03,SBUX,0.0,equity_max_sharpe
2023-02-01,SBUX,0.0,equity_max_sharpe
2023-03-01,SBUX,2.530205905340119e-16,equity_max_sharpe
2023-04-03,SBUX,0.0,equity_max_sharpe
2023-05-01,SBUX,0.14023345328156034,equity_max_sharpe
2023-06-01,SBUX,0.0,equity_max_sharpe
2023-07-03,SBUX,0.0,equity_max_sharpe
2023-08-01,SBUX,0.0,equity_max_sharpe
2023-09-01,SBUX,0.0,equity_max_sharpe
2023-10-02,SBUX,1.3364077012234011e-17,equity_max_sharpe
2023-11-01,SBUX,0.0,equity_max_sharpe
2023-12-01,SBUX,3.447641227884546e-17,equity_max_sharpe
2021-01-04,SHW,4.276173819580737e-17,equity_max_sharpe
2021-02-01,SHW,2.474869724443782e-16,equity_max_sharpe
2021-03-01,SHW,0.0,equity_max_sharpe
2021-04-01,SHW,3.3441875170518314e-17,equity_max_sharpe
2021-05-03,SHW,0.030802490650913207,equity_max_sharpe
2021-06-01,SHW,0.0,equity_max_sharpe
2021-07-01,SHW,2.979288597718329e-17,equity_max_sharpe
2021-08-02,SHW,7.663527994954543e-17,equity_max_sharpe
2021-09-01,SHW,5.784041752792772e-17,equity_max_sharpe
2021-10-01,SHW,0.0,equity_max_sharpe
2021-11-01,SHW,0.025525156149911257,equity_max_sharpe
2021-12-01,SHW,0.026154534796724808,equity_max_sharpe
2022-01-03,SHW,0.028006938035226216,equity_max_sharpe
2022-02-01,SHW,4.398719072421157e-17,equity_max_sharpe
2022-03-01,SHW,0.0,equity_max_sharpe
2022-04-01,SHW,9.902521874604649e-17,equity_max_sharpe
2022-05-02,SHW,0.0,equity_max_sharpe
2022-06-01,SHW,0.0,equity_max_sharpe
2022-07-01,SHW,0.0,equity_max_sharpe
2022-08-01,SHW,0.0,equity_max_sharpe
2022-09-01,SHW,0.0,equity_max_sharpe
2022-10-03,SHW,0.0,equity_max_sharpe
2022-11-01,SHW,3.3407207632955314e-17,equity_max_sharpe
2022-12-01,SHW,2.7105930602033154e-17,equity_max_sharpe
2023-01-03,SHW,0.0,equity_max_sharpe
2023-02-01,SHW,0.0,equity_max_sharpe
2023-03-01,SHW,0.0,equity_max_sharpe
2023-04-03,SHW,6.712297220811868e-17,equity_max_sharpe
2023-05-01,SHW,0.0,equity_max_sharpe
2023-06-01,SHW,0.0,equity_max_sharpe
2023-07-03,SHW,5.1880869135116953e-17,equity_max_sharpe
2023-08-01,SHW,0.0,equity_max_sharpe
2023-09-01,SHW,3.2019299512348816e-17,equity_max_sharpe
2023-10-02,SHW,3.3660966965732605e-17,equity_max_sharpe
2023-11-01,SHW,3.756623523933113e-17,equity_max_sharpe
2023-12-01,SHW,1.478335695264184e-17,equity_max_sharpe
2021-01-04,SLB,0.0,equity_max_sharpe
2021-02-01,SLB,1.2581637757402292e-17,equity_max_sharpe
2021-03-01,SLB,4.1870065161031696e-17,equity_max_sharpe
2021-04-01,SLB,9.370801901867951e-17,equity_max_sharpe
2021-05-03,SLB,0.0,equity_max_sharpe
2021-06-01,SLB,1.0809067207735925e-17,equity_max_sharpe
2021-07-01,SLB,0.0,equity_max_sharpe
2021-08-02,SLB,5.372390536377007e-17,equity_max_sharpe
2021-09-01,SLB,0.0,equity_max_sharpe
2021-10-01,SLB,0.0,equity_max_sharpe
2021-11-01,SLB,4.6914085047044884e-17,equity_max_sharpe
2021-12-01,SLB,0.0,equity_max_sharpe
2022-01-03,SLB,0.0,equity_max_sharpe
2022-02-01,SLB,0.0,equity_max_sharpe
2022-03-01,SLB,4.228448894559603e-17,equity_max_sharpe
2022-04-01,SLB,4.6489354694400275e-17,equity_max_sharpe
2022-05-02,SLB,8.943955448260849e-17,equity_max_sharpe
2022-06-01,SLB,2.9560283955921814e-17,equity_max_sharpe
2022-07-01,SLB,6.195761378247732e-17,equity_max_sharpe
2022-08-01,SLB,4.004725162703088e-16,equity_max_sharpe
2022-09-01,SLB,0.0,equity_max_sharpe
2022-10-03,SLB,8.812116844041147e-17,equity_max_sharpe
2022-11-01,SLB,3.299086850281751e-15,equity_max_sharpe
2022-12-01,SLB,2.2011751614747396e-16,equity_max_sharpe
2023-01-03,SLB,5.837331748796389e-16,equity_max_sharpe
2023-02-01,SLB,0.0,equity_max_sharpe
2023-03-01,SLB,4.08422253785987e-17,equity_max_sharpe
2023-04-03,SLB,0.0,equity_max_sharpe
2023-05-01,SLB,0.0,equity_max_sharpe
2023-06-01,SLB,5.231404552092781e-17,equity_max_sharpe
2023-07-03,SLB,2.2094545070110262e-16,equity_max_sharpe
2023-08-01,SLB,0.06957153925603905,equity_max_sharpe
2023-09-01,SLB,0.024309275708478694,equity_max_sharpe
2023-10-02,SLB,0.04233566589371493,equity_max_sharpe
2023-11-01,SLB,0.0,equity_max_sharpe
2023-12-01,SLB,4.7929087058799803e-17,equity_max_sharpe
2021-01-04,SO,0.0,equity_max_sharpe
2021-02-01,SO,2.916511094525558e-17,equity_max_sharpe
2021-03-01,SO,5.323432241100684e-17,equity_max_sharpe
2021-04-01,SO,7.203193547641152e-17,equity_max_sharpe
2021-05-03,SO,0.0,equity_max_sharpe
2021-06-01,SO,0.0,equity_max_sharpe
2021-07-01,SO,1.9059155508274168e-17,equity_max_sharpe
2021-08-02,SO,1.2809762355260031e-16,equity_max_sharpe
2021-09-01,SO,9.155882988284484e-17,equity_max_sharpe
2021-10-01,SO,0.0,equity_max_sharpe
2021-11-01,SO,0.0,equity_max_sharpe
2021-12-01,SO,2.0188577862013565e-17,equity_max_sharpe
2022-01-03,SO,5.363447602888198e-18,equity_max_sharpe
2022-02-01,SO,0.03600630130167439,equity_max_sharpe
2022-03-01,SO,6.145894644315987e-17,equity_max_sharpe
2022-04-01,SO,3.1872081009908417e-17,equity_max_sharpe
2022-05-02,SO,0.0,equity_max_sharpe
2022-06-01,SO,0.14077876810455286,equity_max_sharpe
2022-07-01,SO,0.22465552501350197,equity_max_sharpe
2022-08-01,SO,0.3026326056763674,equity_max_sharpe
2022-09-01,SO,0.33719671694175124,equity_max_sharpe
2022-10-03,SO,0.00943891401207126,equity_max_sharpe
2022-11-01,SO,0.0,equity_max_sharpe
2022-12-01,SO,0.0,equity_max_sharpe
2023-01-03,SO,0.0,equity_max_sharpe
2023-02-01,SO,0.0,equity_max_sharpe
2023-03-01,SO,0.0,equity_max_sharpe
2023-04-03,SO,9.168015141491536e-17,equity_max_sharpe
2023-05-01,SO,0.0,equity_max_sharpe
2023-06-01,SO,0.0,equity_max_sharpe
2023-07-03,SO,0.0,equity_max_sharpe
2023-08-01,SO,0.0,equity_max_sharpe
2023-09-01,SO,7.159160048088679e-17,equity_max_sharpe
2023-10-02,SO,0.0,equity_max_sharpe
2023-11-01,SO,0.0,equity_max_sharpe
2023-12-01,SO,0.0848075088649291,equity_max_sharpe
2021-01-04,T,9.197465687028922e-18,equity_max_sharpe
2021-02-01,T,0.0,equity_max_sharpe
2021-03-01,T,4.8373019581222054e-17,equity_max_sharpe
2021-04-01,T,1.1015685281331046e-17,equity_max_sharpe
2021-05-03,T,0.0,equity_max_sharpe
2021-06-01,T,1.1054963115024585e-16,equity_max_sharpe
2021-07-01,T,1.3641645383159366e-17,equity_max_sharpe
2021-08-02,T,0.0,equity_max_sharpe
2021-09-01,T,0.0,equity_max_sharpe
2021-10-01,T,0.0,equity_max_sharpe
2021-11-01,T,0.0,equity_max_sharpe
2021-12-01,T,5.437354886998573e-17,equity_max_sharpe
2022-01-03,T,2.4271224961801752e-17,equity_max_sharpe
2022-02-01,T,7.834257705072241e-17,equity_max_sharpe
2022-03-01,T,0.0,equity_max_sharpe
2022-04-01,T,7.423835297073357e-17,equity_max_sharpe
2022-05-02,T,1.4256173781885014e-18,equity_max_sharpe
2022-06-01,T,2.6992248106255646e-17,equity_max_sharpe
2022-07-01,T,2.1355632505989042e-17,equity_max_sharpe
2022-08-01,T,6.807207616588104e-17,equity_max_sharpe
2022-09-01,T,0.0,equity_max_sharpe
2022-10-03,T,8.106393557665229e-17,equity_max_sharpe
2022-11-01,T,0.0,equity_max_sharpe
2022-12-01,T,0.0,equity_max_sharpe
2023-01-03,T,0.0,equity_max_sharpe
2023-02-01,T,0.0,equity_max_sharpe
2023-03-01,T,7.109874847784734e-17,equity_max_sharpe
2023-04-03,T,0.0,equity_max_sharpe
2023-05-01,T,0.0,equity_max_sharpe
2023-06-01,T,2.6446632138152405e-17,equity_max_sharpe
2023-07-03,T,1.4929250923731697e-16,equity_max_sharpe
2023-08-01,T,0.0,equity_max_sharpe
2023-09-01,T,0.0,equity_max_sharpe
2023-10-02,T,8.214898994108995e-17,equity_max_sharpe
2023-11-01,T,0.0,equity_max_sharpe
2023-12-01,T,0.0,equity_max_sharpe
2021-01-04,TMUS,0.29086341380337216,equity_max_sharpe
2021-02-01,TMUS,0.07874702958652327,equity_max_sharpe
2021-03-01,TMUS,0.0,equity_max_sharpe
2021-04-01,TMUS,0.0,equity_max_sharpe
2021-05-03,TMUS,0.0,equity_max_sharpe
2021-06-01,TMUS,0.0,equity_max_sharpe
2021-07-01,TMUS,5.806642623288665e-17,equity_max_sharpe
2021-08-02,TMUS,0.0,equity_max_sharpe
2021-09-01,TMUS,0.0,equity_max_sharpe
2021-10-01,TMUS,4.9899832965647675e-17,equity_max_sharpe
2021-11-01,TMUS,0.0,equity_max_sharpe
2021-12-01,TMUS,0.0,equity_max_sharpe
2022-01-03,TMUS,1.199703542352469e-16,equity_max_sharpe
2022-02-01,TMUS,1.579872456236565e-18,equity_max_sharpe
2022-03-01,TMUS,0.0,equity_max_sharpe
2022-04-01,TMUS,5.070482219120048e-18,equity_max_sharpe
2022-05-02,TMUS,1.0189754470019633e-17,equity_max_sharpe
2022-06-01,TMUS,1.2603152607227715e-16,equity_max_sharpe
2022-07-01,TMUS,2.272687998465845e-17,equity_max_sharpe
2022-08-01,TMUS,7.61671597898004e-18,equity_max_sharpe
2022-09-01,TMUS,1.353126506709012e-18,equity_max_sharpe
2022-10-03,TMUS,4.198028064219166e-17,equity_max_sharpe
2022-11-01,TMUS,0.008354098286470265,equity_max_sharpe
2022-12-01,TMUS,0.02499720092930549,equity_max_sharpe
2023-01-03,TMUS,0.0,equity_max_sharpe
2023-02-01,TMUS,0.12545584243472072,equity_max_sharpe
2023-03-01,TMUS,9.142025672504747e-17,equity_max_sharpe
2023-04-03,TMUS,0.0,equity_max_sharpe
2023-05-01,TMUS,0.0,equity_max_sharpe
2023-06-01,TMUS,0.0,equity_max_sharpe
2023-07-03,TMUS,0.0,equity_max_sharpe
2023-08-01,TMUS,0.0,equity_max_sharpe
2023-09-01,TMUS,0.0,equity_max_sharpe
2023-10-02,TMUS,1.4976783675341235e-17,equity_max_sharpe
2023-11-01,TMUS,0.0,equity_max_sharpe
2023-12-01,TMUS,0.0,equity_max_sharpe
2021-01-04,TTWO,0.24253981202283786,equity_max_sharpe
2021-02-01,TTWO,0.18634336984650757,equity_max_sharpe
2021-03-01,TTWO,0.3299412858496898,equity_max_sharpe
2021-04-01,TTWO,0.17554446355904949,equity_max_sharpe
2021-05-03,TTWO,0.1024174848221024,equity_max_sharpe
2021-06-01,TTWO,0.11437623929750758,equity_max_sharpe
2021-07-01,TTWO,0.0,equity_max_sharpe
2021-08-02,TTWO,3.211994188035594e-17,equity_max_sharpe
2021-09-01,TTWO,0.0,equity_max_sharpe
2021-10-01,TTWO,0.0,equity_max_sharpe
2021-11-01,TTWO,0.0,equity_max_sharpe
2021-12-01,TTWO,0.0,equity_max_sharpe
2022-01-03,TTWO,0.0,equity_max_sharpe
2022-02-01,TTWO,0.0,equity_max_sharpe
2022-03-01,TTWO,0.0,equity_max_sharpe
2022-04-01,TTWO,0.0,equity_max_sharpe
2022-05-02,TTWO,0.0,equity_max_sharpe
2022-06-01,TTWO,1.494213740859589e-16,equity_max_sharpe
2022-07-01,TTWO,8.688283160966301e-17,equity_max_sharpe
2022-08-01,TTWO,5.227947205696071e-18,equity_max_sharpe
2022-09-01,TTWO,0.0,equity_max_sharpe
2022-10-03,TTWO,1.2300246170400979e-17,equity_max_sharpe
2022-11-01,TTWO,0.0,equity_max_sharpe
2022-12-01,TTWO,0.0,equity_max_sharpe
2023-01-03,TTWO,1.6160958848443092e-16,equity_max_sharpe
2023-02-01,TTWO,2.8261852820195087e-17,equity_max_sharpe
2023-03-01,TTWO,9.382409242846559e-17,equity_max_sharpe
2023-04-03,TTWO,1.222652243458871e-16,equity_max_sharpe
2023-05-01,TTWO,0.0,equity_max_sharpe
2023-06-01,TTWO,0.0,equity_max_sharpe
2023-07-03,TTWO,2.2517659655675976e-17,equity_max_sharpe
2023-08-01,TTWO,3.0415659446655104e-17,equity_max_sharpe
2023-09-01,TTWO,0.0,equity_max_sharpe
2023-10-02,TTWO,5.5237268976776646e-17,equity_max_sharpe
2023-11-01,TTWO,1.713749622607374e-17,equity_max_sharpe
2023-12-01,TTWO,0.06356569749376442,equity_max_sharpe
2021-01-04,UPS,0.10678554495619805,equity_max_sharpe
2021-02-01,UPS,0.10876627931107942,equity_max_sharpe
2021-03-01,UPS,0.28328664123965797,equity_max_sharpe
2021-04-01,UPS,0.08883854094593018,equity_max_sharpe
2021-05-03,UPS,0.184183669313414,equity_max_sharpe
2021-06-01,UPS,0.209614748944775,equity_max_sharpe
2021-07-01,UPS,0.08705201550627142,equity_max_sharpe
2021-08-02,UPS,0.0,equity_max_sharpe
2021-09-01,UPS,0.0,equity_max_sharpe
2021-10-01,UPS,0.0,equity_max_sharpe
2021-11-01,UPS,2.1696702432214184e-18,equity_max_sharpe
2021-12-01,UPS,0.0,equity_max_sharpe
2022-01-03,UPS,8.828753195112941e-18,equity_max_sharpe
2022-02-01,UPS,2.8082524541362895e-18,equity_max_sharpe
2022-03-01,UPS,7.626209623980379e-17,equity_max_sharpe
2022-04-01,UPS,5.208534462941597e-18,equity_max_sharpe
2022-05-02,UPS,3.366970783422356e-17,equity_max_sharpe
2022-06-01,UPS,0.0,equity_max_sharpe
2022-07-01,UPS,1.273624911272321e-16,equity_max_sharpe
2022-08-01,UPS,4.331344831745096e-17,equity_max_sharpe
2022-09-01,UPS,0.0,equity_max_sharpe
2022-10-03,UPS,0.0,equity_max_sharpe
2022-11-01,UPS,4.0644257134296056e-17,equity_max_sharpe
2022-12-01,UPS,0.0,equity_max_sharpe
2023-01-03,UPS,1.624790168629534e-17,equity_max_sharpe
2023-02-01,UPS,0.0,equity_max_sharpe
2023-03-01,UPS,2.7576878671591482e-17,equity_max_sharpe
2023-04-03,UPS,0.0,equity_max_sharpe
2023-05-01,UPS,0.0,equity_max_sharpe
2023-06-01,UPS,2.724602576921875e-17,equity_max_sharpe
2023-07-03,UPS,0.0,equity_max_sharpe
2023-08-01,UPS,7.234555653204103e-19,equity_max_sharpe
2023-09-01,UPS,0.0,equity_max_sharpe
2023-10-02,UPS,9.331778388492284e-19,equity_max_sharpe
2023-11-01,UPS,0.0,equity_max_sharpe
2023-12-01,UPS,5.461981970520409e-17,equity_max_sharpe
2021-01-04,USB,0.0,equity_max_sharpe
2021-02-01,USB,4.2234784673184066e-17,equity_max_sharpe
2021-03-01,USB,8.316010155708848e-18,equity_max_sharpe
2021-04-01,USB,0.0,equity_max_sharpe
2021-05-03,USB,2.978493684628036e-17,equity_max_sharpe
2021-06-01,USB,0.0,equity_max_sharpe
2021-07-01,USB,7.457873784751931e-18,equity_max_sharpe
2021-08-02,USB,2.99361374032287e-17,equity_max_sharpe
2021-09-01,USB,1.7370111926493232e-16,equity_max_sharpe
2021-10-01,USB,0.0,equity_max_sharpe
2021-11-01,USB,0.0,equity_max_sharpe
2021-12-01,USB,0.0,equity_max_sharpe
2022-01-03,USB,2.0105838590888357e-17,equity_max_sharpe
2022-02-01,USB,1.3440667553962714e-16,equity_max_sharpe
2022-03-01,USB,2.5242849630820045e-17,equity_max_sharpe
2022-04-01,USB,1.4305143584188212e-17,equity_max_sharpe
2022-05-02,USB,0.0,equity_max_sharpe
2022-06-01,USB,0.0,equity_max_sharpe
2022-07-01,USB,2.1598674453978474e-17,equity_max_sharpe
2022-08-01,USB,8.018923597499283e-17,equity_max_sharpe
2022-09-01,USB,6.287556104740197e-17,equity_max_sharpe
2022-10-03,USB,0.0,equity_max_sharpe
2022-11-01,USB,4.3166869519642384e-17,equity_max_sharpe
2022-12-01,USB,1.1636980131002385e-16,equity_max_sharpe
2023-01-03,USB,2.0526695512257694e-16,equity_max_sharpe
2023-02-01,USB,0.0,equity_max_sharpe
2023-03-01,USB,3.0723525989809234e-17,equity_max_sharpe
2023-04-03,USB,0.0,equity_max_sharpe
2023-05-01,USB,0.0,equity_max_sharpe
2023-06-01,USB,0.0,equity_max_sharpe
2023-07-03,USB,4.3382401385234814e-18,equity_max_sharpe
2023-08-01,USB,2.4385013379766173e-18,equity_max_sharpe
2023-09-01,USB,5.230477559985202e-17,equity_max_sharpe
2023-10-02,USB,0.0,equity_max_sharpe
2023-11-01,USB,3.821420554142443e-17,equity_max_sharpe
2023-12-01,USB,0.0,equity_max_sharpe
2021-01-04,V,0.0,equity_max_sharpe
2021-02-01,V,0.0,equity_max_sharpe
2021-03-01,V,1.1023714855836445e-16,equity_max_sharpe
2021-04-01,V,0.0,equity_max_sharpe
2021-05-03,V,0.0,equity_max_sharpe
2021-06-01,V,0.0,equity_max_sharpe
2021-07-01,V,0.0,equity_max_sharpe
2021-08-02,V,0.0,equity_max_sharpe
2021-09-01,V,4.53322079028411e-17,equity_max_sharpe
2021-10-01,V,0.0,equity_max_sharpe
2021-11-01,V,8.475888396781998e-17,equity_max_sharpe
2021-12-01,V,4.112061050671835e-17,equity_max_sharpe
2022-01-03,V,0.0,equity_max_sharpe
2022-02-01,V,1.5028523073424374e-17,equity_max_sharpe
2022-03-01,V,0.0,equity_max_sharpe
2022-04-01,V,1.6877849681855243e-17,equity_max_sharpe
2022-05-02,V,8.384247714688583e-18,equity_max_sharpe
2022-06-01,V,0.0,equity_max_sharpe
2022-07-01,V,5.710865047410622e-17,equity_max_sharpe
2022-08-01,V,0.0,equity_max_sharpe
2022-09-01,V,0.0,equity_max_sharpe
2022-10-03,V,0.0,equity_max_sharpe
2022-11-01,V,2.779646139034283e-17,equity_max_sharpe
2022-12-01,V,0.0,equity_max_sharpe
2023-01-03,V,0.0,equity_max_sharpe
2023-02-01,V,0.0,equity_max_sharpe
2023-03-01,V,3.0244149142552894e-17,equity_max_sharpe
2023-04-03,V,1.3564454950920256e-16,equity_max_sharpe
2023-05-01,V,0.0,equity_max_sharpe
2023-06-01,V,0.0,equity_max_sharpe
2023-07-03,V,0.0,equity_max_sharpe
2023-08-01,V,0.0,equity_max_sharpe
2023-09-01,V,0.0,equity_max_sharpe
2023-10-02,V,0.0,equity_max_sharpe
2023-11-01,V,0.0,equity_max_sharpe
2023-12-01,V,0.0,equity_max_sharpe
2021-01-04,WFC,6.969198019373072e-17,equity_max_sharpe
2021-02-01,WFC,0.0,equity_max_sharpe
2021-03-01,WFC,8.119464423638683e-17,equity_max_sharpe
2021-04-01,WFC,4.4961578097529405e-18,equity_max_sharpe
2021-05-03,WFC,0.0,equity_max_sharpe
2021-06-01,WFC,2.326483944660959e-17,equity_max_sharpe
2021-07-01,WFC,0.0,equity_max_sharpe
2021-08-02,WFC,0.0,equity_max_sharpe
2021-09-01,WFC,8.472673373829833e-17,equity_max_sharpe
2021-10-01,WFC,0.005580326303143164,equity_max_sharpe
2021-11-01,WFC,0.08153123873310653,equity_max_sharpe
2021-12-01,WFC,0.061429399972372775,equity_max_sharpe
2022-01-03,WFC,0.027865901819706485,equity_max_sharpe
2022-02-01,WFC,0.06190550558338869,equity_max_sharpe
2022-03-01,WFC,8.232878842271627e-18,equity_max_sharpe
2022-04-01,WFC,1.3169890861982455e-17,equity_max_sharpe
2022-05-02,WFC,0.0,equity_max_sharpe
2022-06-01,WFC,0.0,equity_max_sharpe
2022-07-01,WFC,2.1130678646017667e-17,equity_max_sharpe
2022-08-01,WFC,8.676134280824467e-18,equity_max_sharpe
2022-09-01,WFC,4.496515889493843e-17,equity_max_sharpe
2022-10-03,WFC,0.0,equity_max_sharpe
2022-11-01,WFC,0.0,equity_max_sharpe
2022-12-01,WFC,0.0,equity_max_sharpe
2023-01-03,WFC,1.1816290589993277e-16,equity_max_sharpe
2023-02-01,WFC,2.6510724111661408e-17,equity_max_sharpe
2023-03-01,WFC,3.250999855640054e-17,equity_max_sharpe
2023-04-03,WFC,1.13472615081874e-16,equity_max_sharpe
2023-05-01,WFC,0.0,equity_max_sharpe
2023-06-01,WFC,1.582665172543434e-17,equity_max_sharpe
2023-07-03,WFC,0.0,equity_max_sharpe
2023-08-01,WFC,7.637128250728904e-17,equity_max_sharpe
2023-09-01,WFC,9.75666632633178e-17,equity_max_sharpe
2023-10-02,WFC,0.0,equity_max_sharpe
2023-11-01,WFC,8.38181556612013e-17,equity_max_sharpe
2023-12-01,WFC,4.085193296840271e-17,equity_max_sharpe
2021-01-04,WMT,0.0,equity_max_sharpe
2021-02-01,WMT,0.0,equity_max_sharpe
2021-03-01,WMT,0.0,equity_max_sharpe
2021-04-01,WMT,2.7302321288421778e-17,equity_max_sharpe
2021-05-03,WMT,0.0,equity_max_sharpe
2021-06-01,WMT,0.0,equity_max_sharpe
2021-07-01,WMT,0.0,equity_max_sharpe
2021-08-02,WMT,5.379806515747181e-18,equity_max_sharpe
2021-09-01,WMT,1.7214731183826285e-17,equity_max_sharpe
2021-10-01,WMT,2.859061208812364e-17,equity_max_sharpe
2021-11-01,WMT,0.0,equity_max_sharpe
2021-12-01,WMT,0.0,equity_max_sharpe
2022-01-03,WMT,0.0,equity_max_sharpe
2022-02-01,WMT,5.192528142460191e-17,equity_max_sharpe
2022-03-01,WMT,0.0,equity_max_sharpe
2022-04-01,WMT,5.636219495940245e-17,equity_max_sharpe
2022-05-02,WMT,7.455201892437842e-17,equity_max_sharpe
2022-06-01,WMT,0.0,equity_max_sharpe
2022-07-01,WMT,1.3967843667305456e-16,equity_max_sharpe
2022-08-01,WMT,0.0,equity_max_sharpe
2022-09-01,WMT,0.0,equity_max_sharpe
2022-10-03,WMT,0.0,equity_max_sharpe
2022-11-01,WMT,0.0,equity_max_sharpe
2022-12-01,WMT,0.0,equity_max_sharpe
2023-01-03,WMT,0.0,equity_max_sharpe
2023-02-01,WMT,0.0,equity_max_sharpe
2023-03-01,WMT,1.6195216878503478e-17,equity_max_sharpe
2023-04-03,WMT,0.0,equity_max_sharpe
2023-05-01,WMT,9.181017194714065e-17,equity_max_sharpe
2023-06-01,WMT,2.8590849847813267e-16,equity_max_sharpe
2023-07-03,WMT,0.0819766183517266,equity_max_sharpe
2023-08-01,WMT,0.003782054824348628,equity_max_sharpe
2023-09-01,WMT,0.04229087912744668,equity_max_sharpe
2023-10-02,WMT,0.0,equity_max_sharpe
2023-11-01,WMT,0.13459661231886969,equity_max_sharpe
2023-12-01,WMT,1.3107294400653677e-17,equity_max_sharpe
2021-01-04,XOM,6.27574280118912e-17,equity_max_sharpe
2021-02-01,XOM,7.819935596606031e-17,equity_max_sharpe
2021-03-01,XOM,2.9570804140744804e-18,equity_max_sharpe
2021-04-01,XOM,4.961503138577933e-17,equity_max_sharpe
2021-05-03,XOM,0.0,equity_max_sharpe
2021-06-01,XOM,0.0,equity_max_sharpe
2021-07-01,XOM,5.723272559070204e-17,equity_max_sharpe
2021-08-02,XOM,0.0,equity_max_sharpe
2021-09-01,XOM,0.0,equity_max_sharpe
2021-10-01,XOM,0.0,equity_max_sharpe
2021-11-01,XOM,0.0,equity_max_sharpe
2021-12-01,XOM,0.03075325351856224,equity_max_sharpe
2022-01-03,XOM,5.4920535775309067e-17,equity_max_sharpe
2022-02-01,XOM,0.0,equity_max_sharpe
2022-03-01,XOM,1.6539504683416604e-16,equity_max_sharpe
2022-04-01,XOM,0.0,equity_max_sharpe
2022-05-02,XOM,2.4425833039805256e-16,equity_max_sharpe
2022-06-01,XOM,4.3160381284365986e-16,equity_max_sharpe
2022-07-01,XOM,1.1247495719479706e-16,equity_max_sharpe
2022-08-01,XOM,0.0,equity_max_sharpe
2022-09-01,XOM,0.06844356307938336,equity_max_sharpe
2022-10-03,XOM,0.03988915721790462,equity_max_sharpe
2022-11-01,XOM,0.20858860595444523,equity_max_sharpe
2022-12-01,XOM,0.17173327563596863,equity_max_sharpe
2023-01-03,XOM,0.2439183518942298,equity_max_sharpe
2023-02-01,XOM,0.15257520921226578,equity_max_sharpe
2023-03-01,XOM,0.14924046499803156,equity_max_sharpe
2023-04-03,XOM,0.16098761325730337,equity_max_sharpe
2023-05-01,XOM,0.06648965945107448,equity_max_sharpe
2023-06-01,XOM,1.9338266988671401e-16,equity_max_sharpe
2023-07-03,XOM,0.0,equity_max_sharpe
2023-08-01,XOM,0.0,equity_max_sharpe
2023-09-01,XOM,0.0,equity_max_sharpe
2023-10-02,XOM,0.0,equity_max_sharpe
2023-11-01,XOM,4.7484628877893127e-17,equity_max_sharpe
2023-12-01,XOM,2.973630120554266e-17,equity_max_sharpe
2021-01-04,ABBV,0.02,equity_risk_parity
2021-02-01,ABBV,0.02,equity_risk_parity
2021-03-01,ABBV,0.02,equity_risk_parity
2021-04-01,ABBV,0.02,equity_risk_parity
2021-05-03,ABBV,0.02,equity_risk_parity
2021-06-01,ABBV,0.02,equity_risk_parity
2021-07-01,ABBV,0.02,equity_risk_parity
2021-08-02,ABBV,0.02,equity_risk_parity
2021-09-01,ABBV,0.02,equity_risk_parity
2021-10-01,ABBV,0.02,equity_risk_parity
2021-11-01,ABBV,0.02,equity_risk_parity
2021-12-01,ABBV,0.02,equity_risk_parity
2022-01-03,ABBV,0.02,equity_risk_parity
2022-02-01,ABBV,0.02,equity_risk_parity
2022-03-01,ABBV,0.02,equity_risk_parity
2022-04-01,ABBV,0.02,equity_risk_parity
2022-05-02,ABBV,0.02,equity_risk_parity
2022-06-01,ABBV,0.02,equity_risk_parity
2022-07-01,ABBV,0.02,equity_risk_parity
2022-08-01,ABBV,0.02,equity_risk_parity
2022-09-01,ABBV,0.02,equity_risk_parity
2022-10-03,ABBV,0.02,equity_risk_parity
2022-11-01,ABBV,0.02,equity_risk_parity
2022-12-01,ABBV,0.02,equity_risk_parity
2023-01-03,ABBV,0.02,equity_risk_parity
2023-02-01,ABBV,0.02,equity_risk_parity
2023-03-01,ABBV,0.02,equity_risk_parity
2023-04-03,ABBV,0.02,equity_risk_parity
2023-05-01,ABBV,0.02,equity_risk_parity
2023-06-01,ABBV,0.02,equity_risk_parity
2023-07-03,ABBV,0.02,equity_risk_parity
2023-08-01,ABBV,0.02,equity_risk_parity
2023-09-01,ABBV,0.02,equity_risk_parity
2023-10-02,ABBV,0.02,equity_risk_parity
2023-11-01,ABBV,0.02,equity_risk_parity
2023-12-01,ABBV,0.02,equity_risk_parity
2021-01-04,ABT,0.02,equity_risk_parity
2021-02-01,ABT,0.02,equity_risk_parity
2021-03-01,ABT,0.02,equity_risk_parity
2021-04-01,ABT,0.02,equity_risk_parity
2021-05-03,ABT,0.02,equity_risk_parity
2021-06-01,ABT,0.02,equity_risk_parity
2021-07-01,ABT,0.02,equity_risk_parity
2021-08-02,ABT,0.02,equity_risk_parity
2021-09-01,ABT,0.02,equity_risk_parity
2021-10-01,ABT,0.02,equity_risk_parity
2021-11-01,ABT,0.02,equity_risk_parity
2021-12-01,ABT,0.02,equity_risk_parity
2022-01-03,ABT,0.02,equity_risk_parity
2022-02-01,ABT,0.02,equity_risk_parity
2022-03-01,ABT,0.02,equity_risk_parity
2022-04-01,ABT,0.02,equity_risk_parity
2022-05-02,ABT,0.02,equity_risk_parity
2022-06-01,ABT,0.02,equity_risk_parity
2022-07-01,ABT,0.02,equity_risk_parity
2022-08-01,ABT,0.02,equity_risk_parity
2022-09-01,ABT,0.02,equity_risk_parity
2022-10-03,ABT,0.02,equity_risk_parity
2022-11-01,ABT,0.02,equity_risk_parity
2022-12-01,ABT,0.02,equity_risk_parity
2023-01-03,ABT,0.02,equity_risk_parity
2023-02-01,ABT,0.02,equity_risk_parity
2023-03-01,ABT,0.02,equity_risk_parity
2023-04-03,ABT,0.02,equity_risk_parity
2023-05-01,ABT,0.02,equity_risk_parity
2023-06-01,ABT,0.02,equity_risk_parity
2023-07-03,ABT,0.02,equity_risk_parity
2023-08-01,ABT,0.02,equity_risk_parity
2023-09-01,ABT,0.02,equity_risk_parity
2023-10-02,ABT,0.02,equity_risk_parity
2023-11-01,ABT,0.02,equity_risk_parity
2023-12-01,ABT,0.02,equity_risk_parity
2021-01-04,ADBE,0.02,equity_risk_parity
2021-02-01,ADBE,0.02,equity_risk_parity
2021-03-01,ADBE,0.02,equity_risk_parity
2021-04-01,ADBE,0.02,equity_risk_parity
2021-05-03,ADBE,0.02,equity_risk_parity
2021-06-01,ADBE,0.02,equity_risk_parity
2021-07-01,ADBE,0.02,equity_risk_parity
2021-08-02,ADBE,0.02,equity_risk_parity
2021-09-01,ADBE,0.02,equity_risk_parity
2021-10-01,ADBE,0.02,equity_risk_parity
2021-11-01,ADBE,0.02,equity_risk_parity
2021-12-01,ADBE,0.02,equity_risk_parity
2022-01-03,ADBE,0.02,equity_risk_parity
2022-02-01,ADBE,0.02,equity_risk_parity
2022-03-01,ADBE,0.02,equity_risk_parity
2022-04-01,ADBE,0.02,equity_risk_parity
2022-05-02,ADBE,0.02,equity_risk_parity
2022-06-01,ADBE,0.02,equity_risk_parity
2022-07-01,ADBE,0.02,equity_risk_parity
2022-08-01,ADBE,0.02,equity_risk_parity
2022-09-01,ADBE,0.02,equity_risk_parity
2022-10-03,ADBE,0.02,equity_risk_parity
2022-11-01,ADBE,0.02,equity_risk_parity
2022-12-01,ADBE,0.02,equity_risk_parity
2023-01-03,ADBE,0.02,equity_risk_parity
2023-02-01,ADBE,0.02,equity_risk_parity
2023-03-01,ADBE,0.02,equity_risk_parity
2023-04-03,ADBE,0.02,equity_risk_parity
2023-05-01,ADBE,0.02,equity_risk_parity
2023-06-01,ADBE,0.02,equity_risk_parity
2023-07-03,ADBE,0.02,equity_risk_parity
2023-08-01,ADBE,0.02,equity_risk_parity
2023-09-01,ADBE,0.02,equity_risk_parity
2023-10-02,ADBE,0.02,equity_risk_parity
2023-11-01,ADBE,0.02,equity_risk_parity
2023-12-01,ADBE,0.02,equity_risk_parity
2021-01-04,AEP,0.02,equity_risk_parity
2021-02-01,AEP,0.02,equity_risk_parity
2021-03-01,AEP,0.02,equity_risk_parity
2021-04-01,AEP,0.02,equity_risk_parity
2021-05-03,AEP,0.02,equity_risk_parity
2021-06-01,AEP,0.02,equity_risk_parity
2021-07-01,AEP,0.02,equity_risk_parity
2021-08-02,AEP,0.02,equity_risk_parity
2021-09-01,AEP,0.02,equity_risk_parity
2021-10-01,AEP,0.02,equity_risk_parity
2021-11-01,AEP,0.02,equity_risk_parity
2021-12-01,AEP,0.02,equity_risk_parity
2022-01-03,AEP,0.02,equity_risk_parity
2022-02-01,AEP,0.02,equity_risk_parity
2022-03-01,AEP,0.02,equity_risk_parity
2022-04-01,AEP,0.02,equity_risk_parity
2022-05-02,AEP,0.02,equity_risk_parity
2022-06-01,AEP,0.02,equity_risk_parity
2022-07-01,AEP,0.02,equity_risk_parity
2022-08-01,AEP,0.02,equity_risk_parity
2022-09-01,AEP,0.02,equity_risk_parity
2022-10-03,AEP,0.02,equity_risk_parity
2022-11-01,AEP,0.02,equity_risk_parity
2022-12-01,AEP,0.02,equity_risk_parity
2023-01-03,AEP,0.02,equity_risk_parity
2023-02-01,AEP,0.02,equity_risk_parity
2023-03-01,AEP,0.02,equity_risk_parity
2023-04-03,AEP,0.02,equity_risk_parity
2023-05-01,AEP,0.02,equity_risk_parity
2023-06-01,AEP,0.02,equity_risk_parity
2023-07-03,AEP,0.02,equity_risk_parity
2023-08-01,AEP,0.02,equity_risk_parity
2023-09-01,AEP,0.02,equity_risk_parity
2023-10-02,AEP,0.02,equity_risk_parity
2023-11-01,AEP,0.02,equity_risk_parity
2023-12-01,AEP,0.02,equity_risk_parity
2021-01-04,AMD,0.02,equity_risk_parity
2021-02-01,AMD,0.02,equity_risk_parity
2021-03-01,AMD,0.02,equity_risk_parity
2021-04-01,AMD,0.02,equity_risk_parity
2021-05-03,AMD,0.02,equity_risk_parity
2021-06-01,AMD,0.02,equity_risk_parity
2021-07-01,AMD,0.02,equity_risk_parity
2021-08-02,AMD,0.02,equity_risk_parity
2021-09-01,AMD,0.02,equity_risk_parity
2021-10-01,AMD,0.02,equity_risk_parity
2021-11-01,AMD,0.02,equity_risk_parity
2021-12-01,AMD,0.02,equity_risk_parity
2022-01-03,AMD,0.02,equity_risk_parity
2022-02-01,AMD,0.02,equity_risk_parity
2022-03-01,AMD,0.02,equity_risk_parity
2022-04-01,AMD,0.02,equity_risk_parity
2022-05-02,AMD,0.02,equity_risk_parity
2022-06-01,AMD,0.02,equity_risk_parity
2022-07-01,AMD,0.02,equity_risk_parity
2022-08-01,AMD,0.02,equity_risk_parity
2022-09-01,AMD,0.02,equity_risk_parity
2022-10-03,AMD,0.02,equity_risk_parity
2022-11-01,AMD,0.02,equity_risk_parity
2022-12-01,AMD,0.02,equity_risk_parity
2023-01-03,AMD,0.02,equity_risk_parity
2023-02-01,AMD,0.02,equity_risk_parity
2023-03-01,AMD,0.02,equity_risk_parity
2023-04-03,AMD,0.02,equity_risk_parity
2023-05-01,AMD,0.02,equity_risk_parity
2023-06-01,AMD,0.02,equity_risk_parity
2023-07-03,AMD,0.02,equity_risk_parity
2023-08-01,AMD,0.02,equity_risk_parity
2023-09-01,AMD,0.02,equity_risk_parity
2023-10-02,AMD,0.02,equity_risk_parity
2023-11-01,AMD,0.02,equity_risk_parity
2023-12-01,AMD,0.02,equity_risk_parity
2021-01-04,AMGN,0.02,equity_risk_parity
2021-02-01,AMGN,0.02,equity_risk_parity
2021-03-01,AMGN,0.02,equity_risk_parity
2021-04-01,AMGN,0.02,equity_risk_parity
2021-05-03,AMGN,0.02,equity_risk_parity
2021-06-01,AMGN,0.02,equity_risk_parity
2021-07-01,AMGN,0.02,equity_risk_parity
2021-08-02,AMGN,0.02,equity_risk_parity
2021-09-01,AMGN,0.02,equity_risk_parity
2021-10-01,AMGN,0.02,equity_risk_parity
2021-11-01,AMGN,0.02,equity_risk_parity
2021-12-01,AMGN,0.02,equity_risk_parity
2022-01-03,AMGN,0.02,equity_risk_parity
2022-02-01,AMGN,0.02,equity_risk_parity
2022-03-01,AMGN,0.02,equity_risk_parity
2022-04-01,AMGN,0.02,equity_risk_parity
2022-05-02,AMGN,0.02,equity_risk_parity
2022-06-01,AMGN,0.02,equity_risk_parity
2022-07-01,AMGN,0.02,equity_risk_parity
2022-08-01,AMGN,0.02,equity_risk_parity
2022-09-01,AMGN,0.02,equity_risk_parity
2022-10-03,AMGN,0.02,equity_risk_parity
2022-11-01,AMGN,0.02,equity_risk_parity
2022-12-01,AMGN,0.02,equity_risk_parity
2023-01-03,AMGN,0.02,equity_risk_parity
2023-02-01,AMGN,0.02,equity_risk_parity
2023-03-01,AMGN,0.02,equity_risk_parity
2023-04-03,AMGN,0.02,equity_risk_parity
2023-05-01,AMGN,0.02,equity_risk_parity
2023-06-01,AMGN,0.02,equity_risk_parity
2023-07-03,AMGN,0.02,equity_risk_parity
2023-08-01,AMGN,0.02,equity_risk_parity
2023-09-01,AMGN,0.02,equity_risk_parity
2023-10-02,AMGN,0.02,equity_risk_parity
2023-11-01,AMGN,0.02,equity_risk_parity
2023-12-01,AMGN,0.02,equity_risk_parity
2021-01-04,AMT,0.02,equity_risk_parity
2021-02-01,AMT,0.02,equity_risk_parity
2021-03-01,AMT,0.02,equity_risk_parity
2021-04-01,AMT,0.02,equity_risk_parity
2021-05-03,AMT,0.02,equity_risk_parity
2021-06-01,AMT,0.02,equity_risk_parity
2021-07-01,AMT,0.02,equity_risk_parity
2021-08-02,AMT,0.02,equity_risk_parity
2021-09-01,AMT,0.02,equity_risk_parity
2021-10-01,AMT,0.02,equity_risk_parity
2021-11-01,AMT,0.02,equity_risk_parity
2021-12-01,AMT,0.02,equity_risk_parity
2022-01-03,AMT,0.02,equity_risk_parity
2022-02-01,AMT,0.02,equity_risk_parity
2022-03-01,AMT,0.02,equity_risk_parity
2022-04-01,AMT,0.02,equity_risk_parity
2022-05-02,AMT,0.02,equity_risk_parity
2022-06-01,AMT,0.02,equity_risk_parity
2022-07-01,AMT,0.02,equity_risk_parity
2022-08-01,AMT,0.02,equity_risk_parity
2022-09-01,AMT,0.02,equity_risk_parity
2022-10-03,AMT,0.02,equity_risk_parity
2022-11-01,AMT,0.02,equity_risk_parity
2022-12-01,AMT,0.02,equity_risk_parity
2023-01-03,AMT,0.02,equity_risk_parity
2023-02-01,AMT,0.02,equity_risk_parity
2023-03-01,AMT,0.02,equity_risk_parity
2023-04-03,AMT,0.02,equity_risk_parity
2023-05-01,AMT,0.02,equity_risk_parity
2023-06-01,AMT,0.02,equity_risk_parity
2023-07-03,AMT,0.02,equity_risk_parity
2023-08-01,AMT,0.02,equity_risk_parity
2023-09-01,AMT,0.02,equity_risk_parity
2023-10-02,AMT,0.02,equity_risk_parity
2023-11-01,AMT,0.02,equity_risk_parity
2023-12-01,AMT,0.02,equity_risk_parity
2021-01-04,BA,0.02,equity_risk_parity
2021-02-01,BA,0.02,equity_risk_parity
2021-03-01,BA,0.02,equity_risk_parity
2021-04-01,BA,0.02,equity_risk_parity
2021-05-03,BA,0.02,equity_risk_parity
2021-06-01,BA,0.02,equity_risk_parity
2021-07-01,BA,0.02,equity_risk_parity
2021-08-02,BA,0.02,equity_risk_parity
2021-09-01,BA,0.02,equity_risk_parity
2021-10-01,BA,0.02,equity_risk_parity
2021-11-01,BA,0.02,equity_risk_parity
2021-12-01,BA,0.02,equity_risk_parity
2022-01-03,BA,0.02,equity_risk_parity
2022-02-01,BA,0.02,equity_risk_parity
2022-03-01,BA,0.02,equity_risk_parity
2022-04-01,BA,0.02,equity_risk_parity
2022-05-02,BA,0.02,equity_risk_parity
2022-06-01,BA,0.02,equity_risk_parity
2022-07-01,BA,0.02,equity_risk_parity
2022-08-01,BA,0.02,equity_risk_parity
2022-09-01,BA,0.02,equity_risk_parity
2022-10-03,BA,0.02,equity_risk_parity
2022-11-01,BA,0.02,equity_risk_parity
2022-12-01,BA,0.02,equity_risk_parity
2023-01-03,BA,0.02,equity_risk_parity
2023-02-01,BA,0.02,equity_risk_parity
2023-03-01,BA,0.02,equity_risk_parity
2023-04-03,BA,0.02,equity_risk_parity
2023-05-01,BA,0.02,equity_risk_parity
2023-06-01,BA,0.02,equity_risk_parity
2023-07-03,BA,0.02,equity_risk_parity
2023-08-01,BA,0.02,equity_risk_parity
2023-09-01,BA,0.02,equity_risk_parity
2023-10-02,BA,0.02,equity_risk_parity
2023-11-01,BA,0.02,equity_risk_parity
2023-12-01,BA,0.02,equity_risk_parity
2021-01-04,CAT,0.02,equity_risk_parity
2021-02-01,CAT,0.02,equity_risk_parity
2021-03-01,CAT,0.02,equity_risk_parity
2021-04-01,CAT,0.02,equity_risk_parity
2021-05-03,CAT,0.02,equity_risk_parity
2021-06-01,CAT,0.02,equity_risk_parity
2021-07-01,CAT,0.02,equity_risk_parity
2021-08-02,CAT,0.02,equity_risk_parity
2021-09-01,CAT,0.02,equity_risk_parity
2021-10-01,CAT,0.02,equity_risk_parity
2021-11-01,CAT,0.02,equity_risk_parity
2021-12-01,CAT,0.02,equity_risk_parity
2022-01-03,CAT,0.02,equity_risk_parity
2022-02-01,CAT,0.02,equity_risk_parity
2022-03-01,CAT,0.02,equity_risk_parity
2022-04-01,CAT,0.02,equity_risk_parity
2022-05-02,CAT,0.02,equity_risk_parity
2022-06-01,CAT,0.02,equity_risk_parity
2022-07-01,CAT,0.02,equity_risk_parity
2022-08-01,CAT,0.02,equity_risk_parity
2022-09-01,CAT,0.02,equity_risk_parity
2022-10-03,CAT,0.02,equity_risk_parity
2022-11-01,CAT,0.02,equity_risk_parity
2022-12-01,CAT,0.02,equity_risk_parity
2023-01-03,CAT,0.02,equity_risk_parity
2023-02-01,CAT,0.02,equity_risk_parity
2023-03-01,CAT,0.02,equity_risk_parity
2023-04-03,CAT,0.02,equity_risk_parity
2023-05-01,CAT,0.02,equity_risk_parity
2023-06-01,CAT,0.02,equity_risk_parity
2023-07-03,CAT,0.02,equity_risk_parity
2023-08-01,CAT,0.02,equity_risk_parity
2023-09-01,CAT,0.02,equity_risk_parity
2023-10-02,CAT,0.02,equity_risk_parity
2023-11-01,CAT,0.02,equity_risk_parity
2023-12-01,CAT,0.02,equity_risk_parity
2021-01-04,CCI,0.02,equity_risk_parity
2021-02-01,CCI,0.02,equity_risk_parity
2021-03-01,CCI,0.02,equity_risk_parity
2021-04-01,CCI,0.02,equity_risk_parity
2021-05-03,CCI,0.02,equity_risk_parity
2021-06-01,CCI,0.02,equity_risk_parity
2021-07-01,CCI,0.02,equity_risk_parity
2021-08-02,CCI,0.02,equity_risk_parity
2021-09-01,CCI,0.02,equity_risk_parity
2021-10-01,CCI,0.02,equity_risk_parity
2021-11-01,CCI,0.02,equity_risk_parity
2021-12-01,CCI,0.02,equity_risk_parity
2022-01-03,CCI,0.02,equity_risk_parity
2022-02-01,CCI,0.02,equity_risk_parity
2022-03-01,CCI,0.02,equity_risk_parity
2022-04-01,CCI,0.02,equity_risk_parity
2022-05-02,CCI,0.02,equity_risk_parity
2022-06-01,CCI,0.02,equity_risk_parity
2022-07-01,CCI,0.02,equity_risk_parity
2022-08-01,CCI,0.02,equity_risk_parity
2022-09-01,CCI,0.02,equity_risk_parity
2022-10-03,CCI,0.02,equity_risk_parity
2022-11-01,CCI,0.02,equity_risk_parity
2022-12-01,CCI,0.02,equity_risk_parity
2023-01-03,CCI,0.02,equity_risk_parity
2023-02-01,CCI,0.02,equity_risk_parity
2023-03-01,CCI,0.02,equity_risk_parity
2023-04-03,CCI,0.02,equity_risk_parity
2023-05-01,CCI,0.02,equity_risk_parity
2023-06-01,CCI,0.02,equity_risk_parity
2023-07-03,CCI,0.02,equity_risk_parity
2023-08-01,CCI,0.02,equity_risk_parity
2023-09-01,CCI,0.02,equity_risk_parity
2023-10-02,CCI,0.02,equity_risk_parity
2023-11-01,CCI,0.02,equity_risk_parity
2023-12-01,CCI,0.02,equity_risk_parity
2021-01-04,CMCSA,0.02,equity_risk_parity
2021-02-01,CMCSA,0.02,equity_risk_parity
2021-03-01,CMCSA,0.02,equity_risk_parity
2021-04-01,CMCSA,0.02,equity_risk_parity
2021-05-03,CMCSA,0.02,equity_risk_parity
2021-06-01,CMCSA,0.02,equity_risk_parity
2021-07-01,CMCSA,0.02,equity_risk_parity
2021-08-02,CMCSA,0.02,equity_risk_parity
2021-09-01,CMCSA,0.02,equity_risk_parity
2021-10-01,CMCSA,0.02,equity_risk_parity
2021-11-01,CMCSA,0.02,equity_risk_parity
2021-12-01,CMCSA,0.02,equity_risk_parity
2022-01-03,CMCSA,0.02,equity_risk_parity
2022-02-01,CMCSA,0.02,equity_risk_parity
2022-03-01,CMCSA,0.02,equity_risk_parity
2022-04-01,CMCSA,0.02,equity_risk_parity
2022-05-02,CMCSA,0.02,equity_risk_parity
2022-06-01,CMCSA,0.02,equity_risk_parity
2022-07-01,CMCSA,0.02,equity_risk_parity
2022-08-01,CMCSA,0.02,equity_risk_parity
2022-09-01,CMCSA,0.02,equity_risk_parity
2022-10-03,CMCSA,0.02,equity_risk_parity
2022-11-01,CMCSA,0.02,equity_risk_parity
2022-12-01,CMCSA,0.02,equity_risk_parity
2023-01-03,CMCSA,0.02,equity_risk_parity
2023-02-01,CMCSA,0.02,equity_risk_parity
2023-03-01,CMCSA,0.02,equity_risk_parity
2023-04-03,CMCSA,0.02,equity_risk_parity
2023-05-01,CMCSA,0.02,equity_risk_parity
2023-06-01,CMCSA,0.02,equity_risk_parity
2023-07-03,CMCSA,0.02,equity_risk_parity
2023-08-01,CMCSA,0.02,equity_risk_parity
2023-09-01,CMCSA,0.02,equity_risk_parity
2023-10-02,CMCSA,0.02,equity_risk_parity
2023-11-01,CMCSA,0.02,equity_risk_parity
2023-12-01,CMCSA,0.02,equity_risk_parity
2021-01-04,COP,0.02,equity_risk_parity
2021-02-01,COP,0.02,equity_risk_parity
2021-03-01,COP,0.02,equity_risk_parity
2021-04-01,COP,0.02,equity_risk_parity
2021-05-03,COP,0.02,equity_risk_parity
2021-06-01,COP,0.02,equity_risk_parity
2021-07-01,COP,0.02,equity_risk_parity
2021-08-02,COP,0.02,equity_risk_parity
2021-09-01,COP,0.02,equity_risk_parity
2021-10-01,COP,0.02,equity_risk_parity
2021-11-01,COP,0.02,equity_risk_parity
2021-12-01,COP,0.02,equity_risk_parity
2022-01-03,COP,0.02,equity_risk_parity
2022-02-01,COP,0.02,equity_risk_parity
2022-03-01,COP,0.02,equity_risk_parity
2022-04-01,COP,0.02,equity_risk_parity
2022-05-02,COP,0.02,equity_risk_parity
2022-06-01,COP,0.02,equity_risk_parity
2022-07-01,COP,0.02,equity_risk_parity
2022-08-01,COP,0.02,equity_risk_parity
2022-09-01,COP,0.02,equity_risk_parity
2022-10-03,COP,0.02,equity_risk_parity
2022-11-01,COP,0.02,equity_risk_parity
2022-12-01,COP,0.02,equity_risk_parity
2023-01-03,COP,0.02,equity_risk_parity
2023-02-01,COP,0.02,equity_risk_parity
2023-03-01,COP,0.02,equity_risk_parity
2023-04-03,COP,0.02,equity_risk_parity
2023-05-01,COP,0.02,equity_risk_parity
2023-06-01,COP,0.02,equity_risk_parity
2023-07-03,COP,0.02,equity_risk_parity
2023-08-01,COP,0.02,equity_risk_parity
2023-09-01,COP,0.02,equity_risk_parity
2023-10-02,COP,0.02,equity_risk_parity
2023-11-01,COP,0.02,equity_risk_parity
2023-12-01,COP,0.02,equity_risk_parity
2021-01-04,CVX,0.02,equity_risk_parity
2021-02-01,CVX,0.02,equity_risk_parity
2021-03-01,CVX,0.02,equity_risk_parity
2021-04-01,CVX,0.02,equity_risk_parity
2021-05-03,CVX,0.02,equity_risk_parity
2021-06-01,CVX,0.02,equity_risk_parity
2021-07-01,CVX,0.02,equity_risk_parity
2021-08-02,CVX,0.02,equity_risk_parity
2021-09-01,CVX,0.02,equity_risk_parity
2021-10-01,CVX,0.02,equity_risk_parity
2021-11-01,CVX,0.02,equity_risk_parity
2021-12-01,CVX,0.02,equity_risk_parity
2022-01-03,CVX,0.02,equity_risk_parity
2022-02-01,CVX,0.02,equity_risk_parity
2022-03-01,CVX,0.02,equity_risk_parity
2022-04-01,CVX,0.02,equity_risk_parity
2022-05-02,CVX,0.02,equity_risk_parity
2022-06-01,CVX,0.02,equity_risk_parity
2022-07-01,CVX,0.02,equity_risk_parity
2022-08-01,CVX,0.02,equity_risk_parity
2022-09-01,CVX,0.02,equity_risk_parity
2022-10-03,CVX,0.02,equity_risk_parity
2022-11-01,CVX,0.02,equity_risk_parity
2022-12-01,CVX,0.02,equity_risk_parity
2023-01-03,CVX,0.02,equity_risk_parity
2023-02-01,CVX,0.02,equity_risk_parity
2023-03-01,CVX,0.02,equity_risk_parity
2023-04-03,CVX,0.02,equity_risk_parity
2023-05-01,CVX,0.02,equity_risk_parity
2023-06-01,CVX,0.02,equity_risk_parity
2023-07-03,CVX,0.02,equity_risk_parity
2023-08-01,CVX,0.02,equity_risk_parity
2023-09-01,CVX,0.02,equity_risk_parity
2023-10-02,CVX,0.02,equity_risk_parity
2023-11-01,CVX,0.02,equity_risk_parity
2023-12-01,CVX,0.02,equity_risk_parity
2021-01-04,D,0.02,equity_risk_parity
2021-02-01,D,0.02,equity_risk_parity
2021-03-01,D,0.02,equity_risk_parity
2021-04-01,D,0.02,equity_risk_parity
2021-05-03,D,0.02,equity_risk_parity
2021-06-01,D,0.02,equity_risk_parity
2021-07-01,D,0.02,equity_risk_parity
2021-08-02,D,0.02,equity_risk_parity
2021-09-01,D,0.02,equity_risk_parity
2021-10-01,D,0.02,equity_risk_parity
2021-11-01,D,0.02,equity_risk_parity
2021-12-01,D,0.02,equity_risk_parity
2022-01-03,D,0.02,equity_risk_parity
2022-02-01,D,0.02,equity_risk_parity
2022-03-01,D,0.02,equity_risk_parity
2022-04-01,D,0.02,equity_risk_parity
2022-05-02,D,0.02,equity_risk_parity
2022-06-01,D,0.02,equity_risk_parity
2022-07-01,D,0.02,equity_risk_parity
2022-08-01,D,0.02,equity_risk_parity
2022-09-01,D,0.02,equity_risk_parity
2022-10-03,D,0.02,equity_risk_parity
2022-11-01,D,0.02,equity_risk_parity
2022-12-01,D,0.02,equity_risk_parity
2023-01-03,D,0.02,equity_risk_parity
2023-02-01,D,0.02,equity_risk_parity
2023-03-01,D,0.02,equity_risk_parity
2023-04-03,D,0.02,equity_risk_parity
2023-05-01,D,0.02,equity_risk_parity
2023-06-01,D,0.02,equity_risk_parity
2023-07-03,D,0.02,equity_risk_parity
2023-08-01,D,0.02,equity_risk_parity
2023-09-01,D,0.02,equity_risk_parity
2023-10-02,D,0.02,equity_risk_parity
2023-11-01,D,0.02,equity_risk_parity
2023-12-01,D,0.02,equity_risk_parity
2021-01-04,DD,0.02,equity_risk_parity
2021-02-01,DD,0.02,equity_risk_parity
2021-03-01,DD,0.02,equity_risk_parity
2021-04-01,DD,0.02,equity_risk_parity
2021-05-03,DD,0.02,equity_risk_parity
2021-06-01,DD,0.02,equity_risk_parity
2021-07-01,DD,0.02,equity_risk_parity
2021-08-02,DD,0.02,equity_risk_parity
2021-09-01,DD,0.02,equity_risk_parity
2021-10-01,DD,0.02,equity_risk_parity
2021-11-01,DD,0.02,equity_risk_parity
2021-12-01,DD,0.02,equity_risk_parity
2022-01-03,DD,0.02,equity_risk_parity
2022-02-01,DD,0.02,equity_risk_parity
2022-03-01,DD,0.02,equity_risk_parity
2022-04-01,DD,0.02,equity_risk_parity
2022-05-02,DD,0.02,equity_risk_parity
2022-06-01,DD,0.02,equity_risk_parity
2022-07-01,DD,0.02,equity_risk_parity
2022-08-01,DD,0.02,equity_risk_parity
2022-09-01,DD,0.02,equity_risk_parity
2022-10-03,DD,0.02,equity_risk_parity
2022-11-01,DD,0.02,equity_risk_parity
2022-12-01,DD,0.02,equity_risk_parity
2023-01-03,DD,0.02,equity_risk_parity
2023-02-01,DD,0.02,equity_risk_parity
2023-03-01,DD,0.02,equity_risk_parity
2023-04-03,DD,0.02,equity_risk_parity
2023-05-01,DD,0.02,equity_risk_parity
2023-06-01,DD,0.02,equity_risk_parity
2023-07-03,DD,0.02,equity_risk_parity
2023-08-01,DD,0.02,equity_risk_parity
2023-09-01,DD,0.02,equity_risk_parity
2023-10-02,DD,0.02,equity_risk_parity
2023-11-01,DD,0.02,equity_risk_parity
2023-12-01,DD,0.02,equity_risk_parity
2021-01-04,DIS,0.02,equity_risk_parity
2021-02-01,DIS,0.02,equity_risk_parity
2021-03-01,DIS,0.02,equity_risk_parity
2021-04-01,DIS,0.02,equity_risk_parity
2021-05-03,DIS,0.02,equity_risk_parity
2021-06-01,DIS,0.02,equity_risk_parity
2021-07-01,DIS,0.02,equity_risk_parity
2021-08-02,DIS,0.02,equity_risk_parity
2021-09-01,DIS,0.02,equity_risk_parity
2021-10-01,DIS,0.02,equity_risk_parity
2021-11-01,DIS,0.02,equity_risk_parity
2021-12-01,DIS,0.02,equity_risk_parity
2022-01-03,DIS,0.02,equity_risk_parity
2022-02-01,DIS,0.02,equity_risk_parity
2022-03-01,DIS,0.02,equity_risk_parity
2022-04-01,DIS,0.02,equity_risk_parity
2022-05-02,DIS,0.02,equity_risk_parity
2022-06-01,DIS,0.02,equity_risk_parity
2022-07-01,DIS,0.02,equity_risk_parity
2022-08-01,DIS,0.02,equity_risk_parity
2022-09-01,DIS,0.02,equity_risk_parity
2022-10-03,DIS,0.02,equity_risk_parity
2022-11-01,DIS,0.02,equity_risk_parity
2022-12-01,DIS,0.02,equity_risk_parity
2023-01-03,DIS,0.02,equity_risk_parity
2023-02-01,DIS,0.02,equity_risk_parity
2023-03-01,DIS,0.02,equity_risk_parity
2023-04-03,DIS,0.02,equity_risk_parity
2023-05-01,DIS,0.02,equity_risk_parity
2023-06-01,DIS,0.02,equity_risk_parity
2023-07-03,DIS,0.02,equity_risk_parity
2023-08-01,DIS,0.02,equity_risk_parity
2023-09-01,DIS,0.02,equity_risk_parity
2023-10-02,DIS,0.02,equity_risk_parity
2023-11-01,DIS,0.02,equity_risk_parity
2023-12-01,DIS,0.02,equity_risk_parity
2021-01-04,DOW,0.02,equity_risk_parity
2021-02-01,DOW,0.02,equity_risk_parity
2021-03-01,DOW,0.02,equity_risk_parity
2021-04-01,DOW,0.02,equity_risk_parity
2021-05-03,DOW,0.02,equity_risk_parity
2021-06-01,DOW,0.02,equity_risk_parity
2021-07-01,DOW,0.02,equity_risk_parity
2021-08-02,DOW,0.02,equity_risk_parity
2021-09-01,DOW,0.02,equity_risk_parity
2021-10-01,DOW,0.02,equity_risk_parity
2021-11-01,DOW,0.02,equity_risk_parity
2021-12-01,DOW,0.02,equity_risk_parity
2022-01-03,DOW,0.02,equity_risk_parity
2022-02-01,DOW,0.02,equity_risk_parity
2022-03-01,DOW,0.02,equity_risk_parity
2022-04-01,DOW,0.02,equity_risk_parity
2022-05-02,DOW,0.02,equity_risk_parity
2022-06-01,DOW,0.02,equity_risk_parity
2022-07-01,DOW,0.02,equity_risk_parity
2022-08-01,DOW,0.02,equity_risk_parity
2022-09-01,DOW,0.02,equity_risk_parity
2022-10-03,DOW,0.02,equity_risk_parity
2022-11-01,DOW,0.02,equity_risk_parity
2022-12-01,DOW,0.02,equity_risk_parity
2023-01-03,DOW,0.02,equity_risk_parity
2023-02-01,DOW,0.02,equity_risk_parity
2023-03-01,DOW,0.02,equity_risk_parity
2023-04-03,DOW,0.02,equity_risk_parity
2023-05-01,DOW,0.02,equity_risk_parity
2023-06-01,DOW,0.02,equity_risk_parity
2023-07-03,DOW,0.02,equity_risk_parity
2023-08-01,DOW,0.02,equity_risk_parity
2023-09-01,DOW,0.02,equity_risk_parity
2023-10-02,DOW,0.02,equity_risk_parity
2023-11-01,DOW,0.02,equity_risk_parity
2023-12-01,DOW,0.02,equity_risk_parity
2021-01-04,DUK,0.02,equity_risk_parity
2021-02-01,DUK,0.02,equity_risk_parity
2021-03-01,DUK,0.02,equity_risk_parity
2021-04-01,DUK,0.02,equity_risk_parity
2021-05-03,DUK,0.02,equity_risk_parity
2021-06-01,DUK,0.02,equity_risk_parity
2021-07-01,DUK,0.02,equity_risk_parity
2021-08-02,DUK,0.02,equity_risk_parity
2021-09-01,DUK,0.02,equity_risk_parity
2021-10-01,DUK,0.02,equity_risk_parity
2021-11-01,DUK,0.02,equity_risk_parity
2021-12-01,DUK,0.02,equity_risk_parity
2022-01-03,DUK,0.02,equity_risk_parity
2022-02-01,DUK,0.02,equity_risk_parity
2022-03-01,DUK,0.02,equity_risk_parity
2022-04-01,DUK,0.02,equity_risk_parity
2022-05-02,DUK,0.02,equity_risk_parity
2022-06-01,DUK,0.02,equity_risk_parity
2022-07-01,DUK,0.02,equity_risk_parity
2022-08-01,DUK,0.02,equity_risk_parity
2022-09-01,DUK,0.02,equity_risk_parity
2022-10-03,DUK,0.02,equity_risk_parity
2022-11-01,DUK,0.02,equity_risk_parity
2022-12-01,DUK,0.02,equity_risk_parity
2023-01-03,DUK,0.02,equity_risk_parity
2023-02-01,DUK,0.02,equity_risk_parity
2023-03-01,DUK,0.02,equity_risk_parity
2023-04-03,DUK,0.02,equity_risk_parity
2023-05-01,DUK,0.02,equity_risk_parity
2023-06-01,DUK,0.02,equity_risk_parity
2023-07-03,DUK,0.02,equity_risk_parity
2023-08-01,DUK,0.02,equity_risk_parity
2023-09-01,DUK,0.02,equity_risk_parity
2023-10-02,DUK,0.02,equity_risk_parity
2023-11-01,DUK,0.02,equity_risk_parity
2023-12-01,DUK,0.02,equity_risk_parity
2021-01-04,EA,0.02,equity_risk_parity
2021-02-01,EA,0.02,equity_risk_parity
2021-03-01,EA,0.02,equity_risk_parity
2021-04-01,EA,0.02,equity_risk_parity
2021-05-03,EA,0.02,equity_risk_parity
2021-06-01,EA,0.02,equity_risk_parity
2021-07-01,EA,0.02,equity_risk_parity
2021-08-02,EA,0.02,equity_risk_parity
2021-09-01,EA,0.02,equity_risk_parity
2021-10-01,EA,0.02,equity_risk_parity
2021-11-01,EA,0.02,equity_risk_parity
2021-12-01,EA,0.02,equity_risk_parity
2022-01-03,EA,0.02,equity_risk_parity
2022-02-01,EA,0.02,equity_risk_parity
2022-03-01,EA,0.02,equity_risk_parity
2022-04-01,EA,0.02,equity_risk_parity
2022-05-02,EA,0.02,equity_risk_parity
2022-06-01,EA,0.02,equity_risk_parity
2022-07-01,EA,0.02,equity_risk_parity
2022-08-01,EA,0.02,equity_risk_parity
2022-09-01,EA,0.02,equity_risk_parity
2022-10-03,EA,0.02,equity_risk_parity
2022-11-01,EA,0.02,equity_risk_parity
2022-12-01,EA,0.02,equity_risk_parity
2023-01-03,EA,0.02,equity_risk_parity
2023-02-01,EA,0.02,equity_risk_parity
2023-03-01,EA,0.02,equity_risk_parity
2023-04-03,EA,0.02,equity_risk_parity
2023-05-01,EA,0.02,equity_risk_parity
2023-06-01,EA,0.02,equity_risk_parity
2023-07-03,EA,0.02,equity_risk_parity
2023-08-01,EA,0.02,equity_risk_parity
2023-09-01,EA,0.02,equity_risk_parity
2023-10-02,EA,0.02,equity_risk_parity
2023-11-01,EA,0.02,equity_risk_parity
2023-12-01,EA,0.02,equity_risk_parity
2021-01-04,GE,0.02,equity_risk_parity
2021-02-01,GE,0.02,equity_risk_parity
2021-03-01,GE,0.02,equity_risk_parity
2021-04-01,GE,0.02,equity_risk_parity
2021-05-03,GE,0.02,equity_risk_parity
2021-06-01,GE,0.02,equity_risk_parity
2021-07-01,GE,0.02,equity_risk_parity
2021-08-02,GE,0.02,equity_risk_parity
2021-09-01,GE,0.02,equity_risk_parity
2021-10-01,GE,0.02,equity_risk_parity
2021-11-01,GE,0.02,equity_risk_parity
2021-12-01,GE,0.02,equity_risk_parity
2022-01-03,GE,0.02,equity_risk_parity
2022-02-01,GE,0.02,equity_risk_parity
2022-03-01,GE,0.02,equity_risk_parity
2022-04-01,GE,0.02,equity_risk_parity
2022-05-02,GE,0.02,equity_risk_parity
2022-06-01,GE,0.02,equity_risk_parity
2022-07-01,GE,0.02,equity_risk_parity
2022-08-01,GE,0.02,equity_risk_parity
2022-09-01,GE,0.02,equity_risk_parity
2022-10-03,GE,0.02,equity_risk_parity
2022-11-01,GE,0.02,equity_risk_parity
2022-12-01,GE,0.02,equity_risk_parity
2023-01-03,GE,0.02,equity_risk_parity
2023-02-01,GE,0.02,equity_risk_parity
2023-03-01,GE,0.02,equity_risk_parity
2023-04-03,GE,0.02,equity_risk_parity
2023-05-01,GE,0.02,equity_risk_parity
2023-06-01,GE,0.02,equity_risk_parity
2023-07-03,GE,0.02,equity_risk_parity
2023-08-01,GE,0.02,equity_risk_parity
2023-09-01,GE,0.02,equity_risk_parity
2023-10-02,GE,0.02,equity_risk_parity
2023-11-01,GE,0.02,equity_risk_parity
2023-12-01,GE,0.02,equity_risk_parity
2021-01-04,GILD,0.02,equity_risk_parity
2021-02-01,GILD,0.02,equity_risk_parity
2021-03-01,GILD,0.02,equity_risk_parity
2021-04-01,GILD,0.02,equity_risk_parity
2021-05-03,GILD,0.02,equity_risk_parity
2021-06-01,GILD,0.02,equity_risk_parity
2021-07-01,GILD,0.02,equity_risk_parity
2021-08-02,GILD,0.02,equity_risk_parity
2021-09-01,GILD,0.02,equity_risk_parity
2021-10-01,GILD,0.02,equity_risk_parity
2021-11-01,GILD,0.02,equity_risk_parity
2021-12-01,GILD,0.02,equity_risk_parity
2022-01-03,GILD,0.02,equity_risk_parity
2022-02-01,GILD,0.02,equity_risk_parity
2022-03-01,GILD,0.02,equity_risk_parity
2022-04-01,GILD,0.02,equity_risk_parity
2022-05-02,GILD,0.02,equity_risk_parity
2022-06-01,GILD,0.02,equity_risk_parity
2022-07-01,GILD,0.02,equity_risk_parity
2022-08-01,GILD,0.02,equity_risk_parity
2022-09-01,GILD,0.02,equity_risk_parity
2022-10-03,GILD,0.02,equity_risk_parity
2022-11-01,GILD,0.02,equity_risk_parity
2022-12-01,GILD,0.02,equity_risk_parity
2023-01-03,GILD,0.02,equity_risk_parity
2023-02-01,GILD,0.02,equity_risk_parity
2023-03-01,GILD,0.02,equity_risk_parity
2023-04-03,GILD,0.02,equity_risk_parity
2023-05-01,GILD,0.02,equity_risk_parity
2023-06-01,GILD,0.02,equity_risk_parity
2023-07-03,GILD,0.02,equity_risk_parity
2023-08-01,GILD,0.02,equity_risk_parity
2023-09-01,GILD,0.02,equity_risk_parity
2023-10-02,GILD,0.02,equity_risk_parity
2023-11-01,GILD,0.02,equity_risk_parity
2023-12-01,GILD,0.02,equity_risk_parity
2021-01-04,GS,0.02,equity_risk_parity
2021-02-01,GS,0.02,equity_risk_parity
2021-03-01,GS,0.02,equity_risk_parity
2021-04-01,GS,0.02,equity_risk_parity
2021-05-03,GS,0.02,equity_risk_parity
2021-06-01,GS,0.02,equity_risk_parity
2021-07-01,GS,0.02,equity_risk_parity
2021-08-02,GS,0.02,equity_risk_parity
2021-09-01,GS,0.02,equity_risk_parity
2021-10-01,GS,0.02,equity_risk_parity
2021-11-01,GS,0.02,equity_risk_parity
2021-12-01,GS,0.02,equity_risk_parity
2022-01-03,GS,0.02,equity_risk_parity
2022-02-01,GS,0.02,equity_risk_parity
2022-03-01,GS,0.02,equity_risk_parity
2022-04-01,GS,0.02,equity_risk_parity
2022-05-02,GS,0.02,equity_risk_parity
2022-06-01,GS,0.02,equity_risk_parity
2022-07-01,GS,0.02,equity_risk_parity
2022-08-01,GS,0.02,equity_risk_parity
2022-09-01,GS,0.02,equity_risk_parity
2022-10-03,GS,0.02,equity_risk_parity
2022-11-01,GS,0.02,equity_risk_parity
2022-12-01,GS,0.02,equity_risk_parity
2023-01-03,GS,0.02,equity_risk_parity
2023-02-01,GS,0.02,equity_risk_parity
2023-03-01,GS,0.02,equity_risk_parity
2023-04-03,GS,0.02,equity_risk_parity
2023-05-01,GS,0.02,equity_risk_parity
2023-06-01,GS,0.02,equity_risk_parity
2023-07-03,GS,0.02,equity_risk_parity
2023-08-01,GS,0.02,equity_risk_parity
2023-09-01,GS,0.02,equity_risk_parity
2023-10-02,GS,0.02,equity_risk_parity
2023-11-01,GS,0.02,equity_risk_parity
2023-12-01,GS,0.02,equity_risk_parity
2021-01-04,INTC,0.02,equity_risk_parity
2021-02-01,INTC,0.02,equity_risk_parity
2021-03-01,INTC,0.02,equity_risk_parity
2021-04-01,INTC,0.02,equity_risk_parity
2021-05-03,INTC,0.02,equity_risk_parity
2021-06-01,INTC,0.02,equity_risk_parity
2021-07-01,INTC,0.02,equity_risk_parity
2021-08-02,INTC,0.02,equity_risk_parity
2021-09-01,INTC,0.02,equity_risk_parity
2021-10-01,INTC,0.02,equity_risk_parity
2021-11-01,INTC,0.02,equity_risk_parity
2021-12-01,INTC,0.02,equity_risk_parity
2022-01-03,INTC,0.02,equity_risk_parity
2022-02-01,INTC,0.02,equity_risk_parity
2022-03-01,INTC,0.02,equity_risk_parity
2022-04-01,INTC,0.02,equity_risk_parity
2022-05-02,INTC,0.02,equity_risk_parity
2022-06-01,INTC,0.02,equity_risk_parity
2022-07-01,INTC,0.02,equity_risk_parity
2022-08-01,INTC,0.02,equity_risk_parity
2022-09-01,INTC,0.02,equity_risk_parity
2022-10-03,INTC,0.02,equity_risk_parity
2022-11-01,INTC,0.02,equity_risk_parity
2022-12-01,INTC,0.02,equity_risk_parity
2023-01-03,INTC,0.02,equity_risk_parity
2023-02-01,INTC,0.02,equity_risk_parity
2023-03-01,INTC,0.02,equity_risk_parity
2023-04-03,INTC,0.02,equity_risk_parity
2023-05-01,INTC,0.02,equity_risk_parity
2023-06-01,INTC,0.02,equity_risk_parity
2023-07-03,INTC,0.02,equity_risk_parity
2023-08-01,INTC,0.02,equity_risk_parity
2023-09-01,INTC,0.02,equity_risk_parity
2023-10-02,INTC,0.02,equity_risk_parity
2023-11-01,INTC,0.02,equity_risk_parity
2023-12-01,INTC,0.02,equity_risk_parity
2021-01-04,KO,0.02,equity_risk_parity
2021-02-01,KO,0.02,equity_risk_parity
2021-03-01,KO,0.02,equity_risk_parity
2021-04-01,KO,0.02,equity_risk_parity
2021-05-03,KO,0.02,equity_risk_parity
2021-06-01,KO,0.02,equity_risk_parity
2021-07-01,KO,0.02,equity_risk_parity
2021-08-02,KO,0.02,equity_risk_parity
2021-09-01,KO,0.02,equity_risk_parity
2021-10-01,KO,0.02,equity_risk_parity
2021-11-01,KO,0.02,equity_risk_parity
2021-12-01,KO,0.02,equity_risk_parity
2022-01-03,KO,0.02,equity_risk_parity
2022-02-01,KO,0.02,equity_risk_parity
2022-03-01,KO,0.02,equity_risk_parity
2022-04-01,KO,0.02,equity_risk_parity
2022-05-02,KO,0.02,equity_risk_parity
2022-06-01,KO,0.02,equity_risk_parity
2022-07-01,KO,0.02,equity_risk_parity
2022-08-01,KO,0.02,equity_risk_parity
2022-09-01,KO,0.02,equity_risk_parity
2022-10-03,KO,0.02,equity_risk_parity
2022-11-01,KO,0.02,equity_risk_parity
2022-12-01,KO,0.02,equity_risk_parity
2023-01-03,KO,0.02,equity_risk_parity
2023-02-01,KO,0.02,equity_risk_parity
2023-03-01,KO,0.02,equity_risk_parity
2023-04-03,KO,0.02,equity_risk_parity
2023-05-01,KO,0.02,equity_risk_parity
2023-06-01,KO,0.02,equity_risk_parity
2023-07-03,KO,0.02,equity_risk_parity
2023-08-01,KO,0.02,equity_risk_parity
2023-09-01,KO,0.02,equity_risk_parity
2023-10-02,KO,0.02,equity_risk_parity
2023-11-01,KO,0.02,equity_risk_parity
2023-12-01,KO,0.02,equity_risk_parity
2021-01-04,MMM,0.02,equity_risk_parity
2021-02-01,MMM,0.02,equity_risk_parity
2021-03-01,MMM,0.02,equity_risk_parity
2021-04-01,MMM,0.02,equity_risk_parity
2021-05-03,MMM,0.02,equity_risk_parity
2021-06-01,MMM,0.02,equity_risk_parity
2021-07-01,MMM,0.02,equity_risk_parity
2021-08-02,MMM,0.02,equity_risk_parity
2021-09-01,MMM,0.02,equity_risk_parity
2021-10-01,MMM,0.02,equity_risk_parity
2021-11-01,MMM,0.02,equity_risk_parity
2021-12-01,MMM,0.02,equity_risk_parity
2022-01-03,MMM,0.02,equity_risk_parity
2022-02-01,MMM,0.02,equity_risk_parity
2022-03-01,MMM,0.02,equity_risk_parity
2022-04-01,MMM,0.02,equity_risk_parity
2022-05-02,MMM,0.02,equity_risk_parity
2022-06-01,MMM,0.02,equity_risk_parity
2022-07-01,MMM,0.02,equity_risk_parity
2022-08-01,MMM,0.02,equity_risk_parity
2022-09-01,MMM,0.02,equity_risk_parity
2022-10-03,MMM,0.02,equity_risk_parity
2022-11-01,MMM,0.02,equity_risk_parity
2022-12-01,MMM,0.02,equity_risk_parity
2023-01-03,MMM,0.02,equity_risk_parity
2023-02-01,MMM,0.02,equity_risk_parity
2023-03-01,MMM,0.02,equity_risk_parity
2023-04-03,MMM,0.02,equity_risk_parity
2023-05-01,MMM,0.02,equity_risk_parity
2023-06-01,MMM,0.02,equity_risk_parity
2023-07-03,MMM,0.02,equity_risk_parity
2023-08-01,MMM,0.02,equity_risk_parity
2023-09-01,MMM,0.02,equity_risk_parity
2023-10-02,MMM,0.02,equity_risk_parity
2023-11-01,MMM,0.02,equity_risk_parity
2023-12-01,MMM,0.02,equity_risk_parity
2021-01-04,MRK,0.02,equity_risk_parity
2021-02-01,MRK,0.02,equity_risk_parity
2021-03-01,MRK,0.02,equity_risk_parity
2021-04-01,MRK,0.02,equity_risk_parity
2021-05-03,MRK,0.02,equity_risk_parity
2021-06-01,MRK,0.02,equity_risk_parity
2021-07-01,MRK,0.02,equity_risk_parity
2021-08-02,MRK,0.02,equity_risk_parity
2021-09-01,MRK,0.02,equity_risk_parity
2021-10-01,MRK,0.02,equity_risk_parity
2021-11-01,MRK,0.02,equity_risk_parity
2021-12-01,MRK,0.02,equity_risk_parity
2022-01-03,MRK,0.02,equity_risk_parity
2022-02-01,MRK,0.02,equity_risk_parity
2022-03-01,MRK,0.02,equity_risk_parity
2022-04-01,MRK,0.02,equity_risk_parity
2022-05-02,MRK,0.02,equity_risk_parity
2022-06-01,MRK,0.02,equity_risk_parity
2022-07-01,MRK,0.02,equity_risk_parity
2022-08-01,MRK,0.02,equity_risk_parity
2022-09-01,MRK,0.02,equity_risk_parity
2022-10-03,MRK,0.02,equity_risk_parity
2022-11-01,MRK,0.02,equity_risk_parity
2022-12-01,MRK,0.02,equity_risk_parity
2023-01-03,MRK,0.02,equity_risk_parity
2023-02-01,MRK,0.02,equity_risk_parity
2023-03-01,MRK,0.02,equity_risk_parity
2023-04-03,MRK,0.02,equity_risk_parity
2023-05-01,MRK,0.02,equity_risk_parity
2023-06-01,MRK,0.02,equity_risk_parity
2023-07-03,MRK,0.02,equity_risk_parity
2023-08-01,MRK,0.02,equity_risk_parity
2023-09-01,MRK,0.02,equity_risk_parity
2023-10-02,MRK,0.02,equity_risk_parity
2023-11-01,MRK,0.02,equity_risk_parity
2023-12-01,MRK,0.02,equity_risk_parity
2021-01-04,MS,0.02,equity_risk_parity
2021-02-01,MS,0.02,equity_risk_parity
2021-03-01,MS,0.02,equity_risk_parity
2021-04-01,MS,0.02,equity_risk_parity
2021-05-03,MS,0.02,equity_risk_parity
2021-06-01,MS,0.02,equity_risk_parity
2021-07-01,MS,0.02,equity_risk_parity
2021-08-02,MS,0.02,equity_risk_parity
2021-09-01,MS,0.02,equity_risk_parity
2021-10-01,MS,0.02,equity_risk_parity
2021-11-01,MS,0.02,equity_risk_parity
2021-12-01,MS,0.02,equity_risk_parity
2022-01-03,MS,0.02,equity_risk_parity
2022-02-01,MS,0.02,equity_risk_parity
2022-03-01,MS,0.02,equity_risk_parity
2022-04-01,MS,0.02,equity_risk_parity
2022-05-02,MS,0.02,equity_risk_parity
2022-06-01,MS,0.02,equity_risk_parity
2022-07-01,MS,0.02,equity_risk_parity
2022-08-01,MS,0.02,equity_risk_parity
2022-09-01,MS,0.02,equity_risk_parity
2022-10-03,MS,0.02,equity_risk_parity
2022-11-01,MS,0.02,equity_risk_parity
2022-12-01,MS,0.02,equity_risk_parity
2023-01-03,MS,0.02,equity_risk_parity
2023-02-01,MS,0.02,equity_risk_parity
2023-03-01,MS,0.02,equity_risk_parity
2023-04-03,MS,0.02,equity_risk_parity
2023-05-01,MS,0.02,equity_risk_parity
2023-06-01,MS,0.02,equity_risk_parity
2023-07-03,MS,0.02,equity_risk_parity
2023-08-01,MS,0.02,equity_risk_parity
2023-09-01,MS,0.02,equity_risk_parity
2023-10-02,MS,0.02,equity_risk_parity
2023-11-01,MS,0.02,equity_risk_parity
2023-12-01,MS,0.02,equity_risk_parity
2021-01-04,NEE,0.02,equity_risk_parity
2021-02-01,NEE,0.02,equity_risk_parity
2021-03-01,NEE,0.02,equity_risk_parity
2021-04-01,NEE,0.02,equity_risk_parity
2021-05-03,NEE,0.02,equity_risk_parity
2021-06-01,NEE,0.02,equity_risk_parity
2021-07-01,NEE,0.02,equity_risk_parity
2021-08-02,NEE,0.02,equity_risk_parity
2021-09-01,NEE,0.02,equity_risk_parity
2021-10-01,NEE,0.02,equity_risk_parity
2021-11-01,NEE,0.02,equity_risk_parity
2021-12-01,NEE,0.02,equity_risk_parity
2022-01-03,NEE,0.02,equity_risk_parity
2022-02-01,NEE,0.02,equity_risk_parity
2022-03-01,NEE,0.02,equity_risk_parity
2022-04-01,NEE,0.02,equity_risk_parity
2022-05-02,NEE,0.02,equity_risk_parity
2022-06-01,NEE,0.02,equity_risk_parity
2022-07-01,NEE,0.02,equity_risk_parity
2022-08-01,NEE,0.02,equity_risk_parity
2022-09-01,NEE,0.02,equity_risk_parity
2022-10-03,NEE,0.02,equity_risk_parity
2022-11-01,NEE,0.02,equity_risk_parity
2022-12-01,NEE,0.02,equity_risk_parity
2023-01-03,NEE,0.02,equity_risk_parity
2023-02-01,NEE,0.02,equity_risk_parity
2023-03-01,NEE,0.02,equity_risk_parity
2023-04-03,NEE,0.02,equity_risk_parity
2023-05-01,NEE,0.02,equity_risk_parity
2023-06-01,NEE,0.02,equity_risk_parity
2023-07-03,NEE,0.02,equity_risk_parity
2023-08-01,NEE,0.02,equity_risk_parity
2023-09-01,NEE,0.02,equity_risk_parity
2023-10-02,NEE,0.02,equity_risk_parity
2023-11-01,NEE,0.02,equity_risk_parity
2023-12-01,NEE,0.02,equity_risk_parity
2021-01-04,NEM,0.02,equity_risk_parity
2021-02-01,NEM,0.02,equity_risk_parity
2021-03-01,NEM,0.02,equity_risk_parity
2021-04-01,NEM,0.02,equity_risk_parity
2021-05-03,NEM,0.02,equity_risk_parity
2021-06-01,NEM,0.02,equity_risk_parity
2021-07-01,NEM,0.02,equity_risk_parity
2021-08-02,NEM,0.02,equity_risk_parity
2021-09-01,NEM,0.02,equity_risk_parity
2021-10-01,NEM,0.02,equity_risk_parity
2021-11-01,NEM,0.02,equity_risk_parity
2021-12-01,NEM,0.02,equity_risk_parity
2022-01-03,NEM,0.02,equity_risk_parity
2022-02-01,NEM,0.02,equity_risk_parity
2022-03-01,NEM,0.02,equity_risk_parity
2022-04-01,NEM,0.02,equity_risk_parity
2022-05-02,NEM,0.02,equity_risk_parity
2022-06-01,NEM,0.02,equity_risk_parity
2022-07-01,NEM,0.02,equity_risk_parity
2022-08-01,NEM,0.02,equity_risk_parity
2022-09-01,NEM,0.02,equity_risk_parity
2022-10-03,NEM,0.02,equity_risk_parity
2022-11-01,NEM,0.02,equity_risk_parity
2022-12-01,NEM,0.02,equity_risk_parity
2023-01-03,NEM,0.02,equity_risk_parity
2023-02-01,NEM,0.02,equity_risk_parity
2023-03-01,NEM,0.02,equity_risk_parity
2023-04-03,NEM,0.02,equity_risk_parity
2023-05-01,NEM,0.02,equity_risk_parity
2023-06-01,NEM,0.02,equity_risk_parity
2023-07-03,NEM,0.02,equity_risk_parity
2023-08-01,NEM,0.02,equity_risk_parity
2023-09-01,NEM,0.02,equity_risk_parity
2023-10-02,NEM,0.02,equity_risk_parity
2023-11-01,NEM,0.02,equity_risk_parity
2023-12-01,NEM,0.02,equity_risk_parity
2021-01-04,NKE,0.02,equity_risk_parity
2021-02-01,NKE,0.02,equity_risk_parity
2021-03-01,NKE,0.02,equity_risk_parity
2021-04-01,NKE,0.02,equity_risk_parity
2021-05-03,NKE,0.02,equity_risk_parity
2021-06-01,NKE,0.02,equity_risk_parity
2021-07-01,NKE,0.02,equity_risk_parity
2021-08-02,NKE,0.02,equity_risk_parity
2021-09-01,NKE,0.02,equity_risk_parity
2021-10-01,NKE,0.02,equity_risk_parity
2021-11-01,NKE,0.02,equity_risk_parity
2021-12-01,NKE,0.02,equity_risk_parity
2022-01-03,NKE,0.02,equity_risk_parity
2022-02-01,NKE,0.02,equity_risk_parity
2022-03-01,NKE,0.02,equity_risk_parity
2022-04-01,NKE,0.02,equity_risk_parity
2022-05-02,NKE,0.02,equity_risk_parity
2022-06-01,NKE,0.02,equity_risk_parity
2022-07-01,NKE,0.02,equity_risk_parity
2022-08-01,NKE,0.02,equity_risk_parity
2022-09-01,NKE,0.02,equity_risk_parity
2022-10-03,NKE,0.02,equity_risk_parity
2022-11-01,NKE,0.02,equity_risk_parity
2022-12-01,NKE,0.02,equity_risk_parity
2023-01-03,NKE,0.02,equity_risk_parity
2023-02-01,NKE,0.02,equity_risk_parity
2023-03-01,NKE,0.02,equity_risk_parity
2023-04-03,NKE,0.02,equity_risk_parity
2023-05-01,NKE,0.02,equity_risk_parity
2023-06-01,NKE,0.02,equity_risk_parity
2023-07-03,NKE,0.02,equity_risk_parity
2023-08-01,NKE,0.02,equity_risk_parity
2023-09-01,NKE,0.02,equity_risk_parity
2023-10-02,NKE,0.02,equity_risk_parity
2023-11-01,NKE,0.02,equity_risk_parity
2023-12-01,NKE,0.02,equity_risk_parity
2021-01-04,NUE,0.02,equity_risk_parity
2021-02-01,NUE,0.02,equity_risk_parity
2021-03-01,NUE,0.02,equity_risk_parity
2021-04-01,NUE,0.02,equity_risk_parity
2021-05-03,NUE,0.02,equity_risk_parity
2021-06-01,NUE,0.02,equity_risk_parity
2021-07-01,NUE,0.02,equity_risk_parity
2021-08-02,NUE,0.02,equity_risk_parity
2021-09-01,NUE,0.02,equity_risk_parity
2021-10-01,NUE,0.02,equity_risk_parity
2021-11-01,NUE,0.02,equity_risk_parity
2021-12-01,NUE,0.02,equity_risk_parity
2022-01-03,NUE,0.02,equity_risk_parity
2022-02-01,NUE,0.02,equity_risk_parity
2022-03-01,NUE,0.02,equity_risk_parity
2022-04-01,NUE,0.02,equity_risk_parity
2022-05-02,NUE,0.02,equity_risk_parity
2022-06-01,NUE,0.02,equity_risk_parity
2022-07-01,NUE,0.02,equity_risk_parity
2022-08-01,NUE,0.02,equity_risk_parity
2022-09-01,NUE,0.02,equity_risk_parity
2022-10-03,NUE,0.02,equity_risk_parity
2022-11-01,NUE,0.02,equity_risk_parity
2022-12-01,NUE,0.02,equity_risk_parity
2023-01-03,NUE,0.02,equity_risk_parity
2023-02-01,NUE,0.02,equity_risk_parity
2023-03-01,NUE,0.02,equity_risk_parity
2023-04-03,NUE,0.02,equity_risk_parity
2023-05-01,NUE,0.02,equity_risk_parity
2023-06-01,NUE,0.02,equity_risk_parity
2023-07-03,NUE,0.02,equity_risk_parity
2023-08-01,NUE,0.02,equity_risk_parity
2023-09-01,NUE,0.02,equity_risk_parity
2023-10-02,NUE,0.02,equity_risk_parity
2023-11-01,NUE,0.02,equity_risk_parity
2023-12-01,NUE,0.02,equity_risk_parity
2021-01-04,NVDA,0.02,equity_risk_parity
2021-02-01,NVDA,0.02,equity_risk_parity
2021-03-01,NVDA,0.02,equity_risk_parity
2021-04-01,NVDA,0.02,equity_risk_parity
2021-05-03,NVDA,0.02,equity_risk_parity
2021-06-01,NVDA,0.02,equity_risk_parity
2021-07-01,NVDA,0.02,equity_risk_parity
2021-08-02,NVDA,0.02,equity_risk_parity
2021-09-01,NVDA,0.02,equity_risk_parity
2021-10-01,NVDA,0.02,equity_risk_parity
2021-11-01,NVDA,0.02,equity_risk_parity
2021-12-01,NVDA,0.02,equity_risk_parity
2022-01-03,NVDA,0.02,equity_risk_parity
2022-02-01,NVDA,0.02,equity_risk_parity
2022-03-01,NVDA,0.02,equity_risk_parity
2022-04-01,NVDA,0.02,equity_risk_parity
2022-05-02,NVDA,0.02,equity_risk_parity
2022-06-01,NVDA,0.02,equity_risk_parity
2022-07-01,NVDA,0.02,equity_risk_parity
2022-08-01,NVDA,0.02,equity_risk_parity
2022-09-01,NVDA,0.02,equity_risk_parity
2022-10-03,NVDA,0.02,equity_risk_parity
2022-11-01,NVDA,0.02,equity_risk_parity
2022-12-01,NVDA,0.02,equity_risk_parity
2023-01-03,NVDA,0.02,equity_risk_parity
2023-02-01,NVDA,0.02,equity_risk_parity
2023-03-01,NVDA,0.02,equity_risk_parity
2023-04-03,NVDA,0.02,equity_risk_parity
2023-05-01,NVDA,0.02,equity_risk_parity
2023-06-01,NVDA,0.02,equity_risk_parity
2023-07-03,NVDA,0.02,equity_risk_parity
2023-08-01,NVDA,0.02,equity_risk_parity
2023-09-01,NVDA,0.02,equity_risk_parity
2023-10-02,NVDA,0.02,equity_risk_parity
2023-11-01,NVDA,0.02,equity_risk_parity
2023-12-01,NVDA,0.02,equity_risk_parity
2021-01-04,O,0.02,equity_risk_parity
2021-02-01,O,0.02,equity_risk_parity
2021-03-01,O,0.02,equity_risk_parity
2021-04-01,O,0.02,equity_risk_parity
2021-05-03,O,0.02,equity_risk_parity
2021-06-01,O,0.02,equity_risk_parity
2021-07-01,O,0.02,equity_risk_parity
2021-08-02,O,0.02,equity_risk_parity
2021-09-01,O,0.02,equity_risk_parity
2021-10-01,O,0.02,equity_risk_parity
2021-11-01,O,0.02,equity_risk_parity
2021-12-01,O,0.02,equity_risk_parity
2022-01-03,O,0.02,equity_risk_parity
2022-02-01,O,0.02,equity_risk_parity
2022-03-01,O,0.02,equity_risk_parity
2022-04-01,O,0.02,equity_risk_parity
2022-05-02,O,0.02,equity_risk_parity
2022-06-01,O,0.02,equity_risk_parity
2022-07-01,O,0.02,equity_risk_parity
2022-08-01,O,0.02,equity_risk_parity
2022-09-01,O,0.02,equity_risk_parity
2022-10-03,O,0.02,equity_risk_parity
2022-11-01,O,0.02,equity_risk_parity
2022-12-01,O,0.02,equity_risk_parity
2023-01-03,O,0.02,equity_risk_parity
2023-02-01,O,0.02,equity_risk_parity
2023-03-01,O,0.02,equity_risk_parity
2023-04-03,O,0.02,equity_risk_parity
2023-05-01,O,0.02,equity_risk_parity
2023-06-01,O,0.02,equity_risk_parity
2023-07-03,O,0.02,equity_risk_parity
2023-08-01,O,0.02,equity_risk_parity
2023-09-01,O,0.02,equity_risk_parity
2023-10-02,O,0.02,equity_risk_parity
2023-11-01,O,0.02,equity_risk_parity
2023-12-01,O,0.02,equity_risk_parity
2021-01-04,OXY,0.02,equity_risk_parity
2021-02-01,OXY,0.02,equity_risk_parity
2021-03-01,OXY,0.02,equity_risk_parity
2021-04-01,OXY,0.02,equity_risk_parity
2021-05-03,OXY,0.02,equity_risk_parity
2021-06-01,OXY,0.02,equity_risk_parity
2021-07-01,OXY,0.02,equity_risk_parity
2021-08-02,OXY,0.02,equity_risk_parity
2021-09-01,OXY,0.02,equity_risk_parity
2021-10-01,OXY,0.02,equity_risk_parity
2021-11-01,OXY,0.02,equity_risk_parity
2021-12-01,OXY,0.02,equity_risk_parity
2022-01-03,OXY,0.02,equity_risk_parity
2022-02-01,OXY,0.02,equity_risk_parity
2022-03-01,OXY,0.02,equity_risk_parity
2022-04-01,OXY,0.02,equity_risk_parity
2022-05-02,OXY,0.02,equity_risk_parity
2022-06-01,OXY,0.02,equity_risk_parity
2022-07-01,OXY,0.02,equity_risk_parity
2022-08-01,OXY,0.02,equity_risk_parity
2022-09-01,OXY,0.02,equity_risk_parity
2022-10-03,OXY,0.02,equity_risk_parity
2022-11-01,OXY,0.02,equity_risk_parity
2022-12-01,OXY,0.02,equity_risk_parity
2023-01-03,OXY,0.02,equity_risk_parity
2023-02-01,OXY,0.02,equity_risk_parity
2023-03-01,OXY,0.02,equity_risk_parity
2023-04-03,OXY,0.02,equity_risk_parity
2023-05-01,OXY,0.02,equity_risk_parity
2023-06-01,OXY,0.02,equity_risk_parity
2023-07-03,OXY,0.02,equity_risk_parity
2023-08-01,OXY,0.02,equity_risk_parity
2023-09-01,OXY,0.02,equity_risk_parity
2023-10-02,OXY,0.02,equity_risk_parity
2023-11-01,OXY,0.02,equity_risk_parity
2023-12-01,OXY,0.02,equity_risk_parity
2021-01-04,PLD,0.02,equity_risk_parity
2021-02-01,PLD,0.02,equity_risk_parity
2021-03-01,PLD,0.02,equity_risk_parity
2021-04-01,PLD,0.02,equity_risk_parity
2021-05-03,PLD,0.02,equity_risk_parity
2021-06-01,PLD,0.02,equity_risk_parity
2021-07-01,PLD,0.02,equity_risk_parity
2021-08-02,PLD,0.02,equity_risk_parity
2021-09-01,PLD,0.02,equity_risk_parity
2021-10-01,PLD,0.02,equity_risk_parity
2021-11-01,PLD,0.02,equity_risk_parity
2021-12-01,PLD,0.02,equity_risk_parity
2022-01-03,PLD,0.02,equity_risk_parity
2022-02-01,PLD,0.02,equity_risk_parity
2022-03-01,PLD,0.02,equity_risk_parity
2022-04-01,PLD,0.02,equity_risk_parity
2022-05-02,PLD,0.02,equity_risk_parity
2022-06-01,PLD,0.02,equity_risk_parity
2022-07-01,PLD,0.02,equity_risk_parity
2022-08-01,PLD,0.02,equity_risk_parity
2022-09-01,PLD,0.02,equity_risk_parity
2022-10-03,PLD,0.02,equity_risk_parity
2022-11-01,PLD,0.02,equity_risk_parity
2022-12-01,PLD,0.02,equity_risk_parity
2023-01-03,PLD,0.02,equity_risk_parity
2023-02-01,PLD,0.02,equity_risk_parity
2023-03-01,PLD,0.02,equity_risk_parity
2023-04-03,PLD,0.02,equity_risk_parity
2023-05-01,PLD,0.02,equity_risk_parity
2023-06-01,PLD,0.02,equity_risk_parity
2023-07-03,PLD,0.02,equity_risk_parity
2023-08-01,PLD,0.02,equity_risk_parity
2023-09-01,PLD,0.02,equity_risk_parity
2023-10-02,PLD,0.02,equity_risk_parity
2023-11-01,PLD,0.02,equity_risk_parity
2023-12-01,PLD,0.02,equity_risk_parity
2021-01-04,PSA,0.02,equity_risk_parity
2021-02-01,PSA,0.02,equity_risk_parity
2021-03-01,PSA,0.02,equity_risk_parity
2021-04-01,PSA,0.02,equity_risk_parity
2021-05-03,PSA,0.02,equity_risk_parity
2021-06-01,PSA,0.02,equity_risk_parity
2021-07-01,PSA,0.02,equity_risk_parity
2021-08-02,PSA,0.02,equity_risk_parity
2021-09-01,PSA,0.02,equity_risk_parity
2021-10-01,PSA,0.02,equity_risk_parity
2021-11-01,PSA,0.02,equity_risk_parity
2021-12-01,PSA,0.02,equity_risk_parity
2022-01-03,PSA,0.02,equity_risk_parity
2022-02-01,PSA,0.02,equity_risk_parity
2022-03-01,PSA,0.02,equity_risk_parity
2022-04-01,PSA,0.02,equity_risk_parity
2022-05-02,PSA,0.02,equity_risk_parity
2022-06-01,PSA,0.02,equity_risk_parity
2022-07-01,PSA,0.02,equity_risk_parity
2022-08-01,PSA,0.02,equity_risk_parity
2022-09-01,PSA,0.02,equity_risk_parity
2022-10-03,PSA,0.02,equity_risk_parity
2022-11-01,PSA,0.02,equity_risk_parity
2022-12-01,PSA,0.02,equity_risk_parity
2023-01-03,PSA,0.02,equity_risk_parity
2023-02-01,PSA,0.02,equity_risk_parity
2023-03-01,PSA,0.02,equity_risk_parity
2023-04-03,PSA,0.02,equity_risk_parity
2023-05-01,PSA,0.02,equity_risk_parity
2023-06-01,PSA,0.02,equity_risk_parity
2023-07-03,PSA,0.02,equity_risk_parity
2023-08-01,PSA,0.02,equity_risk_parity
2023-09-01,PSA,0.02,equity_risk_parity
2023-10-02,PSA,0.02,equity_risk_parity
2023-11-01,PSA,0.02,equity_risk_parity
2023-12-01,PSA,0.02,equity_risk_parity
2021-01-04,QCOM,0.02,equity_risk_parity
2021-02-01,QCOM,0.02,equity_risk_parity
2021-03-01,QCOM,0.02,equity_risk_parity
2021-04-01,QCOM,0.02,equity_risk_parity
2021-05-03,QCOM,0.02,equity_risk_parity
2021-06-01,QCOM,0.02,equity_risk_parity
2021-07-01,QCOM,0.02,equity_risk_parity
2021-08-02,QCOM,0.02,equity_risk_parity
2021-09-01,QCOM,0.02,equity_risk_parity
2021-10-01,QCOM,0.02,equity_risk_parity
2021-11-01,QCOM,0.02,equity_risk_parity
2021-12-01,QCOM,0.02,equity_risk_parity
2022-01-03,QCOM,0.02,equity_risk_parity
2022-02-01,QCOM,0.02,equity_risk_parity
2022-03-01,QCOM,0.02,equity_risk_parity
2022-04-01,QCOM,0.02,equity_risk_parity
2022-05-02,QCOM,0.02,equity_risk_parity
2022-06-01,QCOM,0.02,equity_risk_parity
2022-07-01,QCOM,0.02,equity_risk_parity
2022-08-01,QCOM,0.02,equity_risk_parity
2022-09-01,QCOM,0.02,equity_risk_parity
2022-10-03,QCOM,0.02,equity_risk_parity
2022-11-01,QCOM,0.02,equity_risk_parity
2022-12-01,QCOM,0.02,equity_risk_parity
2023-01-03,QCOM,0.02,equity_risk_parity
2023-02-01,QCOM,0.02,equity_risk_parity
2023-03-01,QCOM,0.02,equity_risk_parity
2023-04-03,QCOM,0.02,equity_risk_parity
2023-05-01,QCOM,0.02,equity_risk_parity
2023-06-01,QCOM,0.02,equity_risk_parity
2023-07-03,QCOM,0.02,equity_risk_parity
2023-08-01,QCOM,0.02,equity_risk_parity
2023-09-01,QCOM,0.02,equity_risk_parity
2023-10-02,QCOM,0.02,equity_risk_parity
2023-11-01,QCOM,0.02,equity_risk_parity
2023-12-01,QCOM,0.02,equity_risk_parity
2021-01-04,SBUX,0.02,equity_risk_parity
2021-02-01,SBUX,0.02,equity_risk_parity
2021-03-01,SBUX,0.02,equity_risk_parity
2021-04-01,SBUX,0.02,equity_risk_parity
2021-05-03,SBUX,0.02,equity_risk_parity
2021-06-01,SBUX,0.02,equity_risk_parity
2021-07-01,SBUX,0.02,equity_risk_parity
2021-08-02,SBUX,0.02,equity_risk_parity
2021-09-01,SBUX,0.02,equity_risk_parity
2021-10-01,SBUX,0.02,equity_risk_parity
2021-11-01,SBUX,0.02,equity_risk_parity
2021-12-01,SBUX,0.02,equity_risk_parity
2022-01-03,SBUX,0.02,equity_risk_parity
2022-02-01,SBUX,0.02,equity_risk_parity
2022-03-01,SBUX,0.02,equity_risk_parity
2022-04-01,SBUX,0.02,equity_risk_parity
2022-05-02,SBUX,0.02,equity_risk_parity
2022-06-01,SBUX,0.02,equity_risk_parity
2022-07-01,SBUX,0.02,equity_risk_parity
2022-08-01,SBUX,0.02,equity_risk_parity
2022-09-01,SBUX,0.02,equity_risk_parity
2022-10-03,SBUX,0.02,equity_risk_parity
2022-11-01,SBUX,0.02,equity_risk_parity
2022-12-01,SBUX,0.02,equity_risk_parity
2023-01-03,SBUX,0.02,equity_risk_parity
2023-02-01,SBUX,0.02,equity_risk_parity
2023-03-01,SBUX,0.02,equity_risk_parity
2023-04-03,SBUX,0.02,equity_risk_parity
2023-05-01,SBUX,0.02,equity_risk_parity
2023-06-01,SBUX,0.02,equity_risk_parity
2023-07-03,SBUX,0.02,equity_risk_parity
2023-08-01,SBUX,0.02,equity_risk_parity
2023-09-01,SBUX,0.02,equity_risk_parity
2023-10-02,SBUX,0.02,equity_risk_parity
2023-11-01,SBUX,0.02,equity_risk_parity
2023-12-01,SBUX,0.02,equity_risk_parity
2021-01-04,SHW,0.02,equity_risk_parity
2021-02-01,SHW,0.02,equity_risk_parity
2021-03-01,SHW,0.02,equity_risk_parity
2021-04-01,SHW,0.02,equity_risk_parity
2021-05-03,SHW,0.02,equity_risk_parity
2021-06-01,SHW,0.02,equity_risk_parity
2021-07-01,SHW,0.02,equity_risk_parity
2021-08-02,SHW,0.02,equity_risk_parity
2021-09-01,SHW,0.02,equity_risk_parity
2021-10-01,SHW,0.02,equity_risk_parity
2021-11-01,SHW,0.02,equity_risk_parity
2021-12-01,SHW,0.02,equity_risk_parity
2022-01-03,SHW,0.02,equity_risk_parity
2022-02-01,SHW,0.02,equity_risk_parity
2022-03-01,SHW,0.02,equity_risk_parity
2022-04-01,SHW,0.02,equity_risk_parity
2022-05-02,SHW,0.02,equity_risk_parity
2022-06-01,SHW,0.02,equity_risk_parity
2022-07-01,SHW,0.02,equity_risk_parity
2022-08-01,SHW,0.02,equity_risk_parity
2022-09-01,SHW,0.02,equity_risk_parity
2022-10-03,SHW,0.02,equity_risk_parity
2022-11-01,SHW,0.02,equity_risk_parity
2022-12-01,SHW,0.02,equity_risk_parity
2023-01-03,SHW,0.02,equity_risk_parity
2023-02-01,SHW,0.02,equity_risk_parity
2023-03-01,SHW,0.02,equity_risk_parity
2023-04-03,SHW,0.02,equity_risk_parity
2023-05-01,SHW,0.02,equity_risk_parity
2023-06-01,SHW,0.02,equity_risk_parity
2023-07-03,SHW,0.02,equity_risk_parity
2023-08-01,SHW,0.02,equity_risk_parity
2023-09-01,SHW,0.02,equity_risk_parity
2023-10-02,SHW,0.02,equity_risk_parity
2023-11-01,SHW,0.02,equity_risk_parity
2023-12-01,SHW,0.02,equity_risk_parity
2021-01-04,SLB,0.02,equity_risk_parity
2021-02-01,SLB,0.02,equity_risk_parity
2021-03-01,SLB,0.02,equity_risk_parity
2021-04-01,SLB,0.02,equity_risk_parity
2021-05-03,SLB,0.02,equity_risk_parity
2021-06-01,SLB,0.02,equity_risk_parity
2021-07-01,SLB,0.02,equity_risk_parity
2021-08-02,SLB,0.02,equity_risk_parity
2021-09-01,SLB,0.02,equity_risk_parity
2021-10-01,SLB,0.02,equity_risk_parity
2021-11-01,SLB,0.02,equity_risk_parity
2021-12-01,SLB,0.02,equity_risk_parity
2022-01-03,SLB,0.02,equity_risk_parity
2022-02-01,SLB,0.02,equity_risk_parity
2022-03-01,SLB,0.02,equity_risk_parity
2022-04-01,SLB,0.02,equity_risk_parity
2022-05-02,SLB,0.02,equity_risk_parity
2022-06-01,SLB,0.02,equity_risk_parity
2022-07-01,SLB,0.02,equity_risk_parity
2022-08-01,SLB,0.02,equity_risk_parity
2022-09-01,SLB,0.02,equity_risk_parity
2022-10-03,SLB,0.02,equity_risk_parity
2022-11-01,SLB,0.02,equity_risk_parity
2022-12-01,SLB,0.02,equity_risk_parity
2023-01-03,SLB,0.02,equity_risk_parity
2023-02-01,SLB,0.02,equity_risk_parity
2023-03-01,SLB,0.02,equity_risk_parity
2023-04-03,SLB,0.02,equity_risk_parity
2023-05-01,SLB,0.02,equity_risk_parity
2023-06-01,SLB,0.02,equity_risk_parity
2023-07-03,SLB,0.02,equity_risk_parity
2023-08-01,SLB,0.02,equity_risk_parity
2023-09-01,SLB,0.02,equity_risk_parity
2023-10-02,SLB,0.02,equity_risk_parity
2023-11-01,SLB,0.02,equity_risk_parity
2023-12-01,SLB,0.02,equity_risk_parity
2021-01-04,SO,0.02,equity_risk_parity
2021-02-01,SO,0.02,equity_risk_parity
2021-03-01,SO,0.02,equity_risk_parity
2021-04-01,SO,0.02,equity_risk_parity
2021-05-03,SO,0.02,equity_risk_parity
2021-06-01,SO,0.02,equity_risk_parity
2021-07-01,SO,0.02,equity_risk_parity
2021-08-02,SO,0.02,equity_risk_parity
2021-09-01,SO,0.02,equity_risk_parity
2021-10-01,SO,0.02,equity_risk_parity
2021-11-01,SO,0.02,equity_risk_parity
2021-12-01,SO,0.02,equity_risk_parity
2022-01-03,SO,0.02,equity_risk_parity
2022-02-01,SO,0.02,equity_risk_parity
2022-03-01,SO,0.02,equity_risk_parity
2022-04-01,SO,0.02,equity_risk_parity
2022-05-02,SO,0.02,equity_risk_parity
2022-06-01,SO,0.02,equity_risk_parity
2022-07-01,SO,0.02,equity_risk_parity
2022-08-01,SO,0.02,equity_risk_parity
2022-09-01,SO,0.02,equity_risk_parity
2022-10-03,SO,0.02,equity_risk_parity
2022-11-01,SO,0.02,equity_risk_parity
2022-12-01,SO,0.02,equity_risk_parity
2023-01-03,SO,0.02,equity_risk_parity
2023-02-01,SO,0.02,equity_risk_parity
2023-03-01,SO,0.02,equity_risk_parity
2023-04-03,SO,0.02,equity_risk_parity
2023-05-01,SO,0.02,equity_risk_parity
2023-06-01,SO,0.02,equity_risk_parity
2023-07-03,SO,0.02,equity_risk_parity
2023-08-01,SO,0.02,equity_risk_parity
2023-09-01,SO,0.02,equity_risk_parity
2023-10-02,SO,0.02,equity_risk_parity
2023-11-01,SO,0.02,equity_risk_parity
2023-12-01,SO,0.02,equity_risk_parity
2021-01-04,T,0.02,equity_risk_parity
2021-02-01,T,0.02,equity_risk_parity
2021-03-01,T,0.02,equity_risk_parity
2021-04-01,T,0.02,equity_risk_parity
2021-05-03,T,0.02,equity_risk_parity
2021-06-01,T,0.02,equity_risk_parity
2021-07-01,T,0.02,equity_risk_parity
2021-08-02,T,0.02,equity_risk_parity
2021-09-01,T,0.02,equity_risk_parity
2021-10-01,T,0.02,equity_risk_parity
2021-11-01,T,0.02,equity_risk_parity
2021-12-01,T,0.02,equity_risk_parity
2022-01-03,T,0.02,equity_risk_parity
2022-02-01,T,0.02,equity_risk_parity
2022-03-01,T,0.02,equity_risk_parity
2022-04-01,T,0.02,equity_risk_parity
2022-05-02,T,0.02,equity_risk_parity
2022-06-01,T,0.02,equity_risk_parity
2022-07-01,T,0.02,equity_risk_parity
2022-08-01,T,0.02,equity_risk_parity
2022-09-01,T,0.02,equity_risk_parity
2022-10-03,T,0.02,equity_risk_parity
2022-11-01,T,0.02,equity_risk_parity
2022-12-01,T,0.02,equity_risk_parity
2023-01-03,T,0.02,equity_risk_parity
2023-02-01,T,0.02,equity_risk_parity
2023-03-01,T,0.02,equity_risk_parity
2023-04-03,T,0.02,equity_risk_parity
2023-05-01,T,0.02,equity_risk_parity
2023-06-01,T,0.02,equity_risk_parity
2023-07-03,T,0.02,equity_risk_parity
2023-08-01,T,0.02,equity_risk_parity
2023-09-01,T,0.02,equity_risk_parity
2023-10-02,T,0.02,equity_risk_parity
2023-11-01,T,0.02,equity_risk_parity
2023-12-01,T,0.02,equity_risk_parity
2021-01-04,TMUS,0.02,equity_risk_parity
2021-02-01,TMUS,0.02,equity_risk_parity
2021-03-01,TMUS,0.02,equity_risk_parity
2021-04-01,TMUS,0.02,equity_risk_parity
2021-05-03,TMUS,0.02,equity_risk_parity
2021-06-01,TMUS,0.02,equity_risk_parity
2021-07-01,TMUS,0.02,equity_risk_parity
2021-08-02,TMUS,0.02,equity_risk_parity
2021-09-01,TMUS,0.02,equity_risk_parity
2021-10-01,TMUS,0.02,equity_risk_parity
2021-11-01,TMUS,0.02,equity_risk_parity
2021-12-01,TMUS,0.02,equity_risk_parity
2022-01-03,TMUS,0.02,equity_risk_parity
2022-02-01,TMUS,0.02,equity_risk_parity
2022-03-01,TMUS,0.02,equity_risk_parity
2022-04-01,TMUS,0.02,equity_risk_parity
2022-05-02,TMUS,0.02,equity_risk_parity
2022-06-01,TMUS,0.02,equity_risk_parity
2022-07-01,TMUS,0.02,equity_risk_parity
2022-08-01,TMUS,0.02,equity_risk_parity
2022-09-01,TMUS,0.02,equity_risk_parity
2022-10-03,TMUS,0.02,equity_risk_parity
2022-11-01,TMUS,0.02,equity_risk_parity
2022-12-01,TMUS,0.02,equity_risk_parity
2023-01-03,TMUS,0.02,equity_risk_parity
2023-02-01,TMUS,0.02,equity_risk_parity
2023-03-01,TMUS,0.02,equity_risk_parity
2023-04-03,TMUS,0.02,equity_risk_parity
2023-05-01,TMUS,0.02,equity_risk_parity
2023-06-01,TMUS,0.02,equity_risk_parity
2023-07-03,TMUS,0.02,equity_risk_parity
2023-08-01,TMUS,0.02,equity_risk_parity
2023-09-01,TMUS,0.02,equity_risk_parity
2023-10-02,TMUS,0.02,equity_risk_parity
2023-11-01,TMUS,0.02,equity_risk_parity
2023-12-01,TMUS,0.02,equity_risk_parity
2021-01-04,TTWO,0.02,equity_risk_parity
2021-02-01,TTWO,0.02,equity_risk_parity
2021-03-01,TTWO,0.02,equity_risk_parity
2021-04-01,TTWO,0.02,equity_risk_parity
2021-05-03,TTWO,0.02,equity_risk_parity
2021-06-01,TTWO,0.02,equity_risk_parity
2021-07-01,TTWO,0.02,equity_risk_parity
2021-08-02,TTWO,0.02,equity_risk_parity
2021-09-01,TTWO,0.02,equity_risk_parity
2021-10-01,TTWO,0.02,equity_risk_parity
2021-11-01,TTWO,0.02,equity_risk_parity
2021-12-01,TTWO,0.02,equity_risk_parity
2022-01-03,TTWO,0.02,equity_risk_parity
2022-02-01,TTWO,0.02,equity_risk_parity
2022-03-01,TTWO,0.02,equity_risk_parity
2022-04-01,TTWO,0.02,equity_risk_parity
2022-05-02,TTWO,0.02,equity_risk_parity
2022-06-01,TTWO,0.02,equity_risk_parity
2022-07-01,TTWO,0.02,equity_risk_parity
2022-08-01,TTWO,0.02,equity_risk_parity
2022-09-01,TTWO,0.02,equity_risk_parity
2022-10-03,TTWO,0.02,equity_risk_parity
2022-11-01,TTWO,0.02,equity_risk_parity
2022-12-01,TTWO,0.02,equity_risk_parity
2023-01-03,TTWO,0.02,equity_risk_parity
2023-02-01,TTWO,0.02,equity_risk_parity
2023-03-01,TTWO,0.02,equity_risk_parity
2023-04-03,TTWO,0.02,equity_risk_parity
2023-05-01,TTWO,0.02,equity_risk_parity
2023-06-01,TTWO,0.02,equity_risk_parity
2023-07-03,TTWO,0.02,equity_risk_parity
2023-08-01,TTWO,0.02,equity_risk_parity
2023-09-01,TTWO,0.02,equity_risk_parity
2023-10-02,TTWO,0.02,equity_risk_parity
2023-11-01,TTWO,0.02,equity_risk_parity
2023-12-01,TTWO,0.02,equity_risk_parity
2021-01-04,UPS,0.02,equity_risk_parity
2021-02-01,UPS,0.02,equity_risk_parity
2021-03-01,UPS,0.02,equity_risk_parity
2021-04-01,UPS,0.02,equity_risk_parity
2021-05-03,UPS,0.02,equity_risk_parity
2021-06-01,UPS,0.02,equity_risk_parity
2021-07-01,UPS,0.02,equity_risk_parity
2021-08-02,UPS,0.02,equity_risk_parity
2021-09-01,UPS,0.02,equity_risk_parity
2021-10-01,UPS,0.02,equity_risk_parity
2021-11-01,UPS,0.02,equity_risk_parity
2021-12-01,UPS,0.02,equity_risk_parity
2022-01-03,UPS,0.02,equity_risk_parity
2022-02-01,UPS,0.02,equity_risk_parity
2022-03-01,UPS,0.02,equity_risk_parity
2022-04-01,UPS,0.02,equity_risk_parity
2022-05-02,UPS,0.02,equity_risk_parity
2022-06-01,UPS,0.02,equity_risk_parity
2022-07-01,UPS,0.02,equity_risk_parity
2022-08-01,UPS,0.02,equity_risk_parity
2022-09-01,UPS,0.02,equity_risk_parity
2022-10-03,UPS,0.02,equity_risk_parity
2022-11-01,UPS,0.02,equity_risk_parity
2022-12-01,UPS,0.02,equity_risk_parity
2023-01-03,UPS,0.02,equity_risk_parity
2023-02-01,UPS,0.02,equity_risk_parity
2023-03-01,UPS,0.02,equity_risk_parity
2023-04-03,UPS,0.02,equity_risk_parity
2023-05-01,UPS,0.02,equity_risk_parity
2023-06-01,UPS,0.02,equity_risk_parity
2023-07-03,UPS,0.02,equity_risk_parity
2023-08-01,UPS,0.02,equity_risk_parity
2023-09-01,UPS,0.02,equity_risk_parity
2023-10-02,UPS,0.02,equity_risk_parity
2023-11-01,UPS,0.02,equity_risk_parity
2023-12-01,UPS,0.02,equity_risk_parity
2021-01-04,USB,0.02,equity_risk_parity
2021-02-01,USB,0.02,equity_risk_parity
2021-03-01,USB,0.02,equity_risk_parity
2021-04-01,USB,0.02,equity_risk_parity
2021-05-03,USB,0.02,equity_risk_parity
2021-06-01,USB,0.02,equity_risk_parity
2021-07-01,USB,0.02,equity_risk_parity
2021-08-02,USB,0.02,equity_risk_parity
2021-09-01,USB,0.02,equity_risk_parity
2021-10-01,USB,0.02,equity_risk_parity
2021-11-01,USB,0.02,equity_risk_parity
2021-12-01,USB,0.02,equity_risk_parity
2022-01-03,USB,0.02,equity_risk_parity
2022-02-01,USB,0.02,equity_risk_parity
2022-03-01,USB,0.02,equity_risk_parity
2022-04-01,USB,0.02,equity_risk_parity
2022-05-02,USB,0.02,equity_risk_parity
2022-06-01,USB,0.02,equity_risk_parity
2022-07-01,USB,0.02,equity_risk_parity
2022-08-01,USB,0.02,equity_risk_parity
2022-09-01,USB,0.02,equity_risk_parity
2022-10-03,USB,0.02,equity_risk_parity
2022-11-01,USB,0.02,equity_risk_parity
2022-12-01,USB,0.02,equity_risk_parity
2023-01-03,USB,0.02,equity_risk_parity
2023-02-01,USB,0.02,equity_risk_parity
2023-03-01,USB,0.02,equity_risk_parity
2023-04-03,USB,0.02,equity_risk_parity
2023-05-01,USB,0.02,equity_risk_parity
2023-06-01,USB,0.02,equity_risk_parity
2023-07-03,USB,0.02,equity_risk_parity
2023-08-01,USB,0.02,equity_risk_parity
2023-09-01,USB,0.02,equity_risk_parity
2023-10-02,USB,0.02,equity_risk_parity
2023-11-01,USB,0.02,equity_risk_parity
2023-12-01,USB,0.02,equity_risk_parity
2021-01-04,V,0.02,equity_risk_parity
2021-02-01,V,0.02,equity_risk_parity
2021-03-01,V,0.02,equity_risk_parity
2021-04-01,V,0.02,equity_risk_parity
2021-05-03,V,0.02,equity_risk_parity
2021-06-01,V,0.02,equity_risk_parity
2021-07-01,V,0.02,equity_risk_parity
2021-08-02,V,0.02,equity_risk_parity
2021-09-01,V,0.02,equity_risk_parity
2021-10-01,V,0.02,equity_risk_parity
2021-11-01,V,0.02,equity_risk_parity
2021-12-01,V,0.02,equity_risk_parity
2022-01-03,V,0.02,equity_risk_parity
2022-02-01,V,0.02,equity_risk_parity
2022-03-01,V,0.02,equity_risk_parity
2022-04-01,V,0.02,equity_risk_parity
2022-05-02,V,0.02,equity_risk_parity
2022-06-01,V,0.02,equity_risk_parity
2022-07-01,V,0.02,equity_risk_parity
2022-08-01,V,0.02,equity_risk_parity
2022-09-01,V,0.02,equity_risk_parity
2022-10-03,V,0.02,equity_risk_parity
2022-11-01,V,0.02,equity_risk_parity
2022-12-01,V,0.02,equity_risk_parity
2023-01-03,V,0.02,equity_risk_parity
2023-02-01,V,0.02,equity_risk_parity
2023-03-01,V,0.02,equity_risk_parity
2023-04-03,V,0.02,equity_risk_parity
2023-05-01,V,0.02,equity_risk_parity
2023-06-01,V,0.02,equity_risk_parity
2023-07-03,V,0.02,equity_risk_parity
2023-08-01,V,0.02,equity_risk_parity
2023-09-01,V,0.02,equity_risk_parity
2023-10-02,V,0.02,equity_risk_parity
2023-11-01,V,0.02,equity_risk_parity
2023-12-01,V,0.02,equity_risk_parity
2021-01-04,WFC,0.02,equity_risk_parity
2021-02-01,WFC,0.02,equity_risk_parity
2021-03-01,WFC,0.02,equity_risk_parity
2021-04-01,WFC,0.02,equity_risk_parity
2021-05-03,WFC,0.02,equity_risk_parity
2021-06-01,WFC,0.02,equity_risk_parity
2021-07-01,WFC,0.02,equity_risk_parity
2021-08-02,WFC,0.02,equity_risk_parity
2021-09-01,WFC,0.02,equity_risk_parity
2021-10-01,WFC,0.02,equity_risk_parity
2021-11-01,WFC,0.02,equity_risk_parity
2021-12-01,WFC,0.02,equity_risk_parity
2022-01-03,WFC,0.02,equity_risk_parity
2022-02-01,WFC,0.02,equity_risk_parity
2022-03-01,WFC,0.02,equity_risk_parity
2022-04-01,WFC,0.02,equity_risk_parity
2022-05-02,WFC,0.02,equity_risk_parity
2022-06-01,WFC,0.02,equity_risk_parity
2022-07-01,WFC,0.02,equity_risk_parity
2022-08-01,WFC,0.02,equity_risk_parity
2022-09-01,WFC,0.02,equity_risk_parity
2022-10-03,WFC,0.02,equity_risk_parity
2022-11-01,WFC,0.02,equity_risk_parity
2022-12-01,WFC,0.02,equity_risk_parity
2023-01-03,WFC,0.02,equity_risk_parity
2023-02-01,WFC,0.02,equity_risk_parity
2023-03-01,WFC,0.02,equity_risk_parity
2023-04-03,WFC,0.02,equity_risk_parity
2023-05-01,WFC,0.02,equity_risk_parity
2023-06-01,WFC,0.02,equity_risk_parity
2023-07-03,WFC,0.02,equity_risk_parity
2023-08-01,WFC,0.02,equity_risk_parity
2023-09-01,WFC,0.02,equity_risk_parity
2023-10-02,WFC,0.02,equity_risk_parity
2023-11-01,WFC,0.02,equity_risk_parity
2023-12-01,WFC,0.02,equity_risk_parity
2021-01-04,WMT,0.02,equity_risk_parity
2021-02-01,WMT,0.02,equity_risk_parity
2021-03-01,WMT,0.02,equity_risk_parity
2021-04-01,WMT,0.02,equity_risk_parity
2021-05-03,WMT,0.02,equity_risk_parity
2021-06-01,WMT,0.02,equity_risk_parity
2021-07-01,WMT,0.02,equity_risk_parity
2021-08-02,WMT,0.02,equity_risk_parity
2021-09-01,WMT,0.02,equity_risk_parity
2021-10-01,WMT,0.02,equity_risk_parity
2021-11-01,WMT,0.02,equity_risk_parity
2021-12-01,WMT,0.02,equity_risk_parity
2022-01-03,WMT,0.02,equity_risk_parity
2022-02-01,WMT,0.02,equity_risk_parity
2022-03-01,WMT,0.02,equity_risk_parity
2022-04-01,WMT,0.02,equity_risk_parity
2022-05-02,WMT,0.02,equity_risk_parity
2022-06-01,WMT,0.02,equity_risk_parity
2022-07-01,WMT,0.02,equity_risk_parity
2022-08-01,WMT,0.02,equity_risk_parity
2022-09-01,WMT,0.02,equity_risk_parity
2022-10-03,WMT,0.02,equity_risk_parity
2022-11-01,WMT,0.02,equity_risk_parity
2022-12-01,WMT,0.02,equity_risk_parity
2023-01-03,WMT,0.02,equity_risk_parity
2023-02-01,WMT,0.02,equity_risk_parity
2023-03-01,WMT,0.02,equity_risk_parity
2023-04-03,WMT,0.02,equity_risk_parity
2023-05-01,WMT,0.02,equity_risk_parity
2023-06-01,WMT,0.02,equity_risk_parity
2023-07-03,WMT,0.02,equity_risk_parity
2023-08-01,WMT,0.02,equity_risk_parity
2023-09-01,WMT,0.02,equity_risk_parity
2023-10-02,WMT,0.02,equity_risk_parity
2023-11-01,WMT,0.02,equity_risk_parity
2023-12-01,WMT,0.02,equity_risk_parity
2021-01-04,XOM,0.02,equity_risk_parity
2021-02-01,XOM,0.02,equity_risk_parity
2021-03-01,XOM,0.02,equity_risk_parity
2021-04-01,XOM,0.02,equity_risk_parity
2021-05-03,XOM,0.02,equity_risk_parity
2021-06-01,XOM,0.02,equity_risk_parity
2021-07-01,XOM,0.02,equity_risk_parity
2021-08-02,XOM,0.02,equity_risk_parity
2021-09-01,XOM,0.02,equity_risk_parity
2021-10-01,XOM,0.02,equity_risk_parity
2021-11-01,XOM,0.02,equity_risk_parity
2021-12-01,XOM,0.02,equity_risk_parity
2022-01-03,XOM,0.02,equity_risk_parity
2022-02-01,XOM,0.02,equity_risk_parity
2022-03-01,XOM,0.02,equity_risk_parity
2022-04-01,XOM,0.02,equity_risk_parity
2022-05-02,XOM,0.02,equity_risk_parity
2022-06-01,XOM,0.02,equity_risk_parity
2022-07-01,XOM,0.02,equity_risk_parity
2022-08-01,XOM,0.02,equity_risk_parity
2022-09-01,XOM,0.02,equity_risk_parity
2022-10-03,XOM,0.02,equity_risk_parity
2022-11-01,XOM,0.02,equity_risk_parity
2022-12-01,XOM,0.02,equity_risk_parity
2023-01-03,XOM,0.02,equity_risk_parity
2023-02-01,XOM,0.02,equity_risk_parity
2023-03-01,XOM,0.02,equity_risk_parity
2023-04-03,XOM,0.02,equity_risk_parity
2023-05-01,XOM,0.02,equity_risk_parity
2023-06-01,XOM,0.02,equity_risk_parity
2023-07-03,XOM,0.02,equity_risk_parity
2023-08-01,XOM,0.02,equity_risk_parity
2023-09-01,XOM,0.02,equity_risk_parity
2023-10-02,XOM,0.02,equity_risk_parity
2023-11-01,XOM,0.02,equity_risk_parity
2023-12-01,XOM,0.02,equity_risk_parity
2020-10-01,ADA-USD,0.0,crypto_min_variance
2020-11-01,ADA-USD,6.306531781835887e-17,crypto_min_variance
2020-12-01,ADA-USD,0.0,crypto_min_variance
2021-01-01,ADA-USD,0.0,crypto_min_variance
2021-02-01,ADA-USD,1.0241407390086263e-17,crypto_min_variance
2021-03-01,ADA-USD,0.038718397792991494,crypto_min_variance
2021-04-01,ADA-USD,0.006778907211527428,crypto_min_variance
2021-05-01,ADA-USD,0.015641609237991842,crypto_min_variance
2021-06-01,ADA-USD,0.0,crypto_min_variance
2021-07-01,ADA-USD,3.469446951953614e-18,crypto_min_variance
2021-08-01,ADA-USD,0.0,crypto_min_variance
2021-09-01,ADA-USD,0.01383629333366673,crypto_min_variance
2021-10-01,ADA-USD,1.3877787807814457e-17,crypto_min_variance
2021-11-01,ADA-USD,0.0,crypto_min_variance
2021-12-01,ADA-USD,0.0,crypto_min_variance
2022-01-01,ADA-USD,0.0,crypto_min_variance
2022-02-01,ADA-USD,0.007707112178898849,crypto_min_variance
2022-03-01,ADA-USD,0.06016501455719024,crypto_min_variance
2022-04-01,ADA-USD,0.04238582984679559,crypto_min_variance
2022-05-01,ADA-USD,0.01848841416914831,crypto_min_variance
2022-06-01,ADA-USD,1.623214654206139e-17,crypto_min_variance
2022-07-01,ADA-USD,0.0,crypto_min_variance
2022-08-01,ADA-USD,0.0,crypto_min_variance
2022-09-01,ADA-USD,2.02348099565061e-18,crypto_min_variance
2022-10-01,ADA-USD,0.0,crypto_min_variance
2022-11-01,ADA-USD,0.0,crypto_min_variance
2022-12-01,ADA-USD,9.568907696432099e-18,crypto_min_variance
2023-01-01,ADA-USD,0.0,crypto_min_variance
2023-02-01,ADA-USD,4.9052965048153394e-17,crypto_min_variance
2023-03-01,ADA-USD,3.836950629970707e-17,crypto_min_variance
2023-04-01,ADA-USD,0.007622224988549471,crypto_min_variance
2023-05-01,ADA-USD,2.688821387764051e-17,crypto_min_variance
2023-06-01,ADA-USD,0.1,crypto_min_variance
2023-07-01,ADA-USD,0.01766540176092727,crypto_min_variance
2023-08-01,ADA-USD,0.01923250723164368,crypto_min_variance
2023-09-01,ADA-USD,0.0211427383727342,crypto_min_variance
2023-10-01,ADA-USD,0.051607058551960246,crypto_min_variance
2023-11-01,ADA-USD,0.07713871328100258,crypto_min_variance
2023-12-01,ADA-USD,0.06507275087440081,crypto_min_variance
2020-10-01,BCH-USD,1.1796758967804095e-18,crypto_min_variance
2020-11-01,BCH-USD,0.0,crypto_min_variance
2020-12-01,BCH-USD,5.2401750352972e-18,crypto_min_variance
2021-01-01,BCH-USD,0.047783181197583346,crypto_min_variance
2021-02-01,BCH-USD,0.0,crypto_min_variance
2021-03-01,BCH-USD,0.0,crypto_min_variance
2021-04-01,BCH-USD,0.0,crypto_min_variance
2021-05-01,BCH-USD,8.483881999699072e-18,crypto_min_variance
2021-06-01,BCH-USD,0.0,crypto_min_variance
2021-07-01,BCH-USD,5.0464029359508605e-18,crypto_min_variance
2021-08-01,BCH-USD,0.0,crypto_min_variance
2021-09-01,BCH-USD,3.521648139885114e-18,crypto_min_variance
2021-10-01,BCH-USD,1.6563501946573907e-19,crypto_min_variance
2021-11-01,BCH-USD,0.0,crypto_min_variance
2021-12-01,BCH-USD,0.0,crypto_min_variance
2022-01-01,BCH-USD,0.0,crypto_min_variance
2022-02-01,BCH-USD,0.17116299263678514,crypto_min_variance
2022-03-01,BCH-USD,0.1656013693127968,crypto_min_variance
2022-04-01,BCH-USD,0.125385258837856,crypto_min_variance
2022-05-01,BCH-USD,0.09232295683303679,crypto_min_variance
2022-06-01,BCH-USD,0.05568430619577623,crypto_min_variance
2022-07-01,BCH-USD,0.09179926070953234,crypto_min_variance
2022-08-01,BCH-USD,0.05583748439218658,crypto_min_variance
2022-09-01,BCH-USD,0.03757466793804528,crypto_min_variance
2022-10-01,BCH-USD,0.014762800126505257,crypto_min_variance
2022-11-01,BCH-USD,0.01306512102585752,crypto_min_variance
2022-12-01,BCH-USD,0.028825418498858106,crypto_min_variance
2023-01-01,BCH-USD,0.027540196504925934,crypto_min_variance
2023-02-01,BCH-USD,0.00016381926385462776,crypto_min_variance
2023-03-01,BCH-USD,1.7202936390371083e-17,crypto_min_variance
2023-04-01,BCH-USD,0.0050595099103568075,crypto_min_variance
2023-05-01,BCH-USD,0.08900077776557817,crypto_min_variance
2023-06-01,BCH-USD,0.1,crypto_min_variance
2023-07-01,BCH-USD,4.103418871497372e-17,crypto_min_variance
2023-08-01,BCH-USD,0.06056613181393369,crypto_min_variance
2023-09-01,BCH-USD,0.0,crypto_min_variance
2023-10-01,BCH-USD,0.0,crypto_min_variance
2023-11-01,BCH-USD,0.0,crypto_min_variance
2023-12-01,BCH-USD,0.0,crypto_min_variance
2020-10-01,BTC-USD,0.4552363811453155,crypto_min_variance
2020-11-01,BTC-USD,0.4025096801144415,crypto_min_variance
2020-12-01,BTC-USD,0.5536928929946143,crypto_min_variance
2021-01-01,BTC-USD,0.4935856677367209,crypto_min_variance
2021-02-01,BTC-USD,0.5830696972028034,crypto_min_variance
2021-03-01,BTC-USD,0.7626547566599753,crypto_min_variance
2021-04-01,BTC-USD,0.6633926304485402,crypto_min_variance
2021-05-01,BTC-USD,0.6766040969102873,crypto_min_variance
2021-06-01,BTC-USD,0.795825305566024,crypto_min_variance
2021-07-01,BTC-USD,0.8029765618519096,crypto_min_variance
2021-08-01,BTC-USD,0.8235778425410911,crypto_min_variance
2021-09-01,BTC-USD,0.9696539886707982,crypto_min_variance
2021-10-01,BTC-USD,0.8351302640701341,crypto_min_variance
2021-11-01,BTC-USD,0.9056091633423972,crypto_min_variance
2021-12-01,BTC-USD,0.9001633490550344,crypto_min_variance
2022-01-01,BTC-USD,1.0,crypto_min_variance
2022-02-01,BTC-USD,0.5433989948129653,crypto_min_variance
2022-03-01,BTC-USD,0.392636257921811,crypto_min_variance
2022-04-01,BTC-USD,0.38484089225504725,crypto_min_variance
2022-05-01,BTC-USD,0.4167434108162824,crypto_min_variance
2022-06-01,BTC-USD,0.4306338214269275,crypto_min_variance
2022-07-01,BTC-USD,0.3097545627530549,crypto_min_variance
2022-08-01,BTC-USD,0.3117642511719465,crypto_min_variance
2022-09-01,BTC-USD,0.3124803511866933,crypto_min_variance
2022-10-01,BTC-USD,0.3190889926354865,crypto_min_variance
2022-11-01,BTC-USD,0.2867447013346712,crypto_min_variance
2022-12-01,BTC-USD,0.3511612067608376,crypto_min_variance
2023-01-01,BTC-USD,0.33952433275916594,crypto_min_variance
2023-02-01,BTC-USD,0.2634452538380025,crypto_min_variance
2023-03-01,BTC-USD,0.2849173301796376,crypto_min_variance
2023-04-01,BTC-USD,0.3024374356138591,crypto_min_variance
2023-05-01,BTC-USD,0.2869833212172091,crypto_min_variance
2023-06-01,BTC-USD,0.1,crypto_min_variance
2023-07-01,BTC-USD,0.27211518768662324,crypto_min_variance
2023-08-01,BTC-USD,0.2948674107936191,crypto_min_variance
2023-09-01,BTC-USD,0.30882249641318243,crypto_min_variance
2023-10-01,BTC-USD,0.27675798820636816,crypto_min_variance
2023-11-01,BTC-USD,0.2403841998559468,crypto_min_variance
2023-12-01,BTC-USD,0.24703158353748655,crypto_min_variance
2020-10-01,EOS-USD,8.118252403522234e-18,crypto_min_variance
2020-11-01,EOS-USD,0.0,crypto_min_variance
2020-12-01,EOS-USD,0.0179762462412557,crypto_min_variance
2021-01-01,EOS-USD,0.02775366128001794,crypto_min_variance
2021-02-01,EOS-USD,0.03283479172517463,crypto_min_variance
2021-03-01,EOS-USD,0.0,crypto_min_variance
2021-04-01,EOS-USD,1.1035892460682744e-19,crypto_min_variance
2021-05-01,EOS-USD,0.0,crypto_min_variance
2021-06-01,EOS-USD,0.0,crypto_min_variance
2021-07-01,EOS-USD,0.0,crypto_min_variance
2021-08-01,EOS-USD,0.0,crypto_min_variance
2021-09-01,EOS-USD,0.0,crypto_min_variance
2021-10-01,EOS-USD,0.0,crypto_min_variance
2021-11-01,EOS-USD,1.2244895442706983e-17,crypto_min_variance
2021-12-01,EOS-USD,1.604234816723005e-17,crypto_min_variance
2022-01-01,EOS-USD,3.3063111800994283e-19,crypto_min_variance
2022-02-01,EOS-USD,0.0,crypto_min_variance
2022-03-01,EOS-USD,2.8325148624688805e-17,crypto_min_variance
2022-04-01,EOS-USD,0.0,crypto_min_variance
2022-05-01,EOS-USD,1.0418924317995724e-17,crypto_min_variance
2022-06-01,EOS-USD,1.2842108390071632e-17,crypto_min_variance
2022-07-01,EOS-USD,1.734723475976807e-17,crypto_min_variance
2022-08-01,EOS-USD,1.0796306506353588e-17,crypto_min_variance
2022-09-01,EOS-USD,0.0,crypto_min_variance
2022-10-01,EOS-USD,4.036463431810411e-18,crypto_min_variance
2022-11-01,EOS-USD,0.0,crypto_min_variance
2022-12-01,EOS-USD,0.0,crypto_min_variance
2023-01-01,EOS-USD,0.0,crypto_min_variance
2023-02-01,EOS-USD,4.871726519369087e-18,crypto_min_variance
2023-03-01,EOS-USD,6.385542211384692e-18,crypto_min_variance
2023-04-01,EOS-USD,0.0,crypto_min_variance
2023-05-01,EOS-USD,0.0,crypto_min_variance
2023-06-01,EOS-USD,0.1,crypto_min_variance
2023-07-01,EOS-USD,1.3877787807814457e-17,crypto_min_variance
2023-08-01,EOS-USD,0.05364124085071178,crypto_min_variance
2023-09-01,EOS-USD,0.03123493685065352,crypto_min_variance
2023-10-01,EOS-USD,0.044064998629279865,crypto_min_variance
2023-11-01,EOS-USD,0.06375184619384829,crypto_min_variance
2023-12-01,EOS-USD,0.04363369946686887,crypto_min_variance
2020-10-01,ETC-USD,0.0032546212167321835,crypto_min_variance
2020-11-01,ETC-USD,0.05215296621456042,crypto_min_variance
2020-12-01,ETC-USD,0.20286427871581572,crypto_min_variance
2021-01-01,ETC-USD,0.15519957826306835,crypto_min_variance
2021-02-01,ETC-USD,0.1646081605708806,crypto_min_variance
2021-03-01,ETC-USD,4.249477417094613e-18,crypto_min_variance
2021-04-01,ETC-USD,0.04034064811045951,crypto_min_variance
2021-05-01,ETC-USD,0.053118092132048114,crypto_min_variance
2021-06-01,ETC-USD,0.0,crypto_min_variance
2021-07-01,ETC-USD,0.0,crypto_min_variance
2021-08-01,ETC-USD,0.0,crypto_min_variance
2021-09-01,ETC-USD,3.272877109373096e-18,crypto_min_variance
2021-10-01,ETC-USD,0.0,crypto_min_variance
2021-11-01,ETC-USD,4.36249493202578e-18,crypto_min_variance
2021-12-01,ETC-USD,0.0,crypto_min_variance
2022-01-01,ETC-USD,4.8051018151174215e-17,crypto_min_variance
2022-02-01,ETC-USD,2.4642231715770432e-17,crypto_min_variance
2022-03-01,ETC-USD,3.883460314044914e-17,crypto_min_variance
2022-04-01,ETC-USD,0.0,crypto_min_variance
2022-05-01,ETC-USD,7.478622347226815e-19,crypto_min_variance
2022-06-01,ETC-USD,1.2842108390071634e-17,crypto_min_variance
2022-07-01,ETC-USD,8.63275413409484e-18,crypto_min_variance
2022-08-01,ETC-USD,3.64057216794926e-18,crypto_min_variance
2022-09-01,ETC-USD,0.0,crypto_min_variance
2022-10-01,ETC-USD,1.5516534464970688e-17,crypto_min_variance
2022-11-01,ETC-USD,1.9637367381640678e-17,crypto_min_variance
2022-12-01,ETC-USD,1.5776756926866377e-17,crypto_min_variance
2023-01-01,ETC-USD,0.0,crypto_min_variance
2023-02-01,ETC-USD,4.569400719877026e-17,crypto_min_variance
2023-03-01,ETC-USD,0.0,crypto_min_variance
2023-04-01,ETC-USD,3.552868025024725e-17,crypto_min_variance
2023-05-01,ETC-USD,2.3084306051544716e-18,crypto_min_variance
2023-06-01,ETC-USD,0.1,crypto_min_variance
2023-07-01,ETC-USD,1.633791139260564e-18,crypto_min_variance
2023-08-01,ETC-USD,0.0,crypto_min_variance
2023-09-01,ETC-USD,0.005695544837992179,crypto_min_variance
2023-10-01,ETC-USD,0.057803279261753486,crypto_min_variance
2023-11-01,ETC-USD,0.07703626784382317,crypto_min_variance
2023-12-01,ETC-USD,0.07570801817529407,crypto_min_variance
2020-10-01,ETH-USD,4.6716167141171596e-17,crypto_min_variance
2020-11-01,ETH-USD,5.0797457000972054e-17,crypto_min_variance
2020-12-01,ETH-USD,4.7704895589362195e-18,crypto_min_variance
2021-01-01,ETH-USD,0.11792633286516922,crypto_min_variance
2021-02-01,ETH-USD,0.0,crypto_min_variance
2021-03-01,ETH-USD,0.042692865405005984,crypto_min_variance
2021-04-01,ETH-USD,0.12612392087697644,crypto_min_variance
2021-05-01,ETH-USD,0.1721359730047665,crypto_min_variance
2021-06-01,ETH-USD,0.2040720623478412,crypto_min_variance
2021-07-01,ETH-USD,0.19702343814809045,crypto_min_variance
2021-08-01,ETH-USD,0.1764221574589089,crypto_min_variance
2021-09-01,ETH-USD,1.9991172614300952e-19,crypto_min_variance
2021-10-01,ETH-USD,0.16486973592986592,crypto_min_variance
2021-11-01,ETH-USD,0.09439083665760276,crypto_min_variance
2021-12-01,ETH-USD,0.09983665094496572,crypto_min_variance
2022-01-01,ETH-USD,0.0,crypto_min_variance
2022-02-01,ETH-USD,0.13781658394202462,crypto_min_variance
2022-03-01,ETH-USD,0.15434545858340967,crypto_min_variance
2022-04-01,ETH-USD,0.16857038601975352,crypto_min_variance
2022-05-01,ETH-USD,0.15902844013114656,crypto_min_variance
2022-06-01,ETH-USD,0.163151932688594,crypto_min_variance
2022-07-01,ETH-USD,0.12691368387128202,crypto_min_variance
2022-08-01,ETH-USD,0.04791601960952766,crypto_min_variance
2022-09-01,ETH-USD,0.0,crypto_min_variance
2022-10-01,ETH-USD,1.3877787807814457e-17,crypto_min_variance
2022-11-01,ETH-USD,8.673617379884035e-18,crypto_min_variance
2022-12-01,ETH-USD,9.913604093964163e-18,crypto_min_variance
2023-01-01,ETH-USD,7.6195977320566e-18,crypto_min_variance
2023-02-01,ETH-USD,0.0,crypto_min_variance
2023-03-01,ETH-USD,0.0,crypto_min_variance
2023-04-01,ETH-USD,0.0,crypto_min_variance
2023-05-01,ETH-USD,0.0,crypto_min_variance
2023-06-01,ETH-USD,0.1,crypto_min_variance
2023-07-01,ETH-USD,0.06505393350742908,crypto_min_variance
2023-08-01,ETH-USD,0.2105343828348585,crypto_min_variance
2023-09-01,ETH-USD,0.246799121365805,crypto_min_variance
2023-10-01,ETH-USD,0.22630430892379497,crypto_min_variance
2023-11-01,ETH-USD,0.20929454731434172,crypto_min_variance
2023-12-01,ETH-USD,0.20097532892181458,crypto_min_variance
2020-10-01,LTC-USD,0.0,crypto_min_variance
2020-11-01,LTC-USD,0.0,crypto_min_variance
2020-12-01,LTC-USD,0.03528319920345114,crypto_min_variance
2021-01-01,LTC-USD,0.0,crypto_min_variance
2021-02-01,LTC-USD,3.003669554668314e-18,crypto_min_variance
2021-03-01,LTC-USD,0.0,crypto_min_variance
2021-04-01,LTC-USD,2.4396487588282127e-17,crypto_min_variance
2021-05-01,LTC-USD,0.0,crypto_min_variance
2021-06-01,LTC-USD,0.0,crypto_min_variance
2021-07-01,LTC-USD,6.044832740599537e-18,crypto_min_variance
2021-08-01,LTC-USD,1.2165782066792779e-17,crypto_min_variance
2021-09-01,LTC-USD,0.0,crypto_min_variance
2021-10-01,LTC-USD,4.136627609211621e-17,crypto_min_variance
2021-11-01,LTC-USD,8.937548114597089e-18,crypto_min_variance
2021-12-01,LTC-USD,7.24499043973846e-18,crypto_min_variance
2022-01-01,LTC-USD,0.0,crypto_min_variance
2022-02-01,LTC-USD,2.060667486936664e-17,crypto_min_variance
2022-03-01,LTC-USD,1.5612511283791264e-17,crypto_min_variance
2022-04-01,LTC-USD,0.0,crypto_min_variance
2022-05-01,LTC-USD,3.480030414088496e-18,crypto_min_variance
2022-06-01,LTC-USD,1.1107384914094825e-17,crypto_min_variance
2022-07-01,LTC-USD,1.8688729283897895e-17,crypto_min_variance
2022-08-01,LTC-USD,1.3877787807814457e-17,crypto_min_variance
2022-09-01,LTC-USD,0.02274656719896393,crypto_min_variance
2022-10-01,LTC-USD,0.025942764420685816,crypto_min_variance
2022-11-01,LTC-USD,0.04522945610550407,crypto_min_variance
2022-12-01,LTC-USD,0.0,crypto_min_variance
2023-01-01,LTC-USD,0.0,crypto_min_variance
2023-02-01,LTC-USD,0.0009185007474485029,crypto_min_variance
2023-03-01,LTC-USD,5.854691731421724e-18,crypto_min_variance
2023-04-01,LTC-USD,5.9299609413929755e-18,crypto_min_variance
2023-05-01,LTC-USD,2.2128066740740572e-17,crypto_min_variance
2023-06-01,LTC-USD,0.1,crypto_min_variance
2023-07-01,LTC-USD,1.0676527885379596e-17,crypto_min_variance
2023-08-01,LTC-USD,0.015592308515840245,crypto_min_variance
2023-09-01,LTC-USD,0.0,crypto_min_variance
2023-10-01,LTC-USD,0.01034579116913278,crypto_min_variance
2023-11-01,LTC-USD,0.0191433713723523,crypto_min_variance
2023-12-01,LTC-USD,0.02884917703152851,crypto_min_variance
2020-10-01,TRX-USD,0.037200850978789377,crypto_min_variance
2020-11-01,TRX-USD,0.07868531333470494,crypto_min_variance
2020-12-01,TRX-USD,0.19018338284486333,crypto_min_variance
2021-01-01,TRX-USD,0.15775157865744033,crypto_min_variance
2021-02-01,TRX-USD,0.21948735050114143,crypto_min_variance
2021-03-01,TRX-USD,0.14861259433982876,crypto_min_variance
2021-04-01,TRX-USD,0.14219888760258884,crypto_min_variance
2021-05-01,TRX-USD,0.0825002287149063,crypto_min_variance
2021-06-01,TRX-USD,0.0001026320861348129,crypto_min_variance
2021-07-01,TRX-USD,0.0,crypto_min_variance
2021-08-01,TRX-USD,0.0,crypto_min_variance
2021-09-01,TRX-USD,0.016509717995535047,crypto_min_variance
2021-10-01,TRX-USD,6.436763811485834e-18,crypto_min_variance
2021-11-01,TRX-USD,0.0,crypto_min_variance
2021-12-01,TRX-USD,6.073611741755133e-18,crypto_min_variance
2022-01-01,TRX-USD,1.0679313853474878e-16,crypto_min_variance
2022-02-01,TRX-USD,0.139914316429326,crypto_min_variance
2022-03-01,TRX-USD,0.194733007341033,crypto_min_variance
2022-04-01,TRX-USD,0.258868606232573,crypto_min_variance
2022-05-01,TRX-USD,0.26962504402814486,crypto_min_variance
2022-06-01,TRX-USD,0.29438700739468004,crypto_min_variance
2022-07-01,TRX-USD,0.26995781418497977,crypto_min_variance
2022-08-01,TRX-USD,0.3537956369301611,crypto_min_variance
2022-09-01,TRX-USD,0.36755605016767057,crypto_min_variance
2022-10-01,TRX-USD,0.42131277810759893,crypto_min_variance
2022-11-01,TRX-USD,0.3900278819193876,crypto_min_variance
2022-12-01,TRX-USD,0.4387579680243547,crypto_min_variance
2023-01-01,TRX-USD,0.45069653286924644,crypto_min_variance
2023-02-01,TRX-USD,0.5611580545218056,crypto_min_variance
2023-03-01,TRX-USD,0.6118477507431949,crypto_min_variance
2023-04-01,TRX-USD,0.5464368353714549,crypto_min_variance
2023-05-01,TRX-USD,0.5106434619145885,crypto_min_variance
2023-06-01,TRX-USD,0.1,crypto_min_variance
2023-07-01,TRX-USD,0.4065244885762201,crypto_min_variance
2023-08-01,TRX-USD,0.3455660179593929,crypto_min_variance
2023-09-01,TRX-USD,0.38630516215963284,crypto_min_variance
2023-10-01,TRX-USD,0.3331165752577106,crypto_min_variance
2023-11-01,TRX-USD,0.3132510541386853,crypto_min_variance
2023-12-01,TRX-USD,0.3387294419926067,crypto_min_variance
2020-10-01,XLM-USD,0.15961129801119608,crypto_min_variance
2020-11-01,XLM-USD,0.1259868310332383,crypto_min_variance
2020-12-01,XLM-USD,0.0,crypto_min_variance
2021-01-01,XLM-USD,7.712824558658682e-18,crypto_min_variance
2021-02-01,XLM-USD,2.0290210690443184e-18,crypto_min_variance
2021-03-01,XLM-USD,6.5805120879384474e-18,crypto_min_variance
2021-04-01,XLM-USD,0.0,crypto_min_variance
2021-05-01,XLM-USD,1.2577908606644483e-17,crypto_min_variance
2021-06-01,XLM-USD,0.0,crypto_min_variance
2021-07-01,XLM-USD,8.1465640879736835e-19,crypto_min_variance
2021-08-01,XLM-USD,0.0,crypto_min_variance
2021-09-01,XLM-USD,2.8837315961220245e-18,crypto_min_variance
2021-10-01,XLM-USD,0.0,crypto_min_variance
2021-11-01,XLM-USD,2.5535962643405792e-17,crypto_min_variance
2021-12-01,XLM-USD,4.1563980849577245e-17,crypto_min_variance
2022-01-01,XLM-USD,5.619235394401976e-17,crypto_min_variance
2022-02-01,XLM-USD,6.938893903907228e-18,crypto_min_variance
2022-03-01,XLM-USD,0.03251889228375927,crypto_min_variance
2022-04-01,XLM-USD,0.019949026807974675,crypto_min_variance
2022-05-01,XLM-USD,0.0,crypto_min_variance
2022-06-01,XLM-USD,4.163336342344337e-17,crypto_min_variance
2022-07-01,XLM-USD,0.08400084669688684,crypto_min_variance
2022-08-01,XLM-USD,0.10875949703033919,crypto_min_variance
2022-09-01,XLM-USD,0.12445450830660877,crypto_min_variance
2022-10-01,XLM-USD,0.12277284921493678,crypto_min_variance
2022-11-01,XLM-USD,0.1286101075445045,crypto_min_variance
2022-12-01,XLM-USD,0.1161812716954581,crypto_min_variance
2023-01-01,XLM-USD,0.12427100257684476,crypto_min_variance
2023-02-01,XLM-USD,0.11560592909193776,crypto_min_variance
2023-03-01,XLM-USD,0.10320167015112179,crypto_min_variance
2023-04-01,XLM-USD,0.13821226882136445,crypto_min_variance
2023-05-01,XLM-USD,0.1133724391026242,crypto_min_variance
2023-06-01,XLM-USD,0.1,crypto_min_variance
2023-07-01,XLM-USD,0.1545069265759776,crypto_min_variance
2023-08-01,XLM-USD,0.0,crypto_min_variance
2023-09-01,XLM-USD,7.361913336722155e-18,crypto_min_variance
2023-10-01,XLM-USD,0.0,crypto_min_variance
2023-11-01,XLM-USD,0.0,crypto_min_variance
2023-12-01,XLM-USD,0.0,crypto_min_variance
2020-10-01,XRP-USD,0.34469684864796696,crypto_min_variance
2020-11-01,XRP-USD,0.34066520930305483,crypto_min_variance
2020-12-01,XRP-USD,5.002692314505836e-18,crypto_min_variance
2021-01-01,XRP-USD,2.1189091543580736e-17,crypto_min_variance
2021-02-01,XRP-USD,2.532672402019852e-17,crypto_min_variance
2021-03-01,XRP-USD,0.007321385802198426,crypto_min_variance
2021-04-01,XRP-USD,0.021165005749907463,crypto_min_variance
2021-05-01,XRP-USD,3.726318370838742e-18,crypto_min_variance
2021-06-01,XRP-USD,5.420057008552734e-19,crypto_min_variance
2021-07-01,XRP-USD,9.567147344103767e-19,crypto_min_variance
2021-08-01,XRP-USD,0.0,crypto_min_variance
2021-09-01,XRP-USD,7.738917984189812e-18,crypto_min_variance
2021-10-01,XRP-USD,0.0,crypto_min_variance
2021-11-01,XRP-USD,5.935888191209581e-18,crypto_min_variance
2021-12-01,XRP-USD,0.0,crypto_min_variance
2022-01-01,XRP-USD,0.0,crypto_min_variance
2022-02-01,XRP-USD,3.1449902116777154e-18,crypto_min_variance
2022-03-01,XRP-USD,2.5253444679161074e-17,crypto_min_variance
2022-04-01,XRP-USD,0.0,crypto_min_variance
2022-05-01,XRP-USD,0.04379173402224114,crypto_min_variance
2022-06-01,XRP-USD,0.05614293229402224,crypto_min_variance
2022-07-01,XRP-USD,0.11757383178426403,crypto_min_variance
2022-08-01,XRP-USD,0.12192711086583904,crypto_min_variance
2022-09-01,XRP-USD,0.13518785520201834,crypto_min_variance
2022-10-01,XRP-USD,0.09611981549478651,crypto_min_variance
2022-11-01,XRP-USD,0.1363227320700751,crypto_min_variance
2022-12-01,XRP-USD,0.06507413502049152,crypto_min_variance
2023-01-01,XRP-USD,0.057967935289816946,crypto_min_variance
2023-02-01,XRP-USD,0.05870844253695104,crypto_min_variance
2023-03-01,XRP-USD,3.324892604566381e-05,crypto_min_variance
2023-04-01,XRP-USD,0.00023172529441510764,crypto_min_variance
2023-05-01,XRP-USD,0.0,crypto_min_variance
2023-06-01,XRP-USD,0.1,crypto_min_variance
2023-07-01,XRP-USD,0.08413406189282276,crypto_min_variance
2023-08-01,XRP-USD,0.0,crypto_min_variance
2023-09-01,XRP-USD,0.0,crypto_min_variance
2023-10-01,XRP-USD,1.3877787807814457e-17,crypto_min_variance
2023-11-01,XRP-USD,2.0816681711721685e-17,crypto_min_variance
2023-12-01,XRP-USD,0.0,crypto_min_variance
2020-10-01,ADA-USD,0.42335323411885983,crypto_max_sharpe
2020-11-01,ADA-USD,0.5620184869850066,crypto_max_sharpe
2020-12-01,ADA-USD,0.1846964745232016,crypto_max_sharpe
2021-01-01,ADA-USD,0.1156884762358469,crypto_max_sharpe
2021-02-01,ADA-USD,0.09408997344577943,crypto_max_sharpe
2021-03-01,ADA-USD,0.3562690201874575,crypto_max_sharpe
2021-04-01,ADA-USD,0.18455352190694724,crypto_max_sharpe
2021-05-01,ADA-USD,0.22376041639832156,crypto_max_sharpe
2021-06-01,ADA-USD,0.5097261138373753,crypto_max_sharpe
2021-07-01,ADA-USD,0.5447295262951589,crypto_max_sharpe
2021-08-01,ADA-USD,0.5854504063764739,crypto_max_sharpe
2021-09-01,ADA-USD,0.6777588225307709,crypto_max_sharpe
2021-10-01,ADA-USD,0.5974370639645509,crypto_max_sharpe
2021-11-01,ADA-USD,8.52211815459519e-17,crypto_max_sharpe
2021-12-01,ADA-USD,8.75522286295304e-17,crypto_max_sharpe
2022-01-01,ADA-USD,9.402201239794294e-16,crypto_max_sharpe
2022-02-01,ADA-USD,0.0,crypto_max_sharpe
2022-03-01,ADA-USD,8.134175636817512e-17,crypto_max_sharpe
2022-04-01,ADA-USD,1.0159413327194828e-16,crypto_max_sharpe
2022-05-01,ADA-USD,0.0,crypto_max_sharpe
2022-06-01,ADA-USD,0.0,crypto_max_sharpe
2022-07-01,ADA-USD,2.709926463430866e-18,crypto_max_sharpe
2022-08-01,ADA-USD,0.0,crypto_max_sharpe
2022-09-01,ADA-USD,5.4973225042730895e-17,crypto_max_sharpe
2022-10-01,ADA-USD,0.0,crypto_max_sharpe
2022-11-01,ADA-USD,0.0,crypto_max_sharpe
2022-12-01,ADA-USD,4.153537027039321e-17,crypto_max_sharpe
2023-01-01,ADA-USD,0.0,crypto_max_sharpe
2023-02-01,ADA-USD,0.0,crypto_max_sharpe
2023-03-01,ADA-USD,0.0,crypto_max_sharpe
2023-04-01,ADA-USD,0.0,crypto_max_sharpe
2023-05-01,ADA-USD,7.594833320305424e-17,crypto_max_sharpe
2023-06-01,ADA-USD,0.0,crypto_max_sharpe
2023-07-01,ADA-USD,7.76389384065569e-17,crypto_max_sharpe
2023-08-01,ADA-USD,2.4183115671304386e-16,crypto_max_sharpe
2023-09-01,ADA-USD,6.401510890172526e-17,crypto_max_sharpe
2023-10-01,ADA-USD,1.4120794490460173e-16,crypto_max_sharpe
2023-11-01,ADA-USD,0.0,crypto_max_sharpe
2023-12-01,ADA-USD,4.079402802388822e-17,crypto_max_sharpe
2020-10-01,BCH-USD,1.5886232543538758e-16,crypto_max_sharpe
2020-11-01,BCH-USD,2.256012955895236e-16,crypto_max_sharpe
2020-12-01,BCH-USD,0.0,crypto_max_sharpe
2021-01-01,BCH-USD,9.733487401378796e-17,crypto_max_sharpe
2021-02-01,BCH-USD,0.0,crypto_max_sharpe
2021-03-01,BCH-USD,4.478160548230224e-17,crypto_max_sharpe
2021-04-01,BCH-USD,0.0,crypto_max_sharpe
2021-05-01,BCH-USD,0.0,crypto_max_sharpe
2021-06-01,BCH-USD,1.3044602502339598e-17,crypto_max_sharpe
2021-07-01,BCH-USD,2.0656556888792555e-17,crypto_max_sharpe
2021-08-01,BCH-USD,4.015891697924123e-17,crypto_max_sharpe
2021-09-01,BCH-USD,0.0,crypto_max_sharpe
2021-10-01,BCH-USD,0.0,crypto_max_sharpe
2021-11-01,BCH-USD,4.3055105862310336e-17,crypto_max_sharpe
2021-12-01,BCH-USD,8.410316875159827e-17,crypto_max_sharpe
2022-01-01,BCH-USD,0.0,crypto_max_sharpe
2022-02-01,BCH-USD,0.0,crypto_max_sharpe
2022-03-01,BCH-USD,1.0394597915155636e-16,crypto_max_sharpe
2022-04-01,BCH-USD,0.0,crypto_max_sharpe
2022-05-01,BCH-USD,1.708272219905389e-16,crypto_max_sharpe
2022-06-01,BCH-USD,0.0,crypto_max_sharpe
2022-07-01,BCH-USD,0.0,crypto_max_sharpe
2022-08-01,BCH-USD,3.3843536299328474e-17,crypto_max_sharpe
2022-09-01,BCH-USD,7.067189828543458e-17,crypto_max_sharpe
2022-10-01,BCH-USD,0.0,crypto_max_sharpe
2022-11-01,BCH-USD,0.0,crypto_max_sharpe
2022-12-01,BCH-USD,0.0,crypto_max_sharpe
2023-01-01,BCH-USD,0.0,crypto_max_sharpe
2023-02-01,BCH-USD,0.0,crypto_max_sharpe
2023-03-01,BCH-USD,7.979746034605206e-18,crypto_max_sharpe
2023-04-01,BCH-USD,0.0,crypto_max_sharpe
2023-05-01,BCH-USD,2.4991620966160085e-17,crypto_max_sharpe
2023-06-01,BCH-USD,1.3499024701160254e-16,crypto_max_sharpe
2023-07-01,BCH-USD,0.689490215460166,crypto_max_sharpe
2023-08-01,BCH-USD,0.241840573615643,crypto_max_sharpe
2023-09-01,BCH-USD,0.30306718685161005,crypto_max_sharpe
2023-10-01,BCH-USD,0.32051357019378257,crypto_max_sharpe
2023-11-01,BCH-USD,0.19778722650267838,crypto_max_sharpe
2023-12-01,BCH-USD,0.15295893701504132,crypto_max_sharpe
2020-10-01,BTC-USD,0.0,crypto_max_sharpe
2020-11-01,BTC-USD,0.3634302905288039,crypto_max_sharpe
2020-12-01,BTC-USD,0.47954091339730315,crypto_max_sharpe
2021-01-01,BTC-USD,0.878578755295831,crypto_max_sharpe
2021-02-01,BTC-USD,0.5618083498139319,crypto_max_sharpe
2021-03-01,BTC-USD,0.6437309798125426,crypto_max_sharpe
2021-04-01,BTC-USD,0.6846747759926557,crypto_max_sharpe
2021-05-01,BTC-USD,0.49299051748671696,crypto_max_sharpe
2021-06-01,BTC-USD,0.06985482245869147,crypto_max_sharpe
2021-07-01,BTC-USD,0.0,crypto_max_sharpe
2021-08-01,BTC-USD,6.584702993517402e-17,crypto_max_sharpe
2021-09-01,BTC-USD,0.0,crypto_max_sharpe
2021-10-01,BTC-USD,0.0,crypto_max_sharpe
2021-11-01,BTC-USD,4.760875498674943e-17,crypto_max_sharpe
2021-12-01,BTC-USD,0.0,crypto_max_sharpe
2022-01-01,BTC-USD,0.0,crypto_max_sharpe
2022-02-01,BTC-USD,0.0,crypto_max_sharpe
2022-03-01,BTC-USD,0.06742150748960224,crypto_max_sharpe
2022-04-01,BTC-USD,0.0,crypto_max_sharpe
2022-05-01,BTC-USD,0.0,crypto_max_sharpe
2022-06-01,BTC-USD,1.2073675392798577e-15,crypto_max_sharpe
2022-07-01,BTC-USD,1.5862364795323965e-16,crypto_max_sharpe
2022-08-01,BTC-USD,3.509577473863134e-17,crypto_max_sharpe
2022-09-01,BTC-USD,2.4240908804441482e-17,crypto_max_sharpe
2022-10-01,BTC-USD,0.0,crypto_max_sharpe
2022-11-01,BTC-USD,2.232283038967101e-16,crypto_max_sharpe
2022-12-01,BTC-USD,0.0,crypto_max_sharpe
2023-01-01,BTC-USD,0.0,crypto_max_sharpe
2023-02-01,BTC-USD,0.0,crypto_max_sharpe
2023-03-01,BTC-USD,0.0,crypto_max_sharpe
2023-04-01,BTC-USD,8.463818097003636e-17,crypto_max_sharpe
2023-05-01,BTC-USD,0.22163009026965913,crypto_max_sharpe
2023-06-01,BTC-USD,0.4437290391344665,crypto_max_sharpe
2023-07-01,BTC-USD,0.0970827412301238,crypto_max_sharpe
2023-08-01,BTC-USD,0.6306472891898847,crypto_max_sharpe
2023-09-01,BTC-USD,0.4278685185041707,crypto_max_sharpe
2023-10-01,BTC-USD,0.0,crypto_max_sharpe
2023-11-01,BTC-USD,0.2514129393613288,crypto_max_sharpe
2023-12-01,BTC-USD,0.0013379370834887298,crypto_max_sharpe
2020-10-01,EOS-USD,1.767450249670265e-16,crypto_max_sharpe
2020-11-01,EOS-USD,1.5830862098765095e-16,crypto_max_sharpe
2020-12-01,EOS-USD,0.0,crypto_max_sharpe
2021-01-01,EOS-USD,7.227981989154364e-17,crypto_max_sharpe
2021-02-01,EOS-USD,0.0,crypto_max_sharpe
2021-03-01,EOS-USD,5.645758849593608e-17,crypto_max_sharpe
2021-04-01,EOS-USD,0.0,crypto_max_sharpe
2021-05-01,EOS-USD,1.0442114316232565e-16,crypto_max_sharpe
2021-06-01,EOS-USD,0.0,crypto_max_sharpe
2021-07-01,EOS-USD,9.627984310479652e-17,crypto_max_sharpe
2021-08-01,EOS-USD,2.288797658278364e-18,crypto_max_sharpe
2021-09-01,EOS-USD,0.0,crypto_max_sharpe
2021-10-01,EOS-USD,5.428332037540711e-17,crypto_max_sharpe
2021-11-01,EOS-USD,1.5114067363307055e-16,crypto_max_sharpe
2021-12-01,EOS-USD,4.800536356335265e-17,crypto_max_sharpe
2022-01-01,EOS-USD,0.0,crypto_max_sharpe
2022-02-01,EOS-USD,1.0589175685843304e-16,crypto_max_sharpe
2022-03-01,EOS-USD,1.2802168988804582e-16,crypto_max_sharpe
2022-04-01,EOS-USD,0.0,crypto_max_sharpe
2022-05-01,EOS-USD,1.7913590728114152e-16,crypto_max_sharpe
2022-06-01,EOS-USD,0.0,crypto_max_sharpe
2022-07-01,EOS-USD,9.592190088493836e-17,crypto_max_sharpe
2022-08-01,EOS-USD,6.666061929973554e-17,crypto_max_sharpe
2022-09-01,EOS-USD,0.0,crypto_max_sharpe
2022-10-01,EOS-USD,7.309312291893925e-17,crypto_max_sharpe
2022-11-01,EOS-USD,0.0,crypto_max_sharpe
2022-12-01,EOS-USD,4.21283946673898e-16,crypto_max_sharpe
2023-01-01,EOS-USD,0.0,crypto_max_sharpe
2023-02-01,EOS-USD,0.0,crypto_max_sharpe
2023-03-01,EOS-USD,3.0410495690850405e-17,crypto_max_sharpe
2023-04-01,EOS-USD,2.7919260766786885e-17,crypto_max_sharpe
2023-05-01,EOS-USD,7.312940755459192e-17,crypto_max_sharpe
2023-06-01,EOS-USD,0.0,crypto_max_sharpe
2023-07-01,EOS-USD,1.879492483886507e-17,crypto_max_sharpe
2023-08-01,EOS-USD,2.9512942165495266e-17,crypto_max_sharpe
2023-09-01,EOS-USD,2.24883606244262e-16,crypto_max_sharpe
2023-10-01,EOS-USD,1.7378822018779113e-16,crypto_max_sharpe
2023-11-01,EOS-USD,0.0,crypto_max_sharpe
2023-12-01,EOS-USD,1.6276677242850748e-16,crypto_max_sharpe
2020-10-01,ETC-USD,1.2471112195281603e-16,crypto_max_sharpe
2020-11-01,ETC-USD,1.5807317270854311e-16,crypto_max_sharpe
2020-12-01,ETC-USD,0.0,crypto_max_sharpe
2021-01-01,ETC-USD,1.6597290574619507e-16,crypto_max_sharpe
2021-02-01,ETC-USD,0.0,crypto_max_sharpe
2021-03-01,ETC-USD,7.601501263629616e-18,crypto_max_sharpe
2021-04-01,ETC-USD,0.0,crypto_max_sharpe
2021-05-01,ETC-USD,0.06060274204309457,crypto_max_sharpe
2021-06-01,ETC-USD,0.23105693745625855,crypto_max_sharpe
2021-07-01,ETC-USD,0.2719644378057176,crypto_max_sharpe
2021-08-01,ETC-USD,0.2664931535127945,crypto_max_sharpe
2021-09-01,ETC-USD,0.2469974111277522,crypto_max_sharpe
2021-10-01,ETC-USD,0.3095580584382736,crypto_max_sharpe
2021-11-01,ETC-USD,0.5495132067009166,crypto_max_sharpe
2021-12-01,ETC-USD,0.4198881177148858,crypto_max_sharpe
2022-01-01,ETC-USD,0.0,crypto_max_sharpe
2022-02-01,ETC-USD,8.785546560180218e-17,crypto_max_sharpe
2022-03-01,ETC-USD,8.903594027745529e-17,crypto_max_sharpe
2022-04-01,ETC-USD,2.23747361114903e-16,crypto_max_sharpe
2022-05-01,ETC-USD,5.05178141182439e-18,crypto_max_sharpe
2022-06-01,ETC-USD,4.17051871853681e-16,crypto_max_sharpe
2022-07-01,ETC-USD,3.122502256758253e-16,crypto_max_sharpe
2022-08-01,ETC-USD,1.0,crypto_max_sharpe
2022-09-01,ETC-USD,1.0,crypto_max_sharpe
2022-10-01,ETC-USD,0.8603881310775052,crypto_max_sharpe
2022-11-01,ETC-USD,0.47197223719635417,crypto_max_sharpe
2022-12-01,ETC-USD,2.79707421871151e-15,crypto_max_sharpe
2023-01-01,ETC-USD,0.0,crypto_max_sharpe
2023-02-01,ETC-USD,0.0,crypto_max_sharpe
2023-03-01,ETC-USD,0.0,crypto_max_sharpe
2023-04-01,ETC-USD,0.0,crypto_max_sharpe
2023-05-01,ETC-USD,6.250422626423398e-17,crypto_max_sharpe
2023-06-01,ETC-USD,7.153413604180397e-17,crypto_max_sharpe
2023-07-01,ETC-USD,8.064885086392663e-17,crypto_max_sharpe
2023-08-01,ETC-USD,3.3578700312315895e-17,crypto_max_sharpe
2023-09-01,ETC-USD,1.3787638190230025e-16,crypto_max_sharpe
2023-10-01,ETC-USD,9.476774353591113e-17,crypto_max_sharpe
2023-11-01,ETC-USD,0.0,crypto_max_sharpe
2023-12-01,ETC-USD,0.0,crypto_max_sharpe
2020-10-01,ETH-USD,0.5766467658811402,crypto_max_sharpe
2020-11-01,ETH-USD,0.020169895693429144,crypto_max_sharpe
2020-12-01,ETH-USD,0.15328238214146306,crypto_max_sharpe
2021-01-01,ETH-USD,0.005732768468321972,crypto_max_sharpe
2021-02-01,ETH-USD,0.33709591705343067,crypto_max_sharpe
2021-03-01,ETH-USD,0.0,crypto_max_sharpe
2021-04-01,ETH-USD,0.0105184426222318,crypto_max_sharpe
2021-05-01,ETH-USD,0.09879756277912352,crypto_max_sharpe
2021-06-01,ETH-USD,0.18269768969411926,crypto_max_sharpe
2021-07-01,ETH-USD,0.18330603589912367,crypto_max_sharpe
2021-08-01,ETH-USD,0.14805644011073166,crypto_max_sharpe
2021-09-01,ETH-USD,0.07524376634147706,crypto_max_sharpe
2021-10-01,ETH-USD,4.446602679982202e-17,crypto_max_sharpe
2021-11-01,ETH-USD,0.27836340156344946,crypto_max_sharpe
2021-12-01,ETH-USD,0.5801118822851141,crypto_max_sharpe
2022-01-01,ETH-USD,1.0,crypto_max_sharpe
2022-02-01,ETH-USD,1.0,crypto_max_sharpe
2022-03-01,ETH-USD,0.9325784925103979,crypto_max_sharpe
2022-04-01,ETH-USD,0.9393239077999753,crypto_max_sharpe
2022-05-01,ETH-USD,0.9999999999999993,crypto_max_sharpe
2022-06-01,ETH-USD,2.954807850849342e-17,crypto_max_sharpe
2022-07-01,ETH-USD,8.884575731332682e-17,crypto_max_sharpe
2022-08-01,ETH-USD,0.0,crypto_max_sharpe
2022-09-01,ETH-USD,0.0,crypto_max_sharpe
2022-10-01,ETH-USD,9.49185265920731e-18,crypto_max_sharpe
2022-11-01,ETH-USD,0.0,crypto_max_sharpe
2022-12-01,ETH-USD,3.643436338791963e-16,crypto_max_sharpe
2023-01-01,ETH-USD,0.0,crypto_max_sharpe
2023-02-01,ETH-USD,0.0,crypto_max_sharpe
2023-03-01,ETH-USD,2.220446049250313e-16,crypto_max_sharpe
2023-04-01,ETH-USD,2.07712662935019e-16,crypto_max_sharpe
2023-05-01,ETH-USD,1.0153550447371214e-16,crypto_max_sharpe
2023-06-01,ETH-USD,0.0,crypto_max_sharpe
2023-07-01,ETH-USD,0.0,crypto_max_sharpe
2023-08-01,ETH-USD,0.0,crypto_max_sharpe
2023-09-01,ETH-USD,0.0,crypto_max_sharpe
2023-10-01,ETH-USD,0.0,crypto_max_sharpe
2023-11-01,ETH-USD,0.0,crypto_max_sharpe
2023-12-01,ETH-USD,4.2542169015609024e-17,crypto_max_sharpe
2020-10-01,LTC-USD,3.476131627969018e-17,crypto_max_sharpe
2020-11-01,LTC-USD,5.55914158596587e-17,crypto_max_sharpe
2020-12-01,LTC-USD,0.0,crypto_max_sharpe
2021-01-01,LTC-USD,5.3314579727084404e-17,crypto_max_sharpe
2021-02-01,LTC-USD,1.2570482917300918e-16,crypto_max_sharpe
2021-03-01,LTC-USD,9.406230631713233e-18,crypto_max_sharpe
2021-04-01,LTC-USD,1.8406198719889512e-17,crypto_max_sharpe
2021-05-01,LTC-USD,5.3529136963792056e-17,crypto_max_sharpe
2021-06-01,LTC-USD,1.7011866336210825e-17,crypto_max_sharpe
2021-07-01,LTC-USD,0.0,crypto_max_sharpe
2021-08-01,LTC-USD,1.348163928636759e-16,crypto_max_sharpe
2021-09-01,LTC-USD,0.0,crypto_max_sharpe
2021-10-01,LTC-USD,0.0,crypto_max_sharpe
2021-11-01,LTC-USD,4.0552052039549114e-17,crypto_max_sharpe
2021-12-01,LTC-USD,1.2489632002365975e-16,crypto_max_sharpe
2022-01-01,LTC-USD,2.2338368192186175e-17,crypto_max_sharpe
2022-02-01,LTC-USD,4.416414903362125e-17,crypto_max_sharpe
2022-03-01,LTC-USD,2.1978777257569761e-16,crypto_max_sharpe
2022-04-01,LTC-USD,3.9144088136783225e-17,crypto_max_sharpe
2022-05-01,LTC-USD,3.911617364837658e-16,crypto_max_sharpe
2022-06-01,LTC-USD,1.455075953335017e-16,crypto_max_sharpe
2022-07-01,LTC-USD,6.320679666184302e-17,crypto_max_sharpe
2022-08-01,LTC-USD,2.7715620148437082e-17,crypto_max_sharpe
2022-09-01,LTC-USD,1.6530590828386728e-17,crypto_max_sharpe
2022-10-01,LTC-USD,3.511403131901221e-17,crypto_max_sharpe
2022-11-01,LTC-USD,4.287519485718408e-17,crypto_max_sharpe
2022-12-01,LTC-USD,1.8041124150158794e-15,crypto_max_sharpe
2023-01-01,LTC-USD,0.0,crypto_max_sharpe
2023-02-01,LTC-USD,0.9999999999999999,crypto_max_sharpe
2023-03-01,LTC-USD,1.0,crypto_max_sharpe
2023-04-01,LTC-USD,0.6119194525203735,crypto_max_sharpe
2023-05-01,LTC-USD,0.6071378215910774,crypto_max_sharpe
2023-06-01,LTC-USD,0.5562709608655341,crypto_max_sharpe
2023-07-01,LTC-USD,0.2134270433097104,crypto_max_sharpe
2023-08-01,LTC-USD,0.0,crypto_max_sharpe
2023-09-01,LTC-USD,7.516663834779208e-17,crypto_max_sharpe
2023-10-01,LTC-USD,1.5233456969973421e-16,crypto_max_sharpe
2023-11-01,LTC-USD,7.322433000832278e-17,crypto_max_sharpe
2023-12-01,LTC-USD,0.0,crypto_max_sharpe
2020-10-01,TRX-USD,0.0,crypto_max_sharpe
2020-11-01,TRX-USD,0.054381326792760386,crypto_max_sharpe
2020-12-01,TRX-USD,0.007298664278590092,crypto_max_sharpe
2021-01-01,TRX-USD,0.0,crypto_max_sharpe
2021-02-01,TRX-USD,7.69034576547578e-17,crypto_max_sharpe
2021-03-01,TRX-USD,3.004211119320772e-17,crypto_max_sharpe
2021-04-01,TRX-USD,0.12025325947816548,crypto_max_sharpe
2021-05-01,TRX-USD,0.07285904051563255,crypto_max_sharpe
2021-06-01,TRX-USD,0.0,crypto_max_sharpe
2021-07-01,TRX-USD,5.4202674197381617e-17,crypto_max_sharpe
2021-08-01,TRX-USD,0.0,crypto_max_sharpe
2021-09-01,TRX-USD,6.260260884185538e-17,crypto_max_sharpe
2021-10-01,TRX-USD,1.253356504059791e-16,crypto_max_sharpe
2021-11-01,TRX-USD,0.0,crypto_max_sharpe
2021-12-01,TRX-USD,4.729407889889342e-17,crypto_max_sharpe
2022-01-01,TRX-USD,6.835270130118969e-17,crypto_max_sharpe
2022-02-01,TRX-USD,1.8002638829586535e-16,crypto_max_sharpe
2022-03-01,TRX-USD,0.0,crypto_max_sharpe
2022-04-01,TRX-USD,0.0,crypto_max_sharpe
2022-05-01,TRX-USD,0.0,crypto_max_sharpe
2022-06-01,TRX-USD,0.9999999999999989,crypto_max_sharpe
2022-07-01,TRX-USD,0.9999999999999993,crypto_max_sharpe
2022-08-01,TRX-USD,0.0,crypto_max_sharpe
2022-09-01,TRX-USD,0.0,crypto_max_sharpe
2022-10-01,TRX-USD,0.13961186892249497,crypto_max_sharpe
2022-11-01,TRX-USD,0.5280277628036459,crypto_max_sharpe
2022-12-01,TRX-USD,0.9999999999999942,crypto_max_sharpe
2023-01-01,TRX-USD,1.0,crypto_max_sharpe
2023-02-01,TRX-USD,2.626160709040376e-16,crypto_max_sharpe
2023-03-01,TRX-USD,0.0,crypto_max_sharpe
2023-04-01,TRX-USD,0.0,crypto_max_sharpe
2023-05-01,TRX-USD,1.4880671919408015e-16,crypto_max_sharpe
2023-06-01,TRX-USD,2.5413698923060224e-16,crypto_max_sharpe
2023-07-01,TRX-USD,2.332770005849465e-18,crypto_max_sharpe
2023-08-01,TRX-USD,0.018976853414452002,crypto_max_sharpe
2023-09-01,TRX-USD,0.1762588921503837,crypto_max_sharpe
2023-10-01,TRX-USD,0.6127867765580689,crypto_max_sharpe
2023-11-01,TRX-USD,0.4424084264812244,crypto_max_sharpe
2023-12-01,TRX-USD,0.8211875443287721,crypto_max_sharpe
2020-10-01,XLM-USD,0.0,crypto_max_sharpe
2020-11-01,XLM-USD,0.0,crypto_max_sharpe
2020-12-01,XLM-USD,0.13085994872665774,crypto_max_sharpe
2021-01-01,XLM-USD,1.0757518843078531e-17,crypto_max_sharpe
2021-02-01,XLM-USD,0.007005759686858293,crypto_max_sharpe
2021-03-01,XLM-USD,4.751488903807596e-17,crypto_max_sharpe
2021-04-01,XLM-USD,4.725884319829612e-17,crypto_max_sharpe
2021-05-01,XLM-USD,0.0,crypto_max_sharpe
2021-06-01,XLM-USD,0.0,crypto_max_sharpe
2021-07-01,XLM-USD,4.154955807026364e-17,crypto_max_sharpe
2021-08-01,XLM-USD,0.0,crypto_max_sharpe
2021-09-01,XLM-USD,0.0,crypto_max_sharpe
2021-10-01,XLM-USD,3.712912325483626e-18,crypto_max_sharpe
2021-11-01,XLM-USD,0.0,crypto_max_sharpe
2021-12-01,XLM-USD,0.0,crypto_max_sharpe
2022-01-01,XLM-USD,0.0,crypto_max_sharpe
2022-02-01,XLM-USD,0.0,crypto_max_sharpe
2022-03-01,XLM-USD,1.1917215007671978e-16,crypto_max_sharpe
2022-04-01,XLM-USD,2.945833180550063e-17,crypto_max_sharpe
2022-05-01,XLM-USD,5.321619278237962e-16,crypto_max_sharpe
2022-06-01,XLM-USD,1.0891292887234076e-17,crypto_max_sharpe
2022-07-01,XLM-USD,2.372918949441516e-17,crypto_max_sharpe
2022-08-01,XLM-USD,3.005065839246669e-17,crypto_max_sharpe
2022-09-01,XLM-USD,3.852771443332149e-17,crypto_max_sharpe
2022-10-01,XLM-USD,3.017277572182173e-18,crypto_max_sharpe
2022-11-01,XLM-USD,1.811137057953599e-16,crypto_max_sharpe
2022-12-01,XLM-USD,2.37127862457034e-16,crypto_max_sharpe
2023-01-01,XLM-USD,0.0,crypto_max_sharpe
2023-02-01,XLM-USD,0.0,crypto_max_sharpe
2023-03-01,XLM-USD,6.340154860579932e-17,crypto_max_sharpe
2023-04-01,XLM-USD,0.0,crypto_max_sharpe
2023-05-01,XLM-USD,1.7070760307828733e-16,crypto_max_sharpe
2023-06-01,XLM-USD,0.0,crypto_max_sharpe
2023-07-01,XLM-USD,0.0,crypto_max_sharpe
2023-08-01,XLM-USD,2.799583469701085e-17,crypto_max_sharpe
2023-09-01,XLM-USD,0.0,crypto_max_sharpe
2023-10-01,XLM-USD,5.335122054696487e-17,crypto_max_sharpe
2023-11-01,XLM-USD,0.0,crypto_max_sharpe
2023-12-01,XLM-USD,4.1324562036249046e-17,crypto_max_sharpe
2020-10-01,XRP-USD,0.0,crypto_max_sharpe
2020-11-01,XRP-USD,2.33339432567323e-16,crypto_max_sharpe
2020-12-01,XRP-USD,0.04432161693278467,crypto_max_sharpe
2021-01-01,XRP-USD,0.0,crypto_max_sharpe
2021-02-01,XRP-USD,0.0,crypto_max_sharpe
2021-03-01,XRP-USD,0.0,crypto_max_sharpe
2021-04-01,XRP-USD,0.0,crypto_max_sharpe
2021-05-01,XRP-USD,0.05098972077711068,crypto_max_sharpe
2021-06-01,XRP-USD,0.00666443655355546,crypto_max_sharpe
2021-07-01,XRP-USD,0.0,crypto_max_sharpe
2021-08-01,XRP-USD,0.0,crypto_max_sharpe
2021-09-01,XRP-USD,0.0,crypto_max_sharpe
2021-10-01,XRP-USD,0.09300487759717564,crypto_max_sharpe
2021-11-01,XRP-USD,0.1721233917356338,crypto_max_sharpe
2021-12-01,XRP-USD,0.0,crypto_max_sharpe
2022-01-01,XRP-USD,4.0399173426234846e-17,crypto_max_sharpe
2022-02-01,XRP-USD,1.4674748176348197e-16,crypto_max_sharpe
2022-03-01,XRP-USD,0.0,crypto_max_sharpe
2022-04-01,XRP-USD,0.06067609220002447,crypto_max_sharpe
2022-05-01,XRP-USD,2.6432615223446784e-16,crypto_max_sharpe
2022-06-01,XRP-USD,0.0,crypto_max_sharpe
2022-07-01,XRP-USD,5.2984241808379015e-17,crypto_max_sharpe
2022-08-01,XRP-USD,0.0,crypto_max_sharpe
2022-09-01,XRP-USD,0.0,crypto_max_sharpe
2022-10-01,XRP-USD,3.2072620114894145e-17,crypto_max_sharpe
2022-11-01,XRP-USD,0.0,crypto_max_sharpe
2022-12-01,XRP-USD,2.493155972116866e-16,crypto_max_sharpe
2023-01-01,XRP-USD,0.0,crypto_max_sharpe
2023-02-01,XRP-USD,6.667843360785852e-16,crypto_max_sharpe
2023-03-01,XRP-USD,0.0,crypto_max_sharpe
2023-04-01,XRP-USD,0.3880805474796267,crypto_max_sharpe
2023-05-01,XRP-USD,0.1712320881392627,crypto_max_sharpe
2023-06-01,XRP-USD,0.0,crypto_max_sharpe
2023-07-01,XRP-USD,0.0,crypto_max_sharpe
2023-08-01,XRP-USD,0.10853528378002018,crypto_max_sharpe
2023-09-01,XRP-USD,0.09280540249383536,crypto_max_sharpe
2023-10-01,XRP-USD,0.06669965324814796,crypto_max_sharpe
2023-11-01,XRP-USD,0.10839140765476897,crypto_max_sharpe
2023-12-01,XRP-USD,0.024515581572697794,crypto_max_sharpe
2020-10-01,ADA-USD,0.1,crypto_risk_parity
2020-11-01,ADA-USD,0.1,crypto_risk_parity
2020-12-01,ADA-USD,0.1,crypto_risk_parity
2021-01-01,ADA-USD,0.1,crypto_risk_parity
2021-02-01,ADA-USD,0.1,crypto_risk_parity
2021-03-01,ADA-USD,0.1,crypto_risk_parity
2021-04-01,ADA-USD,0.1,crypto_risk_parity
2021-05-01,ADA-USD,0.1,crypto_risk_parity
2021-06-01,ADA-USD,0.1,crypto_risk_parity
2021-07-01,ADA-USD,0.1,crypto_risk_parity
2021-08-01,ADA-USD,0.1,crypto_risk_parity
2021-09-01,ADA-USD,0.1,crypto_risk_parity
2021-10-01,ADA-USD,0.1,crypto_risk_parity
2021-11-01,ADA-USD,0.1,crypto_risk_parity
2021-12-01,ADA-USD,0.1,crypto_risk_parity
2022-01-01,ADA-USD,0.1,crypto_risk_parity
2022-02-01,ADA-USD,0.1,crypto_risk_parity
2022-03-01,ADA-USD,0.1,crypto_risk_parity
2022-04-01,ADA-USD,0.1,crypto_risk_parity
2022-05-01,ADA-USD,0.1,crypto_risk_parity
2022-06-01,ADA-USD,0.1,crypto_risk_parity
2022-07-01,ADA-USD,0.1,crypto_risk_parity
2022-08-01,ADA-USD,0.1,crypto_risk_parity
2022-09-01,ADA-USD,0.1,crypto_risk_parity
2022-10-01,ADA-USD,0.1,crypto_risk_parity
2022-11-01,ADA-USD,0.1,crypto_risk_parity
2022-12-01,ADA-USD,0.1,crypto_risk_parity
2023-01-01,ADA-USD,0.1,crypto_risk_parity
2023-02-01,ADA-USD,0.1,crypto_risk_parity
2023-03-01,ADA-USD,0.1,crypto_risk_parity
2023-04-01,ADA-USD,0.1,crypto_risk_parity
2023-05-01,ADA-USD,0.1,crypto_risk_parity
2023-06-01,ADA-USD,0.1,crypto_risk_parity
2023-07-01,ADA-USD,0.1,crypto_risk_parity
2023-08-01,ADA-USD,0.1,crypto_risk_parity
2023-09-01,ADA-USD,0.1,crypto_risk_parity
2023-10-01,ADA-USD,0.1,crypto_risk_parity
2023-11-01,ADA-USD,0.1,crypto_risk_parity
2023-12-01,ADA-USD,0.1,crypto_risk_parity
2020-10-01,BCH-USD,0.1,crypto_risk_parity
2020-11-01,BCH-USD,0.1,crypto_risk_parity
2020-12-01,BCH-USD,0.1,crypto_risk_parity
2021-01-01,BCH-USD,0.1,crypto_risk_parity
2021-02-01,BCH-USD,0.1,crypto_risk_parity
2021-03-01,BCH-USD,0.1,crypto_risk_parity
2021-04-01,BCH-USD,0.1,crypto_risk_parity
2021-05-01,BCH-USD,0.1,crypto_risk_parity
2021-06-01,BCH-USD,0.1,crypto_risk_parity
2021-07-01,BCH-USD,0.1,crypto_risk_parity
2021-08-01,BCH-USD,0.1,crypto_risk_parity
2021-09-01,BCH-USD,0.1,crypto_risk_parity
2021-10-01,BCH-USD,0.1,crypto_risk_parity
2021-11-01,BCH-USD,0.1,crypto_risk_parity
2021-12-01,BCH-USD,0.1,crypto_risk_parity
2022-01-01,BCH-USD,0.1,crypto_risk_parity
2022-02-01,BCH-USD,0.1,crypto_risk_parity
2022-03-01,BCH-USD,0.1,crypto_risk_parity
2022-04-01,BCH-USD,0.1,crypto_risk_parity
2022-05-01,BCH-USD,0.1,crypto_risk_parity
2022-06-01,BCH-USD,0.1,crypto_risk_parity
2022-07-01,BCH-USD,0.1,crypto_risk_parity
2022-08-01,BCH-USD,0.1,crypto_risk_parity
2022-09-01,BCH-USD,0.1,crypto_risk_parity
2022-10-01,BCH-USD,0.1,crypto_risk_parity
2022-11-01,BCH-USD,0.1,crypto_risk_parity
2022-12-01,BCH-USD,0.1,crypto_risk_parity
2023-01-01,BCH-USD,0.1,crypto_risk_parity
2023-02-01,BCH-USD,0.1,crypto_risk_parity
2023-03-01,BCH-USD,0.1,crypto_risk_parity
2023-04-01,BCH-USD,0.1,crypto_risk_parity
2023-05-01,BCH-USD,0.1,crypto_risk_parity
2023-06-01,BCH-USD,0.1,crypto_risk_parity
2023-07-01,BCH-USD,0.1,crypto_risk_parity
2023-08-01,BCH-USD,0.1,crypto_risk_parity
2023-09-01,BCH-USD,0.1,crypto_risk_parity
2023-10-01,BCH-USD,0.1,crypto_risk_parity
2023-11-01,BCH-USD,0.1,crypto_risk_parity
2023-12-01,BCH-USD,0.1,crypto_risk_parity
2020-10-01,BTC-USD,0.1,crypto_risk_parity
2020-11-01,BTC-USD,0.1,crypto_risk_parity
2020-12-01,BTC-USD,0.1,crypto_risk_parity
2021-01-01,BTC-USD,0.1,crypto_risk_parity
2021-02-01,BTC-USD,0.1,crypto_risk_parity
2021-03-01,BTC-USD,0.1,crypto_risk_parity
2021-04-01,BTC-USD,0.1,crypto_risk_parity
2021-05-01,BTC-USD,0.1,crypto_risk_parity
2021-06-01,BTC-USD,0.1,crypto_risk_parity
2021-07-01,BTC-USD,0.1,crypto_risk_parity
2021-08-01,BTC-USD,0.1,crypto_risk_parity
2021-09-01,BTC-USD,0.1,crypto_risk_parity
2021-10-01,BTC-USD,0.1,crypto_risk_parity
2021-11-01,BTC-USD,0.1,crypto_risk_parity
2021-12-01,BTC-USD,0.1,crypto_risk_parity
2022-01-01,BTC-USD,0.1,crypto_risk_parity
2022-02-01,BTC-USD,0.1,crypto_risk_parity
2022-03-01,BTC-USD,0.1,crypto_risk_parity
2022-04-01,BTC-USD,0.1,crypto_risk_parity
2022-05-01,BTC-USD,0.1,crypto_risk_parity
2022-06-01,BTC-USD,0.1,crypto_risk_parity
2022-07-01,BTC-USD,0.1,crypto_risk_parity
2022-08-01,BTC-USD,0.1,crypto_risk_parity
2022-09-01,BTC-USD,0.1,crypto_risk_parity
2022-10-01,BTC-USD,0.1,crypto_risk_parity
2022-11-01,BTC-USD,0.1,crypto_risk_parity
2022-12-01,BTC-USD,0.1,crypto_risk_parity
2023-01-01,BTC-USD,0.1,crypto_risk_parity
2023-02-01,BTC-USD,0.1,crypto_risk_parity
2023-03-01,BTC-USD,0.1,crypto_risk_parity
2023-04-01,BTC-USD,0.1,crypto_risk_parity
2023-05-01,BTC-USD,0.1,crypto_risk_parity
2023-06-01,BTC-USD,0.1,crypto_risk_parity
2023-07-01,BTC-USD,0.1,crypto_risk_parity
2023-08-01,BTC-USD,0.1,crypto_risk_parity
2023-09-01,BTC-USD,0.1,crypto_risk_parity
2023-10-01,BTC-USD,0.1,crypto_risk_parity
2023-11-01,BTC-USD,0.1,crypto_risk_parity
2023-12-01,BTC-USD,0.1,crypto_risk_parity
2020-10-01,EOS-USD,0.1,crypto_risk_parity
2020-11-01,EOS-USD,0.1,crypto_risk_parity
2020-12-01,EOS-USD,0.1,crypto_risk_parity
2021-01-01,EOS-USD,0.1,crypto_risk_parity
2021-02-01,EOS-USD,0.1,crypto_risk_parity
2021-03-01,EOS-USD,0.1,crypto_risk_parity
2021-04-01,EOS-USD,0.1,crypto_risk_parity
2021-05-01,EOS-USD,0.1,crypto_risk_parity
2021-06-01,EOS-USD,0.1,crypto_risk_parity
2021-07-01,EOS-USD,0.1,crypto_risk_parity
2021-08-01,EOS-USD,0.1,crypto_risk_parity
2021-09-01,EOS-USD,0.1,crypto_risk_parity
2021-10-01,EOS-USD,0.1,crypto_risk_parity
2021-11-01,EOS-USD,0.1,crypto_risk_parity
2021-12-01,EOS-USD,0.1,crypto_risk_parity
2022-01-01,EOS-USD,0.1,crypto_risk_parity
2022-02-01,EOS-USD,0.1,crypto_risk_parity
2022-03-01,EOS-USD,0.1,crypto_risk_parity
2022-04-01,EOS-USD,0.1,crypto_risk_parity
2022-05-01,EOS-USD,0.1,crypto_risk_parity
2022-06-01,EOS-USD,0.1,crypto_risk_parity
2022-07-01,EOS-USD,0.1,crypto_risk_parity
2022-08-01,EOS-USD,0.1,crypto_risk_parity
2022-09-01,EOS-USD,0.1,crypto_risk_parity
2022-10-01,EOS-USD,0.1,crypto_risk_parity
2022-11-01,EOS-USD,0.1,crypto_risk_parity
2022-12-01,EOS-USD,0.1,crypto_risk_parity
2023-01-01,EOS-USD,0.1,crypto_risk_parity
2023-02-01,EOS-USD,0.1,crypto_risk_parity
2023-03-01,EOS-USD,0.1,crypto_risk_parity
2023-04-01,EOS-USD,0.1,crypto_risk_parity
2023-05-01,EOS-USD,0.1,crypto_risk_parity
2023-06-01,EOS-USD,0.1,crypto_risk_parity
2023-07-01,EOS-USD,0.1,crypto_risk_parity
2023-08-01,EOS-USD,0.1,crypto_risk_parity
2023-09-01,EOS-USD,0.1,crypto_risk_parity
2023-10-01,EOS-USD,0.1,crypto_risk_parity
2023-11-01,EOS-USD,0.1,crypto_risk_parity
2023-12-01,EOS-USD,0.1,crypto_risk_parity
2020-10-01,ETC-USD,0.1,crypto_risk_parity
2020-11-01,ETC-USD,0.1,crypto_risk_parity
2020-12-01,ETC-USD,0.1,crypto_risk_parity
2021-01-01,ETC-USD,0.1,crypto_risk_parity
2021-02-01,ETC-USD,0.1,crypto_risk_parity
2021-03-01,ETC-USD,0.1,crypto_risk_parity
2021-04-01,ETC-USD,0.1,crypto_risk_parity
2021-05-01,ETC-USD,0.1,crypto_risk_parity
2021-06-01,ETC-USD,0.1,crypto_risk_parity
2021-07-01,ETC-USD,0.1,crypto_risk_parity
2021-08-01,ETC-USD,0.1,crypto_risk_parity
2021-09-01,ETC-USD,0.1,crypto_risk_parity
2021-10-01,ETC-USD,0.1,crypto_risk_parity
2021-11-01,ETC-USD,0.1,crypto_risk_parity
2021-12-01,ETC-USD,0.1,crypto_risk_parity
2022-01-01,ETC-USD,0.1,crypto_risk_parity
2022-02-01,ETC-USD,0.1,crypto_risk_parity
2022-03-01,ETC-USD,0.1,crypto_risk_parity
2022-04-01,ETC-USD,0.1,crypto_risk_parity
2022-05-01,ETC-USD,0.1,crypto_risk_parity
2022-06-01,ETC-USD,0.1,crypto_risk_parity
2022-07-01,ETC-USD,0.1,crypto_risk_parity
2022-08-01,ETC-USD,0.1,crypto_risk_parity
2022-09-01,ETC-USD,0.1,crypto_risk_parity
2022-10-01,ETC-USD,0.1,crypto_risk_parity
2022-11-01,ETC-USD,0.1,crypto_risk_parity
2022-12-01,ETC-USD,0.1,crypto_risk_parity
2023-01-01,ETC-USD,0.1,crypto_risk_parity
2023-02-01,ETC-USD,0.1,crypto_risk_parity
2023-03-01,ETC-USD,0.1,crypto_risk_parity
2023-04-01,ETC-USD,0.1,crypto_risk_parity
2023-05-01,ETC-USD,0.1,crypto_risk_parity
2023-06-01,ETC-USD,0.1,crypto_risk_parity
2023-07-01,ETC-USD,0.1,crypto_risk_parity
2023-08-01,ETC-USD,0.1,crypto_risk_parity
2023-09-01,ETC-USD,0.1,crypto_risk_parity
2023-10-01,ETC-USD,0.1,crypto_risk_parity
2023-11-01,ETC-USD,0.1,crypto_risk_parity
2023-12-01,ETC-USD,0.1,crypto_risk_parity
2020-10-01,ETH-USD,0.1,crypto_risk_parity
2020-11-01,ETH-USD,0.1,crypto_risk_parity
2020-12-01,ETH-USD,0.1,crypto_risk_parity
2021-01-01,ETH-USD,0.1,crypto_risk_parity
2021-02-01,ETH-USD,0.1,crypto_risk_parity
2021-03-01,ETH-USD,0.1,crypto_risk_parity
2021-04-01,ETH-USD,0.1,crypto_risk_parity
2021-05-01,ETH-USD,0.1,crypto_risk_parity
2021-06-01,ETH-USD,0.1,crypto_risk_parity
2021-07-01,ETH-USD,0.1,crypto_risk_parity
2021-08-01,ETH-USD,0.1,crypto_risk_parity
2021-09-01,ETH-USD,0.1,crypto_risk_parity
2021-10-01,ETH-USD,0.1,crypto_risk_parity
2021-11-01,ETH-USD,0.1,crypto_risk_parity
2021-12-01,ETH-USD,0.1,crypto_risk_parity
2022-01-01,ETH-USD,0.1,crypto_risk_parity
2022-02-01,ETH-USD,0.1,crypto_risk_parity
2022-03-01,ETH-USD,0.1,crypto_risk_parity
2022-04-01,ETH-USD,0.1,crypto_risk_parity
2022-05-01,ETH-USD,0.1,crypto_risk_parity
2022-06-01,ETH-USD,0.1,crypto_risk_parity
2022-07-01,ETH-USD,0.1,crypto_risk_parity
2022-08-01,ETH-USD,0.1,crypto_risk_parity
2022-09-01,ETH-USD,0.1,crypto_risk_parity
2022-10-01,ETH-USD,0.1,crypto_risk_parity
2022-11-01,ETH-USD,0.1,crypto_risk_parity
2022-12-01,ETH-USD,0.1,crypto_risk_parity
2023-01-01,ETH-USD,0.1,crypto_risk_parity
2023-02-01,ETH-USD,0.1,crypto_risk_parity
2023-03-01,ETH-USD,0.1,crypto_risk_parity
2023-04-01,ETH-USD,0.1,crypto_risk_parity
2023-05-01,ETH-USD,0.1,crypto_risk_parity
2023-06-01,ETH-USD,0.1,crypto_risk_parity
2023-07-01,ETH-USD,0.1,crypto_risk_parity
2023-08-01,ETH-USD,0.1,crypto_risk_parity
2023-09-01,ETH-USD,0.1,crypto_risk_parity
2023-10-01,ETH-USD,0.1,crypto_risk_parity
2023-11-01,ETH-USD,0.1,crypto_risk_parity
2023-12-01,ETH-USD,0.1,crypto_risk_parity
2020-10-01,LTC-USD,0.1,crypto_risk_parity
2020-11-01,LTC-USD,0.1,crypto_risk_parity
2020-12-01,LTC-USD,0.1,crypto_risk_parity
2021-01-01,LTC-USD,0.1,crypto_risk_parity
2021-02-01,LTC-USD,0.1,crypto_risk_parity
2021-03-01,LTC-USD,0.1,crypto_risk_parity
2021-04-01,LTC-USD,0.1,crypto_risk_parity
2021-05-01,LTC-USD,0.1,crypto_risk_parity
2021-06-01,LTC-USD,0.1,crypto_risk_parity
2021-07-01,LTC-USD,0.1,crypto_risk_parity
2021-08-01,LTC-USD,0.1,crypto_risk_parity
2021-09-01,LTC-USD,0.1,crypto_risk_parity
2021-10-01,LTC-USD,0.1,crypto_risk_parity
2021-11-01,LTC-USD,0.1,crypto_risk_parity
2021-12-01,LTC-USD,0.1,crypto_risk_parity
2022-01-01,LTC-USD,0.1,crypto_risk_parity
2022-02-01,LTC-USD,0.1,crypto_risk_parity
2022-03-01,LTC-USD,0.1,crypto_risk_parity
2022-04-01,LTC-USD,0.1,crypto_risk_parity
2022-05-01,LTC-USD,0.1,crypto_risk_parity
2022-06-01,LTC-USD,0.1,crypto_risk_parity
2022-07-01,LTC-USD,0.1,crypto_risk_parity
2022-08-01,LTC-USD,0.1,crypto_risk_parity
2022-09-01,LTC-USD,0.1,crypto_risk_parity
2022-10-01,LTC-USD,0.1,crypto_risk_parity
2022-11-01,LTC-USD,0.1,crypto_risk_parity
2022-12-01,LTC-USD,0.1,crypto_risk_parity
2023-01-01,LTC-USD,0.1,crypto_risk_parity
2023-02-01,LTC-USD,0.1,crypto_risk_parity
2023-03-01,LTC-USD,0.1,crypto_risk_parity
2023-04-01,LTC-USD,0.1,crypto_risk_parity
2023-05-01,LTC-USD,0.1,crypto_risk_parity
2023-06-01,LTC-USD,0.1,crypto_risk_parity
2023-07-01,LTC-USD,0.1,crypto_risk_parity
2023-08-01,LTC-USD,0.1,crypto_risk_parity
2023-09-01,LTC-USD,0.1,crypto_risk_parity
2023-10-01,LTC-USD,0.1,crypto_risk_parity
2023-11-01,LTC-USD,0.1,crypto_risk_parity
2023-12-01,LTC-USD,0.1,crypto_risk_parity
2020-10-01,TRX-USD,0.1,crypto_risk_parity
2020-11-01,TRX-USD,0.1,crypto_risk_parity
2020-12-01,TRX-USD,0.1,crypto_risk_parity
2021-01-01,TRX-USD,0.1,crypto_risk_parity
2021-02-01,TRX-USD,0.1,crypto_risk_parity
2021-03-01,TRX-USD,0.1,crypto_risk_parity
2021-04-01,TRX-USD,0.1,crypto_risk_parity
2021-05-01,TRX-USD,0.1,crypto_risk_parity
2021-06-01,TRX-USD,0.1,crypto_risk_parity
2021-07-01,TRX-USD,0.1,crypto_risk_parity
2021-08-01,TRX-USD,0.1,crypto_risk_parity
2021-09-01,TRX-USD,0.1,crypto_risk_parity
2021-10-01,TRX-USD,0.1,crypto_risk_parity
2021-11-01,TRX-USD,0.1,crypto_risk_parity
2021-12-01,TRX-USD,0.1,crypto_risk_parity
2022-01-01,TRX-USD,0.1,crypto_risk_parity
2022-02-01,TRX-USD,0.1,crypto_risk_parity
2022-03-01,TRX-USD,0.1,crypto_risk_parity
2022-04-01,TRX-USD,0.1,crypto_risk_parity
2022-05-01,TRX-USD,0.1,crypto_risk_parity
2022-06-01,TRX-USD,0.1,crypto_risk_parity
2022-07-01,TRX-USD,0.1,crypto_risk_parity
2022-08-01,TRX-USD,0.1,crypto_risk_parity
2022-09-01,TRX-USD,0.1,crypto_risk_parity
2022-10-01,TRX-USD,0.1,crypto_risk_parity
2022-11-01,TRX-USD,0.1,crypto_risk_parity
2022-12-01,TRX-USD,0.1,crypto_risk_parity
2023-01-01,TRX-USD,0.1,crypto_risk_parity
2023-02-01,TRX-USD,0.1,crypto_risk_parity
2023-03-01,TRX-USD,0.1,crypto_risk_parity
2023-04-01,TRX-USD,0.1,crypto_risk_parity
2023-05-01,TRX-USD,0.1,crypto_risk_parity
2023-06-01,TRX-USD,0.1,crypto_risk_parity
2023-07-01,TRX-USD,0.1,crypto_risk_parity
2023-08-01,TRX-USD,0.1,crypto_risk_parity
2023-09-01,TRX-USD,0.1,crypto_risk_parity
2023-10-01,TRX-USD,0.1,crypto_risk_parity
2023-11-01,TRX-USD,0.1,crypto_risk_parity
2023-12-01,TRX-USD,0.1,crypto_risk_parity
2020-10-01,XLM-USD,0.1,crypto_risk_parity
2020-11-01,XLM-USD,0.1,crypto_risk_parity
2020-12-01,XLM-USD,0.1,crypto_risk_parity
2021-01-01,XLM-USD,0.1,crypto_risk_parity
2021-02-01,XLM-USD,0.1,crypto_risk_parity
2021-03-01,XLM-USD,0.1,crypto_risk_parity
2021-04-01,XLM-USD,0.1,crypto_risk_parity
2021-05-01,XLM-USD,0.1,crypto_risk_parity
2021-06-01,XLM-USD,0.1,crypto_risk_parity
2021-07-01,XLM-USD,0.1,crypto_risk_parity
2021-08-01,XLM-USD,0.1,crypto_risk_parity
2021-09-01,XLM-USD,0.1,crypto_risk_parity
2021-10-01,XLM-USD,0.1,crypto_risk_parity
2021-11-01,XLM-USD,0.1,crypto_risk_parity
2021-12-01,XLM-USD,0.1,crypto_risk_parity
2022-01-01,XLM-USD,0.1,crypto_risk_parity
2022-02-01,XLM-USD,0.1,crypto_risk_parity
2022-03-01,XLM-USD,0.1,crypto_risk_parity
2022-04-01,XLM-USD,0.1,crypto_risk_parity
2022-05-01,XLM-USD,0.1,crypto_risk_parity
2022-06-01,XLM-USD,0.1,crypto_risk_parity
2022-07-01,XLM-USD,0.1,crypto_risk_parity
2022-08-01,XLM-USD,0.1,crypto_risk_parity
2022-09-01,XLM-USD,0.1,crypto_risk_parity
2022-10-01,XLM-USD,0.1,crypto_risk_parity
2022-11-01,XLM-USD,0.1,crypto_risk_parity
2022-12-01,XLM-USD,0.1,crypto_risk_parity
2023-01-01,XLM-USD,0.1,crypto_risk_parity
2023-02-01,XLM-USD,0.1,crypto_risk_parity
2023-03-01,XLM-USD,0.1,crypto_risk_parity
2023-04-01,XLM-USD,0.1,crypto_risk_parity
2023-05-01,XLM-USD,0.1,crypto_risk_parity
2023-06-01,XLM-USD,0.1,crypto_risk_parity
2023-07-01,XLM-USD,0.1,crypto_risk_parity
2023-08-01,XLM-USD,0.1,crypto_risk_parity
2023-09-01,XLM-USD,0.1,crypto_risk_parity
2023-10-01,XLM-USD,0.1,crypto_risk_parity
2023-11-01,XLM-USD,0.1,crypto_risk_parity
2023-12-01,XLM-USD,0.1,crypto_risk_parity
2020-10-01,XRP-USD,0.1,crypto_risk_parity
2020-11-01,XRP-USD,0.1,crypto_risk_parity
2020-12-01,XRP-USD,0.1,crypto_risk_parity
2021-01-01,XRP-USD,0.1,crypto_risk_parity
2021-02-01,XRP-USD,0.1,crypto_risk_parity
2021-03-01,XRP-USD,0.1,crypto_risk_parity
2021-04-01,XRP-USD,0.1,crypto_risk_parity
2021-05-01,XRP-USD,0.1,crypto_risk_parity
2021-06-01,XRP-USD,0.1,crypto_risk_parity
2021-07-01,XRP-USD,0.1,crypto_risk_parity
2021-08-01,XRP-USD,0.1,crypto_risk_parity
2021-09-01,XRP-USD,0.1,crypto_risk_parity
2021-10-01,XRP-USD,0.1,crypto_risk_parity
2021-11-01,XRP-USD,0.1,crypto_risk_parity
2021-12-01,XRP-USD,0.1,crypto_risk_parity
2022-01-01,XRP-USD,0.1,crypto_risk_parity
2022-02-01,XRP-USD,0.1,crypto_risk_parity
2022-03-01,XRP-USD,0.1,crypto_risk_parity
2022-04-01,XRP-USD,0.1,crypto_risk_parity
2022-05-01,XRP-USD,0.1,crypto_risk_parity
2022-06-01,XRP-USD,0.1,crypto_risk_parity
2022-07-01,XRP-USD,0.1,crypto_risk_parity
2022-08-01,XRP-USD,0.1,crypto_risk_parity
2022-09-01,XRP-USD,0.1,crypto_risk_parity
2022-10-01,XRP-USD,0.1,crypto_risk_parity
2022-11-01,XRP-USD,0.1,crypto_risk_parity
2022-12-01,XRP-USD,0.1,crypto_risk_parity
2023-01-01,XRP-USD,0.1,crypto_risk_parity
2023-02-01,XRP-USD,0.1,crypto_risk_parity
2023-03-01,XRP-USD,0.1,crypto_risk_parity
2023-04-01,XRP-USD,0.1,crypto_risk_parity
2023-05-01,XRP-USD,0.1,crypto_risk_parity
2023-06-01,XRP-USD,0.1,crypto_risk_parity
2023-07-01,XRP-USD,0.1,crypto_risk_parity
2023-08-01,XRP-USD,0.1,crypto_risk_parity
2023-09-01,XRP-USD,0.1,crypto_risk_parity
2023-10-01,XRP-USD,0.1,crypto_risk_parity
2023-11-01,XRP-USD,0.1,crypto_risk_parity
2023-12-01,XRP-USD,0.1,crypto_risk_parity
