trading_date,sector,sentiment_lagged
2020-01-03,Comm,0.10897499999999999
2020-01-06,Comm,0.135575
2020-01-07,Comm,0.1738097222222222
2020-01-08,Comm,0.29263333333333336
2020-01-09,Comm,0.1929775
2020-01-10,Comm,0.16018
2020-01-13,Comm,0.03584583333333334
2020-01-14,Comm,0.0015479166666666697
2020-01-15,Comm,0.0863
2020-01-16,Comm,0.0006972222222222194
2020-01-17,Comm,0.1423625
2020-01-21,Comm,0.0634
2020-01-22,Comm,-0.027549999999999998
2020-01-23,Comm,0.18275
2020-01-24,Comm,0.17530257142857142
2020-01-27,Comm,0.13886280303030302
2020-01-28,Comm,-0.0454159090909091
2020-01-29,Comm,0.04588500000000001
2020-01-30,Comm,0.31587624999999997
2020-01-31,Comm,-0.013312499999999998
2020-02-03,Comm,-0.2358340909090909
2020-02-04,Comm,0.1309225
2020-02-05,Comm,0.11257899999999998
2020-02-06,Comm,-0.008172916666666662
2020-02-07,Comm,0.06914000000000001
2020-02-10,Comm,0.04096999999999999
2020-02-11,Comm,0.11424999999999999
2020-02-12,Comm,-0.032639117647058805
2020-02-13,Comm,0.15365222222222222
2020-02-14,Comm,0.09172261904761905
2020-02-18,Comm,0.6249
2020-02-19,Comm,0.04021809523809524
2020-02-20,Comm,0.18420416666666664
2020-02-21,Comm,0.06464166666666667
2020-02-24,Comm,-0.06630555555555556
2020-02-25,Comm,0.04713888888888889
2020-02-26,Comm,0.20084444444444446
2020-02-27,Comm,0.15698333333333334
2020-02-28,Comm,0.164925
2020-03-02,Comm,-0.09630999999999999
2020-03-03,Comm,0.12158333333333332
2020-03-04,Comm,0.050289999999999994
2020-03-05,Comm,0.12637083333333332
2020-03-06,Comm,0.181035
2020-03-09,Comm,0.0698625
2020-03-10,Comm,-0.013662499999999998
2020-03-11,Comm,-0.044323999999999995
2020-03-12,Comm,0.027750000000000004
2020-03-13,Comm,-0.00692
2020-03-16,Comm,0.13042166666666666
2020-03-17,Comm,-0.015389166666666676
2020-03-18,Comm,0.06483249999999999
2020-03-19,Comm,-0.03310499999999999
2020-03-20,Comm,0.03651833333333333
2020-03-23,Comm,0.02329166666666667
2020-03-24,Comm,0.16331284415584416
2020-03-25,Comm,0.2189259523809524
2020-03-26,Comm,0.17759866666666665
2020-03-27,Comm,0.12920166666666666
2020-03-30,Comm,0.18954888888888888
2020-03-31,Comm,0.22887375000000001
2020-04-01,Comm,0.20055555555555557
2020-04-02,Comm,0.07680833333333334
2020-04-03,Comm,-0.09556
2020-04-06,Comm,0.2131947619047619
2020-04-07,Comm,0.31067916666666673
2020-04-08,Comm,0.10203295454545455
2020-04-09,Comm,0.046854999999999994
2020-04-13,Comm,-0.02296333333333333
2020-04-14,Comm,0.0727875
2020-04-15,Comm,0.2614195238095238
2020-04-16,Comm,0.1547541666666667
2020-04-17,Comm,0.28593041666666663
2020-04-20,Comm,0.07999916666666666
2020-04-21,Comm,0.08840624999999999
2020-04-22,Comm,0.08243333333333333
2020-04-23,Comm,0.1592797619047619
2020-04-24,Comm,0.10913402777777778
2020-04-27,Comm,0.01891136363636364
2020-04-28,Comm,0.08147666666666667
2020-04-29,Comm,0.13426050505050505
2020-04-30,Comm,0.10303333333333335
2020-05-01,Comm,0.01556093750000001
2020-05-04,Comm,-0.08241208333333333
2020-05-05,Comm,0.12881185185185184
2020-05-06,Comm,0.11926785714285715
2020-05-07,Comm,-0.1024575
2020-05-08,Comm,0.11492250000000001
2020-05-11,Comm,0.23475333333333334
2020-05-12,Comm,0.12894285714285716
2020-05-13,Comm,0.068945
2020-05-14,Comm,0.02526666666666666
2020-05-15,Comm,0.1712533333333333
2020-05-18,Comm,0.09845666666666666
2020-05-19,Comm,0.1454511666666667
2020-05-20,Comm,0.09701542857142857
2020-05-21,Comm,0.07668323809523811
2020-05-22,Comm,0.08641499999999999
2020-05-26,Comm,-0.1696125
2020-05-27,Comm,0.15571966666666667
2020-05-28,Comm,0.20367083333333333
2020-05-29,Comm,0.04726333333333333
2020-06-01,Comm,0.1147425
2020-06-02,Comm,0.15972342857142857
2020-06-03,Comm,0.28929444444444447
2020-06-04,Comm,-0.08686250000000001
2020-06-05,Comm,0.15777999999999998
2020-06-08,Comm,-0.02615
2020-06-09,Comm,0.17503749999999998
2020-06-10,Comm,-0.32985
2020-06-11,Comm,-0.06611999999999998
2020-06-12,Comm,0.022160000000000003
2020-06-15,Comm,0.004438541666666667
2020-06-16,Comm,0.022516666666666657
2020-06-17,Comm,0.09305
2020-06-18,Comm,0.12827833333333333
2020-06-19,Comm,0.011561249999999999
2020-06-22,Comm,0.15536666666666665
2020-06-23,Comm,0.17502083333333332
2020-06-24,Comm,0.1642972222222222
2020-06-25,Comm,0.17123535353535355
2020-06-26,Comm,0.11716444444444445
2020-06-29,Comm,0.36275
2020-06-30,Comm,0.020961025641025643
2020-07-01,Comm,0.1538904761904762
2020-07-02,Comm,-0.0343
2020-07-06,Comm,-0.014825
2020-07-07,Comm,0.04434400000000001
2020-07-08,Comm,0.08076000000000001
2020-07-09,Comm,-0.08660625
2020-07-10,Comm,0.21056249999999999
2020-07-13,Comm,0.0
2020-07-14,Comm,0.041733333333333324
2020-07-15,Comm,0.04039642857142857
2020-07-16,Comm,0.07219166666666665
2020-07-17,Comm,0.16331666666666667
2020-07-20,Comm,-0.4989
2020-07-21,Comm,0.06828333333333332
2020-07-22,Comm,0.17599666666666666
2020-07-23,Comm,0.09405
2020-07-24,Comm,-0.19804999999999998
2020-07-27,Comm,0.023815625000000003
2020-07-28,Comm,0.1796
2020-07-29,Comm,0.172625
2020-07-30,Comm,0.024543750000000003
2020-07-31,Comm,0.06398833333333334
2020-08-03,Comm,0.20481666666666665
2020-08-04,Comm,0.24238400000000002
2020-08-05,Comm,0.08877538461538462
2020-08-06,Comm,0.1688125
2020-08-07,Comm,0.2236301587301587
2020-08-10,Comm,0.0760128205128205
2020-08-11,Comm,0.23690333333333333
2020-08-12,Comm,0.13919444444444445
2020-08-13,Comm,0.13904999999999998
2020-08-14,Comm,0.074
2020-08-17,Comm,-0.07955
2020-08-18,Comm,0.12658666666666668
2020-08-19,Comm,0.12132666666666667
2020-08-20,Comm,0.0
2020-08-21,Comm,0.0064
2020-08-24,Comm,0.05934444444444444
2020-08-25,Comm,-0.03465000000000001
2020-08-26,Comm,0.041666666666666664
2020-08-27,Comm,0.12346499999999999
2020-08-28,Comm,0.10115
2020-08-31,Comm,0.11327916666666667
2020-09-01,Comm,0.1672111111111111
2020-09-02,Comm,0.14038333333333333
2020-09-03,Comm,0.2509888888888889
2020-09-04,Comm,0.09808095238095238
2020-09-08,Comm,0.2715916666666667
2020-09-09,Comm,0.17447
2020-09-10,Comm,0.19863333333333333
2020-09-11,Comm,0.03242500000000001
2020-09-14,Comm,-0.007366666666666667
2020-09-15,Comm,0.03878611111111112
2020-09-16,Comm,0.047488888888888886
2020-09-17,Comm,0.08045
2020-09-18,Comm,0.2514111111111111
2020-09-21,Comm,0.03440625
2020-09-22,Comm,0.098096875
2020-09-23,Comm,0.30411666666666665
2020-09-24,Comm,0.187175
2020-09-25,Comm,0.19109500000000001
2020-09-28,Comm,-0.145725
2020-09-29,Comm,0.192781875
2020-09-30,Comm,0.0593
2020-10-01,Comm,0.22197499999999998
2020-10-02,Comm,-0.01597222222222222
2020-10-05,Comm,-0.16215
2020-10-06,Comm,0.12981250000000003
2020-10-07,Comm,0.09443750000000001
2020-10-08,Comm,0.3819
2020-10-09,Comm,-0.14352333333333334
2020-10-12,Comm,0.14572232142857144
2020-10-13,Comm,-0.03122020202020202
2020-10-14,Comm,-0.11343571428571429
2020-10-15,Comm,0.22808200000000003
2020-10-16,Comm,0.36173333333333335
2020-10-19,Comm,0.016958333333333315
2020-10-20,Comm,0.2748366666666667
2020-10-21,Comm,0.0
2020-10-22,Comm,0.05586666666666666
2020-10-23,Comm,0.022529166666666666
2020-10-26,Comm,0.3454375
2020-10-27,Comm,0.09944857142857141
2020-10-28,Comm,0.0
2020-10-29,Comm,0.12582333333333331
2020-10-30,Comm,0.17301
2020-11-02,Comm,0.18485
2020-11-03,Comm,0.06413833333333332
2020-11-04,Comm,-0.06955933333333333
2020-11-05,Comm,0.11277666666666665
2020-11-06,Comm,-0.031197000000000003
2020-11-09,Comm,0.09671144607843138
2020-11-10,Comm,0.2057085714285714
2020-11-11,Comm,0.02692500000000001
2020-11-12,Comm,-0.12654375
2020-11-13,Comm,0.090725
2020-11-16,Comm,0.14494166666666666
2020-11-17,Comm,0.125346
2020-11-18,Comm,0.14484
2020-11-19,Comm,0.008979999999999998
2020-11-20,Comm,0.11743095238095237
2020-11-23,Comm,-0.036219999999999995
2020-11-24,Comm,0.057544444444444454
2020-11-25,Comm,0.12386666666666668
2020-11-27,Comm,0.10638
2020-11-30,Comm,0.2934333333333333
2020-12-01,Comm,0.10057777777777778
2020-12-02,Comm,0.1101
2020-12-03,Comm,-0.24695
2020-12-04,Comm,0.06958571428571429
2020-12-07,Comm,0.16751666666666667
2020-12-08,Comm,0.0659037037037037
2020-12-09,Comm,0.10193636363636364
2020-12-10,Comm,0.26174375
2020-12-11,Comm,0.19042187500000002
2020-12-14,Comm,0.06066428571428571
2020-12-15,Comm,0.060334374999999996
2020-12-16,Comm,0.2356892857142857
2020-12-17,Comm,0.0
2020-12-18,Comm,0.0856625
2020-12-21,Comm,0.00801
2020-12-22,Comm,0.07763416666666667
2020-12-23,Comm,-0.007149999999999994
2020-12-24,Comm,0.0677875
2020-12-28,Comm,0.08195000000000001
2020-12-29,Comm,0.30003749999999996
2020-12-30,Comm,0.16933333333333334
2020-12-31,Comm,0.1531
2021-01-04,Comm,0.10063174603174603
2021-01-05,Comm,0.029888888888888885
2021-01-06,Comm,0.06041166666666666
2021-01-07,Comm,0.18533619047619046
2021-01-08,Comm,0.16188
2021-01-11,Comm,0.0
2021-01-12,Comm,0.27421249999999997
2021-01-13,Comm,-0.056258333333333334
2021-01-14,Comm,-0.05616249999999999
2021-01-15,Comm,0.05734
2021-01-19,Comm,0.22091666666666665
2021-01-20,Comm,0.053607499999999995
2021-01-21,Comm,-0.25
2021-01-22,Comm,-0.05456833333333334
2021-01-25,Comm,0.13025833333333334
2021-01-26,Comm,0.0754752380952381
2021-01-27,Comm,-0.03156428571428571
2021-01-28,Comm,0.003319999999999999
2021-01-29,Comm,0.20357291666666666
2021-02-01,Comm,0.058776666666666665
2021-02-02,Comm,0.41345333333333334
2021-02-03,Comm,0.12638333333333335
2021-02-04,Comm,0.01548888888888889
2021-02-05,Comm,-0.029766666666666677
2021-02-08,Comm,0.068705
2021-02-09,Comm,-0.007988333333333333
2021-02-10,Comm,0.021380357142857145
2021-02-11,Comm,-0.039642222222222225
2021-02-12,Comm,0.120215
2021-02-16,Comm,0.3825
2021-02-17,Comm,0.10841757575757578
2021-02-18,Comm,-0.012877777777777774
2021-02-19,Comm,0.19733333333333333
2021-02-22,Comm,0.159
2021-02-23,Comm,0.18444
2021-02-24,Comm,0.24614444444444442
2021-02-25,Comm,-0.023973214285714278
2021-02-26,Comm,0.005622222222222223
2021-03-01,Comm,0.09828333333333333
2021-03-02,Comm,0.021162500000000004
2021-03-03,Comm,0.2687
2021-03-04,Comm,0.0707825
2021-03-05,Comm,0.1925
2021-03-08,Comm,0.10985733333333333
2021-03-09,Comm,-0.068966
2021-03-10,Comm,0.193225
2021-03-11,Comm,0.137421875
2021-03-12,Comm,0.21927666666666668
2021-03-15,Comm,0.1957607142857143
2021-03-16,Comm,0.10842291666666667
2021-03-17,Comm,0.06454666666666667
2021-03-18,Comm,0.1295
2021-03-19,Comm,-0.00976666666666666
2021-03-22,Comm,0.11760666666666668
2021-03-23,Comm,-0.004141666666666666
2021-03-24,Comm,0.05541
2021-03-25,Comm,0.2311875
2021-03-26,Comm,-0.003094999999999998
2021-03-29,Comm,0.0864875
2021-03-30,Comm,0.14191805555555553
2021-03-31,Comm,0.16086250000000002
2021-04-01,Comm,0.0
2021-04-05,Comm,0.08523750000000001
2021-04-06,Comm,0.344484
2021-04-07,Comm,0.15662380952380953
2021-04-08,Comm,0.04215
2021-04-09,Comm,0.2307666666666667
2021-04-12,Comm,0.052142499999999994
2021-04-13,Comm,-0.18526666666666666
2021-04-14,Comm,0.32824000000000003
2021-04-15,Comm,0.16172
2021-04-16,Comm,0.027225
2021-04-19,Comm,0.2452
2021-04-20,Comm,-0.03251875
2021-04-21,Comm,0.023303571428571423
2021-04-22,Comm,0.08294814814814816
2021-04-23,Comm,0.02869797979797979
2021-04-26,Comm,0.22706833333333334
2021-04-27,Comm,-0.04617083333333332
2021-04-28,Comm,0.05184074074074074
2021-04-29,Comm,0.26963333333333334
2021-04-30,Comm,0.15522625
2021-05-03,Comm,0.17981111111111112
2021-05-04,Comm,0.15644666666666668
2021-05-05,Comm,0.32935749999999997
2021-05-06,Comm,0.07786
2021-05-07,Comm,-0.015916666666666662
2021-05-10,Comm,0.10294166666666665
2021-05-11,Comm,-0.11144033333333334
2021-05-12,Comm,0.20482
2021-05-13,Comm,0.08715
2021-05-14,Comm,0.0
2021-05-17,Comm,0.0
2021-05-18,Comm,0.00817589743589744
2021-05-19,Comm,0.0013776666666666631
2021-05-20,Comm,0.05494333333333334
2021-05-21,Comm,0.109577
2021-05-24,Comm,0.21222285714285713
2021-05-25,Comm,-0.015649999999999997
2021-05-26,Comm,0.2026875
2021-05-27,Comm,0.07438095238095238
2021-05-28,Comm,0.118326
2021-06-01,Comm,0.4019236666666666
2021-06-02,Comm,0.38727
2021-06-03,Comm,0.12601
2021-06-04,Comm,0.006783333333333326
2021-06-07,Comm,0.295435
2021-06-08,Comm,0.1335111111111111
2021-06-09,Comm,0.3534083333333333
2021-06-10,Comm,0.0
2021-06-11,Comm,0.0641537142857143
2021-06-14,Comm,0.2947416666666667
2021-06-15,Comm,0.12615833333333332
2021-06-16,Comm,0.09738
2021-06-17,Comm,0.280775
2021-06-18,Comm,0.39725000000000005
2021-06-21,Comm,0.0
2021-06-22,Comm,0.2879
2021-06-23,Comm,-0.26925
2021-06-24,Comm,-0.004465833333333332
2021-06-25,Comm,-0.13738333333333336
2021-06-28,Comm,0.05488333333333334
2021-06-29,Comm,0.241345
2021-06-30,Comm,0.2202
2021-07-01,Comm,0.27759848484848487
2021-07-02,Comm,0.1842375
2021-07-06,Comm,0.0216
2021-07-07,Comm,0.056125
2021-07-08,Comm,0.07976000000000001
2021-07-09,Comm,0.205775
2021-07-12,Comm,0.3075888888888889
2021-07-13,Comm,0.09792500000000001
2021-07-14,Comm,0.11024
2021-07-15,Comm,0.028333333333333335
2021-07-16,Comm,0.08392222222222223
2021-07-19,Comm,0.02132
2021-07-20,Comm,0.27175666666666665
2021-07-21,Comm,0.40086
2021-07-22,Comm,-0.027524999999999994
2021-07-23,Comm,0.180665625
2021-07-26,Comm,0.06952083333333332
2021-07-27,Comm,0.023929999999999996
2021-07-28,Comm,0.10033333333333334
2021-07-29,Comm,0.06511666666666667
2021-07-30,Comm,0.14958849206349206
2021-08-02,Comm,0.03771666666666667
2021-08-03,Comm,0.04980416666666666
2021-08-04,Comm,0.13462916666666666
2021-08-05,Comm,0.1047625
2021-08-06,Comm,0.07277916666666667
2021-08-09,Comm,0.13043749999999998
2021-08-10,Comm,0.14785666666666666
2021-08-11,Comm,0.06527916666666667
2021-08-12,Comm,-0.059833333333333315
2021-08-13,Comm,0.2661266666666667
2021-08-16,Comm,0.23151666666666668
2021-08-17,Comm,0.042361607142857145
2021-08-18,Comm,0.159375
2021-08-19,Comm,-0.07764553571428572
2021-08-20,Comm,0.082035
2021-08-23,Comm,0.04287222222222223
2021-08-24,Comm,0.21510166666666666
2021-08-25,Comm,0.29965555555555556
2021-08-26,Comm,0.2202
2021-08-27,Comm,0.23911666666666664
2021-08-30,Comm,0.4492125
2021-08-31,Comm,0.1262525
2021-09-01,Comm,0.08131666666666666
2021-09-02,Comm,0.0
2021-09-03,Comm,0.05425
2021-09-07,Comm,0.31587777777777776
2021-09-08,Comm,0.23976666666666668
2021-09-09,Comm,0.16150208333333332
2021-09-10,Comm,-0.07891285714285715
2021-09-13,Comm,0.09053749999999999
2021-09-14,Comm,0.24411571428571427
2021-09-15,Comm,0.16030416666666666
2021-09-16,Comm,0.007855000000000001
2021-09-17,Comm,0.007449999999999991
2021-09-20,Comm,0.06530428571428572
2021-09-21,Comm,0.3034075757575757
2021-09-22,Comm,0.10283333333333333
2021-09-23,Comm,0.15978399999999998
2021-09-24,Comm,0.04259
2021-09-27,Comm,0.08656666666666667
2021-09-28,Comm,0.19433750000000002
2021-09-29,Comm,0.140023
2021-09-30,Comm,-0.06775
2021-10-01,Comm,0.10342666666666667
2021-10-04,Comm,0.20576250000000001
2021-10-05,Comm,0.018139999999999996
2021-10-06,Comm,-0.005649999999999999
2021-10-07,Comm,0.026670833333333335
2021-10-08,Comm,0.23674166666666668
2021-10-11,Comm,0.047975000000000004
2021-10-12,Comm,0.18658333333333332
2021-10-13,Comm,0.3031833333333333
2021-10-14,Comm,-0.1746777777777778
2021-10-15,Comm,-0.0017416666666666622
2021-10-18,Comm,0.40364999999999995
2021-10-19,Comm,0.28504999999999997
2021-10-20,Comm,0.08238333333333334
2021-10-21,Comm,0.10126666666666667
2021-10-22,Comm,-0.01299357142857142
2021-10-25,Comm,0.24459166666666668
2021-10-26,Comm,0.46004500000000004
2021-10-27,Comm,0.2707571428571428
2021-10-28,Comm,0.28475
2021-10-29,Comm,0.0930125
2021-11-01,Comm,0.230325
2021-11-02,Comm,0.12747500000000003
2021-11-03,Comm,0.23997000000000002
2021-11-04,Comm,0.1210305
2021-11-05,Comm,0.13950533333333334
2021-11-08,Comm,0.201925
2021-11-09,Comm,-0.15794666666666668
2021-11-10,Comm,0.131675
2021-11-11,Comm,-0.10265555555555557
2021-11-12,Comm,0.13193333333333335
2021-11-15,Comm,0.041150000000000006
2021-11-16,Comm,0.129412
2021-11-17,Comm,0.025375000000000005
2021-11-18,Comm,-0.003999999999999999
2021-11-19,Comm,0.09115
2021-11-22,Comm,0.0540625
2021-11-23,Comm,0.16104583333333333
2021-11-24,Comm,0.13581400000000002
2021-11-26,Comm,0.16170625
2021-11-29,Comm,0.08984666666666666
2021-11-30,Comm,-0.22576666666666667
2021-12-01,Comm,0.10051666666666666
2021-12-02,Comm,0.24037916666666667
2021-12-03,Comm,-0.064
2021-12-06,Comm,-0.022783333333333336
2021-12-07,Comm,0.06302777777777778
2021-12-08,Comm,0.19829166666666667
2021-12-09,Comm,0.2553625
2021-12-10,Comm,0.020958333333333332
2021-12-13,Comm,0.15510666666666667
2021-12-14,Comm,0.040465
2021-12-15,Comm,0.07332222222222222
2021-12-16,Comm,0.12249
2021-12-17,Comm,0.19804
2021-12-20,Comm,-0.08777499999999999
2021-12-21,Comm,0.19402
2021-12-22,Comm,0.074
2021-12-23,Comm,0.3649
2021-12-27,Comm,0.12422222222222222
2021-12-28,Comm,0.2967625
2021-12-29,Comm,0.07275
2021-12-30,Comm,0.033716666666666666
2021-12-31,Comm,0.1517133333333333
2022-01-03,Comm,0.02198888888888889
2022-01-04,Comm,0.20378846153846153
2022-01-05,Comm,0.26890000000000003
2022-01-06,Comm,0.22081666666666666
2022-01-07,Comm,0.259594
2022-01-10,Comm,0.133331
2022-01-11,Comm,0.11034857142857142
2022-01-12,Comm,0.080425
2022-01-13,Comm,0.15800533333333333
2022-01-14,Comm,0.17099999999999999
2022-01-18,Comm,0.0408
2022-01-19,Comm,-0.048118081232493
2022-01-20,Comm,0.06328333333333333
2022-01-21,Comm,0.42268585858585855
2022-01-24,Comm,0.24227500000000002
2022-01-25,Comm,0.13162333333333334
2022-01-26,Comm,-0.0034541666666666644
2022-01-27,Comm,0.28685617647058825
2022-01-28,Comm,0.11984389880952381
2022-01-31,Comm,-0.142852
2022-02-01,Comm,0.093698
2022-02-02,Comm,0.03691142857142857
2022-02-03,Comm,0.13944238095238096
2022-02-04,Comm,0.20904238095238098
2022-02-07,Comm,0.037856
2022-02-08,Comm,0.18579466666666666
2022-02-09,Comm,0.084515
2022-02-10,Comm,0.256076
2022-02-11,Comm,0.44101666666666667
2022-02-14,Comm,0.014603333333333334
2022-02-15,Comm,0.18856933333333334
2022-02-16,Comm,0.22755000000000003
2022-02-17,Comm,0.10115
2022-02-18,Comm,0.17063285714285711
2022-02-22,Comm,0.0
2022-02-23,Comm,-0.10366428571428571
2022-02-24,Comm,-0.164925
2022-02-25,Comm,0.04001666666666668
2022-02-28,Comm,0.100475
2022-03-01,Comm,0.24214861111111113
2022-03-02,Comm,0.05462499999999999
2022-03-03,Comm,0.21821
2022-03-04,Comm,-0.039318
2022-03-07,Comm,0.0348375
2022-03-08,Comm,0.06970416666666666
2022-03-09,Comm,0.07745555555555554
2022-03-10,Comm,0.10213000000000001
2022-03-11,Comm,0.09800833333333334
2022-03-14,Comm,0.06465833333333333
2022-03-15,Comm,0.1797654761904762
2022-03-16,Comm,0.1897825
2022-03-17,Comm,0.0683
2022-03-18,Comm,-0.11934166666666665
2022-03-21,Comm,0.28582
2022-03-22,Comm,0.11884750000000001
2022-03-23,Comm,-0.19626666666666667
2022-03-24,Comm,0.11251875
2022-03-25,Comm,0.13151875
2022-03-28,Comm,-0.4215
2022-03-29,Comm,0.12987666666666667
2022-03-30,Comm,0.06619166666666668
2022-03-31,Comm,0.10206666666666668
2022-04-01,Comm,0.181775
2022-04-04,Comm,0.05093333333333334
2022-04-05,Comm,0.18476875
2022-04-06,Comm,-0.069578
2022-04-07,Comm,0.021333333333333333
2022-04-08,Comm,0.002922916666666664
2022-04-11,Comm,0.0839
2022-04-12,Comm,0.08110294117647059
2022-04-13,Comm,0.3481
2022-04-14,Comm,0.23527708333333336
2022-04-18,Comm,-0.07343
2022-04-19,Comm,0.035902857142857146
2022-04-20,Comm,-0.03867466666666666
2022-04-21,Comm,0.12171388888888889
2022-04-22,Comm,0.19545618421052632
2022-04-25,Comm,0.05221071428571429
2022-04-26,Comm,0.11344333333333334
2022-04-27,Comm,0.35237583333333333
2022-04-28,Comm,0.09126339285714286
2022-04-29,Comm,0.02522
2022-05-02,Comm,0.09257625
2022-05-03,Comm,0.121806
2022-05-04,Comm,-0.02558333333333333
2022-05-05,Comm,-0.013600000000000001
2022-05-06,Comm,-0.03416666666666666
2022-05-09,Comm,0.2111406666666667
2022-05-10,Comm,-0.024980000000000002
2022-05-11,Comm,0.05671607142857142
2022-05-12,Comm,0.07184333333333334
2022-05-13,Comm,0.015794999999999997
2022-05-16,Comm,0.12901666666666667
2022-05-17,Comm,0.07973333333333334
2022-05-18,Comm,0.009181333333333333
2022-05-19,Comm,-0.021075
2022-05-20,Comm,0.07331666666666668
2022-05-23,Comm,0.16309
2022-05-24,Comm,-0.007769999999999999
2022-05-25,Comm,0.09552799999999999
2022-05-26,Comm,0.20104285714285713
2022-05-27,Comm,0.21776
2022-05-31,Comm,0.09177916666666666
2022-06-01,Comm,0.1927488888888889
2022-06-02,Comm,0.2012
2022-06-03,Comm,-0.07633000000000001
2022-06-06,Comm,0.05561083333333334
2022-06-07,Comm,-0.012226666666666669
2022-06-08,Comm,0.08148749999999999
2022-06-09,Comm,0.31982
2022-06-10,Comm,0.08032133333333333
2022-06-13,Comm,-0.031369999999999995
2022-06-14,Comm,0.09076999999999999
2022-06-15,Comm,0.269084375
2022-06-16,Comm,0.040440000000000004
2022-06-17,Comm,0.022036666666666666
2022-06-21,Comm,0.1711825
2022-06-22,Comm,0.11949285714285714
2022-06-23,Comm,0.137575
2022-06-24,Comm,0.013355555555555553
2022-06-27,Comm,-0.03716
2022-06-28,Comm,0.12203750000000001
2022-06-29,Comm,0.1445875
2022-06-30,Comm,0.0131125
2022-07-01,Comm,0.1959216666666667
2022-07-05,Comm,0.39085000000000003
2022-07-06,Comm,0.14965416666666667
2022-07-07,Comm,-0.18056388888888888
2022-07-08,Comm,0.0
2022-07-11,Comm,0.07390833333333334
2022-07-12,Comm,0.18240933333333334
2022-07-13,Comm,0.16039333333333333
2022-07-14,Comm,-0.07145000000000001
2022-07-15,Comm,0.06961666666666667
2022-07-18,Comm,-0.12386666666666667
2022-07-19,Comm,0.04868883928571428
2022-07-20,Comm,0.2507375
2022-07-21,Comm,-0.022791666666666665
2022-07-22,Comm,0.09383133333333334
2022-07-25,Comm,0.10535333333333334
2022-07-26,Comm,-0.022425
2022-07-27,Comm,0.0
2022-07-28,Comm,0.06653666666666666
2022-07-29,Comm,0.05283888888888889
2022-08-01,Comm,0.0572
2022-08-02,Comm,0.05613541666666667
2022-08-03,Comm,0.059490625000000005
2022-08-04,Comm,0.015399999999999987
2022-08-05,Comm,0.06394166666666665
2022-08-08,Comm,0.20050416666666665
2022-08-09,Comm,-0.1625
2022-08-10,Comm,0.025187500000000015
2022-08-11,Comm,0.170978
2022-08-12,Comm,0.03246166666666667
2022-08-15,Comm,0.11583333333333334
2022-08-16,Comm,0.08424833333333334
2022-08-17,Comm,0.12108055555555557
2022-08-18,Comm,-0.061241666666666666
2022-08-19,Comm,0.005662499999999999
2022-08-22,Comm,-0.23604375
2022-08-23,Comm,0.21372
2022-08-24,Comm,0.15714166666666668
2022-08-25,Comm,0.13018666666666664
2022-08-26,Comm,0.04749722222222222
2022-08-29,Comm,-0.10375083333333335
2022-08-30,Comm,0.157895
2022-08-31,Comm,-0.26335
2022-09-01,Comm,0.15776333333333334
2022-09-02,Comm,0.04765833333333333
2022-09-06,Comm,0.159225
2022-09-07,Comm,0.1666125
2022-09-08,Comm,0.08758690476190478
2022-09-09,Comm,0.22610076190476192
2022-09-12,Comm,-0.028329999999999987
2022-09-13,Comm,0.058977380952380955
2022-09-14,Comm,-0.003238333333333329
2022-09-15,Comm,0.09342500000000001
2022-09-16,Comm,0.1273216666666667
2022-09-19,Comm,0.17531944444444444
2022-09-20,Comm,0.04623704545454546
2022-09-21,Comm,0.09224375000000001
2022-09-22,Comm,0.14043199999999997
2022-09-23,Comm,0.05356000000000001
2022-09-26,Comm,0.16743999999999998
2022-09-27,Comm,0.10272333333333335
2022-09-28,Comm,0.20731875
2022-09-29,Comm,0.126195
2022-09-30,Comm,0.06645416666666668
2022-10-03,Comm,0.025491666666666666
2022-10-04,Comm,0.24489099999999997
2022-10-05,Comm,0.11383999999999998
2022-10-06,Comm,0.313
2022-10-07,Comm,0.09976875
2022-10-10,Comm,0.15904444444444446
2022-10-11,Comm,0.0
2022-10-12,Comm,0.07178444444444444
2022-10-13,Comm,0.13851
2022-10-14,Comm,-0.14465625
2022-10-17,Comm,0.0
2022-10-18,Comm,0.25137
2022-10-19,Comm,0.1565
2022-10-20,Comm,-0.07231666666666665
2022-10-21,Comm,-0.004422222222222226
2022-10-24,Comm,0.14178055555555558
2022-10-25,Comm,0.17010625
2022-10-26,Comm,0.07677111111111111
2022-10-27,Comm,0.02545
2022-10-28,Comm,0.26376166666666667
2022-10-31,Comm,0.1270464285714286
2022-11-01,Comm,0.271605
2022-11-02,Comm,0.14109687499999998
2022-11-03,Comm,0.027137500000000005
2022-11-04,Comm,0.07632000000000001
2022-11-07,Comm,0.017556249999999995
2022-11-08,Comm,-0.11038666666666666
2022-11-09,Comm,0.083775
2022-11-10,Comm,0.02073333333333333
2022-11-11,Comm,0.04046
2022-11-14,Comm,0.0
2022-11-15,Comm,0.352572619047619
2022-11-16,Comm,-0.077225
2022-11-17,Comm,0.2467555555555556
2022-11-18,Comm,-0.012758333333333335
2022-11-21,Comm,0.0
2022-11-22,Comm,0.2596625
2022-11-23,Comm,0.3859666666666666
2022-11-25,Comm,0.00645
2022-11-28,Comm,0.44874166666666665
2022-11-29,Comm,0.3620833333333333
2022-11-30,Comm,0.27205555555555555
2022-12-01,Comm,0.07626666666666666
2022-12-02,Comm,0.10304666666666666
2022-12-05,Comm,0.25708000000000003
2022-12-06,Comm,0.09267285714285714
2022-12-07,Comm,0.149445
2022-12-08,Comm,0.044425000000000006
2022-12-09,Comm,0.10396666666666667
2022-12-12,Comm,-0.15739999999999998
2022-12-13,Comm,0.06526666666666667
2022-12-14,Comm,-0.21001333333333336
2022-12-15,Comm,0.054172222222222226
2022-12-16,Comm,0.063461
2022-12-19,Comm,-0.136945
2022-12-20,Comm,0.18345625000000002
2022-12-21,Comm,0.29685
2022-12-22,Comm,-0.06918333333333333
2022-12-23,Comm,0.025533333333333314
2022-12-27,Comm,0.30825
2022-12-28,Comm,0.2775666666666667
2022-12-29,Comm,0.12911166666666668
2022-12-30,Comm,-0.007550000000000001
2023-01-03,Comm,0.0040533333333333255
2023-01-04,Comm,0.006189523809523807
2023-01-05,Comm,0.04757777777777781
2023-01-06,Comm,0.13931333333333332
2023-01-09,Comm,0.24178666666666668
2023-01-10,Comm,0.33028749999999996
2023-01-11,Comm,0.3496722222222222
2023-01-12,Comm,0.16299583333333334
2023-01-13,Comm,0.13344083333333334
2023-01-17,Comm,0.43955
2023-01-18,Comm,0.25457083333333336
2023-01-19,Comm,0.0
2023-01-20,Comm,0.06880000000000001
2023-01-23,Comm,-0.08024444444444444
2023-01-24,Comm,0.10135833333333333
2023-01-25,Comm,0.038075000000000005
2023-01-26,Comm,0.0014257142857142858
2023-01-27,Comm,0.28591950757575757
2023-01-30,Comm,0.09685466666666664
2023-01-31,Comm,0.10398333333333332
2023-02-01,Comm,-0.01744888888888889
2023-02-02,Comm,0.021679999999999994
2023-02-03,Comm,0.1257093333333333
2023-02-06,Comm,0.18137
2023-02-07,Comm,-0.020167499999999988
2023-02-08,Comm,0.027477
2023-02-09,Comm,0.0737375
2023-02-10,Comm,0.030100000000000002
2023-02-13,Comm,0.11038749999999999
2023-02-14,Comm,0.03994
2023-02-15,Comm,0.0
2023-02-16,Comm,0.18669666666666665
2023-02-17,Comm,0.02366
2023-02-21,Comm,0.44631666666666664
2023-02-22,Comm,0.1004447619047619
2023-02-23,Comm,0.18483888888888889
2023-02-24,Comm,0.12297
2023-02-27,Comm,0.03900000000000001
2023-02-28,Comm,0.13425555555555557
2023-03-01,Comm,0.1230375
2023-03-02,Comm,-0.033397500000000004
2023-03-03,Comm,0.23134666666666667
2023-03-06,Comm,-0.1858
2023-03-07,Comm,0.02023
2023-03-08,Comm,0.19317499999999999
2023-03-09,Comm,-0.079075
2023-03-10,Comm,-0.030216666666666663
2023-03-13,Comm,0.04284666666666667
2023-03-14,Comm,0.10773222222222223
2023-03-15,Comm,0.0
2023-03-16,Comm,0.22643333333333335
2023-03-17,Comm,0.11239785714285716
2023-03-20,Comm,0.10115
2023-03-21,Comm,0.183634
2023-03-22,Comm,0.084422
2023-03-23,Comm,0.23682777777777778
2023-03-24,Comm,0.2340375
2023-03-27,Comm,0.31845
2023-03-28,Comm,0.16795714285714283
2023-03-29,Comm,0.21742916666666665
2023-03-30,Comm,0.10665833333333334
2023-03-31,Comm,0.20591666666666666
2023-04-03,Comm,0.3276422222222222
2023-04-04,Comm,0.16664107142857143
2023-04-05,Comm,0.059763
2023-04-06,Comm,0.088225
2023-04-10,Comm,0.08838
2023-04-11,Comm,0.03769666666666667
2023-04-12,Comm,0.05065
2023-04-13,Comm,0.14808
2023-04-14,Comm,0.0014371428571428578
2023-04-17,Comm,0.029833333333333333
2023-04-18,Comm,0.014846666666666666
2023-04-19,Comm,0.03553511904761905
2023-04-20,Comm,0.1355011111111111
2023-04-21,Comm,0.012538034188034184
2023-04-24,Comm,0.21154227272727272
2023-04-25,Comm,-0.02736109307359308
2023-04-26,Comm,-0.019941666666666667
2023-04-27,Comm,0.04264444444444444
2023-04-28,Comm,0.061578095238095244
2023-05-01,Comm,-0.02245185185185185
2023-05-02,Comm,-0.0007224999999999981
2023-05-03,Comm,0.05378166666666667
2023-05-04,Comm,0.07369583333333335
2023-05-05,Comm,-0.014489999999999998
2023-05-08,Comm,0.4123666666666666
2023-05-09,Comm,0.06748666666666667
2023-05-10,Comm,-0.004120000000000001
2023-05-11,Comm,0.10685333333333333
2023-05-12,Comm,0.2863142857142857
2023-05-15,Comm,0.17863125000000002
2023-05-16,Comm,0.02125566666666667
2023-05-17,Comm,0.07770833333333334
2023-05-18,Comm,0.008558333333333333
2023-05-19,Comm,0.029830000000000002
2023-05-22,Comm,0.25138666666666665
2023-05-23,Comm,-0.027434999999999994
2023-05-24,Comm,0.04056875
2023-05-25,Comm,0.08068333333333334
2023-05-26,Comm,0.25936000000000003
2023-05-30,Comm,0.2987266666666667
2023-05-31,Comm,0.004470833333333337
2023-06-01,Comm,0.12067499999999999
2023-06-02,Comm,0.13070833333333334
2023-06-05,Comm,-0.015148557692307689
2023-06-06,Comm,0.10338833333333333
2023-06-07,Comm,0.1333225
2023-06-08,Comm,0.25762833333333335
2023-06-09,Comm,-0.07723055555555557
2023-06-12,Comm,0.24594583333333336
2023-06-13,Comm,0.022477777777777777
2023-06-14,Comm,0.12368541666666666
2023-06-15,Comm,0.2643833333333333
2023-06-16,Comm,0.09067833333333335
2023-06-20,Comm,0.13058666666666666
2023-06-21,Comm,0.10486200000000001
2023-06-22,Comm,0.19656666666666667
2023-06-23,Comm,0.32592
2023-06-26,Comm,0.07922499999999999
2023-06-27,Comm,0.12835722222222223
2023-06-28,Comm,0.176568
2023-06-29,Comm,0.03368750000000001
2023-06-30,Comm,0.05051666666666666
2023-07-03,Comm,-0.05664444444444444
2023-07-05,Comm,0.14625333333333332
2023-07-06,Comm,0.27427291666666664
2023-07-07,Comm,0.12168000000000001
2023-07-10,Comm,0.14504083333333334
2023-07-11,Comm,0.047412499999999996
2023-07-12,Comm,0.115675
2023-07-13,Comm,0.10722533333333333
2023-07-14,Comm,0.10935833333333332
2023-07-17,Comm,0.09681127450980392
2023-07-18,Comm,-0.0886042735042735
2023-07-19,Comm,0.0687321212121212
2023-07-20,Comm,0.17794411764705884
2023-07-21,Comm,-0.002319999999999997
2023-07-24,Comm,0.09856333333333334
2023-07-25,Comm,0.049916666666666665
2023-07-26,Comm,-0.06716766666666668
2023-07-27,Comm,0.202827
2023-07-28,Comm,0.032108333333333336
2023-07-31,Comm,0.18283333333333332
2023-08-01,Comm,0.1464236931818182
2023-08-02,Comm,0.30484485714285714
2023-08-03,Comm,0.10379333333333333
2023-08-04,Comm,0.05863476190476191
2023-08-07,Comm,0.016595
2023-08-08,Comm,0.08163000000000001
2023-08-09,Comm,0.19585277777777776
2023-08-10,Comm,-0.036699166666666665
2023-08-11,Comm,-0.0229375
2023-08-14,Comm,0.1665333333333333
2023-08-15,Comm,0.09028958333333334
2023-08-16,Comm,0.05727083333333333
2023-08-17,Comm,0.14273
2023-08-18,Comm,0.06904
2023-08-21,Comm,0.1669375
2023-08-22,Comm,0.028348571428571428
2023-08-23,Comm,-0.007084999999999994
2023-08-24,Comm,0.12911574074074075
2023-08-25,Comm,0.13493555555555556
2023-08-28,Comm,-0.03360833333333334
2023-08-29,Comm,0.12119
2023-08-30,Comm,0.1874375
2023-08-31,Comm,0.10524555555555555
2023-09-01,Comm,0.11901666666666669
2023-09-05,Comm,0.023975
2023-09-06,Comm,0.40598999999999996
2023-09-07,Comm,0.14157333333333333
2023-09-08,Comm,0.09237666666666666
2023-09-11,Comm,0.1408346666666667
2023-09-12,Comm,0.008622916666666681
2023-09-13,Comm,0.046933333333333334
2023-09-14,Comm,0.02595625
2023-09-15,Comm,0.17886666666666665
2023-09-18,Comm,-0.025595833333333325
2023-09-19,Comm,0.11529166666666668
2023-09-20,Comm,0.1097
2023-09-21,Comm,0.19751666666666665
2023-09-22,Comm,0.039676666666666666
2023-09-25,Comm,0.02184
2023-09-26,Comm,-0.02976000000000002
2023-09-27,Comm,0.15773333333333334
2023-09-28,Comm,0.10606666666666666
2023-09-29,Comm,0.10689892857142858
2023-10-02,Comm,0.4074125
2023-10-03,Comm,0.264206
2023-10-04,Comm,0.03751666666666668
2023-10-05,Comm,0.1532547619047619
2023-10-06,Comm,0.045283333333333335
2023-10-09,Comm,0.13007500000000002
2023-10-10,Comm,0.16567333333333334
2023-10-11,Comm,0.1622075
2023-10-12,Comm,0.1162375
2023-10-13,Comm,0.08808333333333333
2023-10-16,Comm,0.015625
2023-10-17,Comm,0.020191666666666663
2023-10-18,Comm,-0.042666666666666665
2023-10-19,Comm,0.07049444444444444
2023-10-20,Comm,0.28119537037037035
2023-10-23,Comm,0.07577939393939394
2023-10-24,Comm,0.0210375
2023-10-25,Comm,0.1102468253968254
2023-10-26,Comm,0.10521004761904762
2023-10-27,Comm,0.1792505341880342
2023-10-30,Comm,-0.1456511111111111
2023-10-31,Comm,0.07349333333333333
2023-11-01,Comm,0.10324799999999998
2023-11-02,Comm,0.06275333333333334
2023-11-03,Comm,0.04729833333333333
2023-11-06,Comm,0.17583333333333337
2023-11-07,Comm,0.053104
2023-11-08,Comm,0.18705
2023-11-09,Comm,0.11595466666666668
2023-11-10,Comm,0.2809704761904762
2023-11-13,Comm,0.11834
2023-11-14,Comm,0.16025
2023-11-15,Comm,0.0
2023-11-16,Comm,0.20750000000000002
2023-11-17,Comm,0.007422222222222225
2023-11-20,Comm,0.0
2023-11-21,Comm,0.046685000000000004
2023-11-22,Comm,0.07035000000000001
2023-11-24,Comm,-0.030606666666666657
2023-11-27,Comm,0.07722666666666667
2023-11-28,Comm,0.00035416666666667276
2023-11-29,Comm,0.12607666666666664
2023-11-30,Comm,0.038913333333333334
2023-12-01,Comm,0.2383
2023-12-04,Comm,0.108025
2023-12-05,Comm,0.10443666666666666
2023-12-06,Comm,0.10700608974358976
2023-12-07,Comm,0.051855000000000005
2023-12-08,Comm,0.05658166666666666
2023-12-11,Comm,0.06278999999999998
2023-12-12,Comm,0.0893257142857143
2023-12-13,Comm,0.2326798941798942
2023-12-14,Comm,0.21792250000000002
2023-12-15,Comm,0.31698888888888893
2023-12-18,Comm,-0.012758333333333335
2023-12-19,Comm,0.23851742857142857
2023-12-20,Comm,0.0
2023-12-21,Comm,0.0
2023-12-22,Comm,0.0
2023-12-26,Comm,0.0
2023-12-27,Comm,0.0
2023-12-28,Comm,0.0
2023-12-29,Comm,0.0
2020-01-03,Consumer,-0.06894547619047618
2020-01-06,Consumer,-0.21779166666666666
2020-01-07,Consumer,0.10678931372549019
2020-01-08,Consumer,0.1472385
2020-01-09,Consumer,0.0717625
2020-01-10,Consumer,0.2834562698412698
2020-01-13,Consumer,0.004144000000000004
2020-01-14,Consumer,0.08908528571428571
2020-01-15,Consumer,0.04291
2020-01-16,Consumer,0.11932547619047619
2020-01-17,Consumer,0.22151928571428572
2020-01-21,Consumer,0.08010533333333332
2020-01-22,Consumer,0.07009310606060606
2020-01-23,Consumer,0.08442657142857143
2020-01-24,Consumer,0.12958566666666665
2020-01-27,Consumer,0.07866423076923076
2020-01-28,Consumer,0.03644111111111111
2020-01-29,Consumer,0.04826642857142858
2020-01-30,Consumer,0.009240761904761906
2020-01-31,Consumer,0.04419295238095238
2020-02-03,Consumer,0.025244949494949494
2020-02-04,Consumer,0.14832285714285715
2020-02-05,Consumer,0.1401240909090909
2020-02-06,Consumer,0.018743749999999997
2020-02-07,Consumer,0.16325416666666664
2020-02-10,Consumer,0.19973125
2020-02-11,Consumer,-0.006942857142857142
2020-02-12,Consumer,0.04548616666666667
2020-02-13,Consumer,0.05834264705882353
2020-02-14,Consumer,-0.013982245098039225
2020-02-18,Consumer,-0.05277816666666666
2020-02-19,Consumer,0.19439710317460318
2020-02-20,Consumer,0.1574477142857143
2020-02-21,Consumer,0.06387014285714285
2020-02-24,Consumer,0.08548472222222223
2020-02-25,Consumer,-0.0021578571428571445
2020-02-26,Consumer,0.16376858974358974
2020-02-27,Consumer,0.09767285714285714
2020-02-28,Consumer,0.09610866666666666
2020-03-02,Consumer,-0.08106357142857142
2020-03-03,Consumer,0.05835970085470086
2020-03-04,Consumer,0.18419
2020-03-05,Consumer,0.13762444444444444
2020-03-06,Consumer,0.07891594805194804
2020-03-09,Consumer,-0.03047081043956043
2020-03-10,Consumer,0.05611935897435898
2020-03-11,Consumer,-0.010246262626262628
2020-03-12,Consumer,-0.039951071428571426
2020-03-13,Consumer,0.04935908888888889
2020-03-16,Consumer,0.059662037037037034
2020-03-17,Consumer,-0.13602125724637681
2020-03-18,Consumer,0.05167161904761904
2020-03-19,Consumer,0.03006417027417029
2020-03-20,Consumer,0.021880500000000004
2020-03-23,Consumer,0.0462953961038961
2020-03-24,Consumer,0.05063993281228574
2020-03-25,Consumer,0.19699573260073258
2020-03-26,Consumer,0.17013257142857144
2020-03-27,Consumer,0.0860754761904762
2020-03-30,Consumer,0.04583217948717949
2020-03-31,Consumer,0.06934949122807017
2020-04-01,Consumer,-0.023837333333333356
2020-04-02,Consumer,0.1795776666666667
2020-04-03,Consumer,0.0435275
2020-04-06,Consumer,0.013900520833333336
2020-04-07,Consumer,0.19159549783549784
2020-04-08,Consumer,0.24089971717171715
2020-04-09,Consumer,-0.015135414473684213
2020-04-13,Consumer,0.16850095238095236
2020-04-14,Consumer,-0.013241254079254078
2020-04-15,Consumer,0.2220395
2020-04-16,Consumer,0.09083093939393941
2020-04-17,Consumer,0.14471721014492753
2020-04-20,Consumer,0.21409866666666666
2020-04-21,Consumer,0.0704515873015873
2020-04-22,Consumer,0.012584288288288292
2020-04-23,Consumer,0.11486129411764705
2020-04-24,Consumer,0.07355106493506494
2020-04-27,Consumer,-0.003549333333333336
2020-04-28,Consumer,0.0866328888888889
2020-04-29,Consumer,0.10912445804195804
2020-04-30,Consumer,0.10723711721611721
2020-05-01,Consumer,0.004515166666666665
2020-05-04,Consumer,0.18047183333333333
2020-05-05,Consumer,0.15703503296703297
2020-05-06,Consumer,0.14162709523809522
2020-05-07,Consumer,0.08990779411764707
2020-05-08,Consumer,0.09888166666666667
2020-05-11,Consumer,0.05555042857142858
2020-05-12,Consumer,0.10446448214285715
2020-05-13,Consumer,0.1375305
2020-05-14,Consumer,0.06519816666666667
2020-05-15,Consumer,0.129311931372549
2020-05-18,Consumer,0.07962074074074074
2020-05-19,Consumer,0.206135
2020-05-20,Consumer,-0.07248620512820514
2020-05-21,Consumer,-0.043345735294117636
2020-05-22,Consumer,0.0492329696969697
2020-05-26,Consumer,0.006037777777777771
2020-05-27,Consumer,0.18690609523809523
2020-05-28,Consumer,0.18957409090909091
2020-05-29,Consumer,0.08792483333333333
2020-06-01,Consumer,0.08072742857142859
2020-06-02,Consumer,0.08122420414673046
2020-06-03,Consumer,-0.11654666666666666
2020-06-04,Consumer,0.1979542857142857
2020-06-05,Consumer,0.20981249999999999
2020-06-08,Consumer,0.4050777777777777
2020-06-09,Consumer,0.11668516666666666
2020-06-10,Consumer,0.03386392045454546
2020-06-11,Consumer,-0.019678601307189535
2020-06-12,Consumer,0.07467677655677656
2020-06-15,Consumer,0.06211961904761905
2020-06-16,Consumer,0.00854649350649351
2020-06-17,Consumer,0.21815
2020-06-18,Consumer,0.17689083333333333
2020-06-19,Consumer,0.06908252380952382
2020-06-22,Consumer,0.00780155555555555
2020-06-23,Consumer,0.04642333333333333
2020-06-24,Consumer,0.17650266666666667
2020-06-25,Consumer,0.015461000000000003
2020-06-26,Consumer,0.0876294
2020-06-29,Consumer,0.1670535294117647
2020-06-30,Consumer,0.04655276923076923
2020-07-01,Consumer,0.057023333333333336
2020-07-02,Consumer,-0.1007424025974026
2020-07-06,Consumer,0.16190600000000002
2020-07-07,Consumer,0.0012227619047619042
2020-07-08,Consumer,0.14487181818181818
2020-07-09,Consumer,0.18475666666666668
2020-07-10,Consumer,0.08616750000000001
2020-07-13,Consumer,0.007357142857142847
2020-07-14,Consumer,0.1670077142857143
2020-07-15,Consumer,0.08158119047619047
2020-07-16,Consumer,0.12762828571428572
2020-07-17,Consumer,0.17396198412698413
2020-07-20,Consumer,0.09583222222222224
2020-07-21,Consumer,0.06023041125541125
2020-07-22,Consumer,0.21607577639751555
2020-07-23,Consumer,0.091004
2020-07-24,Consumer,0.04886429487179488
2020-07-27,Consumer,-0.008540833333333333
2020-07-28,Consumer,0.11259861111111111
2020-07-29,Consumer,0.09230752380952381
2020-07-30,Consumer,0.04226472222222223
2020-07-31,Consumer,0.10741133333333334
2020-08-03,Consumer,0.029280285714285714
2020-08-04,Consumer,0.050337607843137254
2020-08-05,Consumer,0.20537616161616162
2020-08-06,Consumer,0.020249411764705884
2020-08-07,Consumer,0.060406
2020-08-10,Consumer,0.14675666666666665
2020-08-11,Consumer,0.09989385281385281
2020-08-12,Consumer,0.06640854166666668
2020-08-13,Consumer,0.00948645833333333
2020-08-14,Consumer,0.05342166666666666
2020-08-17,Consumer,0.058534375
2020-08-18,Consumer,0.18120333333333336
2020-08-19,Consumer,0.08419410714285715
2020-08-20,Consumer,0.15142939393939395
2020-08-21,Consumer,0.072577
2020-08-24,Consumer,0.23626966666666668
2020-08-25,Consumer,0.07899285714285714
2020-08-26,Consumer,0.14037083333333333
2020-08-27,Consumer,0.08245238095238094
2020-08-28,Consumer,-0.02580105263157894
2020-08-31,Consumer,0.03281965811965811
2020-09-01,Consumer,0.03242941176470589
2020-09-02,Consumer,0.10565595238095238
2020-09-03,Consumer,0.2
2020-09-04,Consumer,0.21571607142857144
2020-09-08,Consumer,0.052898
2020-09-09,Consumer,0.10680690909090909
2020-09-10,Consumer,0.1361318181818182
2020-09-11,Consumer,0.213934375
2020-09-14,Consumer,0.12886458333333334
2020-09-15,Consumer,0.06580914285714287
2020-09-16,Consumer,0.1706672619047619
2020-09-17,Consumer,0.14793611111111113
2020-09-18,Consumer,0.27589541666666667
2020-09-21,Consumer,0.002136298701298711
2020-09-22,Consumer,0.11099733333333334
2020-09-23,Consumer,0.18445739316239315
2020-09-24,Consumer,0.11866083333333334
2020-09-25,Consumer,0.08161488095238095
2020-09-28,Consumer,0.02822916666666666
2020-09-29,Consumer,0.06900727272727274
2020-09-30,Consumer,0.21098349206349204
2020-10-01,Consumer,0.22516666666666665
2020-10-02,Consumer,0.09567333333333333
2020-10-05,Consumer,0.08105238095238096
2020-10-06,Consumer,0.12436752380952383
2020-10-07,Consumer,0.17313444444444442
2020-10-08,Consumer,0.07307357142857143
2020-10-09,Consumer,0.10740821428571427
2020-10-12,Consumer,0.04635571428571428
2020-10-13,Consumer,0.27188425641025643
2020-10-14,Consumer,-0.08431622807017544
2020-10-15,Consumer,0.158640625
2020-10-16,Consumer,0.05007136363636363
2020-10-19,Consumer,0.28934166666666666
2020-10-20,Consumer,0.24128
2020-10-21,Consumer,0.22990625
2020-10-22,Consumer,0.2267122619047619
2020-10-23,Consumer,0.016974727272727273
2020-10-26,Consumer,0.285165
2020-10-27,Consumer,0.05901955555555556
2020-10-28,Consumer,0.06558499999999999
2020-10-29,Consumer,0.08780750000000001
2020-10-30,Consumer,0.04581916666666666
2020-11-02,Consumer,0.17318155555555556
2020-11-03,Consumer,0.09203722222222223
2020-11-04,Consumer,0.14961866666666665
2020-11-05,Consumer,0.04240190476190476
2020-11-06,Consumer,0.15840928571428572
2020-11-09,Consumer,0.05510857142857143
2020-11-10,Consumer,0.03587714285714285
2020-11-11,Consumer,0.12225611111111111
2020-11-12,Consumer,0.11122833333333335
2020-11-13,Consumer,0.10528225108225107
2020-11-16,Consumer,0.2118008281573499
2020-11-17,Consumer,0.18227977777777776
2020-11-18,Consumer,0.2666457894736842
2020-11-19,Consumer,0.1346277777777778
2020-11-20,Consumer,-0.03740416666666666
2020-11-23,Consumer,0.1130546130952381
2020-11-24,Consumer,0.17166674725274725
2020-11-25,Consumer,0.04016875
2020-11-27,Consumer,0.19735833333333333
2020-11-30,Consumer,0.11065
2020-12-01,Consumer,0.14
2020-12-02,Consumer,0.24098333333333333
2020-12-03,Consumer,0.015388222222222225
2020-12-04,Consumer,0.1222375
2020-12-07,Consumer,0.09833333333333333
2020-12-08,Consumer,0.09896714285714285
2020-12-09,Consumer,0.06071333333333334
2020-12-10,Consumer,-0.0017501515151515205
2020-12-11,Consumer,0.21859968253968254
2020-12-14,Consumer,0.14347326315789474
2020-12-15,Consumer,0.04732166666666667
2020-12-16,Consumer,0.18401190476190477
2020-12-17,Consumer,0.27887399999999996
2020-12-18,Consumer,0.17273999999999998
2020-12-21,Consumer,0.2572413333333333
2020-12-22,Consumer,0.12752141125541125
2020-12-23,Consumer,0.086088
2020-12-24,Consumer,0.13125683333333332
2020-12-28,Consumer,0.24358892857142858
2020-12-29,Consumer,0.24526172727272727
2020-12-30,Consumer,0.16010577777777776
2020-12-31,Consumer,0.444525
2021-01-04,Consumer,0.3254826666666667
2021-01-05,Consumer,0.10702622222222222
2021-01-06,Consumer,0.09015666666666668
2021-01-07,Consumer,0.06937000000000001
2021-01-08,Consumer,0.107911
2021-01-11,Consumer,0.208589
2021-01-12,Consumer,0.14755666666666667
2021-01-13,Consumer,0.14030083333333335
2021-01-14,Consumer,0.15214999999999998
2021-01-15,Consumer,0.06798
2021-01-19,Consumer,0.15279666666666666
2021-01-20,Consumer,0.0835878787878788
2021-01-21,Consumer,-0.06799750000000002
2021-01-22,Consumer,-0.06347125
2021-01-25,Consumer,0.033896875
2021-01-26,Consumer,0.05452
2021-01-27,Consumer,0.11258138888888888
2021-01-28,Consumer,0.024555357142857143
2021-01-29,Consumer,0.1124907619047619
2021-02-01,Consumer,0.15471041666666668
2021-02-02,Consumer,0.07755583333333334
2021-02-03,Consumer,0.19279333333333332
2021-02-04,Consumer,-0.020663888888888888
2021-02-05,Consumer,0.2132893333333333
2021-02-08,Consumer,-0.14214833333333332
2021-02-09,Consumer,0.09790980952380952
2021-02-10,Consumer,0.05041428571428571
2021-02-11,Consumer,0.12102738095238096
2021-02-12,Consumer,0.09395555555555557
2021-02-16,Consumer,0.043276999999999996
2021-02-17,Consumer,0.06202557142857144
2021-02-18,Consumer,0.10958166666666666
2021-02-19,Consumer,0.1916569523809524
2021-02-22,Consumer,0.1648388888888889
2021-02-23,Consumer,0.0742825
2021-02-24,Consumer,0.11324107142857143
2021-02-25,Consumer,0.047046875
2021-02-26,Consumer,0.12287166666666667
2021-03-01,Consumer,0.1821105
2021-03-02,Consumer,0.22644791666666667
2021-03-03,Consumer,0.0463125
2021-03-04,Consumer,0.029797619047619052
2021-03-05,Consumer,-0.10224602272727272
2021-03-08,Consumer,0.20877083333333335
2021-03-09,Consumer,0.13167291666666667
2021-03-10,Consumer,0.12263166666666668
2021-03-11,Consumer,0.15128748051948052
2021-03-12,Consumer,0.08439571428571428
2021-03-15,Consumer,0.14918285714285714
2021-03-16,Consumer,0.2340242857142857
2021-03-17,Consumer,0.1937245
2021-03-18,Consumer,0.09070249999999999
2021-03-19,Consumer,0.12857933333333332
2021-03-22,Consumer,0.05442238095238096
2021-03-23,Consumer,0.087212
2021-03-24,Consumer,0.271785
2021-03-25,Consumer,0.2162814393939394
2021-03-26,Consumer,0.08411571428571428
2021-03-29,Consumer,-0.031634226190476185
2021-03-30,Consumer,0.2614518831168831
2021-03-31,Consumer,0.105048
2021-04-01,Consumer,0.125685
2021-04-05,Consumer,0.023636666666666667
2021-04-06,Consumer,0.14930333333333332
2021-04-07,Consumer,0.14020749999999998
2021-04-08,Consumer,-0.07609066666666667
2021-04-09,Consumer,0.29276928571428573
2021-04-12,Consumer,0.18512142857142858
2021-04-13,Consumer,0.17996428571428572
2021-04-14,Consumer,0.14032833333333333
2021-04-15,Consumer,-0.008063333333333329
2021-04-16,Consumer,-0.01665071428571429
2021-04-19,Consumer,0.194296875
2021-04-20,Consumer,0.06033042483660132
2021-04-21,Consumer,0.021135952380952387
2021-04-22,Consumer,0.08473666666666667
2021-04-23,Consumer,0.23932291666666666
2021-04-26,Consumer,0.11434333333333332
2021-04-27,Consumer,0.1408921568627451
2021-04-28,Consumer,0.032139999999999995
2021-04-29,Consumer,0.15206150000000002
2021-04-30,Consumer,0.10295583333333333
2021-05-03,Consumer,0.10300833333333333
2021-05-04,Consumer,0.07941866666666667
2021-05-05,Consumer,0.15207729166666667
2021-05-06,Consumer,0.026338888888888887
2021-05-07,Consumer,0.13727833333333334
2021-05-10,Consumer,-0.10198333333333333
2021-05-11,Consumer,0.09880000000000001
2021-05-12,Consumer,0.03266299999999999
2021-05-13,Consumer,0.011312500000000003
2021-05-14,Consumer,0.3798066666666666
2021-05-17,Consumer,-0.03184923007246376
2021-05-18,Consumer,0.03237577399380805
2021-05-19,Consumer,0.145559375
2021-05-20,Consumer,0.07002933333333333
2021-05-21,Consumer,0.2060375
2021-05-24,Consumer,0.11849523809523808
2021-05-25,Consumer,0.1670268888888889
2021-05-26,Consumer,0.17060486111111112
2021-05-27,Consumer,0.09883598484848485
2021-05-28,Consumer,0.22668250000000004
2021-06-01,Consumer,0.34120666666666666
2021-06-02,Consumer,0.26591628205128204
2021-06-03,Consumer,0.15471809523809524
2021-06-04,Consumer,0.20841000000000004
2021-06-07,Consumer,0.11211533333333334
2021-06-08,Consumer,0.08687416666666667
2021-06-09,Consumer,0.07043583333333334
2021-06-10,Consumer,0.12109999999999999
2021-06-11,Consumer,0.061589500000000005
2021-06-14,Consumer,0.026685000000000004
2021-06-15,Consumer,0.15620126984126986
2021-06-16,Consumer,0.23953083333333333
2021-06-17,Consumer,0.09042457142857144
2021-06-18,Consumer,0.11824166666666668
2021-06-21,Consumer,0.268815
2021-06-22,Consumer,0.030614325396825393
2021-06-23,Consumer,-0.002868999999999999
2021-06-24,Consumer,0.13532316666666666
2021-06-25,Consumer,0.1748625
2021-06-28,Consumer,0.05823883333333333
2021-06-29,Consumer,0.08975714285714284
2021-06-30,Consumer,-0.024838571428571425
2021-07-01,Consumer,-0.027970238095238083
2021-07-02,Consumer,0.102725
2021-07-06,Consumer,0.22595
2021-07-07,Consumer,0.12166666666666666
2021-07-08,Consumer,0.1907725
2021-07-09,Consumer,0.0016099999999999893
2021-07-12,Consumer,0.09102
2021-07-13,Consumer,0.09840222222222222
2021-07-14,Consumer,0.16199416666666666
2021-07-15,Consumer,0.052529000000000006
2021-07-16,Consumer,0.04116083333333333
2021-07-19,Consumer,0.15410555555555558
2021-07-20,Consumer,0.017716363636363638
2021-07-21,Consumer,0.14270500000000003
2021-07-22,Consumer,0.10402625000000001
2021-07-23,Consumer,0.04968
2021-07-26,Consumer,0.14002124999999999
2021-07-27,Consumer,0.08079625000000001
2021-07-28,Consumer,0.13664583333333333
2021-07-29,Consumer,0.2084083333333333
2021-07-30,Consumer,0.1990632380952381
2021-08-02,Consumer,0.041459523809523814
2021-08-03,Consumer,0.27209696969696967
2021-08-04,Consumer,0.09278214285714285
2021-08-05,Consumer,0.0388875
2021-08-06,Consumer,0.26166500000000004
2021-08-09,Consumer,0.14290000000000003
2021-08-10,Consumer,0.12404181818181818
2021-08-11,Consumer,0.045175
2021-08-12,Consumer,0.0622875
2021-08-13,Consumer,0.06666250000000001
2021-08-16,Consumer,0.30790592105263154
2021-08-17,Consumer,0.06066973684210526
2021-08-18,Consumer,0.06253759259259259
2021-08-19,Consumer,0.08743937500000001
2021-08-20,Consumer,0.16972777777777778
2021-08-23,Consumer,0.175735
2021-08-24,Consumer,0.031409285714285716
2021-08-25,Consumer,0.023832142857142857
2021-08-26,Consumer,0.15511708333333332
2021-08-27,Consumer,0.12436050000000001
2021-08-30,Consumer,0.09698787878787878
2021-08-31,Consumer,0.15870595238095236
2021-09-01,Consumer,0.06124047619047619
2021-09-02,Consumer,0.24788095238095237
2021-09-03,Consumer,-0.014074166666666672
2021-09-07,Consumer,0.25585833333333335
2021-09-08,Consumer,0.19995857142857143
2021-09-09,Consumer,0.103635
2021-09-10,Consumer,0.06483666666666667
2021-09-13,Consumer,0.18865250000000003
2021-09-14,Consumer,0.1336848051948052
2021-09-15,Consumer,0.15592833333333334
2021-09-16,Consumer,0.02382
2021-09-17,Consumer,-0.022213999999999994
2021-09-20,Consumer,0.25651666666666667
2021-09-21,Consumer,0.1654626153846154
2021-09-22,Consumer,0.11219888888888888
2021-09-23,Consumer,0.24298333333333333
2021-09-24,Consumer,0.22173380952380956
2021-09-27,Consumer,0.033061562499999995
2021-09-28,Consumer,0.1272409523809524
2021-09-29,Consumer,0.10505333333333333
2021-09-30,Consumer,0.23533625000000002
2021-10-01,Consumer,0.08550666666666666
2021-10-04,Consumer,0.19064952380952382
2021-10-05,Consumer,0.18449090476190477
2021-10-06,Consumer,-0.021574666666666666
2021-10-07,Consumer,0.166974
2021-10-08,Consumer,0.026787500000000006
2021-10-11,Consumer,0.09568749999999998
2021-10-12,Consumer,0.10502971861471862
2021-10-13,Consumer,0.217661875
2021-10-14,Consumer,0.0801525
2021-10-15,Consumer,0.2595877976190476
2021-10-18,Consumer,0.43391111111111114
2021-10-19,Consumer,0.06883617424242423
2021-10-20,Consumer,0.044297395833333336
2021-10-21,Consumer,0.228825
2021-10-22,Consumer,0.0039270000000000025
2021-10-25,Consumer,0.08992666666666668
2021-10-26,Consumer,0.11121433333333333
2021-10-27,Consumer,0.023364
2021-10-28,Consumer,0.20314083333333333
2021-10-29,Consumer,-0.0008145833333333338
2021-11-01,Consumer,0.07475479166666667
2021-11-02,Consumer,0.10802833333333335
2021-11-03,Consumer,0.18696400000000002
2021-11-04,Consumer,0.17677380952380953
2021-11-05,Consumer,0.10844666666666666
2021-11-08,Consumer,0.27509
2021-11-09,Consumer,0.09303066666666666
2021-11-10,Consumer,0.12772499999999998
2021-11-11,Consumer,0.13460717948717948
2021-11-12,Consumer,0.030333600000000006
2021-11-15,Consumer,-0.015451428571428566
2021-11-16,Consumer,-0.02384780701754386
2021-11-17,Consumer,0.14176942934782608
2021-11-18,Consumer,0.2867257142857143
2021-11-19,Consumer,0.13585857142857144
2021-11-22,Consumer,0.086488
2021-11-23,Consumer,0.11859752380952382
2021-11-24,Consumer,0.15613958333333333
2021-11-26,Consumer,0.06698333333333333
2021-11-29,Consumer,0.27336733333333335
2021-11-30,Consumer,0.04122575757575757
2021-12-01,Consumer,0.23822583333333333
2021-12-02,Consumer,-0.080848
2021-12-03,Consumer,0.20355446428571428
2021-12-06,Consumer,0.25743142857142853
2021-12-07,Consumer,0.07901809523809526
2021-12-08,Consumer,-0.027633333333333343
2021-12-09,Consumer,0.04672916666666667
2021-12-10,Consumer,0.119395
2021-12-13,Consumer,0.026437499999999996
2021-12-14,Consumer,0.05103
2021-12-15,Consumer,0.10391733333333333
2021-12-16,Consumer,0.30734500000000003
2021-12-17,Consumer,0.3029625
2021-12-20,Consumer,0.10430390476190476
2021-12-21,Consumer,0.12491312217194572
2021-12-22,Consumer,0.11262368421052632
2021-12-23,Consumer,0.020054166666666675
2021-12-27,Consumer,0.0744225
2021-12-28,Consumer,0.060158333333333314
2021-12-29,Consumer,0.10820125
2021-12-30,Consumer,0.07973645833333333
2021-12-31,Consumer,0.07742833333333334
2022-01-03,Consumer,0.05556333333333334
2022-01-04,Consumer,0.0528665
2022-01-05,Consumer,0.0
2022-01-06,Consumer,0.05369055555555556
2022-01-07,Consumer,0.15405466666666667
2022-01-10,Consumer,0.007654999999999995
2022-01-11,Consumer,0.08441433333333333
2022-01-12,Consumer,0.13477333333333336
2022-01-13,Consumer,0.11597333333333334
2022-01-14,Consumer,0.255645
2022-01-18,Consumer,-0.0298825
2022-01-19,Consumer,0.032895820512820514
2022-01-20,Consumer,0.064398
2022-01-21,Consumer,0.10373746031746034
2022-01-24,Consumer,0.17677039215686274
2022-01-25,Consumer,0.08680333333333333
2022-01-26,Consumer,0.07974366666666666
2022-01-27,Consumer,0.11051176470588235
2022-01-28,Consumer,0.01929738095238095
2022-01-31,Consumer,0.0005099999999999994
2022-02-01,Consumer,0.13369066666666668
2022-02-02,Consumer,-0.07741499999999998
2022-02-03,Consumer,-0.04913452380952379
2022-02-04,Consumer,0.2271516666666667
2022-02-07,Consumer,0.08700666666666665
2022-02-08,Consumer,0.07478772727272727
2022-02-09,Consumer,0.15476884848484848
2022-02-10,Consumer,0.07301061904761905
2022-02-11,Consumer,0.14308610559006213
2022-02-14,Consumer,-0.003965000000000003
2022-02-15,Consumer,0.10104091269841271
2022-02-16,Consumer,0.1757313888888889
2022-02-17,Consumer,0.16758466666666666
2022-02-18,Consumer,0.049109275362318836
2022-02-22,Consumer,0.02026083333333334
2022-02-23,Consumer,0.10521680952380952
2022-02-24,Consumer,-0.010833333333333316
2022-02-25,Consumer,0.013923333333333334
2022-02-28,Consumer,0.09116333333333332
2022-03-01,Consumer,0.18484591208791207
2022-03-02,Consumer,0.011299285714285715
2022-03-03,Consumer,0.1420520634920635
2022-03-04,Consumer,0.07471171428571428
2022-03-07,Consumer,0.07359085714285715
2022-03-08,Consumer,0.1106945238095238
2022-03-09,Consumer,0.17687952380952382
2022-03-10,Consumer,0.041648214285714295
2022-03-11,Consumer,0.07316199999999999
2022-03-14,Consumer,0.07675266666666666
2022-03-15,Consumer,0.060792857142857135
2022-03-16,Consumer,0.14180444444444446
2022-03-17,Consumer,0.08664166666666666
2022-03-18,Consumer,0.01987111111111111
2022-03-21,Consumer,0.11450876190476192
2022-03-22,Consumer,0.30715233333333336
2022-03-23,Consumer,0.15524583333333336
2022-03-24,Consumer,0.13150937499999998
2022-03-25,Consumer,-0.04295523809523809
2022-03-28,Consumer,0.11713083333333334
2022-03-29,Consumer,0.1520642261904762
2022-03-30,Consumer,0.10560083333333334
2022-03-31,Consumer,0.1481047619047619
2022-04-01,Consumer,0.051818333333333334
2022-04-04,Consumer,0.02364095238095238
2022-04-05,Consumer,0.08438292016806723
2022-04-06,Consumer,0.08657761904761904
2022-04-07,Consumer,0.07396133333333335
2022-04-08,Consumer,0.014387444444444447
2022-04-11,Consumer,0.14961166666666664
2022-04-12,Consumer,0.1837059285714286
2022-04-13,Consumer,0.09016190476190478
2022-04-14,Consumer,0.012541999999999998
2022-04-18,Consumer,0.10697214285714285
2022-04-19,Consumer,0.180084
2022-04-20,Consumer,0.10732969047619045
2022-04-21,Consumer,-0.014678333333333324
2022-04-22,Consumer,0.14994066666666667
2022-04-25,Consumer,0.15205190476190475
2022-04-26,Consumer,0.07431406666666666
2022-04-27,Consumer,0.07064000000000001
2022-04-28,Consumer,0.05156588888888889
2022-04-29,Consumer,0.17100166666666666
2022-05-02,Consumer,0.08041375324675323
2022-05-03,Consumer,0.11714738095238095
2022-05-04,Consumer,0.11965
2022-05-05,Consumer,0.0771423188405797
2022-05-06,Consumer,-0.09383695238095237
2022-05-09,Consumer,0.035270571428571436
2022-05-10,Consumer,0.12882402597402595
2022-05-11,Consumer,0.09924055555555555
2022-05-12,Consumer,-0.023896
2022-05-13,Consumer,0.05801480392156864
2022-05-16,Consumer,0.06429476190476191
2022-05-17,Consumer,0.019957333333333334
2022-05-18,Consumer,0.09659656862745097
2022-05-19,Consumer,0.01716661290322581
2022-05-20,Consumer,0.15134
2022-05-23,Consumer,0.13630524844720496
2022-05-24,Consumer,0.06651283540372671
2022-05-25,Consumer,0.19893866666666668
2022-05-26,Consumer,0.02367504761904763
2022-05-27,Consumer,0.09165325
2022-05-31,Consumer,0.11223100000000001
2022-06-01,Consumer,0.13059444444444446
2022-06-02,Consumer,-0.05751166666666666
2022-06-03,Consumer,0.17414066666666667
2022-06-06,Consumer,0.03630208333333333
2022-06-07,Consumer,0.10988083333333333
2022-06-08,Consumer,0.17995916666666667
2022-06-09,Consumer,0.17570000000000002
2022-06-10,Consumer,0.004124714285714287
2022-06-13,Consumer,0.07040472727272726
2022-06-14,Consumer,0.11722030303030304
2022-06-15,Consumer,0.09382946428571429
2022-06-16,Consumer,-0.09682500000000001
2022-06-17,Consumer,0.08174111111111113
2022-06-21,Consumer,0.14481
2022-06-22,Consumer,0.03636007575757576
2022-06-23,Consumer,0.15841818181818182
2022-06-24,Consumer,0.1562095
2022-06-27,Consumer,0.022115000000000003
2022-06-28,Consumer,0.11678599999999999
2022-06-29,Consumer,0.13665487719298247
2022-06-30,Consumer,0.021086051948051958
2022-07-01,Consumer,0.11716798534798537
2022-07-05,Consumer,0.0776611607142857
2022-07-06,Consumer,0.11166799145299144
2022-07-07,Consumer,0.11930133333333333
2022-07-08,Consumer,0.010063333333333337
2022-07-11,Consumer,-0.0723725
2022-07-12,Consumer,0.09311000000000001
2022-07-13,Consumer,0.1937422077922078
2022-07-14,Consumer,0.16275714285714288
2022-07-15,Consumer,0.176815
2022-07-18,Consumer,0.05306621212121212
2022-07-19,Consumer,0.14950528571428573
2022-07-20,Consumer,0.10810542857142857
2022-07-21,Consumer,0.013165000000000007
2022-07-22,Consumer,0.04345619047619048
2022-07-25,Consumer,0.16752261904761903
2022-07-26,Consumer,0.09171264102564101
2022-07-27,Consumer,0.006381675362318842
2022-07-28,Consumer,0.06693700980392157
2022-07-29,Consumer,0.009316888888888894
2022-08-01,Consumer,0.13318714285714287
2022-08-02,Consumer,0.12408014285714289
2022-08-03,Consumer,0.0666237777777778
2022-08-04,Consumer,0.09748455086580085
2022-08-05,Consumer,0.07668541666666667
2022-08-08,Consumer,0.0008000000000000229
2022-08-09,Consumer,0.0893464761904762
2022-08-10,Consumer,0.08117031746031744
2022-08-11,Consumer,0.11068348484848485
2022-08-12,Consumer,0.06565648148148148
2022-08-15,Consumer,0.22668885714285714
2022-08-16,Consumer,0.0570818484848485
2022-08-17,Consumer,0.11442392857142858
2022-08-18,Consumer,0.0408883574879227
2022-08-19,Consumer,0.03643533333333334
2022-08-22,Consumer,0.03893066666666667
2022-08-23,Consumer,0.13030733333333333
2022-08-24,Consumer,0.07946685714285714
2022-08-25,Consumer,-0.046268666666666666
2022-08-26,Consumer,0.150502
2022-08-29,Consumer,0.0048238095238095245
2022-08-30,Consumer,0.12224952380952382
2022-08-31,Consumer,0.14592999999999998
2022-09-01,Consumer,0.0524675
2022-09-02,Consumer,0.168611
2022-09-06,Consumer,0.03937200000000001
2022-09-07,Consumer,0.18459799999999998
2022-09-08,Consumer,0.1686029017857143
2022-09-09,Consumer,0.07027000000000001
2022-09-12,Consumer,0.23171916666666664
2022-09-13,Consumer,0.15747616666666667
2022-09-14,Consumer,0.18866866666666665
2022-09-15,Consumer,0.19535309523809524
2022-09-16,Consumer,0.06301428571428572
2022-09-19,Consumer,0.13598533333333335
2022-09-20,Consumer,0.31008199999999997
2022-09-21,Consumer,0.027582857142857138
2022-09-22,Consumer,0.14027777777777778
2022-09-23,Consumer,0.17846171428571428
2022-09-26,Consumer,-0.04957666666666667
2022-09-27,Consumer,0.19545261904761904
2022-09-28,Consumer,0.018224999999999998
2022-09-29,Consumer,0.060516190476190466
2022-09-30,Consumer,0.12367428571428571
2022-10-03,Consumer,0.18351712121212121
2022-10-04,Consumer,0.11644590476190478
2022-10-05,Consumer,-0.011166666666666658
2022-10-06,Consumer,0.05573066666666667
2022-10-07,Consumer,0.17427222222222222
2022-10-10,Consumer,0.013233333333333337
2022-10-11,Consumer,0.13132928571428573
2022-10-12,Consumer,0.26193333333333335
2022-10-13,Consumer,0.1837997619047619
2022-10-14,Consumer,0.022599999999999988
2022-10-17,Consumer,-0.03116666666666667
2022-10-18,Consumer,0.09302980952380953
2022-10-19,Consumer,0.06945333333333334
2022-10-20,Consumer,0.169599
2022-10-21,Consumer,0.19209266666666666
2022-10-24,Consumer,0.05063333333333333
2022-10-25,Consumer,0.120034
2022-10-26,Consumer,0.05301
2022-10-27,Consumer,0.06580916666666667
2022-10-28,Consumer,0.06421416666666666
2022-10-31,Consumer,0.044164
2022-11-01,Consumer,0.06973016666666668
2022-11-02,Consumer,0.05618500000000002
2022-11-03,Consumer,0.27115433333333333
2022-11-04,Consumer,-0.002811666666666668
2022-11-07,Consumer,-0.010599999999999997
2022-11-08,Consumer,0.08283149999999999
2022-11-09,Consumer,0.03052999999999999
2022-11-10,Consumer,0.05715416666666666
2022-11-11,Consumer,-0.02396952380952381
2022-11-14,Consumer,0.1656473333333333
2022-11-15,Consumer,0.16784295900178253
2022-11-16,Consumer,0.06878066666666667
2022-11-17,Consumer,0.07187133333333333
2022-11-18,Consumer,0.3145645
2022-11-21,Consumer,-0.057420000000000006
2022-11-22,Consumer,0.2542560740740741
2022-11-23,Consumer,0.013168666666666657
2022-11-25,Consumer,0.3301688492063492
2022-11-28,Consumer,0.18268244047619048
2022-11-29,Consumer,0.05941810439560439
2022-11-30,Consumer,0.144075
2022-12-01,Consumer,0.12697999999999998
2022-12-02,Consumer,0.16009666666666666
2022-12-05,Consumer,0.15643863636363636
2022-12-06,Consumer,0.05085187301587302
2022-12-07,Consumer,0.11515
2022-12-08,Consumer,0.17124833333333334
2022-12-09,Consumer,0.10427266666666668
2022-12-12,Consumer,0.2669816666666667
2022-12-13,Consumer,0.1372908333333333
2022-12-14,Consumer,0.09141702380952381
2022-12-15,Consumer,0.11981354166666666
2022-12-16,Consumer,0.13934375
2022-12-19,Consumer,0.14439666666666667
2022-12-20,Consumer,0.14827978021978022
2022-12-21,Consumer,0.08668246753246754
2022-12-22,Consumer,-0.06510560606060607
2022-12-23,Consumer,0.05284166666666666
2022-12-27,Consumer,0.12253750000000001
2022-12-28,Consumer,0.22051240981240983
2022-12-29,Consumer,0.082875
2022-12-30,Consumer,0.1583688888888889
2023-01-03,Consumer,0.11475514285714286
2023-01-04,Consumer,0.09826857142857143
2023-01-05,Consumer,0.07606457142857143
2023-01-06,Consumer,0.23768650793650795
2023-01-09,Consumer,0.16846250000000002
2023-01-10,Consumer,0.16822440476190476
2023-01-11,Consumer,0.10989238095238094
2023-01-12,Consumer,0.03772633333333334
2023-01-13,Consumer,0.06283569230769231
2023-01-17,Consumer,0.19112266666666666
2023-01-18,Consumer,0.23867834285714284
2023-01-19,Consumer,0.17681855555555556
2023-01-20,Consumer,-0.0029958571428571417
2023-01-23,Consumer,0.013133333333333335
2023-01-24,Consumer,0.21038928571428572
2023-01-25,Consumer,0.15604383333333333
2023-01-26,Consumer,0.12261899999999999
2023-01-27,Consumer,0.11155333333333335
2023-01-30,Consumer,0.04188190476190475
2023-01-31,Consumer,0.013520000000000004
2023-02-01,Consumer,0.061749476190476195
2023-02-02,Consumer,0.1017551515151515
2023-02-03,Consumer,0.13993
2023-02-06,Consumer,0.16105171428571427
2023-02-07,Consumer,0.08302100000000001
2023-02-08,Consumer,0.15190208333333333
2023-02-09,Consumer,0.10050971428571429
2023-02-10,Consumer,0.0712151724137931
2023-02-13,Consumer,0.11233599999999999
2023-02-14,Consumer,0.13103913636363634
2023-02-15,Consumer,0.263443393939394
2023-02-16,Consumer,0.007505833333333323
2023-02-17,Consumer,0.006370666666666663
2023-02-21,Consumer,0.11788571428571429
2023-02-22,Consumer,0.11767893650793651
2023-02-23,Consumer,0.08917590476190476
2023-02-24,Consumer,0.10625000000000002
2023-02-27,Consumer,0.013912500000000003
2023-02-28,Consumer,0.07535344444444445
2023-03-01,Consumer,0.11559833333333334
2023-03-02,Consumer,0.09564033333333334
2023-03-03,Consumer,0.2024008658008658
2023-03-06,Consumer,-0.024616666666666676
2023-03-07,Consumer,-0.040311
2023-03-08,Consumer,0.16452333333333333
2023-03-09,Consumer,0.25326166666666666
2023-03-10,Consumer,0.10084
2023-03-13,Consumer,0.12061199999999998
2023-03-14,Consumer,0.053982190476190475
2023-03-15,Consumer,-0.04649666666666667
2023-03-16,Consumer,0.06556166666666667
2023-03-17,Consumer,0.029326666666666674
2023-03-20,Consumer,-0.02581300000000001
2023-03-21,Consumer,0.042434285714285716
2023-03-22,Consumer,0.17717777777777777
2023-03-23,Consumer,-0.0445123076923077
2023-03-24,Consumer,0.05046666666666668
2023-03-27,Consumer,0.157884
2023-03-28,Consumer,0.11142416666666666
2023-03-29,Consumer,0.15801928571428572
2023-03-30,Consumer,0.12297333333333334
2023-03-31,Consumer,0.11552115384615384
2023-04-03,Consumer,0.07924142857142857
2023-04-04,Consumer,0.11564195488721804
2023-04-05,Consumer,0.12417666666666667
2023-04-06,Consumer,0.09757428571428571
2023-04-10,Consumer,0.10606711111111111
2023-04-11,Consumer,0.14880703296703296
2023-04-12,Consumer,0.0599425
2023-04-13,Consumer,0.0575652380952381
2023-04-14,Consumer,-0.014880000000000008
2023-04-17,Consumer,0.124798
2023-04-18,Consumer,0.04868159663865546
2023-04-19,Consumer,-0.03344785714285714
2023-04-20,Consumer,0.10089833333333334
2023-04-21,Consumer,0.14552822222222223
2023-04-24,Consumer,0.15017619047619046
2023-04-25,Consumer,0.1776605
2023-04-26,Consumer,0.05359533333333334
2023-04-27,Consumer,0.11874577922077922
2023-04-28,Consumer,0.01228833333333334
2023-05-01,Consumer,0.22745
2023-05-02,Consumer,0.07340109523809525
2023-05-03,Consumer,0.056548
2023-05-04,Consumer,0.121328125
2023-05-05,Consumer,0.002100952380952384
2023-05-08,Consumer,0.07084933333333335
2023-05-09,Consumer,0.017195238095238104
2023-05-10,Consumer,0.14326366666666668
2023-05-11,Consumer,-0.004055282051282048
2023-05-12,Consumer,0.1618175
2023-05-15,Consumer,0.08773413636363638
2023-05-16,Consumer,0.08073769230769232
2023-05-17,Consumer,0.07171818181818182
2023-05-18,Consumer,0.03990689393939394
2023-05-19,Consumer,0.2522140972222222
2023-05-22,Consumer,0.0792261337355455
2023-05-23,Consumer,0.044529469696969706
2023-05-24,Consumer,-0.020525238095238096
2023-05-25,Consumer,0.01727333333333333
2023-05-26,Consumer,0.076675
2023-05-30,Consumer,0.08024708333333333
2023-05-31,Consumer,0.10615259740259742
2023-06-01,Consumer,0.09165928571428572
2023-06-02,Consumer,0.1343916666666667
2023-06-05,Consumer,-0.037142499999999995
2023-06-06,Consumer,0.009052641025641028
2023-06-07,Consumer,0.1613516666666667
2023-06-08,Consumer,0.12403166666666668
2023-06-09,Consumer,0.10710144444444444
2023-06-12,Consumer,0.07775714285714286
2023-06-13,Consumer,0.09070455555555557
2023-06-14,Consumer,0.08649333333333334
2023-06-15,Consumer,0.04352277777777778
2023-06-16,Consumer,0.07783428571428572
2023-06-20,Consumer,-0.009490000000000004
2023-06-21,Consumer,0.02933919047619047
2023-06-22,Consumer,0.12768600000000002
2023-06-23,Consumer,0.04313142857142858
2023-06-26,Consumer,0.04139742857142857
2023-06-27,Consumer,0.15391238095238097
2023-06-28,Consumer,0.11427333333333331
2023-06-29,Consumer,0.10723866666666668
2023-06-30,Consumer,0.0024686666666666733
2023-07-03,Consumer,0.09908491758241758
2023-07-05,Consumer,0.07753571428571429
2023-07-06,Consumer,0.093782
2023-07-07,Consumer,0.05473309523809524
2023-07-10,Consumer,0.11410333333333333
2023-07-11,Consumer,0.03842547619047619
2023-07-12,Consumer,0.1483045
2023-07-13,Consumer,0.17792113636363638
2023-07-14,Consumer,0.18474990109890108
2023-07-17,Consumer,0.16024290909090907
2023-07-18,Consumer,0.04559927272727273
2023-07-19,Consumer,0.04977095238095239
2023-07-20,Consumer,0.168018
2023-07-21,Consumer,0.08856657142857141
2023-07-24,Consumer,0.024183333333333334
2023-07-25,Consumer,0.09733621428571429
2023-07-26,Consumer,0.06537314285714285
2023-07-27,Consumer,0.1706915087719298
2023-07-28,Consumer,0.15885972222222222
2023-07-31,Consumer,0.09444642857142857
2023-08-01,Consumer,0.11187411111111109
2023-08-02,Consumer,0.118555
2023-08-03,Consumer,0.0003186904761904738
2023-08-04,Consumer,0.014076333333333335
2023-08-07,Consumer,0.07977000000000001
2023-08-08,Consumer,0.075559
2023-08-09,Consumer,0.11314619047619048
2023-08-10,Consumer,0.04983663157894737
2023-08-11,Consumer,0.06713083333333333
2023-08-14,Consumer,0.07658003418803419
2023-08-15,Consumer,0.05843190476190476
2023-08-16,Consumer,0.06022467171717172
2023-08-17,Consumer,0.11619657142857143
2023-08-18,Consumer,0.031220909090909087
2023-08-21,Consumer,-0.0013881666666666639
2023-08-22,Consumer,0.07990866666666667
2023-08-23,Consumer,0.04668309523809525
2023-08-24,Consumer,0.15126488095238097
2023-08-25,Consumer,0.06919654545454544
2023-08-28,Consumer,0.11228216666666666
2023-08-29,Consumer,0.08646838095238096
2023-08-30,Consumer,0.1811878787878788
2023-08-31,Consumer,0.10278400000000001
2023-09-01,Consumer,0.2287150476190476
2023-09-05,Consumer,0.18400166666666667
2023-09-06,Consumer,0.09994464646464647
2023-09-07,Consumer,0.04381500000000001
2023-09-08,Consumer,0.08870972222222223
2023-09-11,Consumer,0.17325027777777777
2023-09-12,Consumer,0.08220611111111112
2023-09-13,Consumer,0.07880044642857142
2023-09-14,Consumer,0.1352597222222222
2023-09-15,Consumer,0.031052380952380953
2023-09-18,Consumer,0.2730741666666667
2023-09-19,Consumer,0.08809961038961038
2023-09-20,Consumer,0.11061783333333333
2023-09-21,Consumer,-0.08202899999999999
2023-09-22,Consumer,0.03788380952380952
2023-09-25,Consumer,0.14943766666666666
2023-09-26,Consumer,0.0775480119047619
2023-09-27,Consumer,0.131094
2023-09-28,Consumer,-0.012613333333333334
2023-09-29,Consumer,0.11186050366300368
2023-10-02,Consumer,0.16852887719298246
2023-10-03,Consumer,0.14163088311688313
2023-10-04,Consumer,0.368542
2023-10-05,Consumer,0.11470916666666668
2023-10-06,Consumer,0.16242583333333332
2023-10-09,Consumer,0.06947696969696969
2023-10-10,Consumer,0.05832021428571429
2023-10-11,Consumer,0.1836093650793651
2023-10-12,Consumer,0.058203500000000005
2023-10-13,Consumer,0.09606790476190476
2023-10-16,Consumer,0.05699309523809524
2023-10-17,Consumer,0.16078211111111113
2023-10-18,Consumer,0.0683311111111111
2023-10-19,Consumer,0.09116303030303029
2023-10-20,Consumer,0.04785849206349206
2023-10-23,Consumer,0.12070833333333333
2023-10-24,Consumer,0.1480585576923077
2023-10-25,Consumer,0.07639683333333333
2023-10-26,Consumer,-0.01866833333333332
2023-10-27,Consumer,0.05937633333333333
2023-10-30,Consumer,0.11859000000000001
2023-10-31,Consumer,0.10734427350427349
2023-11-01,Consumer,0.13327566666666665
2023-11-02,Consumer,0.15182860317460317
2023-11-03,Consumer,0.1063071111111111
2023-11-06,Consumer,0.07733019047619047
2023-11-07,Consumer,0.05247298412698413
2023-11-08,Consumer,0.18668244444444443
2023-11-09,Consumer,0.019635641025641023
2023-11-10,Consumer,0.13325179824561403
2023-11-13,Consumer,0.1389518787878788
2023-11-14,Consumer,0.1575281739130435
2023-11-15,Consumer,0.08768266666666666
2023-11-16,Consumer,0.1546471794871795
2023-11-17,Consumer,0.021418857142857135
2023-11-20,Consumer,0.08490333333333333
2023-11-21,Consumer,0.042926337662337666
2023-11-22,Consumer,0.04037770833333333
2023-11-24,Consumer,0.011287272727272726
2023-11-27,Consumer,-0.06559355555555554
2023-11-28,Consumer,0.13043235714285714
2023-11-29,Consumer,0.0994195
2023-11-30,Consumer,0.0798332142857143
2023-12-01,Consumer,0.024959444444444454
2023-12-04,Consumer,0.18700535714285715
2023-12-05,Consumer,0.08154409090909091
2023-12-06,Consumer,0.13501333333333335
2023-12-07,Consumer,0.06846177777777777
2023-12-08,Consumer,0.27937333333333336
2023-12-11,Consumer,-0.015177000000000001
2023-12-12,Consumer,0.1371493145743146
2023-12-13,Consumer,0.06663666666666666
2023-12-14,Consumer,0.06228600000000001
2023-12-15,Consumer,0.07650533333333334
2023-12-18,Consumer,0.10830833333333334
2023-12-19,Consumer,0.06994533333333333
2023-12-20,Consumer,0.0
2023-12-21,Consumer,0.0
2023-12-22,Consumer,0.0
2023-12-26,Consumer,0.0
2023-12-27,Consumer,0.0
2023-12-28,Consumer,0.0
2023-12-29,Consumer,0.0
2020-01-03,Energy,0.19246166666666667
2020-01-06,Energy,-0.046189727272727285
2020-01-07,Energy,0.08543969696969697
2020-01-08,Energy,0.07934999999999999
2020-01-09,Energy,-0.018874999999999986
2020-01-10,Energy,0.10351000000000002
2020-01-13,Energy,0.07396200000000001
2020-01-14,Energy,0.13454349999999998
2020-01-15,Energy,0.2138183333333333
2020-01-16,Energy,0.08600666666666665
2020-01-17,Energy,0.17142380952380953
2020-01-21,Energy,0.14109055555555555
2020-01-22,Energy,0.13746714285714287
2020-01-23,Energy,0.11271666666666667
2020-01-24,Energy,0.06157333333333333
2020-01-27,Energy,0.18136166666666667
2020-01-28,Energy,0.04191166666666666
2020-01-29,Energy,0.24658333333333335
2020-01-30,Energy,0.013120833333333335
2020-01-31,Energy,0.1346214285714286
2020-02-03,Energy,0.07983380952380953
2020-02-04,Energy,0.05148243589743588
2020-02-05,Energy,0.1017411111111111
2020-02-06,Energy,0.504522857142857
2020-02-07,Energy,0.23407083333333334
2020-02-10,Energy,0.22275299999999998
2020-02-11,Energy,0.05099333333333335
2020-02-12,Energy,0.09527314285714285
2020-02-13,Energy,0.03376749999999999
2020-02-14,Energy,0.121615625
2020-02-18,Energy,0.113125
2020-02-19,Energy,0.14617833333333333
2020-02-20,Energy,0.24769583333333334
2020-02-21,Energy,0.285525
2020-02-24,Energy,0.07205833333333334
2020-02-25,Energy,-0.14663821428571427
2020-02-26,Energy,-0.033855
2020-02-27,Energy,0.2228217142857143
2020-02-28,Energy,0.08371033333333333
2020-03-02,Energy,0.08607138888888889
2020-03-03,Energy,0.05180625
2020-03-04,Energy,0.05448088888888889
2020-03-05,Energy,0.22001666666666667
2020-03-06,Energy,0.06623000000000001
2020-03-09,Energy,-0.0073595238095238045
2020-03-10,Energy,-0.09956684210526315
2020-03-11,Energy,0.008469864734299516
2020-03-12,Energy,0.0326160119047619
2020-03-13,Energy,0.06268815789473683
2020-03-16,Energy,0.2084266106442577
2020-03-17,Energy,0.0006908431372549013
2020-03-18,Energy,0.025996
2020-03-19,Energy,0.018742857142857148
2020-03-20,Energy,-0.058077500000000004
2020-03-23,Energy,-0.10680738461538461
2020-03-24,Energy,-0.13521555555555556
2020-03-25,Energy,0.11338933333333331
2020-03-26,Energy,0.21201111111111112
2020-03-27,Energy,0.175266
2020-03-30,Energy,0.28984471428571423
2020-03-31,Energy,0.12272133333333332
2020-04-01,Energy,0.006620833333333331
2020-04-02,Energy,-0.05197047619047618
2020-04-03,Energy,-0.044638179487179484
2020-04-06,Energy,-0.018312380952380948
2020-04-07,Energy,0.11251055555555556
2020-04-08,Energy,0.3126607142857143
2020-04-09,Energy,0.301839619047619
2020-04-13,Energy,0.1310592380952381
2020-04-14,Energy,0.12250822710622711
2020-04-15,Energy,-0.016609374999999992
2020-04-16,Energy,0.09343782051282051
2020-04-17,Energy,-0.01728035064935064
2020-04-20,Energy,-0.09465570370370371
2020-04-21,Energy,-0.1435638316080055
2020-04-22,Energy,-0.2257781904761905
2020-04-23,Energy,-0.029024999999999995
2020-04-24,Energy,0.18642186363636365
2020-04-27,Energy,0.029020089285714284
2020-04-28,Energy,-0.011834166666666665
2020-04-29,Energy,0.030415972222222216
2020-04-30,Energy,0.18179214285714285
2020-05-01,Energy,0.04404221356421357
2020-05-04,Energy,-0.12447247619047619
2020-05-05,Energy,-0.006829685314685313
2020-05-06,Energy,0.09811813131313131
2020-05-07,Energy,0.19066535714285712
2020-05-08,Energy,0.1820947619047619
2020-05-11,Energy,0.19152833333333333
2020-05-12,Energy,-0.05607011111111111
2020-05-13,Energy,0.15184466666666668
2020-05-14,Energy,-0.06230467532467533
2020-05-15,Energy,-0.07579
2020-05-18,Energy,0.1758016666666667
2020-05-19,Energy,0.13805269841269843
2020-05-20,Energy,0.195295
2020-05-21,Energy,-0.011450952380952378
2020-05-22,Energy,-0.02016
2020-05-26,Energy,-0.04422533333333334
2020-05-27,Energy,0.13259342857142858
2020-05-28,Energy,0.085504
2020-05-29,Energy,0.14303
2020-06-01,Energy,0.162725
2020-06-02,Energy,-0.0653407196969697
2020-06-03,Energy,0.16811428571428572
2020-06-04,Energy,0.42421666666666663
2020-06-05,Energy,0.08162266666666666
2020-06-08,Energy,0.07549583333333333
2020-06-09,Energy,0.32624357142857147
2020-06-10,Energy,0.168495
2020-06-11,Energy,0.37743683333333333
2020-06-12,Energy,-0.06125499999999999
2020-06-15,Energy,-0.007417999999999958
2020-06-16,Energy,0.09615518518518519
2020-06-17,Energy,0.06768437499999999
2020-06-18,Energy,-0.0005199999999999996
2020-06-19,Energy,0.019853333333333334
2020-06-22,Energy,0.31598174603174606
2020-06-23,Energy,0.22134166666666666
2020-06-24,Energy,0.1816625
2020-06-25,Energy,-0.1898207142857143
2020-06-26,Energy,0.11410380952380952
2020-06-29,Energy,0.08318888888888888
2020-06-30,Energy,0.023400000000000008
2020-07-01,Energy,0.12735583333333333
2020-07-02,Energy,0.05932916666666667
2020-07-06,Energy,0.17867757575757576
2020-07-07,Energy,0.12836380952380952
2020-07-08,Energy,-0.04622738095238096
2020-07-09,Energy,0.5859
2020-07-10,Energy,0.18226250000000002
2020-07-13,Energy,0.17794666666666667
2020-07-14,Energy,0.44849999999999995
2020-07-15,Energy,-0.0258
2020-07-16,Energy,-0.13835833333333333
2020-07-17,Energy,0.1645
2020-07-20,Energy,-0.019125000000000007
2020-07-21,Energy,0.08381055555555557
2020-07-22,Energy,0.24793843711843713
2020-07-23,Energy,0.158025
2020-07-24,Energy,0.027800000000000005
2020-07-27,Energy,0.21811153846153847
2020-07-28,Energy,0.03866
2020-07-29,Energy,0.2023
2020-07-30,Energy,0.3002125
2020-07-31,Energy,0.058042666666666666
2020-08-03,Energy,-0.027899523809523808
2020-08-04,Energy,0.10191750000000002
2020-08-05,Energy,-0.014212499999999996
2020-08-06,Energy,0.15685833333333332
2020-08-07,Energy,0.19343333333333332
2020-08-10,Energy,0.04856888888888889
2020-08-11,Energy,0.19686977777777778
2020-08-12,Energy,0.2246669642857143
2020-08-13,Energy,0.16271333333333332
2020-08-14,Energy,0.1366
2020-08-17,Energy,0.29510833333333336
2020-08-18,Energy,-0.0774
2020-08-19,Energy,0.014091666666666662
2020-08-20,Energy,0.08835555555555556
2020-08-21,Energy,0.05986999999999999
2020-08-24,Energy,0.11383333333333334
2020-08-25,Energy,0.1332925925925926
2020-08-26,Energy,0.011683333333333335
2020-08-27,Energy,0.19125238095238095
2020-08-28,Energy,0.02362514285714285
2020-08-31,Energy,0.003908333333333333
2020-09-01,Energy,-0.007902857142857139
2020-09-02,Energy,0.04569999999999999
2020-09-03,Energy,-0.0921
2020-09-04,Energy,0.17512666666666665
2020-09-08,Energy,0.03389375
2020-09-09,Energy,-0.1019097142857143
2020-09-10,Energy,0.2294
2020-09-11,Energy,0.1366
2020-09-14,Energy,0.11800000000000001
2020-09-15,Energy,-0.06573392857142857
2020-09-16,Energy,-0.2610166666666667
2020-09-17,Energy,0.18400416666666666
2020-09-18,Energy,0.23710833333333334
2020-09-21,Energy,0.12377500000000001
2020-09-22,Energy,-0.08015555555555558
2020-09-23,Energy,0.4325666666666666
2020-09-24,Energy,0.09602500000000003
2020-09-25,Energy,0.19579583333333334
2020-09-28,Energy,0.0411875
2020-09-29,Energy,0.16526666666666667
2020-09-30,Energy,0.25221
2020-10-01,Energy,0.013961111111111113
2020-10-02,Energy,0.06487111111111112
2020-10-05,Energy,0.27778184523809524
2020-10-06,Energy,0.16151645833333333
2020-10-07,Energy,-0.015250000000000001
2020-10-08,Energy,0.05786000000000001
2020-10-09,Energy,0.25436031746031745
2020-10-12,Energy,0.0
2020-10-13,Energy,0.22340937500000002
2020-10-14,Energy,-0.1591
2020-10-15,Energy,0.045533333333333335
2020-10-16,Energy,0.3333625
2020-10-19,Energy,-0.03196458333333333
2020-10-20,Energy,0.023918969696969702
2020-10-21,Energy,0.18765555555555555
2020-10-22,Energy,-0.030614999999999983
2020-10-23,Energy,0.2000638888888889
2020-10-26,Energy,0.25895833333333335
2020-10-27,Energy,0.06980433333333333
2020-10-28,Energy,-0.000844444444444444
2020-10-29,Energy,0.058988571428571425
2020-10-30,Energy,-0.24387321428571426
2020-11-02,Energy,0.042110833333333327
2020-11-03,Energy,-0.08184083333333333
2020-11-04,Energy,0.21637499999999998
2020-11-05,Energy,0.11541749999999999
2020-11-06,Energy,0.04858666666666666
2020-11-09,Energy,0.134475
2020-11-10,Energy,0.16904728205128206
2020-11-11,Energy,0.026431000000000017
2020-11-12,Energy,0.29773333333333335
2020-11-13,Energy,0.3424666666666667
2020-11-16,Energy,0.27973333333333333
2020-11-17,Energy,0.261840625
2020-11-18,Energy,0.0
2020-11-19,Energy,0.09908888888888889
2020-11-20,Energy,0.20095
2020-11-23,Energy,0.0
2020-11-24,Energy,-0.030297321428571437
2020-11-25,Energy,-0.14315
2020-11-27,Energy,0.153265625
2020-11-30,Energy,0.14935625000000002
2020-12-01,Energy,0.2151790476190476
2020-12-02,Energy,0.10927
2020-12-03,Energy,0.18616416666666666
2020-12-04,Energy,0.021483333333333337
2020-12-07,Energy,0.003914126984126978
2020-12-08,Energy,0.1004061111111111
2020-12-09,Energy,0.09189166666666666
2020-12-10,Energy,0.06654666666666667
2020-12-11,Energy,0.346355
2020-12-14,Energy,-0.233304
2020-12-15,Energy,0.09768750000000001
2020-12-16,Energy,0.33522222222222225
2020-12-17,Energy,0.02231666666666668
2020-12-18,Energy,0.11717999999999999
2020-12-21,Energy,0.06116666666666667
2020-12-22,Energy,0.13405733333333333
2020-12-23,Energy,-0.018831999999999995
2020-12-24,Energy,0.1589
2020-12-28,Energy,0.07594444444444444
2020-12-29,Energy,0.06247499999999999
2020-12-30,Energy,0.143175
2020-12-31,Energy,0.04303333333333334
2021-01-04,Energy,0.058391666666666675
2021-01-05,Energy,0.08294791666666666
2021-01-06,Energy,0.12317666666666667
2021-01-07,Energy,-0.019253333333333334
2021-01-08,Energy,0.09145555555555555
2021-01-11,Energy,0.11677589285714286
2021-01-12,Energy,0.12099
2021-01-13,Energy,-0.015189166666666656
2021-01-14,Energy,0.06973750000000001
2021-01-15,Energy,0.063925
2021-01-19,Energy,0.20217884615384615
2021-01-20,Energy,0.19628333333333334
2021-01-21,Energy,-0.09545
2021-01-22,Energy,-0.23058499999999998
2021-01-25,Energy,0.0399575
2021-01-26,Energy,0.19573333333333334
2021-01-27,Energy,0.37005999999999994
2021-01-28,Energy,0.2073222222222222
2021-01-29,Energy,0.09937291666666666
2021-02-01,Energy,-0.33050277777777776
2021-02-02,Energy,0.09943151515151516
2021-02-03,Energy,-0.003239766081871339
2021-02-04,Energy,0.021288333333333336
2021-02-05,Energy,0.1618
2021-02-08,Energy,0.04620166666666668
2021-02-09,Energy,0.11955750000000001
2021-02-10,Energy,0.07955
2021-02-11,Energy,-0.19583333333333333
2021-02-12,Energy,0.054193750000000006
2021-02-16,Energy,0.019594666666666673
2021-02-17,Energy,0.12436562500000001
2021-02-18,Energy,-0.05507545454545455
2021-02-19,Energy,0.19467777777777776
2021-02-22,Energy,0.32935
2021-02-23,Energy,0.15064236111111112
2021-02-24,Energy,0.2972541666666667
2021-02-25,Energy,-0.025846333333333325
2021-02-26,Energy,0.1323375
2021-03-01,Energy,0.022766666666666668
2021-03-02,Energy,0.2517376666666667
2021-03-03,Energy,-0.13297666666666666
2021-03-04,Energy,0.011222727272727268
2021-03-05,Energy,0.10244499999999998
2021-03-08,Energy,0.11253333333333333
2021-03-09,Energy,0.13008583333333334
2021-03-10,Energy,-0.17275396825396827
2021-03-11,Energy,0.1391875
2021-03-12,Energy,0.29270555555555555
2021-03-15,Energy,0.4767
2021-03-16,Energy,0.11092916666666666
2021-03-17,Energy,-0.14980833333333332
2021-03-18,Energy,0.017116666666666665
2021-03-19,Energy,-0.048166666666666684
2021-03-22,Energy,0.27920000000000006
2021-03-23,Energy,0.008466666666666671
2021-03-24,Energy,-0.12369277777777779
2021-03-25,Energy,-0.017446666666666666
2021-03-26,Energy,0.17644166666666666
2021-03-29,Energy,0.33000388888888893
2021-03-30,Energy,0.17095
2021-03-31,Energy,0.33471666666666666
2021-04-01,Energy,0.20995416666666666
2021-04-05,Energy,-0.2929
2021-04-06,Energy,0.08060500000000001
2021-04-07,Energy,0.03312999999999999
2021-04-08,Energy,-0.06846666666666666
2021-04-09,Energy,0.07392
2021-04-12,Energy,-0.18888749999999999
2021-04-13,Energy,0.370425
2021-04-14,Energy,0.24647777777777777
2021-04-15,Energy,0.07579166666666667
2021-04-16,Energy,0.0017400000000000083
2021-04-19,Energy,0.10589166666666666
2021-04-20,Energy,0.067475
2021-04-21,Energy,0.2569666666666667
2021-04-22,Energy,0.035818749999999996
2021-04-23,Energy,0.0352
2021-04-26,Energy,-0.047299999999999995
2021-04-27,Energy,-0.015539999999999993
2021-04-28,Energy,0.06577777777777777
2021-04-29,Energy,0.3133766666666667
2021-04-30,Energy,0.2006555555555555
2021-05-03,Energy,0.20397500000000002
2021-05-04,Energy,0.11941875
2021-05-05,Energy,0.06939119047619048
2021-05-06,Energy,0.08428749999999999
2021-05-07,Energy,0.2504125
2021-05-10,Energy,-0.0937625
2021-05-11,Energy,0.11302133333333333
2021-05-12,Energy,-0.053465000000000006
2021-05-13,Energy,0.11035833333333334
2021-05-14,Energy,0.0
2021-05-17,Energy,-0.02838888888888889
2021-05-18,Energy,0.22931916666666666
2021-05-19,Energy,-0.0294375
2021-05-20,Energy,-0.11921249999999999
2021-05-21,Energy,0.10115
2021-05-24,Energy,0.0373625
2021-05-25,Energy,0.11589333333333333
2021-05-26,Energy,0.1691784722222222
2021-05-27,Energy,0.309022
2021-05-28,Energy,0.1108022222222222
2021-06-01,Energy,-0.032290000000000006
2021-06-02,Energy,0.08505438095238096
2021-06-03,Energy,0.171605
2021-06-04,Energy,0.22661000000000003
2021-06-07,Energy,0.0
2021-06-08,Energy,-0.2298
2021-06-09,Energy,0.23466666666666666
2021-06-10,Energy,0.156265
2021-06-11,Energy,0.12267000000000002
2021-06-14,Energy,0.056425
2021-06-15,Energy,0.20434800000000003
2021-06-16,Energy,0.2944116666666667
2021-06-17,Energy,0.229142
2021-06-18,Energy,0.04000833333333333
2021-06-21,Energy,0.116425
2021-06-22,Energy,0.10162749999999998
2021-06-23,Energy,0.1337125
2021-06-24,Energy,0.169325
2021-06-25,Energy,0.14267166666666667
2021-06-28,Energy,0.24453333333333332
2021-06-29,Energy,-0.05701499999999997
2021-06-30,Energy,0.509124
2021-07-01,Energy,0.10722916666666667
2021-07-02,Energy,0.09315999999999999
2021-07-06,Energy,0.286435
2021-07-07,Energy,-0.09065555555555556
2021-07-08,Energy,0.013188333333333333
2021-07-09,Energy,0.15350533333333333
2021-07-12,Energy,0.15546
2021-07-13,Energy,0.2513138888888889
2021-07-14,Energy,-0.017724999999999998
2021-07-15,Energy,0.2049
2021-07-16,Energy,0.0035033333333333375
2021-07-19,Energy,0.09062533333333334
2021-07-20,Energy,-0.13666166666666665
2021-07-21,Energy,0.43355999999999995
2021-07-22,Energy,0.29711333333333334
2021-07-23,Energy,0.09316333333333333
2021-07-26,Energy,0.26446833333333336
2021-07-27,Energy,0.06085666666666666
2021-07-28,Energy,0.0
2021-07-29,Energy,0.18970833333333334
2021-07-30,Energy,0.08712666666666667
2021-08-02,Energy,0.21850397727272727
2021-08-03,Energy,0.04044566666666667
2021-08-04,Energy,0.24862083333333335
2021-08-05,Energy,0.0
2021-08-06,Energy,0.09744666666666667
2021-08-09,Energy,0.03108333333333335
2021-08-10,Energy,-0.02552083333333332
2021-08-11,Energy,-0.08854523809523811
2021-08-12,Energy,0.14515833333333333
2021-08-13,Energy,0.022860000000000002
2021-08-16,Energy,0.024666666666666667
2021-08-17,Energy,0.05001428571428572
2021-08-18,Energy,-0.153445
2021-08-19,Energy,0.017855
2021-08-20,Energy,0.11424880952380952
2021-08-23,Energy,-0.30306666666666665
2021-08-24,Energy,0.09965530303030304
2021-08-25,Energy,0.006183333333333332
2021-08-26,Energy,0.0683
2021-08-27,Energy,0.055644000000000006
2021-08-30,Energy,0.003168749999999998
2021-08-31,Energy,-0.1371757142857143
2021-09-01,Energy,0.08014733333333332
2021-09-02,Energy,-0.07845297619047618
2021-09-03,Energy,0.2158341794871795
2021-09-07,Energy,0.13723348214285716
2021-09-08,Energy,0.20011433333333334
2021-09-09,Energy,0.12153928571428572
2021-09-10,Energy,0.30797942857142857
2021-09-13,Energy,-0.03781875
2021-09-14,Energy,0.0803450892857143
2021-09-15,Energy,-0.0366875
2021-09-16,Energy,-0.04296333333333333
2021-09-17,Energy,-0.036553333333333334
2021-09-20,Energy,0.15253333333333333
2021-09-21,Energy,0.06743625
2021-09-22,Energy,0.12421
2021-09-23,Energy,0.09969333333333334
2021-09-24,Energy,0.17425166666666664
2021-09-27,Energy,-0.08296666666666666
2021-09-28,Energy,0.003622222222222221
2021-09-29,Energy,0.0075466666666666685
2021-09-30,Energy,0.02907738095238095
2021-10-01,Energy,0.09925333333333333
2021-10-04,Energy,0.23672500000000002
2021-10-05,Energy,0.21715833333333334
2021-10-06,Energy,0.21606
2021-10-07,Energy,0.23756666666666668
2021-10-08,Energy,0.11381857142857141
2021-10-11,Energy,0.06723214285714287
2021-10-12,Energy,0.04338333333333334
2021-10-13,Energy,0.12326666666666668
2021-10-14,Energy,0.21643333333333334
2021-10-15,Energy,0.185225
2021-10-18,Energy,0.173063
2021-10-19,Energy,0.09308
2021-10-20,Energy,0.23352599999999998
2021-10-21,Energy,0.14030277777777778
2021-10-22,Energy,0.09862708333333334
2021-10-25,Energy,0.1351022857142857
2021-10-26,Energy,0.18172430555555555
2021-10-27,Energy,0.25594285714285714
2021-10-28,Energy,0.021904285714285716
2021-10-29,Energy,0.10378541666666666
2021-11-01,Energy,0.34194722222222224
2021-11-02,Energy,0.10728645833333333
2021-11-03,Energy,0.0015111111111111113
2021-11-04,Energy,0.03313333333333333
2021-11-05,Energy,0.19084791666666667
2021-11-08,Energy,0.2259972222222222
2021-11-09,Energy,0.14157866666666669
2021-11-10,Energy,0.072735
2021-11-11,Energy,-0.069
2021-11-12,Energy,0.045579999999999996
2021-11-15,Energy,0.0
2021-11-16,Energy,0.02198958333333334
2021-11-17,Energy,-0.028440000000000014
2021-11-18,Energy,0.026964285714285715
2021-11-19,Energy,-0.02236666666666667
2021-11-22,Energy,-0.06586746031746032
2021-11-23,Energy,0.0018916666666666665
2021-11-24,Energy,0.291305
2021-11-26,Energy,0.030355555555555556
2021-11-29,Energy,-0.044425000000000006
2021-11-30,Energy,-0.0668
2021-12-01,Energy,-0.029681250000000034
2021-12-02,Energy,0.21672333333333332
2021-12-03,Energy,0.11395873015873015
2021-12-06,Energy,-0.009045833333333333
2021-12-07,Energy,0.037529880952380947
2021-12-08,Energy,0.12199041666666666
2021-12-09,Energy,0.16977083333333332
2021-12-10,Energy,0.006031250000000002
2021-12-13,Energy,0.26400666666666667
2021-12-14,Energy,0.0707547619047619
2021-12-15,Energy,0.3198666666666667
2021-12-16,Energy,0.17346666666666666
2021-12-17,Energy,0.11608749999999998
2021-12-20,Energy,0.15038666666666667
2021-12-21,Energy,0.0009222222222222317
2021-12-22,Energy,0.0
2021-12-23,Energy,0.06698333333333333
2021-12-27,Energy,-0.015326666666666669
2021-12-28,Energy,0.23013541666666665
2021-12-29,Energy,-0.05641111111111111
2021-12-30,Energy,0.22915
2021-12-31,Energy,0.032231249999999996
2022-01-03,Energy,0.34495000000000003
2022-01-04,Energy,0.07005714285714286
2022-01-05,Energy,0.04521666666666667
2022-01-06,Energy,0.15812222222222222
2022-01-07,Energy,-0.03813999999999999
2022-01-10,Energy,0.19563999999999998
2022-01-11,Energy,0.22921222222222223
2022-01-12,Energy,0.15405079365079363
2022-01-13,Energy,0.24929479166666665
2022-01-14,Energy,0.14125766666666667
2022-01-18,Energy,0.15531750000000002
2022-01-19,Energy,0.21999
2022-01-20,Energy,0.13234666666666667
2022-01-21,Energy,0.13698020833333335
2022-01-24,Energy,0.09697625000000001
2022-01-25,Energy,0.04217333333333334
2022-01-26,Energy,0.1787725
2022-01-27,Energy,0.16246611111111112
2022-01-28,Energy,0.08199115384615382
2022-01-31,Energy,0.18732934027777778
2022-02-01,Energy,0.145155
2022-02-02,Energy,0.09360695652173914
2022-02-03,Energy,0.13313799999999998
2022-02-04,Energy,0.075375
2022-02-07,Energy,0.10103499999999999
2022-02-08,Energy,0.1113692857142857
2022-02-09,Energy,0.24149749999999998
2022-02-10,Energy,0.18821
2022-02-11,Energy,0.040017142857142855
2022-02-14,Energy,0.19086999999999998
2022-02-15,Energy,0.10457031746031746
2022-02-16,Energy,0.097322
2022-02-17,Energy,0.15267
2022-02-18,Energy,0.054404999999999995
2022-02-22,Energy,0.12747916666666667
2022-02-23,Energy,0.026125000000000002
2022-02-24,Energy,0.12198883333333335
2022-02-25,Energy,-0.03851633333333333
2022-02-28,Energy,0.10720096153846154
2022-03-01,Energy,0.07023499999999999
2022-03-02,Energy,0.055955870927318296
2022-03-03,Energy,0.1656017857142857
2022-03-04,Energy,0.06556373626373627
2022-03-07,Energy,0.09467458333333334
2022-03-08,Energy,0.053553879120879125
2022-03-09,Energy,0.12523977777777778
2022-03-10,Energy,0.10806633333333335
2022-03-11,Energy,0.11546928571428572
2022-03-14,Energy,0.13963555555555557
2022-03-15,Energy,0.1908568333333333
2022-03-16,Energy,0.18263992857142858
2022-03-17,Energy,0.18090438311688312
2022-03-18,Energy,0.13679772727272727
2022-03-21,Energy,0.07074333333333334
2022-03-22,Energy,0.0998901948051948
2022-03-23,Energy,0.13208666666666669
2022-03-24,Energy,0.04383416666666666
2022-03-25,Energy,0.10499238461538463
2022-03-28,Energy,0.30355533333333334
2022-03-29,Energy,0.2789433333333334
2022-03-30,Energy,0.11205909090909091
2022-03-31,Energy,0.36841666666666667
2022-04-01,Energy,0.01515666666666667
2022-04-04,Energy,0.17353800000000003
2022-04-05,Energy,0.046625666666666676
2022-04-06,Energy,0.086984
2022-04-07,Energy,0.17956875
2022-04-08,Energy,0.1738325
2022-04-11,Energy,0.24698035714285713
2022-04-12,Energy,0.34190729166666667
2022-04-13,Energy,0.18135844444444443
2022-04-14,Energy,0.22979993055555556
2022-04-18,Energy,0.28245000000000003
2022-04-19,Energy,0.25916805555555555
2022-04-20,Energy,0.21925599999999998
2022-04-21,Energy,0.19884000000000002
2022-04-22,Energy,0.17409083333333333
2022-04-25,Energy,0.07542666666666667
2022-04-26,Energy,0.11920595093795094
2022-04-27,Energy,0.13223154761904762
2022-04-28,Energy,0.2651357777777778
2022-04-29,Energy,0.2515092857142857
2022-05-02,Energy,-0.08109881481481482
2022-05-03,Energy,0.18369749999999999
2022-05-04,Energy,0.1915303333333333
2022-05-05,Energy,0.05974888888888889
2022-05-06,Energy,0.2955449047619048
2022-05-09,Energy,0.16832407142857142
2022-05-10,Energy,0.11587069264069265
2022-05-11,Energy,0.13113142857142857
2022-05-12,Energy,0.29024652777777776
2022-05-13,Energy,0.10331690476190476
2022-05-16,Energy,0.12327222222222223
2022-05-17,Energy,0.08721899145299146
2022-05-18,Energy,0.10922719696969696
2022-05-19,Energy,0.09223620512820511
2022-05-20,Energy,0.1486772619047619
2022-05-23,Energy,0.2707125
2022-05-24,Energy,0.10954800000000002
2022-05-25,Energy,0.17849844444444446
2022-05-26,Energy,0.19254166666666667
2022-05-27,Energy,0.1650985
2022-05-31,Energy,0.25107380952380953
2022-06-01,Energy,0.22741289377289378
2022-06-02,Energy,0.2107964285714286
2022-06-03,Energy,0.32685400000000003
2022-06-06,Energy,0.19836666666666666
2022-06-07,Energy,0.18590604395604396
2022-06-08,Energy,0.095547
2022-06-09,Energy,0.18043984126984128
2022-06-10,Energy,0.16317500000000001
2022-06-13,Energy,0.09383333333333334
2022-06-14,Energy,0.1565974116161616
2022-06-15,Energy,0.214009375
2022-06-16,Energy,0.21545750000000002
2022-06-17,Energy,0.06751
2022-06-21,Energy,0.19483333333333333
2022-06-22,Energy,0.06591158088235294
2022-06-23,Energy,0.042227777777777774
2022-06-24,Energy,0.08919472222222222
2022-06-27,Energy,-0.08981416666666667
2022-06-28,Energy,0.10657933333333333
2022-06-29,Energy,0.269013081232493
2022-06-30,Energy,0.2327914285714286
2022-07-01,Energy,-0.04983449999999999
2022-07-05,Energy,0.22599
2022-07-06,Energy,0.07907858682983683
2022-07-07,Energy,0.32752042857142855
2022-07-08,Energy,0.26227666666666666
2022-07-11,Energy,0.15276250000000002
2022-07-12,Energy,0.05594416666666667
2022-07-13,Energy,0.23591047619047617
2022-07-14,Energy,0.16536833333333334
2022-07-15,Energy,0.18075333333333335
2022-07-18,Energy,0.27465833333333334
2022-07-19,Energy,0.26950738095238097
2022-07-20,Energy,0.32101999999999997
2022-07-21,Energy,0.17309214285714286
2022-07-22,Energy,0.112725
2022-07-25,Energy,0.18882181818181817
2022-07-26,Energy,0.33997331601731606
2022-07-27,Energy,0.071235
2022-07-28,Energy,0.11778666666666666
2022-07-29,Energy,0.1399291818181818
2022-08-01,Energy,0.2862748717948718
2022-08-02,Energy,0.057070222222222224
2022-08-03,Energy,0.13143303571428572
2022-08-04,Energy,0.25675920855614975
2022-08-05,Energy,0.13704785714285714
2022-08-08,Energy,0.24852749999999998
2022-08-09,Energy,0.15593126984126984
2022-08-10,Energy,0.05417322751322751
2022-08-11,Energy,0.16080609523809525
2022-08-12,Energy,0.16389199999999998
2022-08-15,Energy,0.1958025
2022-08-16,Energy,0.14137850505050506
2022-08-17,Energy,0.20020833333333332
2022-08-18,Energy,0.34341458333333336
2022-08-19,Energy,-0.03893566666666665
2022-08-22,Energy,0.17975444444444444
2022-08-23,Energy,0.2210671111111111
2022-08-24,Energy,0.1240711111111111
2022-08-25,Energy,0.012638
2022-08-26,Energy,0.1050217857142857
2022-08-29,Energy,0.1536388888888889
2022-08-30,Energy,0.22977718253968255
2022-08-31,Energy,0.09114714285714286
2022-09-01,Energy,0.24336318181818184
2022-09-02,Energy,0.164953
2022-09-06,Energy,0.19711547619047617
2022-09-07,Energy,0.14941375
2022-09-08,Energy,0.17913
2022-09-09,Energy,0.27588999999999997
2022-09-12,Energy,0.048162666666666666
2022-09-13,Energy,0.189109375
2022-09-14,Energy,0.26301147619047616
2022-09-15,Energy,0.11739687500000001
2022-09-16,Energy,0.22320444444444446
2022-09-19,Energy,0.495585
2022-09-20,Energy,0.09387814285714287
2022-09-21,Energy,0.22261999999999998
2022-09-22,Energy,0.30465625
2022-09-23,Energy,0.13821666666666665
2022-09-26,Energy,-0.07019312500000001
2022-09-27,Energy,0.09926041666666668
2022-09-28,Energy,-0.05295714285714285
2022-09-29,Energy,0.22659791666666665
2022-09-30,Energy,0.1811775
2022-10-03,Energy,0.28570873015873016
2022-10-04,Energy,0.09041141025641025
2022-10-05,Energy,0.11354375000000001
2022-10-06,Energy,0.2191266666666667
2022-10-07,Energy,0.137495
2022-10-10,Energy,0.26992971428571433
2022-10-11,Energy,0.13325833333333334
2022-10-12,Energy,0.16493833333333335
2022-10-13,Energy,0.20330807692307692
2022-10-14,Energy,0.10111555555555556
2022-10-17,Energy,0.11390866666666666
2022-10-18,Energy,0.07120083333333334
2022-10-19,Energy,-0.016618749999999998
2022-10-20,Energy,0.15616066666666667
2022-10-21,Energy,0.130947
2022-10-24,Energy,0.09009577777777777
2022-10-25,Energy,0.08828255555555556
2022-10-26,Energy,0.12137000000000002
2022-10-27,Energy,0.02079
2022-10-28,Energy,0.1154789090909091
2022-10-31,Energy,0.12420655555555556
2022-11-01,Energy,0.11650491666666667
2022-11-02,Energy,0.10613198051948053
2022-11-03,Energy,0.24664961904761906
2022-11-04,Energy,0.30889
2022-11-07,Energy,0.057296666666666676
2022-11-08,Energy,0.07273981818181818
2022-11-09,Energy,0.16152395833333333
2022-11-10,Energy,-0.049745833333333336
2022-11-11,Energy,0.09074266666666667
2022-11-14,Energy,0.060730571428571425
2022-11-15,Energy,0.12069488344988347
2022-11-16,Energy,0.3191528571428571
2022-11-17,Energy,0.20551
2022-11-18,Energy,0.05206291666666667
2022-11-21,Energy,0.08606000000000001
2022-11-22,Energy,0.1497365
2022-11-23,Energy,-0.09503166666666667
2022-11-25,Energy,0.24129490476190477
2022-11-28,Energy,0.21078200000000002
2022-11-29,Energy,0.007767250000000003
2022-11-30,Energy,0.04276863636363636
2022-12-01,Energy,0.2067204761904762
2022-12-02,Energy,0.20941666666666667
2022-12-05,Energy,0.4195625
2022-12-06,Energy,0.17767648809523812
2022-12-07,Energy,0.2555476666666667
2022-12-08,Energy,0.08345619047619049
2022-12-09,Energy,0.22983543589743588
2022-12-12,Energy,0.08636095238095237
2022-12-13,Energy,0.2683230952380952
2022-12-14,Energy,0.149775
2022-12-15,Energy,-0.048950666666666656
2022-12-16,Energy,0.03632
2022-12-19,Energy,0.14259
2022-12-20,Energy,0.07206955555555555
2022-12-21,Energy,0.2606875
2022-12-22,Energy,0.051320833333333336
2022-12-23,Energy,0.378585
2022-12-27,Energy,0.025530000000000004
2022-12-28,Energy,0.19149595604395606
2022-12-29,Energy,0.10542222222222224
2022-12-30,Energy,0.04067232142857143
2023-01-03,Energy,0.16362000000000002
2023-01-04,Energy,0.28271022222222225
2023-01-05,Energy,0.24394233333333332
2023-01-06,Energy,0.24221202380952384
2023-01-09,Energy,0.15449438095238094
2023-01-10,Energy,0.2865790476190476
2023-01-11,Energy,0.04492685714285714
2023-01-12,Energy,0.2263166666666667
2023-01-13,Energy,0.018649553571428574
2023-01-17,Energy,0.17236785714285716
2023-01-18,Energy,0.06981882352941177
2023-01-19,Energy,0.24106333333333335
2023-01-20,Energy,0.11615
2023-01-23,Energy,0.18815427884615385
2023-01-24,Energy,0.03881306818181818
2023-01-25,Energy,0.2233597619047619
2023-01-26,Energy,0.19050666666666666
2023-01-27,Energy,0.21641891025641025
2023-01-30,Energy,0.11059071428571429
2023-01-31,Energy,0.1395278787878788
2023-02-01,Energy,0.12339420512820513
2023-02-02,Energy,-0.12676177777777778
2023-02-03,Energy,0.18011523809523808
2023-02-06,Energy,-0.004061666666666658
2023-02-07,Energy,0.03663444444444445
2023-02-08,Energy,0.0007771428571428541
2023-02-09,Energy,0.08533444444444445
2023-02-10,Energy,0.11847390476190475
2023-02-13,Energy,0.13065708333333334
2023-02-14,Energy,0.27975944444444445
2023-02-15,Energy,-0.06863
2023-02-16,Energy,0.060711111111111105
2023-02-17,Energy,0.13395955555555555
2023-02-21,Energy,0.13352410714285715
2023-02-22,Energy,0.1161750505050505
2023-02-23,Energy,0.11466400000000002
2023-02-24,Energy,0.17188928571428572
2023-02-27,Energy,0.056115000000000005
2023-02-28,Energy,-0.019697714285714284
2023-03-01,Energy,0.205912962962963
2023-03-02,Energy,0.07892708333333333
2023-03-03,Energy,0.27628833333333336
2023-03-06,Energy,0.15702291666666668
2023-03-07,Energy,0.05377766666666667
2023-03-08,Energy,0.12144666666666666
2023-03-09,Energy,0.14941619047619048
2023-03-10,Energy,0.25682866666666665
2023-03-13,Energy,0.1443116666666667
2023-03-14,Energy,0.15785444444444444
2023-03-15,Energy,0.21197166666666667
2023-03-16,Energy,0.1294664285714286
2023-03-17,Energy,-0.04001199999999999
2023-03-20,Energy,0.06299166666666667
2023-03-21,Energy,0.26259466666666664
2023-03-22,Energy,-0.03979416666666667
2023-03-23,Energy,0.13186916666666665
2023-03-24,Energy,0.16982166666666668
2023-03-27,Energy,0.194102
2023-03-28,Energy,0.061272499999999994
2023-03-29,Energy,0.08887333333333333
2023-03-30,Energy,0.04028988888888889
2023-03-31,Energy,0.07989666666666667
2023-04-03,Energy,0.140608
2023-04-04,Energy,-0.04670276315789473
2023-04-05,Energy,0.2448036507936508
2023-04-06,Energy,0.044648961038961044
2023-04-10,Energy,0.15520730769230767
2023-04-11,Energy,0.10547577357425184
2023-04-12,Energy,0.12779444444444443
2023-04-13,Energy,0.04597833333333333
2023-04-14,Energy,0.0994575
2023-04-17,Energy,0.17745000000000002
2023-04-18,Energy,0.12480233333333332
2023-04-19,Energy,0.011318838383838386
2023-04-20,Energy,0.18730750000000002
2023-04-21,Energy,0.10873916666666665
2023-04-24,Energy,0.16272232967032968
2023-04-25,Energy,0.10986303030303031
2023-04-26,Energy,0.08803928571428571
2023-04-27,Energy,0.15265250000000002
2023-04-28,Energy,0.09951216666666667
2023-05-01,Energy,0.2595610826001955
2023-05-02,Energy,0.05163315789473684
2023-05-03,Energy,0.022053809523809528
2023-05-04,Energy,0.057907857142857136
2023-05-05,Energy,0.12415380952380951
2023-05-08,Energy,0.07042
2023-05-09,Energy,0.13892006162464984
2023-05-10,Energy,0.3369247619047619
2023-05-11,Energy,0.06139833333333333
2023-05-12,Energy,0.2907571428571429
2023-05-15,Energy,0.04727333333333334
2023-05-16,Energy,0.09718464646464646
2023-05-17,Energy,0.0683
2023-05-18,Energy,-0.03623933333333333
2023-05-19,Energy,0.03355208333333334
2023-05-22,Energy,0.05865833333333335
2023-05-23,Energy,0.17863541666666666
2023-05-24,Energy,0.04081375
2023-05-25,Energy,-0.029001785714285716
2023-05-26,Energy,0.021213222222222224
2023-05-30,Energy,0.20208666666666666
2023-05-31,Energy,0.132755873015873
2023-06-01,Energy,0.21463000000000002
2023-06-02,Energy,0.20107333333333335
2023-06-05,Energy,0.005070454545454545
2023-06-06,Energy,0.082553
2023-06-07,Energy,0.011694222222222217
2023-06-08,Energy,0.10962916666666667
2023-06-09,Energy,0.0346895238095238
2023-06-12,Energy,0.09743857142857143
2023-06-13,Energy,0.055564999999999996
2023-06-14,Energy,0.11525333333333335
2023-06-15,Energy,0.03523666666666667
2023-06-16,Energy,0.07012933333333334
2023-06-20,Energy,0.09272
2023-06-21,Energy,0.085532
2023-06-22,Energy,0.03936
2023-06-23,Energy,0.03054459595959596
2023-06-26,Energy,0.08087
2023-06-27,Energy,0.05300933333333333
2023-06-28,Energy,0.10251777777777778
2023-06-29,Energy,0.14015
2023-06-30,Energy,0.08233920454545454
2023-07-03,Energy,0.017703000000000003
2023-07-05,Energy,0.10649
2023-07-06,Energy,0.05684890109890111
2023-07-07,Energy,0.16027809523809525
2023-07-10,Energy,-0.005559047619047611
2023-07-11,Energy,0.07794799999999999
2023-07-12,Energy,-0.04340309523809523
2023-07-13,Energy,0.06690533333333334
2023-07-14,Energy,0.15996761904761905
2023-07-17,Energy,0.10779676923076922
2023-07-18,Energy,0.17288583333333332
2023-07-19,Energy,-0.024509333333333334
2023-07-20,Energy,0.0264
2023-07-21,Energy,0.10256666666666667
2023-07-24,Energy,0.043466710144927534
2023-07-25,Energy,0.17202599999999998
2023-07-26,Energy,0.05407333333333334
2023-07-27,Energy,0.07971600000000001
2023-07-28,Energy,-0.030507777777777783
2023-07-31,Energy,0.29128
2023-08-01,Energy,0.2954017619047619
2023-08-02,Energy,0.186396
2023-08-03,Energy,0.06764
2023-08-04,Energy,0.05658571428571428
2023-08-07,Energy,-0.06289583333333333
2023-08-08,Energy,0.10547083333333333
2023-08-09,Energy,0.27461041666666663
2023-08-10,Energy,-0.019293333333333336
2023-08-11,Energy,0.2552375
2023-08-14,Energy,0.14817305494505492
2023-08-15,Energy,0.1786311111111111
2023-08-16,Energy,0.026050714285714288
2023-08-17,Energy,0.06837916666666666
2023-08-18,Energy,0.05376665934065934
2023-08-21,Energy,0.17154114285714286
2023-08-22,Energy,0.164230625
2023-08-23,Energy,0.009210357142857145
2023-08-24,Energy,0.24480992063492063
2023-08-25,Energy,0.07053066666666666
2023-08-28,Energy,0.08052499999999999
2023-08-29,Energy,0.21741363636363636
2023-08-30,Energy,-0.03839954545454545
2023-08-31,Energy,0.17393544973544972
2023-09-01,Energy,0.0880625
2023-09-05,Energy,0.2715555555555556
2023-09-06,Energy,-0.018475297619047627
2023-09-07,Energy,0.2502890476190476
2023-09-08,Energy,0.222679375
2023-09-11,Energy,0.14171142857142857
2023-09-12,Energy,0.10889055555555557
2023-09-13,Energy,0.10197066666666668
2023-09-14,Energy,0.09829861111111111
2023-09-15,Energy,0.12299133333333331
2023-09-18,Energy,-0.018210000000000004
2023-09-19,Energy,0.05833422222222222
2023-09-20,Energy,0.04518965384615385
2023-09-21,Energy,0.00011688311688311595
2023-09-22,Energy,0.1825041666666667
2023-09-25,Energy,0.2148235
2023-09-26,Energy,0.19525133928571428
2023-09-27,Energy,0.1580538095238095
2023-09-28,Energy,0.12195466666666668
2023-09-29,Energy,0.14097999999999997
2023-10-02,Energy,0.21495066666666665
2023-10-03,Energy,0.21752761904761905
2023-10-04,Energy,0.235757
2023-10-05,Energy,0.19136745454545454
2023-10-06,Energy,0.20503251282051282
2023-10-09,Energy,0.08675807692307691
2023-10-10,Energy,-0.1429298831168831
2023-10-11,Energy,0.10431422222222222
2023-10-12,Energy,0.15029589371980676
2023-10-13,Energy,0.264472
2023-10-16,Energy,-0.013828333333333345
2023-10-17,Energy,0.2676203703703704
2023-10-18,Energy,0.14296714285714285
2023-10-19,Energy,-0.04752713675213676
2023-10-20,Energy,0.18488886363636364
2023-10-23,Energy,0.04193107769423559
2023-10-24,Energy,0.015654545454545456
2023-10-25,Energy,0.1611207142857143
2023-10-26,Energy,0.18598358585858588
2023-10-27,Energy,0.059366886446886445
2023-10-30,Energy,0.10430258620689656
2023-10-31,Energy,0.07017108585858586
2023-11-01,Energy,0.10854921428571429
2023-11-02,Energy,0.18084055555555553
2023-11-03,Energy,0.06592258823529411
2023-11-06,Energy,0.17216874999999998
2023-11-07,Energy,0.14513076190476187
2023-11-08,Energy,0.18816583333333334
2023-11-09,Energy,0.129900625
2023-11-10,Energy,0.08788975757575758
2023-11-13,Energy,0.09194380952380951
2023-11-14,Energy,0.18756133333333333
2023-11-15,Energy,0.297255
2023-11-16,Energy,0.1020125
2023-11-17,Energy,-0.10828437499999999
2023-11-20,Energy,0.18450238095238095
2023-11-21,Energy,0.04679375
2023-11-22,Energy,0.14326642857142857
2023-11-24,Energy,0.12154285714285715
2023-11-27,Energy,0.151
2023-11-28,Energy,0.15175666666666668
2023-11-29,Energy,-0.025393
2023-11-30,Energy,0.055535833333333326
2023-12-01,Energy,0.16881666666666667
2023-12-04,Energy,0.0
2023-12-05,Energy,0.022403333333333334
2023-12-06,Energy,-0.0021255555555555563
2023-12-07,Energy,0.23260824175824174
2023-12-08,Energy,-0.049162000000000004
2023-12-11,Energy,0.11883714285714286
2023-12-12,Energy,0.11960247631975866
2023-12-13,Energy,0.040976923076923084
2023-12-14,Energy,0.13694
2023-12-15,Energy,0.11932083333333333
2023-12-18,Energy,0.003450769230769235
2023-12-19,Energy,0.13235892857142859
2023-12-20,Energy,0.0
2023-12-21,Energy,0.0
2023-12-22,Energy,0.0
2023-12-26,Energy,0.0
2023-12-27,Energy,0.0
2023-12-28,Energy,0.0
2023-12-29,Energy,0.0
2020-01-03,Financials,0.10718533333333333
2020-01-06,Financials,0.08409166666666668
2020-01-07,Financials,0.284306
2020-01-08,Financials,0.140525
2020-01-09,Financials,0.4676833333333333
2020-01-10,Financials,0.26152933333333334
2020-01-13,Financials,0.21935833333333332
2020-01-14,Financials,0.19619
2020-01-15,Financials,0.03556547619047619
2020-01-16,Financials,0.06089596825396826
2020-01-17,Financials,0.14342895726495727
2020-01-21,Financials,0.11717999999999999
2020-01-22,Financials,0.19930555555555557
2020-01-23,Financials,0.02551666666666667
2020-01-24,Financials,0.032470000000000006
2020-01-27,Financials,-0.044199999999999996
2020-01-28,Financials,-0.05713333333333332
2020-01-29,Financials,0.1616607142857143
2020-01-30,Financials,0.19043125000000002
2020-01-31,Financials,0.03456111111111111
2020-02-03,Financials,0.11693928571428572
2020-02-04,Financials,0.0962375
2020-02-05,Financials,0.3453875
2020-02-06,Financials,-0.24533333333333332
2020-02-07,Financials,0.2713986666666667
2020-02-10,Financials,0.06998333333333333
2020-02-11,Financials,0.2404611111111111
2020-02-12,Financials,0.3256089285714286
2020-02-13,Financials,0.06721666666666667
2020-02-14,Financials,0.08528
2020-02-18,Financials,0.2034
2020-02-19,Financials,-0.005482857142857142
2020-02-20,Financials,0.04995
2020-02-21,Financials,0.1831048611111111
2020-02-24,Financials,0.2816715
2020-02-25,Financials,-0.001976666666666663
2020-02-26,Financials,0.25816133333333335
2020-02-27,Financials,0.16362933333333335
2020-02-28,Financials,0.07106000000000001
2020-03-02,Financials,-0.04421562500000001
2020-03-03,Financials,0.15655833333333335
2020-03-04,Financials,-0.08367833333333333
2020-03-05,Financials,0.10631766666666667
2020-03-06,Financials,0.078685
2020-03-09,Financials,-0.0004887499999999961
2020-03-10,Financials,0.20983133333333334
2020-03-11,Financials,0.11389333333333332
2020-03-12,Financials,0.18409
2020-03-13,Financials,0.007116190476190468
2020-03-16,Financials,-0.1996966666666667
2020-03-17,Financials,-0.05933083333333333
2020-03-18,Financials,-0.11708
2020-03-19,Financials,0.033416666666666664
2020-03-20,Financials,-0.22874166666666665
2020-03-23,Financials,-0.05972666666666667
2020-03-24,Financials,-0.02157
2020-03-25,Financials,0.39868000000000003
2020-03-26,Financials,0.021131250000000004
2020-03-27,Financials,0.21854800000000002
2020-03-30,Financials,0.15099666666666667
2020-03-31,Financials,-0.18326533333333334
2020-04-01,Financials,0.030061111111111108
2020-04-02,Financials,0.046317904761904755
2020-04-03,Financials,0.04325633333333333
2020-04-06,Financials,0.09006214285714284
2020-04-07,Financials,0.17170227272727273
2020-04-08,Financials,0.14498366666666668
2020-04-09,Financials,0.09422012987012987
2020-04-13,Financials,0.16522466666666666
2020-04-14,Financials,0.07874942424242423
2020-04-15,Financials,0.1287382867132867
2020-04-16,Financials,0.10646266025641027
2020-04-17,Financials,0.04272316666666666
2020-04-20,Financials,0.07220504545454545
2020-04-21,Financials,0.18399761904761905
2020-04-22,Financials,-0.10992333333333333
2020-04-23,Financials,0.09191500000000001
2020-04-24,Financials,0.13952
2020-04-27,Financials,-0.03493541666666666
2020-04-28,Financials,0.0972525
2020-04-29,Financials,0.24410499999999996
2020-04-30,Financials,0.11755166666666668
2020-05-01,Financials,0.07254076190476191
2020-05-04,Financials,-0.06349833333333334
2020-05-05,Financials,0.127824
2020-05-06,Financials,0.02016333333333333
2020-05-07,Financials,0.04762500000000001
2020-05-08,Financials,-0.09306333333333335
2020-05-11,Financials,0.05417266666666665
2020-05-12,Financials,0.161149
2020-05-13,Financials,-0.1478297142857143
2020-05-14,Financials,0.15864920779220779
2020-05-15,Financials,0.09045
2020-05-18,Financials,0.19764214285714285
2020-05-19,Financials,0.07014379365079364
2020-05-20,Financials,0.05999728571428571
2020-05-21,Financials,0.3758125
2020-05-22,Financials,0.08162500000000002
2020-05-26,Financials,0.17911458333333335
2020-05-27,Financials,0.1617402380952381
2020-05-28,Financials,0.2774827142857143
2020-05-29,Financials,0.0135845
2020-06-01,Financials,0.041302000000000005
2020-06-02,Financials,0.045069000000000005
2020-06-03,Financials,0.09592456565656565
2020-06-04,Financials,0.18443928571428572
2020-06-05,Financials,0.27377166666666664
2020-06-08,Financials,0.20428000000000002
2020-06-09,Financials,0.3984957142857143
2020-06-10,Financials,0.039587333333333335
2020-06-11,Financials,0.09668977777777779
2020-06-12,Financials,0.09436166666666668
2020-06-15,Financials,0.13272457142857141
2020-06-16,Financials,0.09054374999999999
2020-06-17,Financials,0.10154166666666667
2020-06-18,Financials,-0.03236
2020-06-19,Financials,-0.09981999999999999
2020-06-22,Financials,-0.103975
2020-06-23,Financials,-0.064625
2020-06-24,Financials,0.1175875
2020-06-25,Financials,0.08500333333333336
2020-06-26,Financials,-0.01028685714285715
2020-06-29,Financials,0.013000595238095242
2020-06-30,Financials,0.16995166666666667
2020-07-01,Financials,0.03491928571428572
2020-07-02,Financials,-0.31714166666666666
2020-07-06,Financials,0.07885
2020-07-07,Financials,0.0469425
2020-07-08,Financials,-0.13842500000000002
2020-07-09,Financials,0.25695
2020-07-10,Financials,0.17742708333333335
2020-07-13,Financials,0.04296
2020-07-14,Financials,0.03127666666666666
2020-07-15,Financials,0.011402152777777773
2020-07-16,Financials,0.29622365217391305
2020-07-17,Financials,-0.039508585858585854
2020-07-20,Financials,-0.04675047619047619
2020-07-21,Financials,0.11649999999999999
2020-07-22,Financials,0.16736190476190477
2020-07-23,Financials,0.04424791666666666
2020-07-24,Financials,0.010518333333333334
2020-07-27,Financials,-0.013712499999999997
2020-07-28,Financials,0.16995208333333334
2020-07-29,Financials,0.05495
2020-07-30,Financials,0.08430476190476191
2020-07-31,Financials,0.27354666666666666
2020-08-03,Financials,-0.08325
2020-08-04,Financials,0.05421
2020-08-05,Financials,0.028711666666666656
2020-08-06,Financials,0.132305
2020-08-07,Financials,0.0031250000000000062
2020-08-10,Financials,0.05669166666666667
2020-08-11,Financials,0.26968333333333333
2020-08-12,Financials,0.13545000000000001
2020-08-13,Financials,0.035188888888888895
2020-08-14,Financials,-0.09380333333333332
2020-08-17,Financials,0.10020833333333333
2020-08-18,Financials,0.07636666666666668
2020-08-19,Financials,0.08570208333333333
2020-08-20,Financials,0.09297
2020-08-21,Financials,0.1723692857142857
2020-08-24,Financials,0.19959166666666667
2020-08-25,Financials,0.36158666666666667
2020-08-26,Financials,0.23946666666666663
2020-08-27,Financials,0.1111875
2020-08-28,Financials,-0.06466666666666666
2020-08-31,Financials,-0.11062500000000001
2020-09-01,Financials,0.08676999999999999
2020-09-02,Financials,0.13754666666666665
2020-09-03,Financials,0.12542444444444442
2020-09-04,Financials,0.13491666666666666
2020-09-08,Financials,-0.06926
2020-09-09,Financials,0.09639499999999998
2020-09-10,Financials,-0.141225
2020-09-11,Financials,-0.003908333333333333
2020-09-14,Financials,-0.0999
2020-09-15,Financials,-0.0279625
2020-09-16,Financials,0.31862500000000005
2020-09-17,Financials,-0.019540000000000002
2020-09-18,Financials,0.07329
2020-09-21,Financials,0.10297500000000001
2020-09-22,Financials,-0.0514775
2020-09-23,Financials,0.17146250000000002
2020-09-24,Financials,0.168595
2020-09-25,Financials,0.178278125
2020-09-28,Financials,0.13396666666666665
2020-09-29,Financials,0.22749333333333333
2020-09-30,Financials,-0.0678
2020-10-01,Financials,-0.006782380952380947
2020-10-02,Financials,0.222435
2020-10-05,Financials,0.22500370370370368
2020-10-06,Financials,0.18571866666666664
2020-10-07,Financials,0.25777083333333334
2020-10-08,Financials,0.16040666666666667
2020-10-09,Financials,0.17011302083333332
2020-10-12,Financials,0.26195
2020-10-13,Financials,0.2058668192918193
2020-10-14,Financials,0.06127583333333334
2020-10-15,Financials,0.16603804347826087
2020-10-16,Financials,0.16293033333333334
2020-10-19,Financials,0.56552
2020-10-20,Financials,0.17970666666666665
2020-10-21,Financials,0.17468958333333334
2020-10-22,Financials,0.007572500000000003
2020-10-23,Financials,0.13011666666666666
2020-10-26,Financials,0.45730000000000004
2020-10-27,Financials,0.005045000000000001
2020-10-28,Financials,0.057675000000000004
2020-10-29,Financials,0.03187761904761905
2020-10-30,Financials,0.13111250000000002
2020-11-02,Financials,0.08553200000000001
2020-11-03,Financials,0.11753749999999999
2020-11-04,Financials,0.08376220238095239
2020-11-05,Financials,0.1607625
2020-11-06,Financials,0.12442
2020-11-09,Financials,0.17475000000000002
2020-11-10,Financials,0.05833303571428571
2020-11-11,Financials,0.17024999999999998
2020-11-12,Financials,0.18479190476190477
2020-11-13,Financials,0.21160532051282052
2020-11-16,Financials,0.14314166666666667
2020-11-17,Financials,0.15623
2020-11-18,Financials,-0.03925
2020-11-19,Financials,0.14673541666666665
2020-11-20,Financials,0.19852933333333334
2020-11-23,Financials,0.10204666666666666
2020-11-24,Financials,0.0361675
2020-11-25,Financials,0.135245
2020-11-27,Financials,0.0006441666666666679
2020-11-30,Financials,0.34355555555555556
2020-12-01,Financials,0.028531250000000015
2020-12-02,Financials,0.5256166666666666
2020-12-03,Financials,0.1470625
2020-12-04,Financials,0.122975
2020-12-07,Financials,-0.026450000000000008
2020-12-08,Financials,0.060675833333333325
2020-12-09,Financials,0.047122
2020-12-10,Financials,0.08054333333333333
2020-12-11,Financials,0.140775
2020-12-14,Financials,0.09013499999999999
2020-12-15,Financials,0.15008333333333335
2020-12-16,Financials,0.26395625
2020-12-17,Financials,0.3079866666666667
2020-12-18,Financials,0.32857416666666667
2020-12-21,Financials,0.0
2020-12-22,Financials,-0.029942657894736845
2020-12-23,Financials,0.24913333333333335
2020-12-24,Financials,0.210475
2020-12-28,Financials,0.24587499999999998
2020-12-29,Financials,0.10080111111111112
2020-12-30,Financials,-0.41355
2020-12-31,Financials,0.043899999999999995
2021-01-04,Financials,0.3829883333333333
2021-01-05,Financials,0.24717708333333333
2021-01-06,Financials,0.23615
2021-01-07,Financials,0.21648645833333333
2021-01-08,Financials,0.04944642857142857
2021-01-11,Financials,0.14236666666666667
2021-01-12,Financials,0.011525845410628026
2021-01-13,Financials,0.048061041666666665
2021-01-14,Financials,0.10456041666666667
2021-01-15,Financials,-0.017289285714285715
2021-01-19,Financials,0.2948633116883117
2021-01-20,Financials,0.15012194444444443
2021-01-21,Financials,0.06819890756302521
2021-01-22,Financials,0.08945499999999999
2021-01-25,Financials,0.057395
2021-01-26,Financials,0.23641041666666665
2021-01-27,Financials,0.19581180555555555
2021-01-28,Financials,0.0007266666666666643
2021-01-29,Financials,0.052784027777777784
2021-02-01,Financials,0.12280875000000001
2021-02-02,Financials,0.09057375
2021-02-03,Financials,0.30022916666666666
2021-02-04,Financials,0.25444500000000003
2021-02-05,Financials,-0.026214999999999995
2021-02-08,Financials,0.10044583333333333
2021-02-09,Financials,-0.009517619047619042
2021-02-10,Financials,0.012599999999999993
2021-02-11,Financials,0.012258333333333333
2021-02-12,Financials,0.27710833333333335
2021-02-16,Financials,0.0
2021-02-17,Financials,0.1003685
2021-02-18,Financials,0.2193325
2021-02-19,Financials,0.0763
2021-02-22,Financials,0.155975
2021-02-23,Financials,-0.03415
2021-02-24,Financials,-0.06604027777777778
2021-02-25,Financials,0.04871875
2021-02-26,Financials,0.1835641666666667
2021-03-01,Financials,0.070775
2021-03-02,Financials,0.001716000000000001
2021-03-03,Financials,0.288825
2021-03-04,Financials,0.011080476190476191
2021-03-05,Financials,0.17301499999999997
2021-03-08,Financials,0.16068
2021-03-09,Financials,0.16711875
2021-03-10,Financials,-0.02119
2021-03-11,Financials,0.3842722222222223
2021-03-12,Financials,0.05815833333333333
2021-03-15,Financials,0.07102333333333335
2021-03-16,Financials,0.26095625
2021-03-17,Financials,0.07153499999999999
2021-03-18,Financials,0.15256999999999998
2021-03-19,Financials,0.04420833333333333
2021-03-22,Financials,-0.019455000000000007
2021-03-23,Financials,0.262805
2021-03-24,Financials,0.27504375000000003
2021-03-25,Financials,0.14968888888888887
2021-03-26,Financials,0.019485000000000002
2021-03-29,Financials,0.210324
2021-03-30,Financials,0.018072444444444443
2021-03-31,Financials,0.022658076923076927
2021-04-01,Financials,0.063425
2021-04-05,Financials,0.15350199999999997
2021-04-06,Financials,0.20476580086580085
2021-04-07,Financials,-0.02848500000000001
2021-04-08,Financials,0.14760625
2021-04-09,Financials,0.017041666666666667
2021-04-12,Financials,0.029952380952380953
2021-04-13,Financials,0.19945612698412699
2021-04-14,Financials,0.24116333333333334
2021-04-15,Financials,0.1197823284457478
2021-04-16,Financials,0.10408333333333333
2021-04-19,Financials,0.2014628571428571
2021-04-20,Financials,0.16203535714285716
2021-04-21,Financials,0.26226
2021-04-22,Financials,0.12434166666666667
2021-04-23,Financials,0.10285416666666666
2021-04-26,Financials,0.2371916666666667
2021-04-27,Financials,0.22928833333333337
2021-04-28,Financials,0.21410107142857143
2021-04-29,Financials,0.00557083333333333
2021-04-30,Financials,0.14933333333333335
2021-05-03,Financials,0.088065
2021-05-04,Financials,0.22597499999999998
2021-05-05,Financials,0.14647642857142856
2021-05-06,Financials,0.06934749999999999
2021-05-07,Financials,0.104385
2021-05-10,Financials,0.04107916666666666
2021-05-11,Financials,0.07307000000000001
2021-05-12,Financials,0.003799999999999998
2021-05-13,Financials,0.04162916666666667
2021-05-14,Financials,0.133525
2021-05-17,Financials,0.08116041666666668
2021-05-18,Financials,0.29199571428571425
2021-05-19,Financials,0.2541777777777778
2021-05-20,Financials,0.2911722222222222
2021-05-21,Financials,0.10452777777777778
2021-05-24,Financials,-0.0019708333333333366
2021-05-25,Financials,0.0389875
2021-05-26,Financials,0.21031111111111112
2021-05-27,Financials,0.09378124999999998
2021-05-28,Financials,0.011815624999999996
2021-06-01,Financials,0.20167666666666667
2021-06-02,Financials,0.09804944444444444
2021-06-03,Financials,0.16560400000000003
2021-06-04,Financials,-0.005325000000000002
2021-06-07,Financials,0.3451875
2021-06-08,Financials,0.21601809523809523
2021-06-09,Financials,0.18028333333333335
2021-06-10,Financials,0.24672833333333336
2021-06-11,Financials,0.13743333333333335
2021-06-14,Financials,0.34551666666666664
2021-06-15,Financials,0.027716666666666667
2021-06-16,Financials,0.18226
2021-06-17,Financials,0.01782333333333333
2021-06-18,Financials,0.05872766666666666
2021-06-21,Financials,0.12734791666666667
2021-06-22,Financials,0.03667666666666667
2021-06-23,Financials,-0.12886875
2021-06-24,Financials,0.1990875
2021-06-25,Financials,0.16315452380952383
2021-06-28,Financials,-0.05013571428571428
2021-06-29,Financials,0.03969066666666667
2021-06-30,Financials,0.12388750000000001
2021-07-01,Financials,0.04118844444444446
2021-07-02,Financials,0.18588636363636366
2021-07-06,Financials,0.13009583333333333
2021-07-07,Financials,-0.079608125
2021-07-08,Financials,-0.07503928571428568
2021-07-09,Financials,0.04701388888888889
2021-07-12,Financials,0.20595476190476192
2021-07-13,Financials,0.15077380952380953
2021-07-14,Financials,0.1726121794871795
2021-07-15,Financials,0.16617115384615383
2021-07-16,Financials,0.04679361111111111
2021-07-19,Financials,0.20850000000000002
2021-07-20,Financials,0.02862844155844156
2021-07-21,Financials,0.19368939393939394
2021-07-22,Financials,0.2810101190476191
2021-07-23,Financials,0.24903999999999998
2021-07-26,Financials,0.10755
2021-07-27,Financials,0.02880357142857142
2021-07-28,Financials,0.2071327380952381
2021-07-29,Financials,0.07306316666666665
2021-07-30,Financials,0.3149875
2021-08-02,Financials,-0.05790000000000001
2021-08-03,Financials,0.32739666666666667
2021-08-04,Financials,0.07876
2021-08-05,Financials,0.06202
2021-08-06,Financials,-0.04152399999999999
2021-08-09,Financials,0.011077777777777775
2021-08-10,Financials,0.20603020833333335
2021-08-11,Financials,0.162755
2021-08-12,Financials,0.10385833333333334
2021-08-13,Financials,0.17793285714285714
2021-08-16,Financials,0.07833541666666666
2021-08-17,Financials,0.08007916666666667
2021-08-18,Financials,0.029631964285714275
2021-08-19,Financials,0.11029375
2021-08-20,Financials,0.19498749999999998
2021-08-23,Financials,-0.07329999999999999
2021-08-24,Financials,0.17448
2021-08-25,Financials,0.12511250000000002
2021-08-26,Financials,0.2689333333333333
2021-08-27,Financials,-0.0505
2021-08-30,Financials,0.09860000000000001
2021-08-31,Financials,0.10115
2021-09-01,Financials,0.19934107142857144
2021-09-02,Financials,0.10151874999999999
2021-09-03,Financials,0.18016066666666666
2021-09-07,Financials,0.09166666666666667
2021-09-08,Financials,-0.06371250000000002
2021-09-09,Financials,0.16177000000000002
2021-09-10,Financials,-0.03893500000000001
2021-09-13,Financials,-0.1299958333333333
2021-09-14,Financials,0.05995833333333333
2021-09-15,Financials,0.133525
2021-09-16,Financials,0.19832333333333335
2021-09-17,Financials,0.12200000000000001
2021-09-20,Financials,0.13742666666666667
2021-09-21,Financials,-0.0891647619047619
2021-09-22,Financials,-0.020776999999999997
2021-09-23,Financials,0.12809880952380953
2021-09-24,Financials,0.008260000000000003
2021-09-27,Financials,0.1464
2021-09-28,Financials,0.150233
2021-09-29,Financials,0.2564447619047619
2021-09-30,Financials,0.020024999999999998
2021-10-01,Financials,0.07618133333333332
2021-10-04,Financials,0.21603666666666665
2021-10-05,Financials,0.04550125
2021-10-06,Financials,0.0472
2021-10-07,Financials,0.14721666666666666
2021-10-08,Financials,0.062368
2021-10-11,Financials,0.14272
2021-10-12,Financials,0.16343003663003663
2021-10-13,Financials,0.014389583333333334
2021-10-14,Financials,0.136771
2021-10-15,Financials,0.28640611904761903
2021-10-18,Financials,0.2152540873015873
2021-10-19,Financials,0.03196966666666666
2021-10-20,Financials,-0.21573333333333333
2021-10-21,Financials,-0.0380875
2021-10-22,Financials,0.024579285714285713
2021-10-25,Financials,-0.12394166666666667
2021-10-26,Financials,0.008700833333333335
2021-10-27,Financials,0.16320416666666665
2021-10-28,Financials,0.049947023809523816
2021-10-29,Financials,0.2464625
2021-11-01,Financials,0.21810916666666666
2021-11-02,Financials,0.23003625
2021-11-03,Financials,0.037452678571428574
2021-11-04,Financials,0.166075
2021-11-05,Financials,0.22290000000000001
2021-11-08,Financials,0.12763333333333335
2021-11-09,Financials,-0.0173375
2021-11-10,Financials,0.017341666666666665
2021-11-11,Financials,-0.012511666666666671
2021-11-12,Financials,0.036383000000000006
2021-11-15,Financials,0.0
2021-11-16,Financials,0.26399285714285714
2021-11-17,Financials,0.144544
2021-11-18,Financials,0.0052693233082706775
2021-11-19,Financials,0.2992
2021-11-22,Financials,0.18721866666666664
2021-11-23,Financials,0.30622499999999997
2021-11-24,Financials,0.03496125
2021-11-26,Financials,0.08745
2021-11-29,Financials,-0.07245966666666667
2021-11-30,Financials,0.018380416666666666
2021-12-01,Financials,0.18396833333333334
2021-12-02,Financials,-0.029818749999999998
2021-12-03,Financials,-0.008119166666666655
2021-12-06,Financials,0.00906499999999999
2021-12-07,Financials,0.038261666666666666
2021-12-08,Financials,0.06895055555555556
2021-12-09,Financials,-0.045172000000000004
2021-12-10,Financials,0.19018666666666667
2021-12-13,Financials,0.0696775
2021-12-14,Financials,0.292502
2021-12-15,Financials,0.060083333333333336
2021-12-16,Financials,0.06062
2021-12-17,Financials,-0.07125375
2021-12-20,Financials,0.11059133333333335
2021-12-21,Financials,-0.07525454545454545
2021-12-22,Financials,0.14662
2021-12-23,Financials,0.16549999999999998
2021-12-27,Financials,0.09492999999999999
2021-12-28,Financials,0.19610999999999998
2021-12-29,Financials,0.12040000000000001
2021-12-30,Financials,-0.05865666666666667
2021-12-31,Financials,0.347375
2022-01-03,Financials,0.080673
2022-01-04,Financials,0.08370214285714285
2022-01-05,Financials,0.08620244444444444
2022-01-06,Financials,0.16203250000000002
2022-01-07,Financials,0.07243
2022-01-10,Financials,0.08587916666666667
2022-01-11,Financials,0.1865315714285714
2022-01-12,Financials,0.11200333333333332
2022-01-13,Financials,0.20444772727272728
2022-01-14,Financials,0.13047952380952382
2022-01-18,Financials,0.09833298534798535
2022-01-19,Financials,0.152250417794971
2022-01-20,Financials,0.12486406679594916
2022-01-21,Financials,0.13082880952380954
2022-01-24,Financials,0.2109495238095238
2022-01-25,Financials,0.23237916666666666
2022-01-26,Financials,0.16253628571428572
2022-01-27,Financials,0.08993333333333334
2022-01-28,Financials,0.1779895
2022-01-31,Financials,0.10907421245421245
2022-02-01,Financials,0.05790333333333333
2022-02-02,Financials,0.07575704761904763
2022-02-03,Financials,0.252546
2022-02-04,Financials,0.17485333333333333
2022-02-07,Financials,0.09772142857142857
2022-02-08,Financials,-0.0002858333333333324
2022-02-09,Financials,0.15966466666666665
2022-02-10,Financials,0.20102083333333334
2022-02-11,Financials,0.015039583333333335
2022-02-14,Financials,0.05312133333333333
2022-02-15,Financials,-0.03953460317460318
2022-02-16,Financials,0.10678266666666666
2022-02-17,Financials,0.04498333333333334
2022-02-18,Financials,-0.04827509090909091
2022-02-22,Financials,0.05961333333333334
2022-02-23,Financials,0.07883392857142857
2022-02-24,Financials,-0.06017291666666666
2022-02-25,Financials,0.025797142857142852
2022-02-28,Financials,0.011669999999999993
2022-03-01,Financials,-0.04892388392857143
2022-03-02,Financials,-0.12119779761904763
2022-03-03,Financials,0.11041309523809523
2022-03-04,Financials,0.2712375
2022-03-07,Financials,0.12038333333333334
2022-03-08,Financials,-0.007406538461538471
2022-03-09,Financials,0.085125
2022-03-10,Financials,0.11169633333333333
2022-03-11,Financials,-0.019381428571428567
2022-03-14,Financials,0.10621785714285713
2022-03-15,Financials,0.17312
2022-03-16,Financials,0.004542666666666672
2022-03-17,Financials,0.19683714285714285
2022-03-18,Financials,0.19133303571428573
2022-03-21,Financials,0.13341333333333333
2022-03-22,Financials,0.05901466666666666
2022-03-23,Financials,0.14959999999999998
2022-03-24,Financials,0.37477916666666666
2022-03-25,Financials,0.004567142857142861
2022-03-28,Financials,0.20247199999999999
2022-03-29,Financials,0.021341428571428574
2022-03-30,Financials,-0.049535
2022-03-31,Financials,0.13244444444444445
2022-04-01,Financials,0.01479166666666666
2022-04-04,Financials,0.14733805555555557
2022-04-05,Financials,-0.0071642307692307665
2022-04-06,Financials,0.189116
2022-04-07,Financials,0.10738124999999998
2022-04-08,Financials,0.06855766666666667
2022-04-11,Financials,0.03279450980392156
2022-04-12,Financials,0.004413142857142854
2022-04-13,Financials,0.07365602272727273
2022-04-14,Financials,0.1319242222222222
2022-04-18,Financials,0.16878082857142856
2022-04-19,Financials,0.24753025974025972
2022-04-20,Financials,0.19647561904761907
2022-04-21,Financials,0.04578
2022-04-22,Financials,-0.08960666666666668
2022-04-25,Financials,0.138025
2022-04-26,Financials,0.14123233333333335
2022-04-27,Financials,0.15742644444444445
2022-04-28,Financials,0.013807222222222235
2022-04-29,Financials,-0.01419095238095237
2022-05-02,Financials,0.26130000000000003
2022-05-03,Financials,0.1687125
2022-05-04,Financials,0.21465666666666666
2022-05-05,Financials,0.0
2022-05-06,Financials,0.127162
2022-05-09,Financials,-0.13598333333333334
2022-05-10,Financials,0.031316666666666666
2022-05-11,Financials,0.1761
2022-05-12,Financials,0.08363833333333333
2022-05-13,Financials,0.11983541666666667
2022-05-16,Financials,0.11499199999999998
2022-05-17,Financials,0.03664714285714285
2022-05-18,Financials,0.050210333333333336
2022-05-19,Financials,0.10264333333333335
2022-05-20,Financials,0.14355400000000001
2022-05-23,Financials,0.28287083333333335
2022-05-24,Financials,-0.02240766666666666
2022-05-25,Financials,0.32992
2022-05-26,Financials,0.027777777777777776
2022-05-27,Financials,0.177105
2022-05-31,Financials,0.11309
2022-06-01,Financials,0.06108333333333334
2022-06-02,Financials,0.13022499999999998
2022-06-03,Financials,0.07839999999999998
2022-06-06,Financials,-0.041575
2022-06-07,Financials,0.23270833333333335
2022-06-08,Financials,0.13640666666666668
2022-06-09,Financials,0.05616190476190477
2022-06-10,Financials,-0.01284444444444445
2022-06-13,Financials,0.09077333333333333
2022-06-14,Financials,0.12708233333333332
2022-06-15,Financials,-0.09208476190476192
2022-06-16,Financials,0.058606666666666675
2022-06-17,Financials,-0.008701666666666672
2022-06-21,Financials,0.08931000000000001
2022-06-22,Financials,-0.02925466666666667
2022-06-23,Financials,0.17926666666666669
2022-06-24,Financials,0.049767166666666675
2022-06-27,Financials,0.3014328333333333
2022-06-28,Financials,0.030147333333333342
2022-06-29,Financials,0.14524479166666665
2022-06-30,Financials,0.06903541666666667
2022-07-01,Financials,0.1354057142857143
2022-07-05,Financials,0.06918333333333333
2022-07-06,Financials,0.12165976190476191
2022-07-07,Financials,0.034421999999999994
2022-07-08,Financials,0.18813266666666667
2022-07-11,Financials,0.02326333333333334
2022-07-12,Financials,0.1806987728937729
2022-07-13,Financials,0.01926761904761906
2022-07-14,Financials,-0.020761923076923077
2022-07-15,Financials,-0.06846491071428572
2022-07-18,Financials,0.03811099999999999
2022-07-19,Financials,0.12111054621848741
2022-07-20,Financials,0.08478533333333332
2022-07-21,Financials,0.12118999999999999
2022-07-22,Financials,0.20520624999999998
2022-07-25,Financials,-0.009238333333333335
2022-07-26,Financials,0.128082
2022-07-27,Financials,-0.07698333333333333
2022-07-28,Financials,0.21092500000000003
2022-07-29,Financials,-0.0035026666666666665
2022-08-01,Financials,0.05444
2022-08-02,Financials,0.18658000000000002
2022-08-03,Financials,0.12099500000000002
2022-08-04,Financials,0.10564375000000001
2022-08-05,Financials,0.06472249999999999
2022-08-08,Financials,0.22312777777777773
2022-08-09,Financials,0.12589142857142857
2022-08-10,Financials,0.20030000000000003
2022-08-11,Financials,0.279803125
2022-08-12,Financials,-0.06210624999999999
2022-08-15,Financials,0.2482225
2022-08-16,Financials,0.09562333333333332
2022-08-17,Financials,0.033716666666666666
2022-08-18,Financials,0.07847500000000002
2022-08-19,Financials,0.20482266666666665
2022-08-22,Financials,0.040983333333333344
2022-08-23,Financials,0.044505
2022-08-24,Financials,0.3550533333333334
2022-08-25,Financials,0.054753333333333334
2022-08-26,Financials,0.017446
2022-08-29,Financials,0.12805833333333333
2022-08-30,Financials,0.10374375
2022-08-31,Financials,-0.0204625
2022-09-01,Financials,0.061616666666666674
2022-09-02,Financials,0.277945
2022-09-06,Financials,0.11016466666666666
2022-09-07,Financials,0.06870833333333334
2022-09-08,Financials,0.00998
2022-09-09,Financials,0.19331500000000001
2022-09-12,Financials,0.2554716666666667
2022-09-13,Financials,0.018554999999999995
2022-09-14,Financials,0.1389625
2022-09-15,Financials,-0.00844666666666666
2022-09-16,Financials,0.2824767857142857
2022-09-19,Financials,0.100016
2022-09-20,Financials,0.06296333333333333
2022-09-21,Financials,0.01087041666666666
2022-09-22,Financials,0.028435
2022-09-23,Financials,-0.043146666666666667
2022-09-26,Financials,0.09322666666666665
2022-09-27,Financials,0.18393866666666664
2022-09-28,Financials,0.0449426388888889
2022-09-29,Financials,0.14922222222222223
2022-09-30,Financials,0.10194055555555555
2022-10-03,Financials,0.3894111111111111
2022-10-04,Financials,0.2817225
2022-10-05,Financials,0.30048184523809524
2022-10-06,Financials,0.15582916666666666
2022-10-07,Financials,0.10615523809523811
2022-10-10,Financials,0.11608500000000002
2022-10-11,Financials,0.10799600000000001
2022-10-12,Financials,-0.283775
2022-10-13,Financials,-0.024603333333333338
2022-10-14,Financials,0.048717333333333335
2022-10-17,Financials,0.13777425787106448
2022-10-18,Financials,0.12281533333333335
2022-10-19,Financials,0.10424
2022-10-20,Financials,0.07913333333333332
2022-10-21,Financials,0.04755416666666667
2022-10-24,Financials,-0.04770833333333334
2022-10-25,Financials,-0.09863888888888889
2022-10-26,Financials,0.19183729166666666
2022-10-27,Financials,0.13424242424242425
2022-10-28,Financials,0.19666066666666668
2022-10-31,Financials,0.029960000000000004
2022-11-01,Financials,0.21303999999999998
2022-11-02,Financials,0.04752916666666669
2022-11-03,Financials,0.16895833333333335
2022-11-04,Financials,-0.009941666666666666
2022-11-07,Financials,0.13373333333333332
2022-11-08,Financials,-0.02329333333333334
2022-11-09,Financials,0.06197777777777778
2022-11-10,Financials,0.1217
2022-11-11,Financials,0.0256
2022-11-14,Financials,0.10765333333333334
2022-11-15,Financials,0.20764666666666667
2022-11-16,Financials,0.06761666666666667
2022-11-17,Financials,-0.0038599999999999967
2022-11-18,Financials,0.213385
2022-11-21,Financials,0.13849166666666668
2022-11-22,Financials,0.08662107142857142
2022-11-23,Financials,0.183745
2022-11-25,Financials,0.06633333333333334
2022-11-28,Financials,0.14007733333333333
2022-11-29,Financials,0.07735833333333332
2022-11-30,Financials,0.44982777777777777
2022-12-01,Financials,-0.03586666666666667
2022-12-02,Financials,-0.07454566666666666
2022-12-05,Financials,0.17621916666666665
2022-12-06,Financials,0.203775
2022-12-07,Financials,-0.09375575757575756
2022-12-08,Financials,-0.0019999999999999935
2022-12-09,Financials,0.11402799999999998
2022-12-12,Financials,0.0
2022-12-13,Financials,0.07471611111111112
2022-12-14,Financials,0.16308333333333336
2022-12-15,Financials,-0.06908833333333335
2022-12-16,Financials,0.3123166666666667
2022-12-19,Financials,-0.1620625
2022-12-20,Financials,0.034464952380952374
2022-12-21,Financials,0.25217757575757577
2022-12-22,Financials,0.015274107142857148
2022-12-23,Financials,0.293308
2022-12-27,Financials,0.225605
2022-12-28,Financials,0.14616
2022-12-29,Financials,0.09005
2022-12-30,Financials,0.05306999999999999
2023-01-03,Financials,0.12765
2023-01-04,Financials,0.10186999999999999
2023-01-05,Financials,0.20671166666666665
2023-01-06,Financials,0.05521666666666666
2023-01-09,Financials,0.09241666666666669
2023-01-10,Financials,0.06769607142857142
2023-01-11,Financials,0.11789761904761906
2023-01-12,Financials,0.0788484126984127
2023-01-13,Financials,0.10104057142857144
2023-01-17,Financials,0.06712692640692641
2023-01-18,Financials,0.15807083006984537
2023-01-19,Financials,0.18701063492063494
2023-01-20,Financials,0.0473235
2023-01-23,Financials,0.051685333333333326
2023-01-24,Financials,-0.054972
2023-01-25,Financials,0.10409500000000001
2023-01-26,Financials,0.05103166666666667
2023-01-27,Financials,0.17639711111111112
2023-01-30,Financials,0.1963025
2023-01-31,Financials,0.15553333333333333
2023-02-01,Financials,0.10100416666666667
2023-02-02,Financials,0.0
2023-02-03,Financials,0.13968644444444445
2023-02-06,Financials,0.04166874999999999
2023-02-07,Financials,0.02421666666666667
2023-02-08,Financials,0.24303333333333335
2023-02-09,Financials,0.0311
2023-02-10,Financials,-0.03314999999999998
2023-02-13,Financials,0.13965
2023-02-14,Financials,0.14683333333333334
2023-02-15,Financials,-0.02954066666666667
2023-02-16,Financials,-0.077684375
2023-02-17,Financials,0.04416
2023-02-21,Financials,0.22298999999999997
2023-02-22,Financials,0.0012510000000000021
2023-02-23,Financials,0.07277375
2023-02-24,Financials,0.13172166666666668
2023-02-27,Financials,0.10556066666666666
2023-02-28,Financials,-0.011213928571428566
2023-03-01,Financials,0.21247020202020198
2023-03-02,Financials,0.09284666666666667
2023-03-03,Financials,0.13739400000000002
2023-03-06,Financials,0.00871666666666666
2023-03-07,Financials,0.10145654761904761
2023-03-08,Financials,0.24231166666666665
2023-03-09,Financials,0.06828730158730159
2023-03-10,Financials,0.047027
2023-03-13,Financials,0.0075823333333333385
2023-03-14,Financials,-0.07964403030303031
2023-03-15,Financials,0.17148380952380954
2023-03-16,Financials,0.011017111111111116
2023-03-17,Financials,-0.1286202777777778
2023-03-20,Financials,-0.04826114285714286
2023-03-21,Financials,0.13583814285714285
2023-03-22,Financials,0.12551285714285715
2023-03-23,Financials,0.057744285714285706
2023-03-24,Financials,-0.025778333333333337
2023-03-27,Financials,-0.10548969696969698
2023-03-28,Financials,0.09948515873015873
2023-03-29,Financials,0.22000999999999998
2023-03-30,Financials,0.028922833333333335
2023-03-31,Financials,0.24606309523809522
2023-04-03,Financials,0.14908133333333334
2023-04-04,Financials,0.1105602380952381
2023-04-05,Financials,-0.06442299999999998
2023-04-06,Financials,-0.00624285714285714
2023-04-10,Financials,0.18461666666666665
2023-04-11,Financials,0.0722271590909091
2023-04-12,Financials,0.024665824175824174
2023-04-13,Financials,0.11431438095238096
2023-04-14,Financials,0.05647070676691729
2023-04-17,Financials,0.05700509090909091
2023-04-18,Financials,0.11059273918128656
2023-04-19,Financials,0.10402990476190477
2023-04-20,Financials,0.11925920728291314
2023-04-21,Financials,0.03713785714285713
2023-04-24,Financials,0.07968750000000002
2023-04-25,Financials,0.08312648051948052
2023-04-26,Financials,-0.007580757575757569
2023-04-27,Financials,0.16616322222222224
2023-04-28,Financials,0.2505325
2023-05-01,Financials,0.0037038095238095202
2023-05-02,Financials,-0.10192933333333334
2023-05-03,Financials,0.06805161904761906
2023-05-04,Financials,0.07866285714285715
2023-05-05,Financials,0.05794333333333335
2023-05-08,Financials,0.3775666666666667
2023-05-09,Financials,0.048366666666666676
2023-05-10,Financials,-0.14740777777777775
2023-05-11,Financials,0.02547619047619048
2023-05-12,Financials,-0.04686666666666666
2023-05-15,Financials,-0.01715
2023-05-16,Financials,-0.08124590476190477
2023-05-17,Financials,0.03108590476190476
2023-05-18,Financials,0.077335
2023-05-19,Financials,0.077354
2023-05-22,Financials,0.04697371794871795
2023-05-23,Financials,0.05849142857142857
2023-05-24,Financials,0.15393666666666667
2023-05-25,Financials,0.05431066666666666
2023-05-26,Financials,0.070185
2023-05-30,Financials,0.06063500000000001
2023-05-31,Financials,0.008882666666666667
2023-06-01,Financials,0.09111780952380952
2023-06-02,Financials,0.04512363636363638
2023-06-05,Financials,-0.004618214285714288
2023-06-06,Financials,0.06754666666666667
2023-06-07,Financials,0.15901933333333335
2023-06-08,Financials,0.17646499999999998
2023-06-09,Financials,0.08072166666666666
2023-06-12,Financials,-0.008346590909090904
2023-06-13,Financials,0.05951555555555556
2023-06-14,Financials,0.19952090909090908
2023-06-15,Financials,0.08405666666666667
2023-06-16,Financials,0.23430333333333336
2023-06-20,Financials,0.12568380952380953
2023-06-21,Financials,0.10127937878787878
2023-06-22,Financials,0.11222750000000001
2023-06-23,Financials,0.20255238095238093
2023-06-26,Financials,-0.014856666666666666
2023-06-27,Financials,0.11246169696969696
2023-06-28,Financials,0.231605
2023-06-29,Financials,-0.10867057575757574
2023-06-30,Financials,0.06394684537684538
2023-07-03,Financials,-0.004591666666666672
2023-07-05,Financials,0.06760329581529581
2023-07-06,Financials,0.14094055555555557
2023-07-07,Financials,0.11442809523809523
2023-07-10,Financials,0.04714533333333334
2023-07-11,Financials,0.010548666666666668
2023-07-12,Financials,0.10374166666666666
2023-07-13,Financials,0.05455066666666666
2023-07-14,Financials,-0.008363055555555554
2023-07-17,Financials,0.0233518888888889
2023-07-18,Financials,0.04880962656641604
2023-07-19,Financials,0.15342591991341992
2023-07-20,Financials,0.1226672103174603
2023-07-21,Financials,0.11344249999999997
2023-07-24,Financials,0.10890333333333332
2023-07-25,Financials,0.09809236363636364
2023-07-26,Financials,0.11351977777777778
2023-07-27,Financials,0.08693066666666667
2023-07-28,Financials,0.1327895238095238
2023-07-31,Financials,0.0746110119047619
2023-08-01,Financials,0.04361562770562771
2023-08-02,Financials,0.049138333333333326
2023-08-03,Financials,0.08076857142857144
2023-08-04,Financials,0.10448333333333333
2023-08-07,Financials,0.05584666666666667
2023-08-08,Financials,-0.03905933333333332
2023-08-09,Financials,-0.06663933333333334
2023-08-10,Financials,0.08428552380952381
2023-08-11,Financials,0.130885
2023-08-14,Financials,0.19431666666666667
2023-08-15,Financials,0.08976938461538461
2023-08-16,Financials,-0.0680275641025641
2023-08-17,Financials,-0.020946666666666672
2023-08-18,Financials,0.0812525
2023-08-21,Financials,0.08638466666666667
2023-08-22,Financials,0.14010809523809525
2023-08-23,Financials,0.0003300000000000025
2023-08-24,Financials,0.1773108333333333
2023-08-25,Financials,-0.014456666666666663
2023-08-28,Financials,0.023236
2023-08-29,Financials,0.1284199696969697
2023-08-30,Financials,-0.059906666666666664
2023-08-31,Financials,0.07611700000000002
2023-09-01,Financials,0.09642952380952381
2023-09-05,Financials,0.016883333333333334
2023-09-06,Financials,0.12507310897435897
2023-09-07,Financials,0.36785357142857145
2023-09-08,Financials,0.2701097777777778
2023-09-11,Financials,0.09885690476190476
2023-09-12,Financials,0.11406051282051281
2023-09-13,Financials,0.19236961904761904
2023-09-14,Financials,0.08673433333333333
2023-09-15,Financials,0.20733000000000001
2023-09-18,Financials,0.027317619047619045
2023-09-19,Financials,0.28037377777777783
2023-09-20,Financials,0.08120178571428571
2023-09-21,Financials,0.06515333333333334
2023-09-22,Financials,0.07937
2023-09-25,Financials,-0.002622000000000002
2023-09-26,Financials,0.09793866666666667
2023-09-27,Financials,0.13594161904761903
2023-09-28,Financials,0.09228857142857141
2023-09-29,Financials,0.15560714285714286
2023-10-02,Financials,0.20885166666666666
2023-10-03,Financials,0.17364866666666665
2023-10-04,Financials,0.18897506944444445
2023-10-05,Financials,0.13839444444444446
2023-10-06,Financials,0.08971971428571428
2023-10-09,Financials,0.1367983333333333
2023-10-10,Financials,0.14637065934065935
2023-10-11,Financials,-0.03778273809523809
2023-10-12,Financials,0.020823714285714293
2023-10-13,Financials,0.07636921212121213
2023-10-16,Financials,-0.018406725490196073
2023-10-17,Financials,0.0419316
2023-10-18,Financials,0.15135962962962962
2023-10-19,Financials,0.023192812107247586
2023-10-20,Financials,0.07192066666666667
2023-10-23,Financials,0.09365933333333334
2023-10-24,Financials,0.03823482142857143
2023-10-25,Financials,0.1741
2023-10-26,Financials,0.16595833333333332
2023-10-27,Financials,0.17618400000000004
2023-10-30,Financials,0.07959375
2023-10-31,Financials,0.10280416666666667
2023-11-01,Financials,0.08234791666666666
2023-11-02,Financials,0.10302500000000002
2023-11-03,Financials,0.18203599999999998
2023-11-06,Financials,0.20951
2023-11-07,Financials,0.033971111111111105
2023-11-08,Financials,0.15867222222222221
2023-11-09,Financials,0.04031607142857143
2023-11-10,Financials,0.031095555555555553
2023-11-13,Financials,0.12510833333333332
2023-11-14,Financials,-0.13721968831168832
2023-11-15,Financials,0.09372428571428572
2023-11-16,Financials,0.16519444444444445
2023-11-17,Financials,0.04119166666666666
2023-11-20,Financials,0.117218
2023-11-21,Financials,0.02975
2023-11-22,Financials,0.09396
2023-11-24,Financials,-0.08744933333333334
2023-11-27,Financials,0.059392847222222225
2023-11-28,Financials,0.0899925
2023-11-29,Financials,0.14340444444444445
2023-11-30,Financials,0.0975975
2023-12-01,Financials,0.13476333333333335
2023-12-04,Financials,-0.026845
2023-12-05,Financials,0.09586576388888887
2023-12-06,Financials,0.13080729166666666
2023-12-07,Financials,-0.01888958333333333
2023-12-08,Financials,0.12261111111111112
2023-12-11,Financials,0.06434500000000001
2023-12-12,Financials,0.09806392857142857
2023-12-13,Financials,0.17618836363636364
2023-12-14,Financials,0.11768944444444444
2023-12-15,Financials,0.011964444444444446
2023-12-18,Financials,0.22471809523809524
2023-12-19,Financials,0.107925
2023-12-20,Financials,0.0
2023-12-21,Financials,0.0
2023-12-22,Financials,0.0
2023-12-26,Financials,0.0
2023-12-27,Financials,0.0
2023-12-28,Financials,0.0
2023-12-29,Financials,0.0
2020-01-03,Healthcare,0.21549047619047618
2020-01-06,Healthcare,0.2093875
2020-01-07,Healthcare,0.32718
2020-01-08,Healthcare,0.10863733333333334
2020-01-09,Healthcare,0.25715185185185185
2020-01-10,Healthcare,0.15904444444444446
2020-01-13,Healthcare,0.24778000000000003
2020-01-14,Healthcare,0.13385750000000002
2020-01-15,Healthcare,0.32362499999999994
2020-01-16,Healthcare,0.22993333333333332
2020-01-17,Healthcare,0.12518125000000002
2020-01-21,Healthcare,0.20040555555555553
2020-01-22,Healthcare,0.09057404761904761
2020-01-23,Healthcare,0.07055520833333334
2020-01-24,Healthcare,0.020309999999999998
2020-01-27,Healthcare,0.2246453333333333
2020-01-28,Healthcare,0.2709377777777778
2020-01-29,Healthcare,0.18641166666666664
2020-01-30,Healthcare,0.141442
2020-01-31,Healthcare,0.17040454545454545
2020-02-03,Healthcare,0.2794475
2020-02-04,Healthcare,0.11825192780337941
2020-02-05,Healthcare,0.22772440476190475
2020-02-06,Healthcare,0.16506785714285713
2020-02-07,Healthcare,0.22736007692307694
2020-02-10,Healthcare,0.27210303030303035
2020-02-11,Healthcare,0.024887499999999996
2020-02-12,Healthcare,-0.006330555555555543
2020-02-13,Healthcare,0.20110104166666665
2020-02-14,Healthcare,0.08153333333333333
2020-02-18,Healthcare,0.3236875
2020-02-19,Healthcare,0.11268976715686274
2020-02-20,Healthcare,0.24066722222222223
2020-02-21,Healthcare,0.11158999999999998
2020-02-24,Healthcare,0.07995625
2020-02-25,Healthcare,0.1128396638655462
2020-02-26,Healthcare,0.19953
2020-02-27,Healthcare,0.0448771568627451
2020-02-28,Healthcare,0.03854799999999999
2020-03-02,Healthcare,-0.024808000000000004
2020-03-03,Healthcare,0.19403901785714286
2020-03-04,Healthcare,0.37418615384615384
2020-03-05,Healthcare,0.42545099999999997
2020-03-06,Healthcare,0.12682660256410255
2020-03-09,Healthcare,0.11019090909090908
2020-03-10,Healthcare,0.11973800000000001
2020-03-11,Healthcare,0.16528125
2020-03-12,Healthcare,0.24613083333333333
2020-03-13,Healthcare,-0.14734066666666668
2020-03-16,Healthcare,0.009949999999999994
2020-03-17,Healthcare,0.00537166666666667
2020-03-18,Healthcare,0.31710000000000005
2020-03-19,Healthcare,0.09468541666666667
2020-03-20,Healthcare,0.1559375
2020-03-23,Healthcare,0.07375416666666666
2020-03-24,Healthcare,0.055805411255411254
2020-03-25,Healthcare,0.27379619047619047
2020-03-26,Healthcare,0.18096380952380953
2020-03-27,Healthcare,0.26740909090909093
2020-03-30,Healthcare,0.2887766666666667
2020-03-31,Healthcare,0.14428057142857142
2020-04-01,Healthcare,0.03811488095238096
2020-04-02,Healthcare,0.05775833333333334
2020-04-03,Healthcare,0.11523071428571427
2020-04-06,Healthcare,0.24129722222222225
2020-04-07,Healthcare,0.33347310344827585
2020-04-08,Healthcare,0.04370877192982456
2020-04-09,Healthcare,0.15656944444444443
2020-04-13,Healthcare,-0.002047916666666663
2020-04-14,Healthcare,-0.004051999999999989
2020-04-15,Healthcare,0.20790595238095239
2020-04-16,Healthcare,-0.062183095238095246
2020-04-17,Healthcare,0.2999842355889724
2020-04-20,Healthcare,0.2963773824593129
2020-04-21,Healthcare,-0.0469971914893617
2020-04-22,Healthcare,-0.017922476190476176
2020-04-23,Healthcare,0.23577243589743588
2020-04-24,Healthcare,0.15419
2020-04-27,Healthcare,0.026777321428571435
2020-04-28,Healthcare,-0.013337523809523796
2020-04-29,Healthcare,0.15199275384615385
2020-04-30,Healthcare,0.04273270114942528
2020-05-01,Healthcare,0.15098261538461538
2020-05-04,Healthcare,0.04070619463753724
2020-05-05,Healthcare,0.05139512820512819
2020-05-06,Healthcare,0.167238431372549
2020-05-07,Healthcare,0.16397444444444445
2020-05-08,Healthcare,0.13613055555555556
2020-05-11,Healthcare,-0.024708472222222222
2020-05-12,Healthcare,0.029247487922705317
2020-05-13,Healthcare,-0.07749873015873014
2020-05-14,Healthcare,0.11921718259518259
2020-05-15,Healthcare,0.13502833333333333
2020-05-18,Healthcare,-0.007057727272727276
2020-05-19,Healthcare,0.10549066666666666
2020-05-20,Healthcare,0.17857958333333335
2020-05-21,Healthcare,0.12370663919413918
2020-05-22,Healthcare,0.12098666666666666
2020-05-26,Healthcare,0.120425
2020-05-27,Healthcare,0.03672219047619048
2020-05-28,Healthcare,0.01125253968253969
2020-05-29,Healthcare,-0.05551166666666667
2020-06-01,Healthcare,0.22629236111111112
2020-06-02,Healthcare,0.17874777777777778
2020-06-03,Healthcare,0.02463896103896104
2020-06-04,Healthcare,0.2232467857142857
2020-06-05,Healthcare,0.11949222222222222
2020-06-08,Healthcare,0.11279375
2020-06-09,Healthcare,0.12313208333333334
2020-06-10,Healthcare,-0.04394750000000001
2020-06-11,Healthcare,0.085428125
2020-06-12,Healthcare,0.14589000000000002
2020-06-15,Healthcare,0.0728225
2020-06-16,Healthcare,0.17032571428571427
2020-06-17,Healthcare,0.06888333333333331
2020-06-18,Healthcare,-0.1274625
2020-06-19,Healthcare,0.3164416666666667
2020-06-22,Healthcare,0.16852916666666667
2020-06-23,Healthcare,0.3400083333333333
2020-06-24,Healthcare,0.003990625000000001
2020-06-25,Healthcare,0.01970833333333333
2020-06-26,Healthcare,0.15567083333333334
2020-06-29,Healthcare,-0.061418333333333325
2020-06-30,Healthcare,0.167875
2020-07-01,Healthcare,0.13658333333333336
2020-07-02,Healthcare,0.2474236111111111
2020-07-06,Healthcare,0.16365833333333335
2020-07-07,Healthcare,0.09275857142857143
2020-07-08,Healthcare,0.12016666666666667
2020-07-09,Healthcare,0.18671488095238095
2020-07-10,Healthcare,0.044638888888888895
2020-07-13,Healthcare,0.22027181818181818
2020-07-14,Healthcare,0.05238
2020-07-15,Healthcare,0.22698999999999997
2020-07-16,Healthcare,0.399875
2020-07-17,Healthcare,0.2455925
2020-07-20,Healthcare,-0.08089166666666667
2020-07-21,Healthcare,0.25975833333333337
2020-07-22,Healthcare,0.2214125
2020-07-23,Healthcare,0.5211666666666667
2020-07-24,Healthcare,-0.06659999999999998
2020-07-27,Healthcare,0.164015
2020-07-28,Healthcare,-0.004582142857142856
2020-07-29,Healthcare,0.047625
2020-07-30,Healthcare,0.138288
2020-07-31,Healthcare,-0.014190625
2020-08-03,Healthcare,0.07349145299145299
2020-08-04,Healthcare,0.05058619047619047
2020-08-05,Healthcare,0.0016916666666666681
2020-08-06,Healthcare,-0.023299999999999987
2020-08-07,Healthcare,0.30344166666666667
2020-08-10,Healthcare,0.2503357142857143
2020-08-11,Healthcare,0.16973888888888888
2020-08-12,Healthcare,0.11333333333333334
2020-08-13,Healthcare,0.06743333333333333
2020-08-14,Healthcare,-0.13394
2020-08-17,Healthcare,0.0
2020-08-18,Healthcare,0.28033
2020-08-19,Healthcare,-0.14966666666666667
2020-08-20,Healthcare,0.11181458333333333
2020-08-21,Healthcare,0.044259999999999994
2020-08-24,Healthcare,0.192025
2020-08-25,Healthcare,0.2267125
2020-08-26,Healthcare,0.1871462962962963
2020-08-27,Healthcare,0.117564
2020-08-28,Healthcare,0.11295866666666665
2020-08-31,Healthcare,-0.014042666666666665
2020-09-01,Healthcare,0.2247888888888889
2020-09-02,Healthcare,0.08634404761904763
2020-09-03,Healthcare,-0.20051875
2020-09-04,Healthcare,0.0424
2020-09-08,Healthcare,0.007103571428571445
2020-09-09,Healthcare,0.047805
2020-09-10,Healthcare,0.22290833333333335
2020-09-11,Healthcare,0.6369
2020-09-14,Healthcare,-0.05620666666666667
2020-09-15,Healthcare,0.12028834782608695
2020-09-16,Healthcare,0.16348666666666667
2020-09-17,Healthcare,0.0
2020-09-18,Healthcare,0.081785
2020-09-21,Healthcare,-0.048317499999999985
2020-09-22,Healthcare,-0.29955750000000003
2020-09-23,Healthcare,0.5032375
2020-09-24,Healthcare,0.17148333333333332
2020-09-25,Healthcare,-0.17168333333333333
2020-09-28,Healthcare,0.27418333333333333
2020-09-29,Healthcare,0.025585833333333342
2020-09-30,Healthcare,0.264775
2020-10-01,Healthcare,0.18468125
2020-10-02,Healthcare,0.12868958333333333
2020-10-05,Healthcare,-0.10145000000000001
2020-10-06,Healthcare,0.08913222222222222
2020-10-07,Healthcare,0.09261666666666667
2020-10-08,Healthcare,0.20815595238095239
2020-10-09,Healthcare,0.01854791666666667
2020-10-12,Healthcare,-0.15622666666666665
2020-10-13,Healthcare,0.060365625000000006
2020-10-14,Healthcare,-0.06497499999999999
2020-10-15,Healthcare,0.138605
2020-10-16,Healthcare,0.18227333333333334
2020-10-19,Healthcare,0.00424102564102564
2020-10-20,Healthcare,0.17096166666666665
2020-10-21,Healthcare,0.27718750000000003
2020-10-22,Healthcare,0.2668266666666667
2020-10-23,Healthcare,-0.05663499999999999
2020-10-26,Healthcare,0.050960000000000005
2020-10-27,Healthcare,0.02107222222222222
2020-10-28,Healthcare,0.06143714285714286
2020-10-29,Healthcare,-0.008314666666666665
2020-10-30,Healthcare,0.20504466666666668
2020-11-02,Healthcare,0.04546931818181818
2020-11-03,Healthcare,0.08140694444444445
2020-11-04,Healthcare,0.12984666666666667
2020-11-05,Healthcare,0.3139296296296296
2020-11-06,Healthcare,0.058937500000000004
2020-11-09,Healthcare,0.0
2020-11-10,Healthcare,0.20935333333333334
2020-11-11,Healthcare,0.212596
2020-11-12,Healthcare,0.0
2020-11-13,Healthcare,-0.038275
2020-11-16,Healthcare,0.28600000000000003
2020-11-17,Healthcare,0.029619000000000006
2020-11-18,Healthcare,0.032456250000000006
2020-11-19,Healthcare,0.18796666666666667
2020-11-20,Healthcare,0.07025416666666667
2020-11-23,Healthcare,0.043996875
2020-11-24,Healthcare,0.1924425238095238
2020-11-25,Healthcare,0.119175
2020-11-27,Healthcare,0.0502375
2020-11-30,Healthcare,-0.052155555555555566
2020-12-01,Healthcare,0.16828333333333334
2020-12-02,Healthcare,0.06698333333333333
2020-12-03,Healthcare,0.25959375
2020-12-04,Healthcare,0.30622499999999997
2020-12-07,Healthcare,0.11248055555555557
2020-12-08,Healthcare,-0.1004
2020-12-09,Healthcare,0.1829222222222222
2020-12-10,Healthcare,-0.123475
2020-12-11,Healthcare,0.07891875000000001
2020-12-14,Healthcare,0.301453
2020-12-15,Healthcare,0.14211500000000002
2020-12-16,Healthcare,0.3786777777777777
2020-12-17,Healthcare,0.2831875
2020-12-18,Healthcare,0.05570533333333333
2020-12-21,Healthcare,0.29175
2020-12-22,Healthcare,0.27162
2020-12-23,Healthcare,0.05066999999999999
2020-12-24,Healthcare,0.08902037037037036
2020-12-28,Healthcare,0.35910000000000003
2020-12-29,Healthcare,0.1864875
2020-12-30,Healthcare,0.022477777777777777
2020-12-31,Healthcare,0.3021
2021-01-04,Healthcare,0.2181611111111111
2021-01-05,Healthcare,0.1792875
2021-01-06,Healthcare,0.3070833333333333
2021-01-07,Healthcare,0.052387500000000004
2021-01-08,Healthcare,-0.047700000000000006
2021-01-11,Healthcare,0.0
2021-01-12,Healthcare,-0.10957285714285714
2021-01-13,Healthcare,0.19973125
2021-01-14,Healthcare,0.19265000000000002
2021-01-15,Healthcare,0.15031875
2021-01-19,Healthcare,0.20066666666666666
2021-01-20,Healthcare,0.10955
2021-01-21,Healthcare,0.5762833333333334
2021-01-22,Healthcare,0.033716666666666666
2021-01-25,Healthcare,0.0
2021-01-26,Healthcare,0.1696185
2021-01-27,Healthcare,-0.004583333333333335
2021-01-28,Healthcare,0.11092142857142856
2021-01-29,Healthcare,0.226515
2021-02-01,Healthcare,-0.07972499999999999
2021-02-02,Healthcare,0.23296999999999998
2021-02-03,Healthcare,0.07220833333333333
2021-02-04,Healthcare,0.08205208333333333
2021-02-05,Healthcare,0.10124318181818182
2021-02-08,Healthcare,0.33121833333333334
2021-02-09,Healthcare,-0.04989999999999999
2021-02-10,Healthcare,0.23256249999999998
2021-02-11,Healthcare,0.19983599999999999
2021-02-12,Healthcare,0.0411375
2021-02-16,Healthcare,0.09633750000000002
2021-02-17,Healthcare,-0.06551666666666665
2021-02-18,Healthcare,0.18815555555555555
2021-02-19,Healthcare,0.11442000000000001
2021-02-22,Healthcare,0.25628333333333336
2021-02-23,Healthcare,0.191966
2021-02-24,Healthcare,0.0717
2021-02-25,Healthcare,0.18738333333333335
2021-02-26,Healthcare,0.42955625000000003
2021-03-01,Healthcare,-0.18543333333333334
2021-03-02,Healthcare,0.1589375
2021-03-03,Healthcare,0.1013
2021-03-04,Healthcare,0.3306
2021-03-05,Healthcare,-0.024284374999999997
2021-03-08,Healthcare,-0.024987500000000003
2021-03-09,Healthcare,0.0493
2021-03-10,Healthcare,0.0
2021-03-11,Healthcare,0.14186666666666667
2021-03-12,Healthcare,0.028587999999999995
2021-03-15,Healthcare,-0.12040000000000001
2021-03-16,Healthcare,0.20649314285714288
2021-03-17,Healthcare,0.14429999999999998
2021-03-18,Healthcare,0.12701666666666667
2021-03-19,Healthcare,0.14851666666666666
2021-03-22,Healthcare,0.2987
2021-03-23,Healthcare,0.00779000000000001
2021-03-24,Healthcare,0.12751666666666664
2021-03-25,Healthcare,0.224925
2021-03-26,Healthcare,0.18635000000000002
2021-03-29,Healthcare,0.020763888888888887
2021-03-30,Healthcare,0.28385666666666665
2021-03-31,Healthcare,-0.0599375
2021-04-01,Healthcare,0.050409999999999996
2021-04-05,Healthcare,0.02037000000000001
2021-04-06,Healthcare,0.13209416666666668
2021-04-07,Healthcare,0.12273333333333332
2021-04-08,Healthcare,0.3327
2021-04-09,Healthcare,0.23209749999999998
2021-04-12,Healthcare,0.23161666666666667
2021-04-13,Healthcare,0.08036833333333333
2021-04-14,Healthcare,-0.003495833333333337
2021-04-15,Healthcare,-0.01144666666666666
2021-04-16,Healthcare,0.10661000000000001
2021-04-19,Healthcare,-0.125
2021-04-20,Healthcare,0.044012857142857145
2021-04-21,Healthcare,0.10949166666666667
2021-04-22,Healthcare,0.24697
2021-04-23,Healthcare,0.048555
2021-04-26,Healthcare,0.2787
2021-04-27,Healthcare,0.241355
2021-04-28,Healthcare,0.22128166666666668
2021-04-29,Healthcare,0.1388272380952381
2021-04-30,Healthcare,0.12076885714285715
2021-05-03,Healthcare,0.15298984615384617
2021-05-04,Healthcare,0.20693433333333333
2021-05-05,Healthcare,0.10430999999999999
2021-05-06,Healthcare,0.22193000000000002
2021-05-07,Healthcare,0.0
2021-05-10,Healthcare,0.17
2021-05-11,Healthcare,0.08046266666666667
2021-05-12,Healthcare,0.13396666666666665
2021-05-13,Healthcare,0.5164500000000001
2021-05-14,Healthcare,-0.02864444444444444
2021-05-17,Healthcare,0.17097500000000002
2021-05-18,Healthcare,0.123194
2021-05-19,Healthcare,0.10953333333333333
2021-05-20,Healthcare,-0.17
2021-05-21,Healthcare,0.17911666666666665
2021-05-24,Healthcare,0.24296
2021-05-25,Healthcare,0.31261083333333334
2021-05-26,Healthcare,0.21935
2021-05-27,Healthcare,0.0
2021-05-28,Healthcare,0.18780416666666666
2021-06-01,Healthcare,0.16181666666666666
2021-06-02,Healthcare,0.16207066666666664
2021-06-03,Healthcare,0.1884875
2021-06-04,Healthcare,0.17524
2021-06-07,Healthcare,-0.03005
2021-06-08,Healthcare,0.08859999999999998
2021-06-09,Healthcare,0.123475
2021-06-10,Healthcare,-0.020736363636363633
2021-06-11,Healthcare,0.1591
2021-06-14,Healthcare,0.03532291666666666
2021-06-15,Healthcare,0.14745833333333333
2021-06-16,Healthcare,0.26181666666666664
2021-06-17,Healthcare,0.0
2021-06-18,Healthcare,0.09006666666666667
2021-06-21,Healthcare,0.3057166666666667
2021-06-22,Healthcare,0.35190333333333335
2021-06-23,Healthcare,0.148
2021-06-24,Healthcare,0.31096666666666667
2021-06-25,Healthcare,0.14643333333333333
2021-06-28,Healthcare,0.09732600000000001
2021-06-29,Healthcare,0.21923333333333336
2021-06-30,Healthcare,0.04899999999999999
2021-07-01,Healthcare,0.107525
2021-07-02,Healthcare,0.148
2021-07-06,Healthcare,0.5673375
2021-07-07,Healthcare,0.03227000000000001
2021-07-08,Healthcare,0.3101
2021-07-09,Healthcare,0.07770625
2021-07-12,Healthcare,0.0
2021-07-13,Healthcare,0.09375416666666667
2021-07-14,Healthcare,0.04933333333333333
2021-07-15,Healthcare,0.20315
2021-07-16,Healthcare,-0.07655
2021-07-19,Healthcare,0.6597
2021-07-20,Healthcare,-0.013225000000000004
2021-07-21,Healthcare,-0.0128375
2021-07-22,Healthcare,0.0
2021-07-23,Healthcare,-0.04169642857142857
2021-07-26,Healthcare,0.0
2021-07-27,Healthcare,0.26276666666666665
2021-07-28,Healthcare,-0.044074999999999975
2021-07-29,Healthcare,0.15347083333333336
2021-07-30,Healthcare,0.09557716666666667
2021-08-02,Healthcare,0.08495333333333333
2021-08-03,Healthcare,0.171493
2021-08-04,Healthcare,0.20198888888888888
2021-08-05,Healthcare,0.14198499999999997
2021-08-06,Healthcare,0.1815
2021-08-09,Healthcare,0.09545
2021-08-10,Healthcare,0.18340625
2021-08-11,Healthcare,0.05863333333333333
2021-08-12,Healthcare,0.20126666666666668
2021-08-13,Healthcare,0.2388375
2021-08-16,Healthcare,0.1858
2021-08-17,Healthcare,0.09712799999999999
2021-08-18,Healthcare,0.25926
2021-08-19,Healthcare,0.31467500000000004
2021-08-20,Healthcare,0.07144999999999999
2021-08-23,Healthcare,0.17
2021-08-24,Healthcare,-0.0293125
2021-08-25,Healthcare,0.23443333333333335
2021-08-26,Healthcare,0.05234
2021-08-27,Healthcare,0.043125000000000024
2021-08-30,Healthcare,0.24405416666666666
2021-08-31,Healthcare,0.24538333333333337
2021-09-01,Healthcare,-0.01909
2021-09-02,Healthcare,0.08912083333333333
2021-09-03,Healthcare,0.13973333333333332
2021-09-07,Healthcare,0.0
2021-09-08,Healthcare,0.2293216666666667
2021-09-09,Healthcare,-0.02143
2021-09-10,Healthcare,0.008284523809523818
2021-09-13,Healthcare,-0.05303333333333333
2021-09-14,Healthcare,0.26873111111111114
2021-09-15,Healthcare,0.31535
2021-09-16,Healthcare,0.17227708333333336
2021-09-17,Healthcare,0.23729999999999998
2021-09-20,Healthcare,0.034284999999999996
2021-09-21,Healthcare,0.06995133333333335
2021-09-22,Healthcare,0.15253333333333333
2021-09-23,Healthcare,-0.06726
2021-09-24,Healthcare,0.273905
2021-09-27,Healthcare,-0.03685833333333334
2021-09-28,Healthcare,0.263595
2021-09-29,Healthcare,0.18062133333333333
2021-09-30,Healthcare,0.27834166666666665
2021-10-01,Healthcare,0.0044874999999999984
2021-10-04,Healthcare,0.09909259259259258
2021-10-05,Healthcare,0.166227
2021-10-06,Healthcare,0.0016424999999999981
2021-10-07,Healthcare,0.07707777777777779
2021-10-08,Healthcare,0.13890444444444444
2021-10-11,Healthcare,0.07096111111111111
2021-10-12,Healthcare,0.049024038461538466
2021-10-13,Healthcare,0.22478571428571428
2021-10-14,Healthcare,-0.06929
2021-10-15,Healthcare,0.0
2021-10-18,Healthcare,0.13325
2021-10-19,Healthcare,0.23418085714285714
2021-10-20,Healthcare,-0.03730357142857143
2021-10-21,Healthcare,0.06966399999999999
2021-10-22,Healthcare,0.24110499999999999
2021-10-25,Healthcare,0.044094999999999995
2021-10-26,Healthcare,0.041537500000000005
2021-10-27,Healthcare,-0.07435833333333335
2021-10-28,Healthcare,0.1569267857142857
2021-10-29,Healthcare,0.10892876923076922
2021-11-01,Healthcare,0.011125787815126046
2021-11-02,Healthcare,0.2846013333333334
2021-11-03,Healthcare,0.13781666666666667
2021-11-04,Healthcare,0.09956666666666665
2021-11-05,Healthcare,0.13043257575757575
2021-11-08,Healthcare,0.35311111111111115
2021-11-09,Healthcare,0.14769092307692305
2021-11-10,Healthcare,0.11892916666666668
2021-11-11,Healthcare,-0.0815
2021-11-12,Healthcare,0.19598666666666667
2021-11-15,Healthcare,0.14674375
2021-11-16,Healthcare,0.12512083333333335
2021-11-17,Healthcare,0.14749333333333334
2021-11-18,Healthcare,0.30110833333333337
2021-11-19,Healthcare,-0.045325000000000004
2021-11-22,Healthcare,0.1625125
2021-11-23,Healthcare,-0.11719017857142856
2021-11-24,Healthcare,0.18705
2021-11-26,Healthcare,-0.1931333333333333
2021-11-29,Healthcare,-0.11765555555555557
2021-11-30,Healthcare,0.12617147435897436
2021-12-01,Healthcare,0.09612380952380954
2021-12-02,Healthcare,-0.11163333333333333
2021-12-03,Healthcare,-0.15028333333333332
2021-12-06,Healthcare,0.23316875
2021-12-07,Healthcare,0.17400722222222223
2021-12-08,Healthcare,0.015422222222222224
2021-12-09,Healthcare,0.10704444444444446
2021-12-10,Healthcare,0.013574999999999997
2021-12-13,Healthcare,0.05132166666666667
2021-12-14,Healthcare,0.21109166666666668
2021-12-15,Healthcare,0.049760000000000006
2021-12-16,Healthcare,-0.018643749999999994
2021-12-17,Healthcare,0.011853999999999998
2021-12-20,Healthcare,0.33908999999999995
2021-12-21,Healthcare,0.11151933333333333
2021-12-22,Healthcare,0.16676285714285713
2021-12-23,Healthcare,0.08831562500000001
2021-12-27,Healthcare,0.21105372549019608
2021-12-28,Healthcare,0.22869291666666666
2021-12-29,Healthcare,0.12369999999999999
2021-12-30,Healthcare,0.36819999999999997
2021-12-31,Healthcare,0.1717922619047619
2022-01-03,Healthcare,0.15055
2022-01-04,Healthcare,0.17695504761904762
2022-01-05,Healthcare,0.04162666666666667
2022-01-06,Healthcare,-0.02543749999999999
2022-01-07,Healthcare,0.31234
2022-01-10,Healthcare,0.1480388888888889
2022-01-11,Healthcare,0.22336666666666666
2022-01-12,Healthcare,0.10112222222222222
2022-01-13,Healthcare,0.10244666666666666
2022-01-14,Healthcare,0.11591100000000001
2022-01-18,Healthcare,0.20001000000000002
2022-01-19,Healthcare,0.14133233333333334
2022-01-20,Healthcare,0.049434000000000006
2022-01-21,Healthcare,0.03701533333333333
2022-01-24,Healthcare,-0.07991866666666667
2022-01-25,Healthcare,0.006001944444444447
2022-01-26,Healthcare,-0.07249583333333334
2022-01-27,Healthcare,0.08167321428571428
2022-01-28,Healthcare,0.18564833333333336
2022-01-31,Healthcare,0.10758000000000001
2022-02-01,Healthcare,0.13813385714285714
2022-02-02,Healthcare,0.08748273504273504
2022-02-03,Healthcare,0.03654304761904762
2022-02-04,Healthcare,0.10934499999999998
2022-02-07,Healthcare,-0.15523333333333333
2022-02-08,Healthcare,0.3094904761904762
2022-02-09,Healthcare,0.16426607142857141
2022-02-10,Healthcare,0.23379333333333335
2022-02-11,Healthcare,0.006826666666666664
2022-02-14,Healthcare,0.24928333333333336
2022-02-15,Healthcare,-0.011488095238095238
2022-02-16,Healthcare,0.02982916666666667
2022-02-17,Healthcare,0.16764
2022-02-18,Healthcare,0.09250714285714284
2022-02-22,Healthcare,0.16795666666666667
2022-02-23,Healthcare,0.12414047619047619
2022-02-24,Healthcare,0.0683
2022-02-25,Healthcare,0.2552083333333333
2022-02-28,Healthcare,-0.03182
2022-03-01,Healthcare,0.16766388888888892
2022-03-02,Healthcare,0.10758666666666668
2022-03-03,Healthcare,0.08635
2022-03-04,Healthcare,0.006225000000000001
2022-03-07,Healthcare,0.12006999999999998
2022-03-08,Healthcare,0.20492166666666667
2022-03-09,Healthcare,-0.085295
2022-03-10,Healthcare,0.05889
2022-03-11,Healthcare,0.05525
2022-03-14,Healthcare,0.1535975
2022-03-15,Healthcare,0.22134583333333335
2022-03-16,Healthcare,-0.07027000000000001
2022-03-17,Healthcare,0.09095785714285715
2022-03-18,Healthcare,0.04258555555555557
2022-03-21,Healthcare,0.19258888888888892
2022-03-22,Healthcare,0.18445333333333336
2022-03-23,Healthcare,-0.06053833333333332
2022-03-24,Healthcare,0.04570000000000001
2022-03-25,Healthcare,0.20134375
2022-03-28,Healthcare,0.09735
2022-03-29,Healthcare,-0.07836874999999999
2022-03-30,Healthcare,0.040900000000000006
2022-03-31,Healthcare,0.05119166666666667
2022-04-01,Healthcare,0.14492500000000003
2022-04-04,Healthcare,0.3144625
2022-04-05,Healthcare,0.07585700000000002
2022-04-06,Healthcare,0.161048
2022-04-07,Healthcare,0.050575
2022-04-08,Healthcare,0.0972875
2022-04-11,Healthcare,0.358438
2022-04-12,Healthcare,0.09281966666666666
2022-04-13,Healthcare,0.09319999999999999
2022-04-14,Healthcare,0.08409666666666668
2022-04-18,Healthcare,0.08461678571428571
2022-04-19,Healthcare,0.05619444444444444
2022-04-20,Healthcare,-0.007743523809523811
2022-04-21,Healthcare,0.29898437499999997
2022-04-22,Healthcare,0.12141666666666669
2022-04-25,Healthcare,0.10515000000000001
2022-04-26,Healthcare,0.23023733333333332
2022-04-27,Healthcare,-0.04502071428571428
2022-04-28,Healthcare,0.08906333333333334
2022-04-29,Healthcare,0.10540552380952381
2022-05-02,Healthcare,0.09682833333333334
2022-05-03,Healthcare,0.226363
2022-05-04,Healthcare,-0.038275
2022-05-05,Healthcare,0.050575
2022-05-06,Healthcare,0.05953333333333334
2022-05-09,Healthcare,0.01825
2022-05-10,Healthcare,0.08778333333333332
2022-05-11,Healthcare,0.14197200000000001
2022-05-12,Healthcare,0.021426666666666677
2022-05-13,Healthcare,-0.005173333333333319
2022-05-16,Healthcare,-0.0188375
2022-05-17,Healthcare,0.048321666666666666
2022-05-18,Healthcare,-0.021684375
2022-05-19,Healthcare,0.17670999999999998
2022-05-20,Healthcare,0.11850625000000001
2022-05-23,Healthcare,-0.03602333333333334
2022-05-24,Healthcare,0.18671
2022-05-25,Healthcare,0.017154999999999997
2022-05-26,Healthcare,-0.12983125
2022-05-27,Healthcare,0.20277809523809526
2022-05-31,Healthcare,-0.03215624999999999
2022-06-01,Healthcare,0.32664666666666664
2022-06-02,Healthcare,0.07180208333333334
2022-06-03,Healthcare,-0.07786000000000001
2022-06-06,Healthcare,0.06581666666666668
2022-06-07,Healthcare,0.09547209523809526
2022-06-08,Healthcare,0.3433583333333333
2022-06-09,Healthcare,0.34175
2022-06-10,Healthcare,0.016858333333333333
2022-06-13,Healthcare,-0.01185583333333334
2022-06-14,Healthcare,0.2716294642857143
2022-06-15,Healthcare,-0.030830000000000003
2022-06-16,Healthcare,0.08589900000000002
2022-06-17,Healthcare,0.30465
2022-06-21,Healthcare,0.26004166666666667
2022-06-22,Healthcare,0.3148949404761905
2022-06-23,Healthcare,0.018083333333333333
2022-06-24,Healthcare,-0.09467933333333332
2022-06-27,Healthcare,0.36242142857142856
2022-06-28,Healthcare,0.2411617857142857
2022-06-29,Healthcare,-0.049111111111111105
2022-06-30,Healthcare,0.32962142857142857
2022-07-01,Healthcare,0.07456666666666667
2022-07-05,Healthcare,0.05229625
2022-07-06,Healthcare,0.13635250000000002
2022-07-07,Healthcare,0.0004700000000000037
2022-07-08,Healthcare,-0.01589107142857142
2022-07-11,Healthcare,0.30364
2022-07-12,Healthcare,0.038387142857142856
2022-07-13,Healthcare,0.013692619047619047
2022-07-14,Healthcare,0.1998071428571429
2022-07-15,Healthcare,-0.10212249999999999
2022-07-18,Healthcare,0.025687500000000002
2022-07-19,Healthcare,0.100544
2022-07-20,Healthcare,0.029859285714285717
2022-07-21,Healthcare,0.25867927272727276
2022-07-22,Healthcare,-0.07563749999999998
2022-07-25,Healthcare,0.278042
2022-07-26,Healthcare,0.060343999999999995
2022-07-27,Healthcare,0.15696333333333334
2022-07-28,Healthcare,0.04655
2022-07-29,Healthcare,0.151388
2022-08-01,Healthcare,-0.017065833333333336
2022-08-02,Healthcare,0.10002133333333334
2022-08-03,Healthcare,0.1607875
2022-08-04,Healthcare,0.27491833333333326
2022-08-05,Healthcare,-0.03289277777777777
2022-08-08,Healthcare,0.22219791666666666
2022-08-09,Healthcare,-0.09170666666666667
2022-08-10,Healthcare,0.09024444444444445
2022-08-11,Healthcare,0.1532
2022-08-12,Healthcare,0.027904000000000005
2022-08-15,Healthcare,-0.03657333333333333
2022-08-16,Healthcare,0.013416666666666665
2022-08-17,Healthcare,0.08214583333333333
2022-08-18,Healthcare,0.03181666666666667
2022-08-19,Healthcare,0.05664400000000001
2022-08-22,Healthcare,-0.028240000000000008
2022-08-23,Healthcare,0.21191333333333331
2022-08-24,Healthcare,0.15182666666666667
2022-08-25,Healthcare,0.13091875
2022-08-26,Healthcare,0.13068333333333335
2022-08-29,Healthcare,0.19003333333333333
2022-08-30,Healthcare,0.2640533333333333
2022-08-31,Healthcare,0.040912500000000004
2022-09-01,Healthcare,-0.20458499999999996
2022-09-02,Healthcare,0.11460166666666667
2022-09-06,Healthcare,0.19096666666666667
2022-09-07,Healthcare,0.2569825
2022-09-08,Healthcare,0.06522333333333333
2022-09-09,Healthcare,0.17820533333333333
2022-09-12,Healthcare,-0.008273333333333322
2022-09-13,Healthcare,0.27932633333333334
2022-09-14,Healthcare,0.05998666666666667
2022-09-15,Healthcare,-0.028837500000000002
2022-09-16,Healthcare,-0.008235000000000003
2022-09-19,Healthcare,0.12002416666666668
2022-09-20,Healthcare,0.015823809523809525
2022-09-21,Healthcare,0.03146785714285716
2022-09-22,Healthcare,-0.08621999999999999
2022-09-23,Healthcare,0.16976666666666668
2022-09-26,Healthcare,0.1109
2022-09-27,Healthcare,0.015480000000000002
2022-09-28,Healthcare,0.16542166666666666
2022-09-29,Healthcare,0.14720499999999997
2022-09-30,Healthcare,0.20082499999999998
2022-10-03,Healthcare,0.0
2022-10-04,Healthcare,0.04760000000000001
2022-10-05,Healthcare,-0.08459
2022-10-06,Healthcare,0.09908888888888889
2022-10-07,Healthcare,-0.37960000000000005
2022-10-10,Healthcare,0.09895
2022-10-11,Healthcare,0.326336
2022-10-12,Healthcare,0.22581185714285718
2022-10-13,Healthcare,0.10256145833333333
2022-10-14,Healthcare,-0.23704999999999998
2022-10-17,Healthcare,0.17491333333333334
2022-10-18,Healthcare,0.120345
2022-10-19,Healthcare,0.01213000000000002
2022-10-20,Healthcare,0.05185714285714286
2022-10-21,Healthcare,0.05519533333333333
2022-10-24,Healthcare,0.11581599999999999
2022-10-25,Healthcare,0.05149
2022-10-26,Healthcare,0.049883333333333335
2022-10-27,Healthcare,0.08175277777777777
2022-10-28,Healthcare,0.1951702922077922
2022-10-31,Healthcare,0.00938888888888888
2022-11-01,Healthcare,0.0
2022-11-02,Healthcare,0.13551666666666667
2022-11-03,Healthcare,-0.098025
2022-11-04,Healthcare,-0.15754125
2022-11-07,Healthcare,0.07681166666666668
2022-11-08,Healthcare,0.022810000000000007
2022-11-09,Healthcare,-0.052500000000000005
2022-11-10,Healthcare,0.07585666666666667
2022-11-11,Healthcare,0.12435
2022-11-14,Healthcare,0.3767444444444445
2022-11-15,Healthcare,0.15980500000000003
2022-11-16,Healthcare,0.20067000000000004
2022-11-17,Healthcare,0.16213333333333335
2022-11-18,Healthcare,0.013486666666666666
2022-11-21,Healthcare,0.08378333333333333
2022-11-22,Healthcare,0.21254722222222222
2022-11-23,Healthcare,0.12752090476190475
2022-11-25,Healthcare,0.12200089285714286
2022-11-28,Healthcare,0.14032178571428572
2022-11-29,Healthcare,0.2016811904761905
2022-11-30,Healthcare,0.19279
2022-12-01,Healthcare,0.194033
2022-12-02,Healthcare,0.13513666666666668
2022-12-05,Healthcare,-0.09792999999999999
2022-12-06,Healthcare,0.108255
2022-12-07,Healthcare,0.019797000000000002
2022-12-08,Healthcare,-0.09834345238095235
2022-12-09,Healthcare,0.035644999999999996
2022-12-12,Healthcare,0.12998333333333334
2022-12-13,Healthcare,0.00862671679197995
2022-12-14,Healthcare,0.11637752380952382
2022-12-15,Healthcare,0.1996666666666667
2022-12-16,Healthcare,0.16280466666666665
2022-12-19,Healthcare,0.16921666666666668
2022-12-20,Healthcare,0.05440266666666667
2022-12-21,Healthcare,0.1853138888888889
2022-12-22,Healthcare,0.16837833333333335
2022-12-23,Healthcare,0.04051041666666666
2022-12-27,Healthcare,-0.13645833333333332
2022-12-28,Healthcare,0.10937800000000002
2022-12-29,Healthcare,0.176088
2022-12-30,Healthcare,0.145495
2023-01-03,Healthcare,0.05603333333333333
2023-01-04,Healthcare,0.17174166666666668
2023-01-05,Healthcare,0.13439375
2023-01-06,Healthcare,0.157785
2023-01-09,Healthcare,0.06390333333333334
2023-01-10,Healthcare,0.17784791666666666
2023-01-11,Healthcare,0.03880803571428572
2023-01-12,Healthcare,0.031676666666666665
2023-01-13,Healthcare,0.0927375
2023-01-17,Healthcare,0.23456666666666665
2023-01-18,Healthcare,0.26210944444444445
2023-01-19,Healthcare,0.071075
2023-01-20,Healthcare,-0.056079166666666666
2023-01-23,Healthcare,0.06612533333333334
2023-01-24,Healthcare,0.253675
2023-01-25,Healthcare,0.10296250000000001
2023-01-26,Healthcare,-0.03413627450980393
2023-01-27,Healthcare,0.17704999999999999
2023-01-30,Healthcare,0.13878333333333331
2023-01-31,Healthcare,0.14562716666666667
2023-02-01,Healthcare,0.04195083333333333
2023-02-02,Healthcare,0.1283915873015873
2023-02-03,Healthcare,0.21170416666666667
2023-02-06,Healthcare,-0.06745916666666667
2023-02-07,Healthcare,0.042994000000000004
2023-02-08,Healthcare,0.12206666666666668
2023-02-09,Healthcare,0.050586
2023-02-10,Healthcare,0.008086142857142865
2023-02-13,Healthcare,0.1858
2023-02-14,Healthcare,0.10701000000000001
2023-02-15,Healthcare,0.26553375
2023-02-16,Healthcare,0.06080555555555556
2023-02-17,Healthcare,0.12758466666666665
2023-02-21,Healthcare,0.14122666666666667
2023-02-22,Healthcare,0.023423000000000006
2023-02-23,Healthcare,0.09284200000000001
2023-02-24,Healthcare,0.039
2023-02-27,Healthcare,0.14276666666666668
2023-02-28,Healthcare,0.08093285714285714
2023-03-01,Healthcare,0.04354666666666666
2023-03-02,Healthcare,0.028242000000000007
2023-03-03,Healthcare,0.039298333333333345
2023-03-06,Healthcare,0.26543333333333335
2023-03-07,Healthcare,0.06327033333333335
2023-03-08,Healthcare,0.1826875
2023-03-09,Healthcare,0.056163
2023-03-10,Healthcare,0.12732333333333334
2023-03-13,Healthcare,0.21540416666666665
2023-03-14,Healthcare,0.1411257142857143
2023-03-15,Healthcare,-0.015801333333333327
2023-03-16,Healthcare,0.08162666666666667
2023-03-17,Healthcare,0.04588
2023-03-20,Healthcare,0.11496666666666666
2023-03-21,Healthcare,0.08144933333333333
2023-03-22,Healthcare,0.157915
2023-03-23,Healthcare,0.011967999999999998
2023-03-24,Healthcare,0.22970000000000002
2023-03-27,Healthcare,0.03990166666666667
2023-03-28,Healthcare,0.13018666666666667
2023-03-29,Healthcare,0.19232833333333335
2023-03-30,Healthcare,0.055336666666666666
2023-03-31,Healthcare,0.0017062499999999994
2023-04-03,Healthcare,0.1334625
2023-04-04,Healthcare,-0.04046466666666667
2023-04-05,Healthcare,0.20949583333333333
2023-04-06,Healthcare,0.052146666666666674
2023-04-10,Healthcare,0.05140199999999999
2023-04-11,Healthcare,0.1212428787878788
2023-04-12,Healthcare,-0.0077800000000000005
2023-04-13,Healthcare,0.054188333333333324
2023-04-14,Healthcare,-0.12515714285714286
2023-04-17,Healthcare,0.008998999999999997
2023-04-18,Healthcare,0.1287092857142857
2023-04-19,Healthcare,0.10433666666666667
2023-04-20,Healthcare,0.10868396078431372
2023-04-21,Healthcare,0.1595025
2023-04-24,Healthcare,0.054498000000000005
2023-04-25,Healthcare,0.13476666666666667
2023-04-26,Healthcare,0.2130757142857143
2023-04-27,Healthcare,0.025
2023-04-28,Healthcare,0.09690815476190476
2023-05-01,Healthcare,-0.034622857142857136
2023-05-02,Healthcare,0.07224395238095237
2023-05-03,Healthcare,-0.041869333333333335
2023-05-04,Healthcare,-0.010656249999999999
2023-05-05,Healthcare,0.07443999999999999
2023-05-08,Healthcare,0.13888
2023-05-09,Healthcare,0.12084083333333334
2023-05-10,Healthcare,0.15639166666666668
2023-05-11,Healthcare,0.061268333333333334
2023-05-12,Healthcare,0.38562777777777785
2023-05-15,Healthcare,0.08510000000000001
2023-05-16,Healthcare,0.11460095238095239
2023-05-17,Healthcare,0.0088725
2023-05-18,Healthcare,-0.13154833333333332
2023-05-19,Healthcare,0.0412
2023-05-22,Healthcare,0.028155000000000006
2023-05-23,Healthcare,0.0658892857142857
2023-05-24,Healthcare,0.1724541666666667
2023-05-25,Healthcare,-0.03794666666666667
2023-05-26,Healthcare,0.110065
2023-05-30,Healthcare,0.12116500000000001
2023-05-31,Healthcare,0.29069500000000004
2023-06-01,Healthcare,0.14073333333333332
2023-06-02,Healthcare,-0.06024047619047619
2023-06-05,Healthcare,0.11968571428571428
2023-06-06,Healthcare,0.0538
2023-06-07,Healthcare,0.22018095238095237
2023-06-08,Healthcare,0.2577716666666666
2023-06-09,Healthcare,0.277517
2023-06-12,Healthcare,0.035365
2023-06-13,Healthcare,0.19989666666666667
2023-06-14,Healthcare,0.04371666666666668
2023-06-15,Healthcare,0.30043333333333333
2023-06-16,Healthcare,-0.06827777777777777
2023-06-20,Healthcare,0.05470166666666667
2023-06-21,Healthcare,0.09210357142857142
2023-06-22,Healthcare,0.16984933333333332
2023-06-23,Healthcare,0.07414000000000001
2023-06-26,Healthcare,0.17212333333333332
2023-06-27,Healthcare,0.11287116666666666
2023-06-28,Healthcare,0.16084166666666666
2023-06-29,Healthcare,0.12248
2023-06-30,Healthcare,0.2435825
2023-07-03,Healthcare,0.009564166666666669
2023-07-05,Healthcare,0.16950533333333334
2023-07-06,Healthcare,0.24311333333333335
2023-07-07,Healthcare,0.3386541666666667
2023-07-10,Healthcare,0.10098
2023-07-11,Healthcare,0.09408571428571429
2023-07-12,Healthcare,-0.019299999999999998
2023-07-13,Healthcare,0.29226833333333335
2023-07-14,Healthcare,0.10664166666666668
2023-07-17,Healthcare,0.09642
2023-07-18,Healthcare,0.08543200000000001
2023-07-19,Healthcare,0.12676
2023-07-20,Healthcare,-0.011843333333333322
2023-07-21,Healthcare,0.005414999999999992
2023-07-24,Healthcare,-0.04343878787878787
2023-07-25,Healthcare,0.08833566666666667
2023-07-26,Healthcare,0.041480333333333334
2023-07-27,Healthcare,-0.052292000000000005
2023-07-28,Healthcare,0.2182039732142857
2023-07-31,Healthcare,-0.029596666666666653
2023-08-01,Healthcare,0.15817777777777778
2023-08-02,Healthcare,0.3291913194444444
2023-08-03,Healthcare,0.17021339285714285
2023-08-04,Healthcare,0.09409427777777779
2023-08-07,Healthcare,-0.03766533333333334
2023-08-08,Healthcare,0.11333333333333333
2023-08-09,Healthcare,0.19872
2023-08-10,Healthcare,0.2426286666666667
2023-08-11,Healthcare,0.22905333333333333
2023-08-14,Healthcare,0.068855
2023-08-15,Healthcare,0.188395
2023-08-16,Healthcare,0.033176666666666674
2023-08-17,Healthcare,-0.030112499999999993
2023-08-18,Healthcare,0.08139
2023-08-21,Healthcare,0.1804375
2023-08-22,Healthcare,0.06427185714285713
2023-08-23,Healthcare,-0.02522916666666667
2023-08-24,Healthcare,0.13129238095238097
2023-08-25,Healthcare,0.16987333333333335
2023-08-28,Healthcare,0.073462
2023-08-29,Healthcare,0.058555929487179484
2023-08-30,Healthcare,0.11434833333333332
2023-08-31,Healthcare,0.07639375000000001
2023-09-01,Healthcare,0.15754791666666668
2023-09-05,Healthcare,0.10361400000000001
2023-09-06,Healthcare,-0.03821192857142858
2023-09-07,Healthcare,0.19297333333333333
2023-09-08,Healthcare,-0.18949333333333332
2023-09-11,Healthcare,0.261324
2023-09-12,Healthcare,0.12510300000000002
2023-09-13,Healthcare,-0.027570000000000004
2023-09-14,Healthcare,0.14033333333333334
2023-09-15,Healthcare,0.08180833333333333
2023-09-18,Healthcare,-0.00022416666666666765
2023-09-19,Healthcare,0.08060133333333333
2023-09-20,Healthcare,0.04774
2023-09-21,Healthcare,-0.139545
2023-09-22,Healthcare,0.13232666666666665
2023-09-25,Healthcare,-0.088378125
2023-09-26,Healthcare,0.0905916666666667
2023-09-27,Healthcare,0.17970833333333333
2023-09-28,Healthcare,0.24019444444444446
2023-09-29,Healthcare,0.1254
2023-10-02,Healthcare,0.12640500000000002
2023-10-03,Healthcare,0.05876333333333335
2023-10-04,Healthcare,0.2412125
2023-10-05,Healthcare,0.1531
2023-10-06,Healthcare,-0.02732
2023-10-09,Healthcare,0.14291833333333331
2023-10-10,Healthcare,0.3487233333333334
2023-10-11,Healthcare,-5.6000000000000494e-05
2023-10-12,Healthcare,0.03917785714285714
2023-10-13,Healthcare,0.08368571428571431
2023-10-16,Healthcare,0.04866250000000001
2023-10-17,Healthcare,0.031012000000000005
2023-10-18,Healthcare,0.138425
2023-10-19,Healthcare,0.10263045454545454
2023-10-20,Healthcare,0.21859714285714285
2023-10-23,Healthcare,0.10597214285714285
2023-10-24,Healthcare,0.08866900000000001
2023-10-25,Healthcare,0.118175
2023-10-26,Healthcare,0.06387666666666666
2023-10-27,Healthcare,0.18496666666666667
2023-10-30,Healthcare,0.12304936363636362
2023-10-31,Healthcare,0.04355733333333334
2023-11-01,Healthcare,0.0925577456140351
2023-11-02,Healthcare,0.06818111111111112
2023-11-03,Healthcare,0.10259695512820513
2023-11-06,Healthcare,0.10335714285714286
2023-11-07,Healthcare,0.11913733333333332
2023-11-08,Healthcare,0.08648444444444445
2023-11-09,Healthcare,0.04333
2023-11-10,Healthcare,0.14543830303030303
2023-11-13,Healthcare,-0.01416166666666667
2023-11-14,Healthcare,0.12200555555555556
2023-11-15,Healthcare,0.10007375
2023-11-16,Healthcare,0.15714
2023-11-17,Healthcare,0.02616
2023-11-20,Healthcare,0.08282916666666668
2023-11-21,Healthcare,0.171025
2023-11-22,Healthcare,0.09735750000000001
2023-11-24,Healthcare,0.12618000000000001
2023-11-27,Healthcare,0.038858
2023-11-28,Healthcare,0.19468666666666667
2023-11-29,Healthcare,0.11145833333333333
2023-11-30,Healthcare,0.09941833333333334
2023-12-01,Healthcare,0.08356166666666667
2023-12-04,Healthcare,0.0
2023-12-05,Healthcare,0.063808
2023-12-06,Healthcare,0.23183333333333334
2023-12-07,Healthcare,0.2232822916666667
2023-12-08,Healthcare,0.17038545454545456
2023-12-11,Healthcare,0.04376733333333334
2023-12-12,Healthcare,0.17471797979797982
2023-12-13,Healthcare,0.062725
2023-12-14,Healthcare,0.02351166666666667
2023-12-15,Healthcare,0.15918333333333334
2023-12-18,Healthcare,0.0
2023-12-19,Healthcare,0.16035694871794873
2023-12-20,Healthcare,0.0
2023-12-21,Healthcare,0.0
2023-12-22,Healthcare,0.0
2023-12-26,Healthcare,0.0
2023-12-27,Healthcare,0.0
2023-12-28,Healthcare,0.0
2023-12-29,Healthcare,0.0
2020-01-03,Industrials,0.08408
2020-01-06,Industrials,-0.1561
2020-01-07,Industrials,0.0735287037037037
2020-01-08,Industrials,0.030057142857142855
2020-01-09,Industrials,0.02034285714285714
2020-01-10,Industrials,0.033716666666666666
2020-01-13,Industrials,0.09254999999999998
2020-01-14,Industrials,0.07404583333333334
2020-01-15,Industrials,0.14943833333333334
2020-01-16,Industrials,-0.09173124999999997
2020-01-17,Industrials,0.2856666666666667
2020-01-21,Industrials,0.23608333333333334
2020-01-22,Industrials,0.1046862857142857
2020-01-23,Industrials,-0.023519047619047617
2020-01-24,Industrials,0.03699404761904762
2020-01-27,Industrials,0.08224222222222223
2020-01-28,Industrials,0.06335666666666666
2020-01-29,Industrials,0.005048958333333332
2020-01-30,Industrials,0.013074166666666668
2020-01-31,Industrials,0.13516666666666666
2020-02-03,Industrials,0.08330900000000001
2020-02-04,Industrials,0.09446466666666667
2020-02-05,Industrials,0.19714791666666667
2020-02-06,Industrials,0.08364833333333332
2020-02-07,Industrials,-0.012866666666666667
2020-02-10,Industrials,-0.0022499999999999964
2020-02-11,Industrials,0.10722916666666667
2020-02-12,Industrials,-0.008904166666666657
2020-02-13,Industrials,0.07436000000000001
2020-02-14,Industrials,0.0353375
2020-02-18,Industrials,0.19194499999999998
2020-02-19,Industrials,0.006366666666666666
2020-02-20,Industrials,0.22269166666666668
2020-02-21,Industrials,0.08627083333333334
2020-02-24,Industrials,0.11362999999999998
2020-02-25,Industrials,0.07081833333333334
2020-02-26,Industrials,-0.0011000000000000038
2020-02-27,Industrials,0.0744388888888889
2020-02-28,Industrials,0.14307916666666665
2020-03-02,Industrials,0.10314374999999999
2020-03-03,Industrials,-0.00715
2020-03-04,Industrials,0.18
2020-03-05,Industrials,0.14631361904761903
2020-03-06,Industrials,0.15390083333333332
2020-03-09,Industrials,0.058158333333333326
2020-03-10,Industrials,-0.098977
2020-03-11,Industrials,-0.08950333333333334
2020-03-12,Industrials,0.19348095238095242
2020-03-13,Industrials,-0.17304999999999998
2020-03-16,Industrials,0.04446
2020-03-17,Industrials,0.06070500000000001
2020-03-18,Industrials,0.0031611111111111076
2020-03-19,Industrials,-0.004995238095238097
2020-03-20,Industrials,0.020477777777777775
2020-03-23,Industrials,0.13310619047619046
2020-03-24,Industrials,0.012568333333333325
2020-03-25,Industrials,0.2409971111111111
2020-03-26,Industrials,0.07593125
2020-03-27,Industrials,0.1879857142857143
2020-03-30,Industrials,0.22001666666666667
2020-03-31,Industrials,0.01895561904761905
2020-04-01,Industrials,0.04034666666666666
2020-04-02,Industrials,-0.030884999999999982
2020-04-03,Industrials,-0.015741111111111112
2020-04-06,Industrials,-0.2088713492063492
2020-04-07,Industrials,0.10401600000000003
2020-04-08,Industrials,0.298147
2020-04-09,Industrials,0.15880619047619046
2020-04-13,Industrials,0.025403452380952374
2020-04-14,Industrials,0.019677474747474746
2020-04-15,Industrials,0.2206103888888889
2020-04-16,Industrials,0.00010999999999999899
2020-04-17,Industrials,0.12975175757575758
2020-04-20,Industrials,0.05769646464646464
2020-04-21,Industrials,0.06126666666666667
2020-04-22,Industrials,-0.008876999999999996
2020-04-23,Industrials,0.09578333333333335
2020-04-24,Industrials,0.283292
2020-04-27,Industrials,0.02275441176470588
2020-04-28,Industrials,0.11695567676767678
2020-04-29,Industrials,0.08195640350877194
2020-04-30,Industrials,0.09884649735449735
2020-05-01,Industrials,-0.04491717948717948
2020-05-04,Industrials,-0.07810254761904763
2020-05-05,Industrials,0.07113238095238095
2020-05-06,Industrials,0.2982255555555556
2020-05-07,Industrials,0.07561499999999999
2020-05-08,Industrials,0.029008333333333334
2020-05-11,Industrials,0.006621875000000013
2020-05-12,Industrials,0.2866916666666667
2020-05-13,Industrials,0.030972727272727277
2020-05-14,Industrials,-0.014755555555555555
2020-05-15,Industrials,0.04379055555555556
2020-05-18,Industrials,-0.03289466666666667
2020-05-19,Industrials,0.3307652121212121
2020-05-20,Industrials,0.12972666666666668
2020-05-21,Industrials,0.09438749999999999
2020-05-22,Industrials,0.12054583333333334
2020-05-26,Industrials,0.11331666666666666
2020-05-27,Industrials,0.2369375
2020-05-28,Industrials,0.27410485714285715
2020-05-29,Industrials,0.20456361904761905
2020-06-01,Industrials,0.01457916666666667
2020-06-02,Industrials,0.113235
2020-06-03,Industrials,0.36593166666666666
2020-06-04,Industrials,0.2689651014492754
2020-06-05,Industrials,0.2785228571428571
2020-06-08,Industrials,0.17439666666666667
2020-06-09,Industrials,0.30899607843137256
2020-06-10,Industrials,0.12657049999999997
2020-06-11,Industrials,0.1335641666666667
2020-06-12,Industrials,0.07972087719298246
2020-06-15,Industrials,0.018367999999999995
2020-06-16,Industrials,0.06475821428571428
2020-06-17,Industrials,0.13316625
2020-06-18,Industrials,0.0
2020-06-19,Industrials,-0.06196833333333333
2020-06-22,Industrials,0.1101
2020-06-23,Industrials,0.12918888888888888
2020-06-24,Industrials,0.17159799999999997
2020-06-25,Industrials,-0.034453333333333336
2020-06-26,Industrials,-0.07478088235294118
2020-06-29,Industrials,0.016998148148148148
2020-06-30,Industrials,0.22736607142857143
2020-07-01,Industrials,0.04238000000000001
2020-07-02,Industrials,0.26006111111111113
2020-07-06,Industrials,0.027878124999999997
2020-07-07,Industrials,0.008782727272727272
2020-07-08,Industrials,-0.06824285714285713
2020-07-09,Industrials,0.134395
2020-07-10,Industrials,0.018888888888888917
2020-07-13,Industrials,-0.10286190476190478
2020-07-14,Industrials,0.17143333333333333
2020-07-15,Industrials,0.09359300000000001
2020-07-16,Industrials,0.16625
2020-07-17,Industrials,0.0036750000000000003
2020-07-20,Industrials,0.1124625
2020-07-21,Industrials,0.2762636363636364
2020-07-22,Industrials,0.13295714285714286
2020-07-23,Industrials,-0.003961111111111119
2020-07-24,Industrials,0.2657075
2020-07-27,Industrials,0.22818750000000002
2020-07-28,Industrials,0.15834166666666666
2020-07-29,Industrials,0.12604796052631578
2020-07-30,Industrials,0.06423157051282052
2020-07-31,Industrials,0.0753268376068376
2020-08-03,Industrials,-0.010027999999999999
2020-08-04,Industrials,-0.11562018181818183
2020-08-05,Industrials,0.07183333333333332
2020-08-06,Industrials,0.12022249999999998
2020-08-07,Industrials,0.30506666666666665
2020-08-10,Industrials,-5.416666666667458e-05
2020-08-11,Industrials,0.15898333333333334
2020-08-12,Industrials,0.03422037037037037
2020-08-13,Industrials,0.015781249999999997
2020-08-14,Industrials,-0.11723333333333334
2020-08-17,Industrials,0.008364999999999989
2020-08-18,Industrials,0.15366666666666665
2020-08-19,Industrials,0.39005
2020-08-20,Industrials,0.15887
2020-08-21,Industrials,0.149125
2020-08-24,Industrials,-0.03522
2020-08-25,Industrials,0.32083125
2020-08-26,Industrials,0.1547
2020-08-27,Industrials,-0.13220625
2020-08-28,Industrials,0.07160333333333332
2020-08-31,Industrials,0.0593
2020-09-01,Industrials,0.319384
2020-09-02,Industrials,0.07876666666666667
2020-09-03,Industrials,0.2347888888888889
2020-09-04,Industrials,0.10002916666666667
2020-09-08,Industrials,0.0
2020-09-09,Industrials,-0.039342
2020-09-10,Industrials,0.18708888888888886
2020-09-11,Industrials,0.026699999999999998
2020-09-14,Industrials,0.03738666666666667
2020-09-15,Industrials,0.06623333333333332
2020-09-16,Industrials,0.12875333333333333
2020-09-17,Industrials,0.2909151515151515
2020-09-18,Industrials,0.15977113636363635
2020-09-21,Industrials,0.25960833333333333
2020-09-22,Industrials,0.02266416666666668
2020-09-23,Industrials,0.13790333333333332
2020-09-24,Industrials,0.2731
2020-09-25,Industrials,0.07370555555555554
2020-09-28,Industrials,0.1986263888888889
2020-09-29,Industrials,0.12848799019607843
2020-09-30,Industrials,0.11299999999999999
2020-10-01,Industrials,0.20257966666666666
2020-10-02,Industrials,0.3683609375
2020-10-05,Industrials,0.057825
2020-10-06,Industrials,0.15010619047619045
2020-10-07,Industrials,-0.010366666666666663
2020-10-08,Industrials,0.040188888888888885
2020-10-09,Industrials,0.16759999999999997
2020-10-12,Industrials,0.24649666666666667
2020-10-13,Industrials,0.1533261904761905
2020-10-14,Industrials,0.2329775
2020-10-15,Industrials,0.1843375
2020-10-16,Industrials,0.14697333333333334
2020-10-19,Industrials,0.1785837606837607
2020-10-20,Industrials,0.26793125
2020-10-21,Industrials,0.10388333333333333
2020-10-22,Industrials,0.13165
2020-10-23,Industrials,-0.06998571428571429
2020-10-26,Industrials,0.41064999999999996
2020-10-27,Industrials,0.22682555555555556
2020-10-28,Industrials,-0.021290256410256413
2020-10-29,Industrials,0.13525713636363637
2020-10-30,Industrials,-0.063477
2020-11-02,Industrials,0.07447107142857143
2020-11-03,Industrials,0.15164687500000001
2020-11-04,Industrials,0.20369833333333331
2020-11-05,Industrials,0.22710833333333333
2020-11-06,Industrials,0.09215666666666666
2020-11-09,Industrials,-0.015676190476190472
2020-11-10,Industrials,0.2142726666666667
2020-11-11,Industrials,0.14972791666666668
2020-11-12,Industrials,0.039290000000000005
2020-11-13,Industrials,0.03413333333333333
2020-11-16,Industrials,0.09176
2020-11-17,Industrials,0.13956785714285713
2020-11-18,Industrials,0.14673750000000002
2020-11-19,Industrials,-0.02584111111111111
2020-11-20,Industrials,0.03207619047619047
2020-11-23,Industrials,0.09988222222222222
2020-11-24,Industrials,0.12892571428571428
2020-11-25,Industrials,0.045141190476190474
2020-11-27,Industrials,0.22318666666666664
2020-11-30,Industrials,0.1753095238095238
2020-12-01,Industrials,0.09554457142857144
2020-12-02,Industrials,0.0427625
2020-12-03,Industrials,-0.002611111111111115
2020-12-04,Industrials,0.11542369747899159
2020-12-07,Industrials,0.08516
2020-12-08,Industrials,0.08424583333333333
2020-12-09,Industrials,-0.002047222222222221
2020-12-10,Industrials,-0.04326555555555556
2020-12-11,Industrials,0.0001906666666666765
2020-12-14,Industrials,-0.07586066666666667
2020-12-15,Industrials,0.11666622023809524
2020-12-16,Industrials,0.24858750000000002
2020-12-17,Industrials,0.15357500000000002
2020-12-18,Industrials,0.2356041666666667
2020-12-21,Industrials,0.033405624999999994
2020-12-22,Industrials,0.22704149999999998
2020-12-23,Industrials,0.14149166666666665
2020-12-24,Industrials,0.3579833333333333
2020-12-28,Industrials,0.306025
2020-12-29,Industrials,0.2449357142857143
2020-12-30,Industrials,0.199215
2020-12-31,Industrials,0.072314
2021-01-04,Industrials,0.13057333333333332
2021-01-05,Industrials,0.09613194444444445
2021-01-06,Industrials,0.12036666666666668
2021-01-07,Industrials,0.17658133333333334
2021-01-08,Industrials,-0.07347333333333333
2021-01-11,Industrials,0.0015688888888888864
2021-01-12,Industrials,0.19519062499999998
2021-01-13,Industrials,0.09521666666666667
2021-01-14,Industrials,0.29152954545454546
2021-01-15,Industrials,0.2685444444444444
2021-01-19,Industrials,0.08051
2021-01-20,Industrials,0.029585882352941174
2021-01-21,Industrials,0.029599999999999998
2021-01-22,Industrials,0.020424999999999985
2021-01-25,Industrials,0.165875
2021-01-26,Industrials,0.2363
2021-01-27,Industrials,0.11785958646616541
2021-01-28,Industrials,0.07873224637681159
2021-01-29,Industrials,0.1171835
2021-02-01,Industrials,0.13647291666666667
2021-02-02,Industrials,-0.04230342857142857
2021-02-03,Industrials,0.0316264423076923
2021-02-04,Industrials,0.04631249999999999
2021-02-05,Industrials,0.15385000000000001
2021-02-08,Industrials,-0.019325000000000002
2021-02-09,Industrials,0.22244880952380952
2021-02-10,Industrials,0.07385833333333333
2021-02-11,Industrials,0.11268928571428571
2021-02-12,Industrials,-0.0658375
2021-02-16,Industrials,0.24955833333333335
2021-02-17,Industrials,-0.23104107142857142
2021-02-18,Industrials,0.06664285714285714
2021-02-19,Industrials,0.08548428571428571
2021-02-22,Industrials,0.2694141666666667
2021-02-23,Industrials,0.10063333333333332
2021-02-24,Industrials,0.08562222222222222
2021-02-25,Industrials,-0.08522166666666668
2021-02-26,Industrials,0.1418486111111111
2021-03-01,Industrials,0.01876944444444446
2021-03-02,Industrials,-0.04041875
2021-03-03,Industrials,0.024500000000000004
2021-03-04,Industrials,0.041658928571428576
2021-03-05,Industrials,0.07693749999999999
2021-03-08,Industrials,0.04992857142857143
2021-03-09,Industrials,0.12299833333333332
2021-03-10,Industrials,0.13550555555555555
2021-03-11,Industrials,0.08618269230769232
2021-03-12,Industrials,0.24921733333333335
2021-03-15,Industrials,0.22961666666666666
2021-03-16,Industrials,0.26889166666666664
2021-03-17,Industrials,-0.012766666666666657
2021-03-18,Industrials,-0.015006249999999999
2021-03-19,Industrials,-0.09712999999999998
2021-03-22,Industrials,-0.15037499999999998
2021-03-23,Industrials,0.0628
2021-03-24,Industrials,0.1478125
2021-03-25,Industrials,0.11874166666666666
2021-03-26,Industrials,-0.11333333333333334
2021-03-29,Industrials,0.1983035714285714
2021-03-30,Industrials,0.22221033333333334
2021-03-31,Industrials,0.20733333333333331
2021-04-01,Industrials,0.11216388888888888
2021-04-05,Industrials,0.10879166666666666
2021-04-06,Industrials,0.21229
2021-04-07,Industrials,-0.007865
2021-04-08,Industrials,0.07946666666666666
2021-04-09,Industrials,0.08161666666666666
2021-04-12,Industrials,0.18125761904761906
2021-04-13,Industrials,0.21673333333333333
2021-04-14,Industrials,0.44262500000000005
2021-04-15,Industrials,0.10808958333333332
2021-04-16,Industrials,0.2576666666666667
2021-04-19,Industrials,0.010544444444444448
2021-04-20,Industrials,0.18940875000000001
2021-04-21,Industrials,-0.02722272727272726
2021-04-22,Industrials,0.03623666666666666
2021-04-23,Industrials,0.09017
2021-04-26,Industrials,0.1032
2021-04-27,Industrials,0.11588888888888887
2021-04-28,Industrials,0.1460532490079365
2021-04-29,Industrials,-0.015243368421052627
2021-04-30,Industrials,0.005193461538461541
2021-05-03,Industrials,0.053795000000000016
2021-05-04,Industrials,0.029850476190476195
2021-05-05,Industrials,0.12611
2021-05-06,Industrials,0.19239699999999998
2021-05-07,Industrials,0.2476125
2021-05-10,Industrials,0.03263333333333333
2021-05-11,Industrials,0.2396625
2021-05-12,Industrials,0.07876250000000001
2021-05-13,Industrials,0.08220857142857144
2021-05-14,Industrials,0.12295
2021-05-17,Industrials,0.07574999999999998
2021-05-18,Industrials,0.18967678571428573
2021-05-19,Industrials,0.007116
2021-05-20,Industrials,0.07492499999999999
2021-05-21,Industrials,0.23156666666666667
2021-05-24,Industrials,0.401575
2021-05-25,Industrials,0.242425
2021-05-26,Industrials,0.0
2021-05-27,Industrials,0.060494444444444434
2021-05-28,Industrials,0.09299722222222222
2021-06-01,Industrials,0.0903
2021-06-02,Industrials,0.177825
2021-06-03,Industrials,0.10194999999999999
2021-06-04,Industrials,0.21451666666666666
2021-06-07,Industrials,0.17345
2021-06-08,Industrials,0.28919375
2021-06-09,Industrials,0.09484999999999999
2021-06-10,Industrials,0.1134875
2021-06-11,Industrials,0.13849166666666668
2021-06-14,Industrials,0.4711666666666667
2021-06-15,Industrials,0.10606666666666666
2021-06-16,Industrials,-0.015422222222222219
2021-06-17,Industrials,0.3181916666666667
2021-06-18,Industrials,0.0
2021-06-21,Industrials,0.021900000000000003
2021-06-22,Industrials,0.2021833333333333
2021-06-23,Industrials,-0.12955000000000003
2021-06-24,Industrials,0.0734
2021-06-25,Industrials,0.022477777777777777
2021-06-28,Industrials,0.02783333333333333
2021-06-29,Industrials,0.2569
2021-06-30,Industrials,0.21865
2021-07-01,Industrials,0.05084444444444444
2021-07-02,Industrials,0.26194999999999996
2021-07-06,Industrials,0.01896666666666667
2021-07-07,Industrials,0.003350000000000001
2021-07-08,Industrials,0.31461666666666666
2021-07-09,Industrials,0.21785
2021-07-12,Industrials,0.052075
2021-07-13,Industrials,0.2759333333333333
2021-07-14,Industrials,-0.1426
2021-07-15,Industrials,0.0734
2021-07-16,Industrials,0.0
2021-07-19,Industrials,0.18765
2021-07-20,Industrials,0.0732375
2021-07-21,Industrials,0.0
2021-07-22,Industrials,0.09875
2021-07-23,Industrials,0.09079166666666667
2021-07-26,Industrials,0.120925
2021-07-27,Industrials,-0.051427777777777774
2021-07-28,Industrials,0.09802751322751323
2021-07-29,Industrials,0.34976666666666667
2021-07-30,Industrials,0.18498333333333336
2021-08-02,Industrials,0.11923666666666667
2021-08-03,Industrials,0.13745555555555555
2021-08-04,Industrials,0.10115
2021-08-05,Industrials,0.15796666666666667
2021-08-06,Industrials,0.17696875
2021-08-09,Industrials,0.01465000000000001
2021-08-10,Industrials,0.27615555555555554
2021-08-11,Industrials,0.12112222222222223
2021-08-12,Industrials,-0.08194250000000002
2021-08-13,Industrials,0.0
2021-08-16,Industrials,-0.074
2021-08-17,Industrials,0.05903124999999998
2021-08-18,Industrials,0.1858
2021-08-19,Industrials,-0.03160000000000002
2021-08-20,Industrials,0.105375
2021-08-23,Industrials,-0.2615
2021-08-24,Industrials,0.24468888888888887
2021-08-25,Industrials,0.27225
2021-08-26,Industrials,0.0605
2021-08-27,Industrials,0.0
2021-08-30,Industrials,0.23790416666666667
2021-08-31,Industrials,0.06201111111111112
2021-09-01,Industrials,0.316875
2021-09-02,Industrials,0.0
2021-09-03,Industrials,0.007816666666666658
2021-09-07,Industrials,0.03136666666666666
2021-09-08,Industrials,0.19976
2021-09-09,Industrials,0.2609111111111111
2021-09-10,Industrials,0.0
2021-09-13,Industrials,-0.0308875
2021-09-14,Industrials,0.10145555555555556
2021-09-15,Industrials,0.03288888888888889
2021-09-16,Industrials,-0.016250000000000004
2021-09-17,Industrials,0.06698333333333333
2021-09-20,Industrials,0.0
2021-09-21,Industrials,-0.0031624999999999917
2021-09-22,Industrials,-0.03771666666666667
2021-09-23,Industrials,0.0367
2021-09-24,Industrials,0.33011666666666667
2021-09-27,Industrials,0.021333333333333333
2021-09-28,Industrials,0.053470000000000004
2021-09-29,Industrials,0.28683333333333333
2021-09-30,Industrials,0.21075
2021-10-01,Industrials,0.17415833333333333
2021-10-04,Industrials,0.21075
2021-10-05,Industrials,0.1209325
2021-10-06,Industrials,0.024666666666666667
2021-10-07,Industrials,-0.239035
2021-10-08,Industrials,0.0
2021-10-11,Industrials,0.09792500000000001
2021-10-12,Industrials,0.4694
2021-10-13,Industrials,0.0
2021-10-14,Industrials,0.120625
2021-10-15,Industrials,0.24571666666666667
2021-10-18,Industrials,0.2022625
2021-10-19,Industrials,0.15556666666666666
2021-10-20,Industrials,0.11291111111111111
2021-10-21,Industrials,0.03675000000000001
2021-10-22,Industrials,0.06555
2021-10-25,Industrials,0.10415
2021-10-26,Industrials,0.03767916666666668
2021-10-27,Industrials,0.06929833333333334
2021-10-28,Industrials,0.01379166666666666
2021-10-29,Industrials,0.1777822727272727
2021-11-01,Industrials,0.021016666666666666
2021-11-02,Industrials,0.21230000000000002
2021-11-03,Industrials,0.04098333333333334
2021-11-04,Industrials,0.09038333333333333
2021-11-05,Industrials,-0.06159999999999999
2021-11-08,Industrials,0.39923333333333333
2021-11-09,Industrials,0.01187083333333333
2021-11-10,Industrials,0.0876828125
2021-11-11,Industrials,-0.12043958333333335
2021-11-12,Industrials,0.16726875
2021-11-15,Industrials,0.3410125
2021-11-16,Industrials,0.28321875
2021-11-17,Industrials,0.08808125
2021-11-18,Industrials,0.09074166666666666
2021-11-19,Industrials,0.13674999999999998
2021-11-22,Industrials,-0.22212500000000002
2021-11-23,Industrials,0.11390625
2021-11-24,Industrials,0.1144
2021-11-26,Industrials,0.0
2021-11-29,Industrials,0.04
2021-11-30,Industrials,0.025325
2021-12-01,Industrials,0.10711666666666668
2021-12-02,Industrials,-0.14498333333333333
2021-12-03,Industrials,-0.0042499999999999994
2021-12-06,Industrials,0.21230000000000002
2021-12-07,Industrials,0.2990433333333333
2021-12-08,Industrials,0.169425
2021-12-09,Industrials,-0.033874999999999995
2021-12-10,Industrials,0.20421666666666663
2021-12-13,Industrials,0.1676166666666667
2021-12-14,Industrials,-0.03610833333333333
2021-12-15,Industrials,0.1726625
2021-12-16,Industrials,0.04408055555555556
2021-12-17,Industrials,-0.027255
2021-12-20,Industrials,0.04993285714285715
2021-12-21,Industrials,0.019167499999999983
2021-12-22,Industrials,0.14756916666666667
2021-12-23,Industrials,0.335775
2021-12-27,Industrials,0.03322
2021-12-28,Industrials,0.268165
2021-12-29,Industrials,-0.06000833333333333
2021-12-30,Industrials,0.13081666666666666
2021-12-31,Industrials,0.105375
2022-01-03,Industrials,0.0
2022-01-04,Industrials,0.24409
2022-01-05,Industrials,0.164325
2022-01-06,Industrials,0.11132222222222223
2022-01-07,Industrials,0.033716666666666666
2022-01-10,Industrials,0.07914625
2022-01-11,Industrials,0.1759342857142857
2022-01-12,Industrials,0.088235
2022-01-13,Industrials,0.3119604166666667
2022-01-14,Industrials,0.021233333333333326
2022-01-18,Industrials,0.23939444444444447
2022-01-19,Industrials,0.06635179487179486
2022-01-20,Industrials,0.13188
2022-01-21,Industrials,0.16089933333333334
2022-01-24,Industrials,0.02202
2022-01-25,Industrials,0.149028
2022-01-26,Industrials,0.10481539969834089
2022-01-27,Industrials,0.0781668115942029
2022-01-28,Industrials,0.21377374999999998
2022-01-31,Industrials,0.1273485
2022-02-01,Industrials,0.16099541666666667
2022-02-02,Industrials,-0.008865131578947368
2022-02-03,Industrials,0.10822291666666667
2022-02-04,Industrials,0.1491925
2022-02-07,Industrials,0.3951666666666667
2022-02-08,Industrials,0.269025
2022-02-09,Industrials,0.016624999999999987
2022-02-10,Industrials,0.10115
2022-02-11,Industrials,0.022134
2022-02-14,Industrials,0.08159666666666668
2022-02-15,Industrials,-0.09982291666666666
2022-02-16,Industrials,0.1789277777777778
2022-02-17,Industrials,0.06117857142857143
2022-02-18,Industrials,0.058735
2022-02-22,Industrials,0.030375000000000003
2022-02-23,Industrials,0.057178124999999996
2022-02-24,Industrials,-0.08688749999999999
2022-02-25,Industrials,0.05779583333333334
2022-02-28,Industrials,0.038463333333333335
2022-03-01,Industrials,0.18222
2022-03-02,Industrials,0.1485591666666667
2022-03-03,Industrials,0.12981916666666665
2022-03-04,Industrials,0.17447083333333332
2022-03-07,Industrials,0.13381666666666664
2022-03-08,Industrials,0.1820041666666667
2022-03-09,Industrials,-0.0048099999999999974
2022-03-10,Industrials,0.14688380952380953
2022-03-11,Industrials,-0.03280285714285714
2022-03-14,Industrials,0.11408
2022-03-15,Industrials,0.27364
2022-03-16,Industrials,0.17776666666666668
2022-03-17,Industrials,0.014843650793650793
2022-03-18,Industrials,0.21150454545454545
2022-03-21,Industrials,-0.02675470085470084
2022-03-22,Industrials,0.030477999999999995
2022-03-23,Industrials,-0.15815833333333335
2022-03-24,Industrials,0.009011111111111112
2022-03-25,Industrials,-0.059276190476190475
2022-03-28,Industrials,0.24655
2022-03-29,Industrials,0.21774166666666667
2022-03-30,Industrials,0.12603266666666668
2022-03-31,Industrials,0.3782277777777778
2022-04-01,Industrials,0.20839333333333335
2022-04-04,Industrials,-0.054279999999999995
2022-04-05,Industrials,0.150995
2022-04-06,Industrials,0.025967619047619052
2022-04-07,Industrials,0.1346275
2022-04-08,Industrials,0.06450357142857142
2022-04-11,Industrials,0.12462499999999999
2022-04-12,Industrials,0.02846527777777778
2022-04-13,Industrials,0.08248833333333333
2022-04-14,Industrials,0.018233333333333334
2022-04-18,Industrials,0.1097
2022-04-19,Industrials,0.040125
2022-04-20,Industrials,0.06418499999999999
2022-04-21,Industrials,0.10845400000000001
2022-04-22,Industrials,0.2278
2022-04-25,Industrials,-0.08736000000000001
2022-04-26,Industrials,0.16140285714285713
2022-04-27,Industrials,-0.023898813852813856
2022-04-28,Industrials,0.05259499999999999
2022-04-29,Industrials,0.043520714285714274
2022-05-02,Industrials,0.2221973333333333
2022-05-03,Industrials,0.06344066666666666
2022-05-04,Industrials,0.2925
2022-05-05,Industrials,0.11836666666666666
2022-05-06,Industrials,0.0011606666666666653
2022-05-09,Industrials,0.1623333333333333
2022-05-10,Industrials,0.1487765
2022-05-11,Industrials,0.05308958333333333
2022-05-12,Industrials,0.0881952380952381
2022-05-13,Industrials,0.14164166666666667
2022-05-16,Industrials,0.058140833333333336
2022-05-17,Industrials,0.137495
2022-05-18,Industrials,0.11529199999999999
2022-05-19,Industrials,0.00029333333333333436
2022-05-20,Industrials,0.3299611111111111
2022-05-23,Industrials,0.1420435185185185
2022-05-24,Industrials,0.16016458333333333
2022-05-25,Industrials,0.42611333333333334
2022-05-26,Industrials,0.2593816666666667
2022-05-27,Industrials,0.07302916666666667
2022-05-31,Industrials,0.12723666666666666
2022-06-01,Industrials,0.372985
2022-06-02,Industrials,0.238698
2022-06-03,Industrials,0.048078333333333334
2022-06-06,Industrials,0.14037777777777777
2022-06-07,Industrials,0.021065000000000007
2022-06-08,Industrials,0.32036000000000003
2022-06-09,Industrials,0.0043875000000000025
2022-06-10,Industrials,0.26386729166666667
2022-06-13,Industrials,0.06280833333333334
2022-06-14,Industrials,-0.012410000000000004
2022-06-15,Industrials,0.18406466666666668
2022-06-16,Industrials,0.17115181818181818
2022-06-17,Industrials,0.07423400000000001
2022-06-21,Industrials,0.23881666666666668
2022-06-22,Industrials,0.18726833333333331
2022-06-23,Industrials,-0.030042777777777797
2022-06-24,Industrials,0.130004
2022-06-27,Industrials,0.0053888888888888875
2022-06-28,Industrials,0.12119071428571429
2022-06-29,Industrials,0.046588571428571424
2022-06-30,Industrials,0.17250666666666667
2022-07-01,Industrials,0.32361666666666666
2022-07-05,Industrials,0.08596666666666668
2022-07-06,Industrials,0.20935624999999997
2022-07-07,Industrials,0.153915
2022-07-08,Industrials,0.0772725
2022-07-11,Industrials,0.10615000000000001
2022-07-12,Industrials,0.15744583333333334
2022-07-13,Industrials,0.08079499999999999
2022-07-14,Industrials,0.18887666666666666
2022-07-15,Industrials,0.14362333333333333
2022-07-18,Industrials,-0.02206666666666666
2022-07-19,Industrials,0.15897333333333336
2022-07-20,Industrials,0.15259999999999999
2022-07-21,Industrials,0.08749285714285715
2022-07-22,Industrials,-0.012761111111111117
2022-07-25,Industrials,0.0429
2022-07-26,Industrials,0.04014285714285714
2022-07-27,Industrials,0.15592435515873015
2022-07-28,Industrials,0.0
2022-07-29,Industrials,0.0796079365079365
2022-08-01,Industrials,0.20095
2022-08-02,Industrials,0.21866125
2022-08-03,Industrials,-0.0008807692307692266
2022-08-04,Industrials,0.1887333333333333
2022-08-05,Industrials,0.0
2022-08-08,Industrials,0.05940833333333334
2022-08-09,Industrials,0.26183333333333336
2022-08-10,Industrials,-0.024024999999999998
2022-08-11,Industrials,0.10863611111111111
2022-08-12,Industrials,0.08121666666666667
2022-08-15,Industrials,0.27624444444444446
2022-08-16,Industrials,0.33145
2022-08-17,Industrials,-0.15630000000000002
2022-08-18,Industrials,0.02928333333333334
2022-08-19,Industrials,0.016283333333333358
2022-08-22,Industrials,0.06363333333333333
2022-08-23,Industrials,0.19870119047619048
2022-08-24,Industrials,0.18076666666666666
2022-08-25,Industrials,0.132375
2022-08-26,Industrials,0.1988
2022-08-29,Industrials,-0.039838888888888875
2022-08-30,Industrials,0.04326
2022-08-31,Industrials,0.17825625
2022-09-01,Industrials,0.19134444444444443
2022-09-02,Industrials,0.22688125
2022-09-06,Industrials,0.11890833333333334
2022-09-07,Industrials,0.23642416666666666
2022-09-08,Industrials,0.108
2022-09-09,Industrials,0.006420833333333348
2022-09-12,Industrials,0.020516666666666673
2022-09-13,Industrials,0.1297275
2022-09-14,Industrials,0.31264375
2022-09-15,Industrials,0.10716875000000001
2022-09-16,Industrials,-0.0191375
2022-09-19,Industrials,0.20082941176470584
2022-09-20,Industrials,0.29500198412698414
2022-09-21,Industrials,0.13586666666666666
2022-09-22,Industrials,0.07903333333333333
2022-09-23,Industrials,-0.018159166666666657
2022-09-26,Industrials,0.09150000000000001
2022-09-27,Industrials,-0.0005812499999999967
2022-09-28,Industrials,0.054675
2022-09-29,Industrials,0.017911111111111124
2022-09-30,Industrials,0.0572
2022-10-03,Industrials,0.1468
2022-10-04,Industrials,0.2319
2022-10-05,Industrials,0.0456625
2022-10-06,Industrials,0.3094222222222222
2022-10-07,Industrials,0.15805
2022-10-10,Industrials,0.020768749999999996
2022-10-11,Industrials,0.138075
2022-10-12,Industrials,0.2917666666666667
2022-10-13,Industrials,0.4334
2022-10-14,Industrials,0.0990375
2022-10-17,Industrials,0.16516666666666666
2022-10-18,Industrials,-0.0929
2022-10-19,Industrials,0.11238124999999999
2022-10-20,Industrials,0.02971666666666667
2022-10-21,Industrials,0.16829166666666667
2022-10-24,Industrials,0.25155
2022-10-25,Industrials,0.12465277777777778
2022-10-26,Industrials,0.04207161172161172
2022-10-27,Industrials,0.03804333333333333
2022-10-28,Industrials,0.2708027777777778
2022-10-31,Industrials,0.19216249999999999
2022-11-01,Industrials,0.18771666666666667
2022-11-02,Industrials,0.11333333333333334
2022-11-03,Industrials,0.1909
2022-11-04,Industrials,0.02967333333333333
2022-11-07,Industrials,0.1975
2022-11-08,Industrials,0.0
2022-11-09,Industrials,0.06558749999999999
2022-11-10,Industrials,0.14049999999999999
2022-11-11,Industrials,0.12166666666666666
2022-11-14,Industrials,0.3236833333333333
2022-11-15,Industrials,-0.042475000000000006
2022-11-16,Industrials,0.13238333333333333
2022-11-17,Industrials,0.111025
2022-11-18,Industrials,0.15380833333333332
2022-11-21,Industrials,-0.042666666666666665
2022-11-22,Industrials,0.10607777777777778
2022-11-23,Industrials,0.18368416666666665
2022-11-25,Industrials,0.0
2022-11-28,Industrials,0.0
2022-11-29,Industrials,0.0073824999999999984
2022-11-30,Industrials,0.14984999999999998
2022-12-01,Industrials,0.12834166666666666
2022-12-02,Industrials,0.2927666666666667
2022-12-05,Industrials,-0.061720000000000004
2022-12-06,Industrials,0.07052083333333334
2022-12-07,Industrials,-0.25024444444444444
2022-12-08,Industrials,0.2294
2022-12-09,Industrials,0.1554875
2022-12-12,Industrials,0.18409999999999999
2022-12-13,Industrials,-0.04855555555555555
2022-12-14,Industrials,0.26115
2022-12-15,Industrials,0.312325
2022-12-16,Industrials,0.16564
2022-12-19,Industrials,0.040560000000000006
2022-12-20,Industrials,0.1978125
2022-12-21,Industrials,0.14748124999999998
2022-12-22,Industrials,0.4428011904761905
2022-12-23,Industrials,0.15383333333333332
2022-12-27,Industrials,0.06258749999999999
2022-12-28,Industrials,0.14013125
2022-12-29,Industrials,0.0808611111111111
2022-12-30,Industrials,0.06812708333333334
2023-01-03,Industrials,0.15535000000000002
2023-01-04,Industrials,0.07790666666666667
2023-01-05,Industrials,0.09634722222222224
2023-01-06,Industrials,0.16421249999999998
2023-01-09,Industrials,0.0252875
2023-01-10,Industrials,0.21470625000000002
2023-01-11,Industrials,0.19649642857142857
2023-01-12,Industrials,0.005500000000000005
2023-01-13,Industrials,0.14440208333333332
2023-01-17,Industrials,0.047075000000000006
2023-01-18,Industrials,0.26986875
2023-01-19,Industrials,-0.11969375000000002
2023-01-20,Industrials,0.0634125
2023-01-23,Industrials,-0.00526666666666666
2023-01-24,Industrials,0.22932607142857145
2023-01-25,Industrials,0.0818780303030303
2023-01-26,Industrials,0.09866666666666667
2023-01-27,Industrials,0.03142321428571428
2023-01-30,Industrials,0.18764444444444442
2023-01-31,Industrials,-0.006570000000000001
2023-02-01,Industrials,0.1957298039215686
2023-02-02,Industrials,0.09509999999999999
2023-02-03,Industrials,0.22139999999999999
2023-02-06,Industrials,0.28540625
2023-02-07,Industrials,0.11857222222222223
2023-02-08,Industrials,-0.06819999999999998
2023-02-09,Industrials,0.3160833333333333
2023-02-10,Industrials,0.13476666666666667
2023-02-13,Industrials,0.0
2023-02-14,Industrials,0.14845000000000003
2023-02-15,Industrials,0.10818222222222222
2023-02-16,Industrials,0.024716666666666665
2023-02-17,Industrials,0.17239374999999998
2023-02-21,Industrials,0.03679166666666666
2023-02-22,Industrials,0.24467125
2023-02-23,Industrials,0.0
2023-02-24,Industrials,0.061254166666666665
2023-02-27,Industrials,0.04507777777777778
2023-02-28,Industrials,0.08860625
2023-03-01,Industrials,0.2218611111111111
2023-03-02,Industrials,0.055325
2023-03-03,Industrials,0.33355
2023-03-06,Industrials,0.14519583333333333
2023-03-07,Industrials,0.20092500000000002
2023-03-08,Industrials,0.2940583333333333
2023-03-09,Industrials,0.18509166666666665
2023-03-10,Industrials,0.101525
2023-03-13,Industrials,0.12855535714285715
2023-03-14,Industrials,0.165595
2023-03-15,Industrials,0.26141666666666663
2023-03-16,Industrials,0.057975000000000006
2023-03-17,Industrials,0.3712
2023-03-20,Industrials,0.0691
2023-03-21,Industrials,0.09899583333333334
2023-03-22,Industrials,0.32455000000000006
2023-03-23,Industrials,0.20865
2023-03-24,Industrials,0.13006666666666666
2023-03-27,Industrials,0.09073333333333335
2023-03-28,Industrials,0.18905
2023-03-29,Industrials,0.10886250000000001
2023-03-30,Industrials,0.062268750000000005
2023-03-31,Industrials,0.3257777777777778
2023-04-03,Industrials,-0.049244444444444445
2023-04-04,Industrials,0.11641875000000002
2023-04-05,Industrials,0.09211696428571428
2023-04-06,Industrials,0.04348888888888889
2023-04-10,Industrials,0.055755
2023-04-11,Industrials,0.16179062500000002
2023-04-12,Industrials,-0.02064166666666667
2023-04-13,Industrials,0.07866583333333332
2023-04-14,Industrials,0.2989
2023-04-17,Industrials,0.15686458333333334
2023-04-18,Industrials,0.1173525
2023-04-19,Industrials,0.073225
2023-04-20,Industrials,0.12508750000000002
2023-04-21,Industrials,0.084505
2023-04-24,Industrials,0.16451333333333332
2023-04-25,Industrials,0.07403645833333333
2023-04-26,Industrials,0.06197989926739927
2023-04-27,Industrials,0.1509109375
2023-04-28,Industrials,0.049025000000000006
2023-05-01,Industrials,0.050658333333333326
2023-05-02,Industrials,0.13288124999999998
2023-05-03,Industrials,0.104525
2023-05-04,Industrials,0.12727083333333333
2023-05-05,Industrials,0.37652291666666665
2023-05-08,Industrials,-0.212675
2023-05-09,Industrials,0.10258333333333333
2023-05-10,Industrials,0.20725000000000002
2023-05-11,Industrials,0.08935
2023-05-12,Industrials,0.0
2023-05-15,Industrials,0.0924
2023-05-16,Industrials,0.15685
2023-05-17,Industrials,0.05296666666666667
2023-05-18,Industrials,0.083225
2023-05-19,Industrials,0.024666666666666667
2023-05-22,Industrials,0.0947
2023-05-23,Industrials,0.2014407738095238
2023-05-24,Industrials,0.21075
2023-05-25,Industrials,0.056196031746031744
2023-05-26,Industrials,0.1388
2023-05-30,Industrials,0.156225
2023-05-31,Industrials,0.08677916666666666
2023-06-01,Industrials,0.08707916666666667
2023-06-02,Industrials,0.13343833333333333
2023-06-05,Industrials,0.19516309523809525
2023-06-06,Industrials,0.09764285714285714
2023-06-07,Industrials,0.3511
2023-06-08,Industrials,0.13350833333333334
2023-06-09,Industrials,0.11851666666666667
2023-06-12,Industrials,0.044430555555555556
2023-06-13,Industrials,0.15180625
2023-06-14,Industrials,0.095625
2023-06-15,Industrials,0.19939500000000002
2023-06-16,Industrials,0.09799791666666666
2023-06-20,Industrials,0.150125
2023-06-21,Industrials,0.12289155844155844
2023-06-22,Industrials,-0.10361869047619046
2023-06-23,Industrials,0.037312500000000005
2023-06-26,Industrials,0.08075
2023-06-27,Industrials,0.21286190476190478
2023-06-28,Industrials,0.03852777777777778
2023-06-29,Industrials,0.09438333333333333
2023-06-30,Industrials,0.0595875
2023-07-03,Industrials,0.1541875
2023-07-05,Industrials,0.11665541666666666
2023-07-06,Industrials,0.25317673076923075
2023-07-07,Industrials,0.06319
2023-07-10,Industrials,-0.04826874999999999
2023-07-11,Industrials,0.06498095238095239
2023-07-12,Industrials,0.1396375
2023-07-13,Industrials,0.03338333333333333
2023-07-14,Industrials,0.10622916666666667
2023-07-17,Industrials,0.09048333333333335
2023-07-18,Industrials,0.013412500000000004
2023-07-19,Industrials,0.27757916666666665
2023-07-20,Industrials,0.19642232142857144
2023-07-21,Industrials,-0.03149999999999999
2023-07-24,Industrials,0.09700625
2023-07-25,Industrials,0.22409374999999998
2023-07-26,Industrials,0.027682667876588032
2023-07-27,Industrials,-0.07982020833333332
2023-07-28,Industrials,0.2010175
2023-07-31,Industrials,-0.007356250000000002
2023-08-01,Industrials,0.08997673913043477
2023-08-02,Industrials,0.08856634615384616
2023-08-03,Industrials,0.07438362745098039
2023-08-04,Industrials,0.11938333333333334
2023-08-07,Industrials,0.14387083333333334
2023-08-08,Industrials,0.0734125
2023-08-09,Industrials,0.07704375
2023-08-10,Industrials,0.15284555555555554
2023-08-11,Industrials,-0.04013333333333333
2023-08-14,Industrials,0.07416625
2023-08-15,Industrials,0.07925
2023-08-16,Industrials,0.1572125
2023-08-17,Industrials,0.22486874999999998
2023-08-18,Industrials,0.024014285714285714
2023-08-21,Industrials,-0.054275000000000004
2023-08-22,Industrials,0.10876000000000001
2023-08-23,Industrials,0.2086
2023-08-24,Industrials,0.0905675
2023-08-25,Industrials,0.16195
2023-08-28,Industrials,0.03430875
2023-08-29,Industrials,-0.002314473684210526
2023-08-30,Industrials,-0.020655952380952386
2023-08-31,Industrials,0.09729166666666667
2023-09-01,Industrials,0.07747583333333334
2023-09-05,Industrials,0.16385833333333333
2023-09-06,Industrials,0.16022583333333335
2023-09-07,Industrials,0.10459166666666667
2023-09-08,Industrials,0.236175
2023-09-11,Industrials,0.09179444444444444
2023-09-12,Industrials,0.11221125
2023-09-13,Industrials,0.14891958333333336
2023-09-14,Industrials,0.07921357142857142
2023-09-15,Industrials,0.12057499999999999
2023-09-18,Industrials,0.09773333333333332
2023-09-19,Industrials,0.11624513888888889
2023-09-20,Industrials,0.15281488095238094
2023-09-21,Industrials,0.07756111111111111
2023-09-22,Industrials,0.16030255952380953
2023-09-25,Industrials,0.2612083333333334
2023-09-26,Industrials,0.18737916666666668
2023-09-27,Industrials,0.16012291666666667
2023-09-28,Industrials,0.23609416666666666
2023-09-29,Industrials,0.06306428571428571
2023-10-02,Industrials,0.21971944444444447
2023-10-03,Industrials,0.1732149404761905
2023-10-04,Industrials,0.10146866666666665
2023-10-05,Industrials,0.06546041666666666
2023-10-06,Industrials,0.099449
2023-10-09,Industrials,0.00724583333333334
2023-10-10,Industrials,-0.03181133333333334
2023-10-11,Industrials,0.11699650793650793
2023-10-12,Industrials,0.1873086666666667
2023-10-13,Industrials,0.18486979166666667
2023-10-16,Industrials,0.0393875
2023-10-17,Industrials,0.07817066666666667
2023-10-18,Industrials,0.04931666666666667
2023-10-19,Industrials,0.04653035714285715
2023-10-20,Industrials,0.08238035714285716
2023-10-23,Industrials,-0.0023103333333333365
2023-10-24,Industrials,0.18046871794871794
2023-10-25,Industrials,0.21054608695652174
2023-10-26,Industrials,0.07482166666666666
2023-10-27,Industrials,0.0673647619047619
2023-10-30,Industrials,-0.08440133333333333
2023-10-31,Industrials,0.17276153846153847
2023-11-01,Industrials,0.09792190476190477
2023-11-02,Industrials,0.12493000000000001
2023-11-03,Industrials,0.18584833333333334
2023-11-06,Industrials,-0.02734444444444444
2023-11-07,Industrials,0.13376266666666667
2023-11-08,Industrials,0.08329666666666667
2023-11-09,Industrials,0.09008666666666668
2023-11-10,Industrials,0.2266125
2023-11-13,Industrials,0.0669125
2023-11-14,Industrials,0.0125175
2023-11-15,Industrials,0.07244125000000001
2023-11-16,Industrials,0.13190119047619048
2023-11-17,Industrials,0.13330599999999998
2023-11-20,Industrials,0.21380249999999998
2023-11-21,Industrials,-0.002245833333333336
2023-11-22,Industrials,0.08501333333333334
2023-11-24,Industrials,0.15327833333333332
2023-11-27,Industrials,0.18858465909090907
2023-11-28,Industrials,0.03903
2023-11-29,Industrials,0.026967187499999996
2023-11-30,Industrials,0.11957333333333335
2023-12-01,Industrials,0.08169
2023-12-04,Industrials,0.0364125
2023-12-05,Industrials,0.1330738095238095
2023-12-06,Industrials,-0.06629
2023-12-07,Industrials,0.08270666666666668
2023-12-08,Industrials,-0.054916666666666655
2023-12-11,Industrials,0.027591666666666667
2023-12-12,Industrials,0.08081247619047618
2023-12-13,Industrials,0.24736833333333333
2023-12-14,Industrials,0.14791819047619048
2023-12-15,Industrials,0.11304166666666667
2023-12-18,Industrials,0.074
2023-12-19,Industrials,0.23579380952380954
2023-12-20,Industrials,0.0
2023-12-21,Industrials,0.0
2023-12-22,Industrials,0.0
2023-12-26,Industrials,0.0
2023-12-27,Industrials,0.0
2023-12-28,Industrials,0.0
2023-12-29,Industrials,0.0
2020-01-03,Materials,0.18291666666666664
2020-01-06,Materials,-0.07075000000000001
2020-01-07,Materials,-0.069765
2020-01-08,Materials,0.12726666666666667
2020-01-09,Materials,-0.09959999999999998
2020-01-10,Materials,0.04242222222222222
2020-01-13,Materials,-0.10715
2020-01-14,Materials,0.32985
2020-01-15,Materials,0.041999999999999996
2020-01-16,Materials,0.17298333333333335
2020-01-17,Materials,0.1101
2020-01-21,Materials,0.31393333333333334
2020-01-22,Materials,0.012607499999999997
2020-01-23,Materials,-0.09866666666666667
2020-01-24,Materials,0.09407
2020-01-27,Materials,0.14948
2020-01-28,Materials,-0.001841666666666665
2020-01-29,Materials,0.167525
2020-01-30,Materials,0.10520714285714287
2020-01-31,Materials,-0.03300801282051283
2020-02-03,Materials,-0.004168333333333333
2020-02-04,Materials,0.1773375
2020-02-05,Materials,0.0676375
2020-02-06,Materials,0.08045
2020-02-07,Materials,0.06415138888888888
2020-02-10,Materials,0.012288888888888886
2020-02-11,Materials,0.23231333333333332
2020-02-12,Materials,0.11732800000000002
2020-02-13,Materials,0.074
2020-02-14,Materials,0.045804761904761904
2020-02-18,Materials,-0.027325
2020-02-19,Materials,0.12242444444444445
2020-02-20,Materials,0.024666666666666667
2020-02-21,Materials,0.07668787878787879
2020-02-24,Materials,0.14083333333333334
2020-02-25,Materials,0.06621083333333333
2020-02-26,Materials,0.047772222222222216
2020-02-27,Materials,0.0717
2020-02-28,Materials,0.06768035714285714
2020-03-02,Materials,0.12376944444444445
2020-03-03,Materials,0.031938333333333326
2020-03-04,Materials,0.16643
2020-03-05,Materials,0.29361666666666664
2020-03-06,Materials,0.07202222222222222
2020-03-09,Materials,-0.018600000000000005
2020-03-10,Materials,0.06842916666666665
2020-03-11,Materials,0.07413541666666666
2020-03-12,Materials,0.1188277777777778
2020-03-13,Materials,-0.08786000000000001
2020-03-16,Materials,0.1404111111111111
2020-03-17,Materials,-0.004050000000000012
2020-03-18,Materials,0.17584722222222224
2020-03-19,Materials,-0.039566666666666674
2020-03-20,Materials,0.14099333333333333
2020-03-23,Materials,0.10615000000000001
2020-03-24,Materials,0.17433285714285712
2020-03-25,Materials,0.31854
2020-03-26,Materials,0.123475
2020-03-27,Materials,0.12073833333333332
2020-03-30,Materials,0.32342499999999996
2020-03-31,Materials,0.03359833333333334
2020-04-01,Materials,0.224695
2020-04-02,Materials,0.05939333333333333
2020-04-03,Materials,0.06322777777777777
2020-04-06,Materials,0.08589999999999999
2020-04-07,Materials,0.09356
2020-04-08,Materials,0.46621250000000003
2020-04-09,Materials,0.22547666666666666
2020-04-13,Materials,0.1181393650793651
2020-04-14,Materials,0.06534738095238095
2020-04-15,Materials,-0.014166666666666666
2020-04-16,Materials,-0.06519325396825397
2020-04-17,Materials,0.08621000000000001
2020-04-20,Materials,0.4074
2020-04-21,Materials,0.21026666666666666
2020-04-22,Materials,-0.1038888888888889
2020-04-23,Materials,0.17389375
2020-04-24,Materials,0.14747485714285716
2020-04-27,Materials,-0.08644444444444445
2020-04-28,Materials,0.2466066666666667
2020-04-29,Materials,0.053927666666666665
2020-04-30,Materials,0.2898885714285714
2020-05-01,Materials,0.08851571428571428
2020-05-04,Materials,0.03609166666666666
2020-05-05,Materials,0.029556666666666665
2020-05-06,Materials,0.20078104166666666
2020-05-07,Materials,-0.03633571428571429
2020-05-08,Materials,0.14205333333333334
2020-05-11,Materials,0.10613194444444445
2020-05-12,Materials,0.098585
2020-05-13,Materials,0.0698711111111111
2020-05-14,Materials,0.12516514285714284
2020-05-15,Materials,0.114235
2020-05-18,Materials,0.24078472222222225
2020-05-19,Materials,0.045408333333333335
2020-05-20,Materials,0.20875833333333332
2020-05-21,Materials,0.09538444444444444
2020-05-22,Materials,0.1822333333333333
2020-05-26,Materials,0.11404
2020-05-27,Materials,0.040355555555555554
2020-05-28,Materials,0.25149583333333336
2020-05-29,Materials,0.118975
2020-06-01,Materials,0.11206666666666666
2020-06-02,Materials,0.09106666666666667
2020-06-03,Materials,0.2528666666666667
2020-06-04,Materials,0.1332
2020-06-05,Materials,0.20255
2020-06-08,Materials,-0.10606666666666666
2020-06-09,Materials,0.43357500000000004
2020-06-10,Materials,0.4088
2020-06-11,Materials,0.7506
2020-06-12,Materials,0.18076666666666666
2020-06-15,Materials,0.06391666666666666
2020-06-16,Materials,0.2732
2020-06-17,Materials,0.0
2020-06-18,Materials,-0.6124
2020-06-19,Materials,0.0
2020-06-22,Materials,-0.11315
2020-06-23,Materials,0.10485
2020-06-24,Materials,0.07646666666666667
2020-06-25,Materials,0.0
2020-06-26,Materials,0.4019
2020-06-29,Materials,0.34
2020-06-30,Materials,0.11315
2020-07-01,Materials,0.06743333333333333
2020-07-02,Materials,0.10115
2020-07-06,Materials,0.0
2020-07-07,Materials,-0.11442500000000001
2020-07-08,Materials,0.0
2020-07-09,Materials,0.5719
2020-07-10,Materials,0.0
2020-07-13,Materials,0.0
2020-07-14,Materials,0.0
2020-07-15,Materials,0.0
2020-07-16,Materials,0.0
2020-07-17,Materials,0.0172
2020-07-20,Materials,0.0
2020-07-21,Materials,0.0
2020-07-22,Materials,0.0
2020-07-23,Materials,0.1366
2020-07-24,Materials,0.00931750000000001
2020-07-27,Materials,0.13965000000000002
2020-07-28,Materials,0.024695
2020-07-29,Materials,0.2832375
2020-07-30,Materials,0.06363333333333333
2020-07-31,Materials,0.0039000000000000033
2020-08-03,Materials,0.2732
2020-08-04,Materials,0.63375
2020-08-05,Materials,0.148
2020-08-06,Materials,-0.017116666666666665
2020-08-07,Materials,0.34626666666666667
2020-08-10,Materials,0.0
2020-08-11,Materials,0.15057777777777778
2020-08-12,Materials,0.0
2020-08-13,Materials,0.0
2020-08-14,Materials,0.0
2020-08-17,Materials,0.0
2020-08-18,Materials,0.31083333333333335
2020-08-19,Materials,0.09866666666666667
2020-08-20,Materials,0.0
2020-08-21,Materials,0.0
2020-08-24,Materials,-0.128
2020-08-25,Materials,0.06743333333333333
2020-08-26,Materials,-0.1779
2020-08-27,Materials,0.296
2020-08-28,Materials,0.0
2020-08-31,Materials,-0.03771666666666667
2020-09-01,Materials,0.0
2020-09-02,Materials,0.0
2020-09-03,Materials,0.0
2020-09-04,Materials,0.05735
2020-09-08,Materials,0.04933333333333333
2020-09-09,Materials,0.125
2020-09-10,Materials,0.0
2020-09-11,Materials,0.16455
2020-09-14,Materials,-0.296
2020-09-15,Materials,0.0526875
2020-09-16,Materials,0.0
2020-09-17,Materials,0.0
2020-09-18,Materials,0.16239166666666666
2020-09-21,Materials,0.0
2020-09-22,Materials,0.21901666666666667
2020-09-23,Materials,0.0
2020-09-24,Materials,0.0
2020-09-25,Materials,0.6369
2020-09-28,Materials,0.0
2020-09-29,Materials,-0.024949999999999996
2020-09-30,Materials,0.0
2020-10-01,Materials,0.0
2020-10-02,Materials,0.0
2020-10-05,Materials,0.0
2020-10-06,Materials,0.14465
2020-10-07,Materials,0.0
2020-10-08,Materials,0.0
2020-10-09,Materials,0.0
2020-10-12,Materials,0.0
2020-10-13,Materials,0.10115
2020-10-14,Materials,0.0
2020-10-15,Materials,0.5859
2020-10-16,Materials,0.2997
2020-10-19,Materials,0.5562
2020-10-20,Materials,0.60605
2020-10-21,Materials,0.0
2020-10-22,Materials,0.17
2020-10-23,Materials,0.14663333333333334
2020-10-26,Materials,0.0
2020-10-27,Materials,0.0
2020-10-28,Materials,0.0
2020-10-29,Materials,0.0
2020-10-30,Materials,0.06733666666666667
2020-11-02,Materials,0.0
2020-11-03,Materials,0.26025
2020-11-04,Materials,0.4576
2020-11-05,Materials,0.0
2020-11-06,Materials,0.0
2020-11-09,Materials,0.13053333333333333
2020-11-10,Materials,0.0
2020-11-11,Materials,-0.17
2020-11-12,Materials,0.12333333333333332
2020-11-13,Materials,0.05505
2020-11-16,Materials,0.185475
2020-11-17,Materials,0.24695
2020-11-18,Materials,0.2202
2020-11-19,Materials,0.0
2020-11-20,Materials,0.13753333333333334
2020-11-23,Materials,0.0
2020-11-24,Materials,0.04046
2020-11-25,Materials,0.4404
2020-11-27,Materials,0.2679333333333333
2020-11-30,Materials,0.0
2020-12-01,Materials,0.10115
2020-12-02,Materials,0.3062
2020-12-03,Materials,0.15253333333333333
2020-12-04,Materials,0.0
2020-12-07,Materials,0.0
2020-12-08,Materials,0.0
2020-12-09,Materials,-0.042666666666666665
2020-12-10,Materials,0.12593333333333334
2020-12-11,Materials,0.296
2020-12-14,Materials,0.0
2020-12-15,Materials,0.0
2020-12-16,Materials,0.0
2020-12-17,Materials,0.0
2020-12-18,Materials,0.1468
2020-12-21,Materials,0.11337499999999999
2020-12-22,Materials,0.1916625
2020-12-23,Materials,0.0
2020-12-24,Materials,0.0
2020-12-28,Materials,0.0
2020-12-29,Materials,0.0
2020-12-30,Materials,0.23835
2020-12-31,Materials,0.3182
2021-01-04,Materials,0.4019
2021-01-05,Materials,0.0734
2021-01-06,Materials,0.2044
2021-01-07,Materials,0.4215
2021-01-08,Materials,-0.1706
2021-01-11,Materials,0.02732
2021-01-12,Materials,0.1654
2021-01-13,Materials,0.0
2021-01-14,Materials,0.0
2021-01-15,Materials,0.0
2021-01-19,Materials,0.0
2021-01-20,Materials,-0.4253
2021-01-21,Materials,0.0
2021-01-22,Materials,0.063475
2021-01-25,Materials,0.3612
2021-01-26,Materials,-0.07466666666666667
2021-01-27,Materials,-0.042666666666666665
2021-01-28,Materials,0.0
2021-01-29,Materials,0.12603124999999998
2021-02-01,Materials,0.10115
2021-02-02,Materials,0.020095
2021-02-03,Materials,0.0
2021-02-04,Materials,0.0344
2021-02-05,Materials,0.0
2021-02-08,Materials,0.0
2021-02-09,Materials,0.2232
2021-02-10,Materials,0.24803333333333333
2021-02-11,Materials,0.1147
2021-02-12,Materials,0.0
2021-02-16,Materials,0.0
2021-02-17,Materials,0.13526666666666667
2021-02-18,Materials,0.18948333333333334
2021-02-19,Materials,0.17315
2021-02-22,Materials,0.10218333333333333
2021-02-23,Materials,0.012858333333333333
2021-02-24,Materials,0.011962499999999994
2021-02-25,Materials,0.0
2021-02-26,Materials,0.0
2021-03-01,Materials,0.04933333333333333
2021-03-02,Materials,0.0033374999999999932
2021-03-03,Materials,0.0
2021-03-04,Materials,0.0
2021-03-05,Materials,0.296
2021-03-08,Materials,0.17
2021-03-09,Materials,0.09948888888888889
2021-03-10,Materials,0.0
2021-03-11,Materials,0.2139
2021-03-12,Materials,0.320675
2021-03-15,Materials,0.148
2021-03-16,Materials,0.0
2021-03-17,Materials,0.0
2021-03-18,Materials,0.1366
2021-03-19,Materials,0.0
2021-03-22,Materials,0.17
2021-03-23,Materials,0.10115
2021-03-24,Materials,-0.125
2021-03-25,Materials,0.1366
2021-03-26,Materials,0.264225
2021-03-29,Materials,-0.19733333333333333
2021-03-30,Materials,0.0
2021-03-31,Materials,0.0
2021-04-01,Materials,0.148
2021-04-05,Materials,0.0
2021-04-06,Materials,0.302725
2021-04-07,Materials,0.1779
2021-04-08,Materials,-0.1591
2021-04-09,Materials,0.162675
2021-04-12,Materials,0.0
2021-04-13,Materials,0.06743333333333333
2021-04-14,Materials,0.0
2021-04-15,Materials,0.146875
2021-04-16,Materials,0.0
2021-04-19,Materials,0.0
2021-04-20,Materials,0.33486666666666665
2021-04-21,Materials,-0.0258
2021-04-22,Materials,0.24422500000000003
2021-04-23,Materials,0.1026892857142857
2021-04-26,Materials,0.1101
2021-04-27,Materials,0.0
2021-04-28,Materials,0.171
2021-04-29,Materials,0.5574
2021-04-30,Materials,0.04933333333333333
2021-05-03,Materials,-0.2263
2021-05-04,Materials,0.045533333333333335
2021-05-05,Materials,-0.016171875000000002
2021-05-06,Materials,0.8591
2021-05-07,Materials,0.05505
2021-05-10,Materials,0.0
2021-05-11,Materials,0.191225
2021-05-12,Materials,0.3404
2021-05-13,Materials,0.4939
2021-05-14,Materials,0.0
2021-05-17,Materials,0.148
2021-05-18,Materials,0.28424
2021-05-19,Materials,0.0984
2021-05-20,Materials,-0.20095
2021-05-21,Materials,0.0
2021-05-24,Materials,0.1591
2021-05-25,Materials,0.105625
2021-05-26,Materials,0.13396666666666665
2021-05-27,Materials,0.0
2021-05-28,Materials,0.23803333333333335
2021-06-01,Materials,0.14923333333333333
2021-06-02,Materials,0.1968
2021-06-03,Materials,0.0
2021-06-04,Materials,0.20095
2021-06-07,Materials,0.0
2021-06-08,Materials,0.11035625
2021-06-09,Materials,0.12040000000000001
2021-06-10,Materials,0.0
2021-06-11,Materials,0.0
2021-06-14,Materials,0.0
2021-06-15,Materials,0.33956666666666663
2021-06-16,Materials,0.0
2021-06-17,Materials,0.0
2021-06-18,Materials,0.044265
2021-06-21,Materials,0.148
2021-06-22,Materials,0.044955555555555554
2021-06-23,Materials,0.105375
2021-06-24,Materials,0.0
2021-06-25,Materials,0.098675
2021-06-28,Materials,0.07538333333333334
2021-06-29,Materials,0.0
2021-06-30,Materials,0.0258
2021-07-01,Materials,0.0
2021-07-02,Materials,0.06743333333333333
2021-07-06,Materials,0.296
2021-07-07,Materials,0.0795125
2021-07-08,Materials,0.0
2021-07-09,Materials,-0.061099999999999995
2021-07-12,Materials,0.0
2021-07-13,Materials,0.3818
2021-07-14,Materials,0.0
2021-07-15,Materials,0.0
2021-07-16,Materials,0.20095
2021-07-19,Materials,0.11333333333333334
2021-07-20,Materials,-0.022716666666666673
2021-07-21,Materials,0.13473333333333334
2021-07-22,Materials,-0.054877777777777775
2021-07-23,Materials,0.11965500000000001
2021-07-26,Materials,0.0
2021-07-27,Materials,0.10573333333333335
2021-07-28,Materials,0.1963
2021-07-29,Materials,0.0
2021-07-30,Materials,0.2584125
2021-08-02,Materials,0.296
2021-08-03,Materials,0.0
2021-08-04,Materials,0.18770833333333328
2021-08-05,Materials,0.0
2021-08-06,Materials,0.0
2021-08-09,Materials,0.0
2021-08-10,Materials,0.09106666666666667
2021-08-11,Materials,0.0683
2021-08-12,Materials,-0.21076111111111112
2021-08-13,Materials,0.13396666666666665
2021-08-16,Materials,0.0
2021-08-17,Materials,0.04046
2021-08-18,Materials,0.35875
2021-08-19,Materials,0.2049
2021-08-20,Materials,-0.02551666666666667
2021-08-23,Materials,0.02034999999999998
2021-08-24,Materials,0.11132500000000001
2021-08-25,Materials,0.0
2021-08-26,Materials,0.0
2021-08-27,Materials,0.296
2021-08-30,Materials,0.24695
2021-08-31,Materials,0.13935
2021-09-01,Materials,0.05666666666666667
2021-09-02,Materials,0.0
2021-09-03,Materials,0.0
2021-09-07,Materials,0.0
2021-09-08,Materials,0.13396666666666665
2021-09-09,Materials,-0.17906666666666668
2021-09-10,Materials,-0.07694999999999999
2021-09-13,Materials,0.0
2021-09-14,Materials,0.07007333333333333
2021-09-15,Materials,0.12726666666666667
2021-09-16,Materials,0.0
2021-09-17,Materials,0.148
2021-09-20,Materials,0.21330000000000002
2021-09-21,Materials,0.1570125
2021-09-22,Materials,0.0
2021-09-23,Materials,0.03682
2021-09-24,Materials,0.0
2021-09-27,Materials,0.0
2021-09-28,Materials,0.100475
2021-09-29,Materials,0.0
2021-09-30,Materials,0.0
2021-10-01,Materials,0.2083
2021-10-04,Materials,0.0
2021-10-05,Materials,0.0
2021-10-06,Materials,-0.00686666666666665
2021-10-07,Materials,0.1709015873015873
2021-10-08,Materials,0.21230000000000002
2021-10-11,Materials,0.185
2021-10-12,Materials,0.1889
2021-10-13,Materials,-0.40775
2021-10-14,Materials,-0.014358333333333334
2021-10-15,Materials,-0.12765
2021-10-18,Materials,0.148
2021-10-19,Materials,0.31245
2021-10-20,Materials,0.0
2021-10-21,Materials,-0.0222375
2021-10-22,Materials,0.11114791666666668
2021-10-25,Materials,0.13396666666666665
2021-10-26,Materials,0.12478333333333334
2021-10-27,Materials,-0.038275
2021-10-28,Materials,0.26335
2021-10-29,Materials,0.02406666666666667
2021-11-01,Materials,0.0
2021-11-02,Materials,0.0
2021-11-03,Materials,-0.14806704545454544
2021-11-04,Materials,0.0
2021-11-05,Materials,0.0
2021-11-08,Materials,0.07024999999999999
2021-11-09,Materials,0.23564000000000002
2021-11-10,Materials,0.296
2021-11-11,Materials,0.4514666666666667
2021-11-12,Materials,-0.10115
2021-11-15,Materials,0.13597777777777778
2021-11-16,Materials,0.31845
2021-11-17,Materials,0.09209999999999999
2021-11-18,Materials,-0.0511
2021-11-19,Materials,0.0
2021-11-22,Materials,0.0
2021-11-23,Materials,0.25709499999999996
2021-11-24,Materials,0.12695
2021-11-26,Materials,0.0
2021-11-29,Materials,0.0
2021-11-30,Materials,0.0
2021-12-01,Materials,0.201625
2021-12-02,Materials,-0.1998
2021-12-03,Materials,-0.23701111111111114
2021-12-06,Materials,-0.016108333333333332
2021-12-07,Materials,0.119175
2021-12-08,Materials,0.0
2021-12-09,Materials,0.2202
2021-12-10,Materials,0.19453
2021-12-13,Materials,0.34
2021-12-14,Materials,0.0
2021-12-15,Materials,0.24253333333333335
2021-12-16,Materials,0.22596666666666665
2021-12-17,Materials,0.05363333333333333
2021-12-20,Materials,0.0
2021-12-21,Materials,0.054266666666666664
2021-12-22,Materials,0.0
2021-12-23,Materials,0.0
2021-12-27,Materials,0.16787000000000002
2021-12-28,Materials,-0.1027
2021-12-29,Materials,0.1360125
2021-12-30,Materials,0.6369
2021-12-31,Materials,0.100475
2022-01-03,Materials,0.0
2022-01-04,Materials,0.10115
2022-01-05,Materials,0.0
2022-01-06,Materials,0.09106666666666667
2022-01-07,Materials,0.23477777777777778
2022-01-10,Materials,0.20095
2022-01-11,Materials,0.148
2022-01-12,Materials,0.0
2022-01-13,Materials,0.0
2022-01-14,Materials,0.27615
2022-01-18,Materials,0.20466666666666666
2022-01-19,Materials,0.018375555555555555
2022-01-20,Materials,0.13952222222222221
2022-01-21,Materials,0.04425
2022-01-24,Materials,0.022766666666666668
2022-01-25,Materials,0.13701999999999998
2022-01-26,Materials,0.0502375
2022-01-27,Materials,0.033716666666666666
2022-01-28,Materials,0.11991749999999998
2022-01-31,Materials,0.0
2022-02-01,Materials,-0.05643333333333333
2022-02-02,Materials,0.1013888888888889
2022-02-03,Materials,0.11401666666666667
2022-02-04,Materials,-0.1468
2022-02-07,Materials,0.085
2022-02-08,Materials,0.1591
2022-02-09,Materials,0.015787500000000003
2022-02-10,Materials,0.20095
2022-02-11,Materials,-0.060200000000000004
2022-02-14,Materials,0.38584999999999997
2022-02-15,Materials,0.17
2022-02-16,Materials,0.0
2022-02-17,Materials,-0.0065333333333333354
2022-02-18,Materials,0.0
2022-02-22,Materials,-0.15641599999999997
2022-02-23,Materials,0.2714958333333334
2022-02-24,Materials,0.1702
2022-02-25,Materials,-0.074
2022-02-28,Materials,0.0
2022-03-01,Materials,0.0
2022-03-02,Materials,0.17020000000000002
2022-03-03,Materials,0.39994999999999997
2022-03-04,Materials,0.0
2022-03-07,Materials,-0.0052249999999999935
2022-03-08,Materials,0.056575
2022-03-09,Materials,0.13054166666666667
2022-03-10,Materials,0.09316666666666668
2022-03-11,Materials,0.09483
2022-03-14,Materials,0.1735888888888889
2022-03-15,Materials,0.125
2022-03-16,Materials,0.2801
2022-03-17,Materials,0.35372499999999996
2022-03-18,Materials,0.0425
2022-03-21,Materials,0.01367500000000002
2022-03-22,Materials,0.16121666666666667
2022-03-23,Materials,0.14049999999999999
2022-03-24,Materials,0.0
2022-03-25,Materials,0.16592500000000002
2022-03-28,Materials,0.3138666666666667
2022-03-29,Materials,0.18076666666666666
2022-03-30,Materials,-0.06193333333333333
2022-03-31,Materials,0.11333333333333334
2022-04-01,Materials,0.39965
2022-04-04,Materials,0.31806666666666666
2022-04-05,Materials,-0.041916666666666665
2022-04-06,Materials,0.15108749999999999
2022-04-07,Materials,0.20806666666666668
2022-04-08,Materials,0.148
2022-04-11,Materials,0.02965
2022-04-12,Materials,0.44565
2022-04-13,Materials,0.19122625
2022-04-14,Materials,0.35048958333333335
2022-04-18,Materials,0.071135
2022-04-19,Materials,0.12001500000000001
2022-04-20,Materials,0.06429999999999998
2022-04-21,Materials,0.11568555555555556
2022-04-22,Materials,0.06708044444444446
2022-04-25,Materials,0.00821111111111111
2022-04-26,Materials,0.19062083333333335
2022-04-27,Materials,0.1393125
2022-04-28,Materials,0.0
2022-04-29,Materials,-0.030355555555555556
2022-05-02,Materials,0.0
2022-05-03,Materials,0.0
2022-05-04,Materials,-0.07086666666666666
2022-05-05,Materials,0.21660000000000001
2022-05-06,Materials,0.31235
2022-05-09,Materials,0.0020333333333333314
2022-05-10,Materials,0.0
2022-05-11,Materials,0.302375
2022-05-12,Materials,0.0
2022-05-13,Materials,0.3370083333333333
2022-05-16,Materials,0.159225
2022-05-17,Materials,0.0903
2022-05-18,Materials,0.08958958333333333
2022-05-19,Materials,0.296
2022-05-20,Materials,0.2174111111111111
2022-05-23,Materials,0.19425
2022-05-24,Materials,0.281725
2022-05-25,Materials,-0.14200000000000002
2022-05-26,Materials,0.1618777777777778
2022-05-27,Materials,0.044556250000000006
2022-05-31,Materials,-0.1858
2022-06-01,Materials,0.12128333333333334
2022-06-02,Materials,0.098875
2022-06-03,Materials,0.0086
2022-06-06,Materials,0.10115
2022-06-07,Materials,0.07341249999999999
2022-06-08,Materials,0.03877499999999999
2022-06-09,Materials,0.123475
2022-06-10,Materials,0.029024999999999995
2022-06-13,Materials,-0.1589
2022-06-14,Materials,0.05801666666666667
2022-06-15,Materials,0.1618
2022-06-16,Materials,0.22115
2022-06-17,Materials,0.21621
2022-06-21,Materials,-0.027224999999999992
2022-06-22,Materials,0.10650000000000001
2022-06-23,Materials,0.09828888888888888
2022-06-24,Materials,0.11695666666666667
2022-06-27,Materials,0.148
2022-06-28,Materials,0.27268333333333333
2022-06-29,Materials,0.4088333333333334
2022-06-30,Materials,0.085
2022-07-01,Materials,0.110675
2022-07-05,Materials,0.20095
2022-07-06,Materials,0.19741250000000002
2022-07-07,Materials,0.23322500000000002
2022-07-08,Materials,-0.05039999999999999
2022-07-11,Materials,0.164925
2022-07-12,Materials,-0.018499999999999996
2022-07-13,Materials,0.0
2022-07-14,Materials,0.09145
2022-07-15,Materials,0.10839583333333333
2022-07-18,Materials,-0.4215
2022-07-19,Materials,0.19125
2022-07-20,Materials,0.092775
2022-07-21,Materials,0.049575
2022-07-22,Materials,0.05259166666666667
2022-07-25,Materials,-0.016783333333333334
2022-07-26,Materials,0.16135803921568628
2022-07-27,Materials,-0.039775
2022-07-28,Materials,0.22464285714285712
2022-07-29,Materials,0.16028333333333333
2022-08-01,Materials,0.0
2022-08-02,Materials,0.0
2022-08-03,Materials,0.11019000000000001
2022-08-04,Materials,0.17596666666666663
2022-08-05,Materials,0.04609
2022-08-08,Materials,0.23835
2022-08-09,Materials,0.4144
2022-08-10,Materials,0.0
2022-08-11,Materials,0.20095
2022-08-12,Materials,0.0
2022-08-15,Materials,0.0
2022-08-16,Materials,0.09038333333333333
2022-08-17,Materials,0.04515
2022-08-18,Materials,0.1101
2022-08-19,Materials,0.0282875
2022-08-22,Materials,0.0
2022-08-23,Materials,0.0677875
2022-08-24,Materials,0.011066666666666667
2022-08-25,Materials,0.0
2022-08-26,Materials,0.003225
2022-08-29,Materials,0.09621666666666667
2022-08-30,Materials,0.0030166666666666584
2022-08-31,Materials,0.03796666666666667
2022-09-01,Materials,0.0086
2022-09-02,Materials,0.21487499999999998
2022-09-06,Materials,0.2288
2022-09-07,Materials,0.0
2022-09-08,Materials,0.06632500000000001
2022-09-09,Materials,0.2354875
2022-09-12,Materials,0.26335
2022-09-13,Materials,-0.06761249999999999
2022-09-14,Materials,0.128
2022-09-15,Materials,0.18231111111111112
2022-09-16,Materials,0.04337777777777777
2022-09-19,Materials,0.0
2022-09-20,Materials,-0.10345
2022-09-21,Materials,0.0
2022-09-22,Materials,0.0425
2022-09-23,Materials,0.21305833333333332
2022-09-26,Materials,0.17688333333333334
2022-09-27,Materials,0.16513333333333335
2022-09-28,Materials,0.0
2022-09-29,Materials,-0.016783333333333327
2022-09-30,Materials,0.0
2022-10-03,Materials,0.0
2022-10-04,Materials,0.11808333333333333
2022-10-05,Materials,0.3825
2022-10-06,Materials,0.09316666666666668
2022-10-07,Materials,-0.1909
2022-10-10,Materials,-0.11315
2022-10-11,Materials,0.09469000000000001
2022-10-12,Materials,0.0
2022-10-13,Materials,0.34
2022-10-14,Materials,0.0502375
2022-10-17,Materials,0.0
2022-10-18,Materials,-0.13074999999999998
2022-10-19,Materials,0.11086666666666667
2022-10-20,Materials,0.0
2022-10-21,Materials,0.022308333333333336
2022-10-24,Materials,0.21955
2022-10-25,Materials,0.14435833333333334
2022-10-26,Materials,0.1926777777777778
2022-10-27,Materials,0.0
2022-10-28,Materials,0.13396666666666665
2022-10-31,Materials,0.0
2022-11-01,Materials,0.0
2022-11-02,Materials,-0.0395375
2022-11-03,Materials,-0.08736666666666666
2022-11-04,Materials,0.05303333333333333
2022-11-07,Materials,0.0
2022-11-08,Materials,0.0
2022-11-09,Materials,0.03433214285714287
2022-11-10,Materials,0.0
2022-11-11,Materials,0.0
2022-11-14,Materials,0.19125
2022-11-15,Materials,0.11000000000000003
2022-11-16,Materials,0.28788749999999996
2022-11-17,Materials,0.0
2022-11-18,Materials,0.7096
2022-11-21,Materials,0.22467777777777778
2022-11-22,Materials,0.12416666666666669
2022-11-23,Materials,0.0
2022-11-25,Materials,0.148
2022-11-28,Materials,0.0
2022-11-29,Materials,0.2023
2022-11-30,Materials,0.0
2022-12-01,Materials,0.22732000000000002
2022-12-02,Materials,0.09205833333333333
2022-12-05,Materials,-0.17
2022-12-06,Materials,0.0
2022-12-07,Materials,0.18416666666666667
2022-12-08,Materials,0.0
2022-12-09,Materials,0.17
2022-12-12,Materials,0.159225
2022-12-13,Materials,-0.1858
2022-12-14,Materials,0.231275
2022-12-15,Materials,0.06363333333333333
2022-12-16,Materials,0.0
2022-12-19,Materials,-0.6249
2022-12-20,Materials,0.08231666666666666
2022-12-21,Materials,0.1973916666666667
2022-12-22,Materials,0.16973333333333332
2022-12-23,Materials,0.0
2022-12-27,Materials,0.0
2022-12-28,Materials,0.4253
2022-12-29,Materials,0.045533333333333335
2022-12-30,Materials,0.05815
2023-01-03,Materials,-0.1591
2023-01-04,Materials,0.12765
2023-01-05,Materials,0.1101
2023-01-06,Materials,0.12264
2023-01-09,Materials,0.0
2023-01-10,Materials,0.08038
2023-01-11,Materials,0.13396666666666665
2023-01-12,Materials,0.19607708333333335
2023-01-13,Materials,0.158525
2023-01-17,Materials,0.28611
2023-01-18,Materials,0.18230000000000002
2023-01-19,Materials,0.16949166666666668
2023-01-20,Materials,0.12913333333333335
2023-01-23,Materials,0.16671111111111112
2023-01-24,Materials,0.09159722222222222
2023-01-25,Materials,0.09344166666666666
2023-01-26,Materials,-0.09030399999999998
2023-01-27,Materials,0.075
2023-01-30,Materials,0.148
2023-01-31,Materials,0.23793749999999997
2023-02-01,Materials,0.07318333333333334
2023-02-02,Materials,0.0
2023-02-03,Materials,0.02369166666666667
2023-02-06,Materials,-0.017229999999999995
2023-02-07,Materials,0.08591249999999999
2023-02-08,Materials,-0.06531833333333334
2023-02-09,Materials,0.13396666666666665
2023-02-10,Materials,-0.060337499999999995
2023-02-13,Materials,0.1101
2023-02-14,Materials,-0.003225
2023-02-15,Materials,0.07543333333333334
2023-02-16,Materials,0.08389285714285714
2023-02-17,Materials,0.09497499999999999
2023-02-21,Materials,-0.02423333333333334
2023-02-22,Materials,-0.044375
2023-02-23,Materials,0.11326666666666667
2023-02-24,Materials,-0.003495833333333339
2023-02-27,Materials,0.10415416666666666
2023-02-28,Materials,0.30675
2023-03-01,Materials,0.5106
2023-03-02,Materials,0.15888666666666668
2023-03-03,Materials,-0.043725
2023-03-06,Materials,0.0003099999999999992
2023-03-07,Materials,0.0425
2023-03-08,Materials,0.0595875
2023-03-09,Materials,0.123875
2023-03-10,Materials,-0.02551666666666667
2023-03-13,Materials,0.10500000000000001
2023-03-14,Materials,0.13992
2023-03-15,Materials,0.07970000000000001
2023-03-16,Materials,0.08374181818181818
2023-03-17,Materials,0.1287777777777778
2023-03-20,Materials,0.02996190476190477
2023-03-21,Materials,0.23766111111111113
2023-03-22,Materials,0.02734375
2023-03-23,Materials,0.09775833333333334
2023-03-24,Materials,0.05849375
2023-03-27,Materials,0.0
2023-03-28,Materials,0.028666666666666674
2023-03-29,Materials,0.371025
2023-03-30,Materials,0.14385555555555554
2023-03-31,Materials,0.16655
2023-04-03,Materials,0.03988333333333335
2023-04-04,Materials,-0.0658375
2023-04-05,Materials,0.11621111111111111
2023-04-06,Materials,0.28400000000000003
2023-04-10,Materials,0.1820125
2023-04-11,Materials,0.15105357142857143
2023-04-12,Materials,0.06401785714285714
2023-04-13,Materials,0.0
2023-04-14,Materials,-0.010187499999999995
2023-04-17,Materials,0.07955
2023-04-18,Materials,0.26335
2023-04-19,Materials,0.175325
2023-04-20,Materials,0.026311111111111115
2023-04-21,Materials,0.10787242857142858
2023-04-24,Materials,0.03415
2023-04-25,Materials,0.06069
2023-04-26,Materials,0.022217142857142862
2023-04-27,Materials,-0.005667499999999999
2023-04-28,Materials,0.06399333333333332
2023-05-01,Materials,0.09989999999999999
2023-05-02,Materials,0.12691666666666668
2023-05-03,Materials,0.0
2023-05-04,Materials,-0.32525
2023-05-05,Materials,-0.0282875
2023-05-08,Materials,0.0
2023-05-09,Materials,0.3006375
2023-05-10,Materials,0.0
2023-05-11,Materials,0.2023
2023-05-12,Materials,0.19445666666666667
2023-05-15,Materials,0.148
2023-05-16,Materials,0.10486964285714287
2023-05-17,Materials,0.1517777777777778
2023-05-18,Materials,0.148
2023-05-19,Materials,0.0409375
2023-05-22,Materials,0.0
2023-05-23,Materials,0.15072333333333332
2023-05-24,Materials,0.14597333333333332
2023-05-25,Materials,-0.074
2023-05-26,Materials,0.05147466666666667
2023-05-30,Materials,0.0657888888888889
2023-05-31,Materials,0.22327111111111111
2023-06-01,Materials,0.15469999999999998
2023-06-02,Materials,-0.026754999999999994
2023-06-05,Materials,0.25546785714285714
2023-06-06,Materials,0.1798
2023-06-07,Materials,0.14220000000000002
2023-06-08,Materials,0.16094999999999998
2023-06-09,Materials,0.028333333333333335
2023-06-12,Materials,0.17
2023-06-13,Materials,0.016700000000000007
2023-06-14,Materials,0.286275
2023-06-15,Materials,0.3727666666666667
2023-06-16,Materials,0.09620999999999999
2023-06-20,Materials,0.2356
2023-06-21,Materials,0.07100000000000001
2023-06-22,Materials,0.1680625
2023-06-23,Materials,0.07558333333333332
2023-06-26,Materials,0.024666666666666667
2023-06-27,Materials,0.0903
2023-06-28,Materials,0.12264
2023-06-29,Materials,0.2566125
2023-06-30,Materials,0.03507333333333334
2023-07-03,Materials,-0.1858
2023-07-05,Materials,0.03777777777777778
2023-07-06,Materials,0.15653333333333333
2023-07-07,Materials,0.074
2023-07-10,Materials,0.07056
2023-07-11,Materials,0.3281
2023-07-12,Materials,0.057440000000000005
2023-07-13,Materials,0.10863
2023-07-14,Materials,0.0
2023-07-17,Materials,0.0
2023-07-18,Materials,0.03720000000000001
2023-07-19,Materials,0.025460000000000003
2023-07-20,Materials,0.0
2023-07-21,Materials,0.17839166666666664
2023-07-24,Materials,-0.04404
2023-07-25,Materials,0.11122785714285714
2023-07-26,Materials,0.09776893939393938
2023-07-27,Materials,0.0013850000000000008
2023-07-28,Materials,0.02511875
2023-07-31,Materials,0.2732
2023-08-01,Materials,0.0
2023-08-02,Materials,0.2106
2023-08-03,Materials,0.05439333333333334
2023-08-04,Materials,0.044475
2023-08-07,Materials,0.0
2023-08-08,Materials,0.0
2023-08-09,Materials,0.0258
2023-08-10,Materials,0.21476666666666666
2023-08-11,Materials,0.04404
2023-08-14,Materials,0.29973333333333335
2023-08-15,Materials,0.21382222222222222
2023-08-16,Materials,0.034815
2023-08-17,Materials,0.0
2023-08-18,Materials,0.133335
2023-08-21,Materials,0.06535
2023-08-22,Materials,0.025264285714285722
2023-08-23,Materials,0.018858333333333335
2023-08-24,Materials,0.0
2023-08-25,Materials,0.09545
2023-08-28,Materials,0.3084222222222222
2023-08-29,Materials,0.28123333333333334
2023-08-30,Materials,0.0
2023-08-31,Materials,0.3404777777777778
2023-09-01,Materials,0.22485
2023-09-05,Materials,0.2593875
2023-09-06,Materials,0.07955000000000001
2023-09-07,Materials,0.12696000000000002
2023-09-08,Materials,0.058100000000000006
2023-09-11,Materials,0.030666666666666665
2023-09-12,Materials,0.16076
2023-09-13,Materials,0.0502375
2023-09-14,Materials,0.046725
2023-09-15,Materials,0.068475
2023-09-18,Materials,-0.1075125
2023-09-19,Materials,0.094495
2023-09-20,Materials,0.0
2023-09-21,Materials,0.033716666666666666
2023-09-22,Materials,0.1356
2023-09-25,Materials,0.12765
2023-09-26,Materials,-0.141
2023-09-27,Materials,0.1366
2023-09-28,Materials,0.11567333333333334
2023-09-29,Materials,0.1918375
2023-10-02,Materials,0.0
2023-10-03,Materials,0.18959
2023-10-04,Materials,0.19711428571428571
2023-10-05,Materials,-0.010900000000000002
2023-10-06,Materials,0.12105833333333332
2023-10-09,Materials,0.2289
2023-10-10,Materials,0.02629999999999999
2023-10-11,Materials,0.0
2023-10-12,Materials,0.20277777777777775
2023-10-13,Materials,0.1541875
2023-10-16,Materials,0.1760611111111111
2023-10-17,Materials,0.21284166666666662
2023-10-18,Materials,0.09689166666666667
2023-10-19,Materials,-0.09784666666666667
2023-10-20,Materials,0.048395
2023-10-23,Materials,-0.100475
2023-10-24,Materials,0.09567333333333335
2023-10-25,Materials,0.12107916666666667
2023-10-26,Materials,0.15309999999999999
2023-10-27,Materials,0.1316025
2023-10-30,Materials,0.0193
2023-10-31,Materials,0.16892000000000001
2023-11-01,Materials,0.0
2023-11-02,Materials,0.221952
2023-11-03,Materials,0.0979625
2023-11-06,Materials,0.18189999999999998
2023-11-07,Materials,0.22640000000000002
2023-11-08,Materials,0.021375
2023-11-09,Materials,0.0129
2023-11-10,Materials,0.0016125
2023-11-13,Materials,-0.01766666666666668
2023-11-14,Materials,0.04028333333333333
2023-11-15,Materials,0.20937777777777777
2023-11-16,Materials,0.367
2023-11-17,Materials,0.0502375
2023-11-20,Materials,0.24135
2023-11-21,Materials,0.3876833333333334
2023-11-22,Materials,0.0
2023-11-24,Materials,0.27741666666666664
2023-11-27,Materials,0.03291875
2023-11-28,Materials,0.024883333333333327
2023-11-29,Materials,0.19914444444444443
2023-11-30,Materials,0.13288333333333333
2023-12-01,Materials,0.100475
2023-12-04,Materials,0.1545375
2023-12-05,Materials,0.0
2023-12-06,Materials,0.0
2023-12-07,Materials,0.100475
2023-12-08,Materials,0.01587499999999999
2023-12-11,Materials,0.2895666666666667
2023-12-12,Materials,0.14307333333333333
2023-12-13,Materials,-0.08146666666666666
2023-12-14,Materials,0.2891666666666667
2023-12-15,Materials,0.0
2023-12-18,Materials,-0.2732
2023-12-19,Materials,-0.1279375
2023-12-20,Materials,0.0
2023-12-21,Materials,0.0
2023-12-22,Materials,0.0
2023-12-26,Materials,0.0
2023-12-27,Materials,0.0
2023-12-28,Materials,0.0
2023-12-29,Materials,0.0
2020-01-03,RealEstate,0.018100000000000005
2020-01-06,RealEstate,-0.06403333333333334
2020-01-07,RealEstate,0.148
2020-01-08,RealEstate,0.0
2020-01-09,RealEstate,-0.10079999999999999
2020-01-10,RealEstate,0.0
2020-01-13,RealEstate,-0.08412
2020-01-14,RealEstate,0.2394666666666667
2020-01-15,RealEstate,0.148
2020-01-16,RealEstate,0.0252875
2020-01-17,RealEstate,0.24766666666666667
2020-01-21,RealEstate,0.18714999999999998
2020-01-22,RealEstate,0.08384444444444444
2020-01-23,RealEstate,0.017166666666666667
2020-01-24,RealEstate,0.314
2020-01-27,RealEstate,0.0903
2020-01-28,RealEstate,0.08510000000000001
2020-01-29,RealEstate,0.12631666666666666
2020-01-30,RealEstate,0.16463333333333333
2020-01-31,RealEstate,0.02408
2020-02-03,RealEstate,0.24126666666666666
2020-02-04,RealEstate,0.085
2020-02-05,RealEstate,0.06497916666666667
2020-02-06,RealEstate,0.0
2020-02-07,RealEstate,0.308725
2020-02-10,RealEstate,0.0
2020-02-11,RealEstate,0.10565833333333333
2020-02-12,RealEstate,0.07745555555555557
2020-02-13,RealEstate,0.31738333333333335
2020-02-14,RealEstate,0.138515
2020-02-18,RealEstate,0.11865
2020-02-19,RealEstate,0.1324125
2020-02-20,RealEstate,0.0
2020-02-21,RealEstate,0.05811708333333333
2020-02-24,RealEstate,0.024737500000000003
2020-02-25,RealEstate,0.08034166666666666
2020-02-26,RealEstate,0.034115625000000004
2020-02-27,RealEstate,0.023012999999999995
2020-02-28,RealEstate,0.12939333333333333
2020-03-02,RealEstate,-0.002707777777777787
2020-03-03,RealEstate,0.15852444444444447
2020-03-04,RealEstate,0.15634166666666668
2020-03-05,RealEstate,0.4655500000000001
2020-03-06,RealEstate,0.3723666666666667
2020-03-09,RealEstate,0.050575
2020-03-10,RealEstate,0.13368750000000001
2020-03-11,RealEstate,0.09866666666666667
2020-03-12,RealEstate,0.30446
2020-03-13,RealEstate,0.024137499999999992
2020-03-16,RealEstate,0.148
2020-03-17,RealEstate,0.06238229166666666
2020-03-18,RealEstate,0.1837
2020-03-19,RealEstate,0.0
2020-03-20,RealEstate,0.21692222222222224
2020-03-23,RealEstate,0.082725
2020-03-24,RealEstate,0.05378749999999999
2020-03-25,RealEstate,0.06564375
2020-03-26,RealEstate,0.07693333333333334
2020-03-27,RealEstate,0.38674166666666665
2020-03-30,RealEstate,0.5041833333333333
2020-03-31,RealEstate,0.33160625
2020-04-01,RealEstate,-0.17301875
2020-04-02,RealEstate,-0.04467777777777774
2020-04-03,RealEstate,-0.039025
2020-04-06,RealEstate,0.20847500000000002
2020-04-07,RealEstate,0.18343333333333334
2020-04-08,RealEstate,0.09467916666666668
2020-04-09,RealEstate,0.556075
2020-04-13,RealEstate,0.30530892857142855
2020-04-14,RealEstate,-0.06017499999999999
2020-04-15,RealEstate,0.5639111111111111
2020-04-16,RealEstate,-0.149725
2020-04-17,RealEstate,-0.0683
2020-04-20,RealEstate,0.40508333333333335
2020-04-21,RealEstate,0.02965
2020-04-22,RealEstate,0.03811875
2020-04-23,RealEstate,0.21082499999999998
2020-04-24,RealEstate,0.2083
2020-04-27,RealEstate,0.05164375
2020-04-28,RealEstate,0.053123333333333335
2020-04-29,RealEstate,0.08616499999999999
2020-04-30,RealEstate,0.07708106060606061
2020-05-01,RealEstate,0.005254166666666671
2020-05-04,RealEstate,0.11379375
2020-05-05,RealEstate,0.172525
2020-05-06,RealEstate,-0.0033083333333333437
2020-05-07,RealEstate,-0.005362499999999999
2020-05-08,RealEstate,0.28497
2020-05-11,RealEstate,0.2884416666666667
2020-05-12,RealEstate,0.084725
2020-05-13,RealEstate,0.015427777777777778
2020-05-14,RealEstate,-0.16568750000000002
2020-05-15,RealEstate,0.15836666666666668
2020-05-18,RealEstate,0.0252875
2020-05-19,RealEstate,0.10301111111111111
2020-05-20,RealEstate,0.43128333333333335
2020-05-21,RealEstate,0.06369
2020-05-22,RealEstate,0.0
2020-05-26,RealEstate,0.0
2020-05-27,RealEstate,0.061874999999999986
2020-05-28,RealEstate,0.872
2020-05-29,RealEstate,0.2634
2020-06-01,RealEstate,0.05545
2020-06-02,RealEstate,-0.025675
2020-06-03,RealEstate,0.021124999999999998
2020-06-04,RealEstate,0.0
2020-06-05,RealEstate,0.19466666666666665
2020-06-08,RealEstate,0.0
2020-06-09,RealEstate,0.2611
2020-06-10,RealEstate,0.0129
2020-06-11,RealEstate,0.07543333333333334
2020-06-12,RealEstate,-0.013425
2020-06-15,RealEstate,0.31265
2020-06-16,RealEstate,0.20095
2020-06-17,RealEstate,0.263075
2020-06-18,RealEstate,-0.02070000000000001
2020-06-19,RealEstate,0.34626666666666667
2020-06-22,RealEstate,0.0
2020-06-23,RealEstate,0.0
2020-06-24,RealEstate,0.0
2020-06-25,RealEstate,-0.1806
2020-06-26,RealEstate,0.0
2020-06-29,RealEstate,0.0191
2020-06-30,RealEstate,0.0
2020-07-01,RealEstate,0.3609
2020-07-02,RealEstate,0.0
2020-07-06,RealEstate,-0.064
2020-07-07,RealEstate,-0.1591
2020-07-08,RealEstate,0.48385
2020-07-09,RealEstate,-0.5994
2020-07-10,RealEstate,0.0
2020-07-13,RealEstate,0.0772
2020-07-14,RealEstate,0.0
2020-07-15,RealEstate,0.0
2020-07-16,RealEstate,0.014283333333333334
2020-07-17,RealEstate,0.0
2020-07-20,RealEstate,0.0
2020-07-21,RealEstate,0.0
2020-07-22,RealEstate,0.08808
2020-07-23,RealEstate,0.14934999999999998
2020-07-24,RealEstate,0.148
2020-07-27,RealEstate,0.0
2020-07-28,RealEstate,0.26125
2020-07-29,RealEstate,0.0
2020-07-30,RealEstate,0.10452999999999998
2020-07-31,RealEstate,-0.119175
2020-08-03,RealEstate,0.29295
2020-08-04,RealEstate,-0.0258
2020-08-05,RealEstate,-0.2997
2020-08-06,RealEstate,0.074
2020-08-07,RealEstate,0.0
2020-08-10,RealEstate,0.33947499999999997
2020-08-11,RealEstate,0.0
2020-08-12,RealEstate,0.4019
2020-08-13,RealEstate,0.0
2020-08-14,RealEstate,0.0
2020-08-17,RealEstate,0.12726666666666667
2020-08-18,RealEstate,0.31845
2020-08-19,RealEstate,0.5594
2020-08-20,RealEstate,0.0
2020-08-21,RealEstate,0.0
2020-08-24,RealEstate,0.08436666666666666
2020-08-25,RealEstate,-0.025675
2020-08-26,RealEstate,0.125
2020-08-27,RealEstate,0.15293333333333334
2020-08-28,RealEstate,0.32425
2020-08-31,RealEstate,0.0
2020-09-01,RealEstate,0.6044
2020-09-02,RealEstate,0.04148333333333334
2020-09-03,RealEstate,0.0
2020-09-04,RealEstate,0.0
2020-09-08,RealEstate,0.15568888888888888
2020-09-09,RealEstate,0.13975
2020-09-10,RealEstate,-0.6249
2020-09-11,RealEstate,0.0
2020-09-14,RealEstate,0.0
2020-09-15,RealEstate,0.31845
2020-09-16,RealEstate,0.08231666666666666
2020-09-17,RealEstate,0.0
2020-09-18,RealEstate,-0.3062
2020-09-21,RealEstate,0.2202
2020-09-22,RealEstate,0.0
2020-09-23,RealEstate,0.0
2020-09-24,RealEstate,0.0
2020-09-25,RealEstate,0.0
2020-09-28,RealEstate,0.0
2020-09-29,RealEstate,0.10115
2020-09-30,RealEstate,0.0
2020-10-01,RealEstate,0.3818
2020-10-02,RealEstate,0.0
2020-10-05,RealEstate,0.0
2020-10-06,RealEstate,0.28595
2020-10-07,RealEstate,0.4404
2020-10-08,RealEstate,0.0
2020-10-09,RealEstate,0.0
2020-10-12,RealEstate,0.0
2020-10-13,RealEstate,0.0
2020-10-14,RealEstate,0.0
2020-10-15,RealEstate,0.26335
2020-10-16,RealEstate,0.0
2020-10-19,RealEstate,0.0
2020-10-20,RealEstate,0.0
2020-10-21,RealEstate,0.36345
2020-10-22,RealEstate,0.148
2020-10-23,RealEstate,-0.2997
2020-10-26,RealEstate,0.0
2020-10-27,RealEstate,0.26663333333333333
2020-10-28,RealEstate,0.0
2020-10-29,RealEstate,0.2288
2020-10-30,RealEstate,0.0
2020-11-02,RealEstate,0.0
2020-11-03,RealEstate,0.0
2020-11-04,RealEstate,0.0
2020-11-05,RealEstate,0.0
2020-11-06,RealEstate,0.13396666666666665
2020-11-09,RealEstate,0.124575
2020-11-10,RealEstate,0.24126666666666666
2020-11-11,RealEstate,0.0
2020-11-12,RealEstate,0.3062
2020-11-13,RealEstate,0.0
2020-11-16,RealEstate,0.26335
2020-11-17,RealEstate,0.0
2020-11-18,RealEstate,0.0
2020-11-19,RealEstate,0.4404
2020-11-20,RealEstate,0.0
2020-11-23,RealEstate,0.0
2020-11-24,RealEstate,0.0
2020-11-25,RealEstate,0.10711666666666668
2020-11-27,RealEstate,0.0
2020-11-30,RealEstate,0.012650000000000002
2020-12-01,RealEstate,0.25806666666666667
2020-12-02,RealEstate,0.34
2020-12-03,RealEstate,0.1909
2020-12-04,RealEstate,0.33926666666666666
2020-12-07,RealEstate,0.0
2020-12-08,RealEstate,0.4767
2020-12-09,RealEstate,0.0
2020-12-10,RealEstate,0.00645
2020-12-11,RealEstate,0.0
2020-12-14,RealEstate,0.0
2020-12-15,RealEstate,0.03818
2020-12-16,RealEstate,0.1053
2020-12-17,RealEstate,0.2526333333333333
2020-12-18,RealEstate,0.0
2020-12-21,RealEstate,0.18185
2020-12-22,RealEstate,0.03415
2020-12-23,RealEstate,0.0
2020-12-24,RealEstate,0.0
2020-12-28,RealEstate,0.2202
2020-12-29,RealEstate,-0.1027
2020-12-30,RealEstate,0.0
2020-12-31,RealEstate,0.0
2021-01-04,RealEstate,0.2037
2021-01-05,RealEstate,0.0
2021-01-06,RealEstate,0.0
2021-01-07,RealEstate,0.148
2021-01-08,RealEstate,0.0
2021-01-11,RealEstate,0.2732
2021-01-12,RealEstate,0.2874333333333334
2021-01-13,RealEstate,0.03813333333333333
2021-01-14,RealEstate,0.3126833333333333
2021-01-15,RealEstate,0.0
2021-01-19,RealEstate,0.2307125
2021-01-20,RealEstate,0.0
2021-01-21,RealEstate,0.003187499999999996
2021-01-22,RealEstate,0.0
2021-01-25,RealEstate,0.0
2021-01-26,RealEstate,0.13834444444444446
2021-01-27,RealEstate,0.04933333333333333
2021-01-28,RealEstate,0.28495000000000004
2021-01-29,RealEstate,0.0
2021-02-01,RealEstate,-0.070525
2021-02-02,RealEstate,0.2083
2021-02-03,RealEstate,0.06743333333333333
2021-02-04,RealEstate,0.28605
2021-02-05,RealEstate,0.0
2021-02-08,RealEstate,0.28595
2021-02-09,RealEstate,0.2637
2021-02-10,RealEstate,0.0
2021-02-11,RealEstate,0.0
2021-02-12,RealEstate,0.08808
2021-02-16,RealEstate,0.5370250000000001
2021-02-17,RealEstate,0.28595
2021-02-18,RealEstate,0.0
2021-02-19,RealEstate,0.0
2021-02-22,RealEstate,0.0425
2021-02-23,RealEstate,0.0
2021-02-24,RealEstate,0.06743333333333333
2021-02-25,RealEstate,0.028333333333333335
2021-02-26,RealEstate,0.05234666666666667
2021-03-01,RealEstate,0.17585
2021-03-02,RealEstate,0.37265000000000004
2021-03-03,RealEstate,0.0
2021-03-04,RealEstate,0.0028666666666666667
2021-03-05,RealEstate,0.5574
2021-03-08,RealEstate,0.0
2021-03-09,RealEstate,0.3731
2021-03-10,RealEstate,0.0
2021-03-11,RealEstate,0.1779
2021-03-12,RealEstate,0.0
2021-03-15,RealEstate,0.14613333333333334
2021-03-16,RealEstate,0.3569333333333333
2021-03-17,RealEstate,-0.014116666666666666
2021-03-18,RealEstate,-0.0128375
2021-03-19,RealEstate,0.24350000000000002
2021-03-22,RealEstate,0.0
2021-03-23,RealEstate,0.0
2021-03-24,RealEstate,0.0
2021-03-25,RealEstate,0.0
2021-03-26,RealEstate,0.2992
2021-03-29,RealEstate,0.0
2021-03-30,RealEstate,0.0806875
2021-03-31,RealEstate,0.12726666666666667
2021-04-01,RealEstate,0.0
2021-04-05,RealEstate,-0.2942
2021-04-06,RealEstate,-0.21636666666666668
2021-04-07,RealEstate,0.4767
2021-04-08,RealEstate,0.4019
2021-04-09,RealEstate,0.0
2021-04-12,RealEstate,0.0
2021-04-13,RealEstate,0.49429999999999996
2021-04-14,RealEstate,0.0
2021-04-15,RealEstate,0.0
2021-04-16,RealEstate,0.1147
2021-04-19,RealEstate,0.0
2021-04-20,RealEstate,0.039775
2021-04-21,RealEstate,0.0
2021-04-22,RealEstate,0.0
2021-04-23,RealEstate,0.13396666666666665
2021-04-26,RealEstate,0.7783
2021-04-27,RealEstate,0.0795
2021-04-28,RealEstate,0.0
2021-04-29,RealEstate,0.18681111111111112
2021-04-30,RealEstate,0.12408250000000001
2021-05-03,RealEstate,0.28300000000000003
2021-05-04,RealEstate,0.3057
2021-05-05,RealEstate,0.0
2021-05-06,RealEstate,0.0
2021-05-07,RealEstate,-0.0605
2021-05-10,RealEstate,0.0
2021-05-11,RealEstate,0.0
2021-05-12,RealEstate,0.296
2021-05-13,RealEstate,0.34895
2021-05-14,RealEstate,0.0
2021-05-17,RealEstate,0.0
2021-05-18,RealEstate,0.0
2021-05-19,RealEstate,0.0
2021-05-20,RealEstate,0.0
2021-05-21,RealEstate,0.0
2021-05-24,RealEstate,0.0
2021-05-25,RealEstate,0.1158
2021-05-26,RealEstate,0.583725
2021-05-27,RealEstate,0.0
2021-05-28,RealEstate,-0.05135
2021-06-01,RealEstate,0.5028
2021-06-02,RealEstate,0.13283333333333333
2021-06-03,RealEstate,0.5719
2021-06-04,RealEstate,0.16836666666666666
2021-06-07,RealEstate,0.296
2021-06-08,RealEstate,0.46645000000000003
2021-06-09,RealEstate,0.0
2021-06-10,RealEstate,0.0
2021-06-11,RealEstate,0.15928
2021-06-14,RealEstate,0.0
2021-06-15,RealEstate,-0.0386
2021-06-16,RealEstate,-0.148
2021-06-17,RealEstate,0.13155555555555556
2021-06-18,RealEstate,0.23835
2021-06-21,RealEstate,0.1628166666666667
2021-06-22,RealEstate,0.0
2021-06-23,RealEstate,-0.2023
2021-06-24,RealEstate,0.0
2021-06-25,RealEstate,-0.1909
2021-06-28,RealEstate,0.31845
2021-06-29,RealEstate,0.06443333333333333
2021-06-30,RealEstate,0.0
2021-07-01,RealEstate,0.0
2021-07-02,RealEstate,0.4983666666666666
2021-07-06,RealEstate,0.61895
2021-07-07,RealEstate,0.296
2021-07-08,RealEstate,0.2882
2021-07-09,RealEstate,0.0
2021-07-12,RealEstate,-0.1366
2021-07-13,RealEstate,0.0
2021-07-14,RealEstate,0.0
2021-07-15,RealEstate,0.0252875
2021-07-16,RealEstate,0.0
2021-07-19,RealEstate,0.0
2021-07-20,RealEstate,-0.142975
2021-07-21,RealEstate,0.0
2021-07-22,RealEstate,0.0
2021-07-23,RealEstate,0.148
2021-07-26,RealEstate,0.0
2021-07-27,RealEstate,0.48355
2021-07-28,RealEstate,0.0
2021-07-29,RealEstate,0.074
2021-07-30,RealEstate,-0.11333333333333334
2021-08-02,RealEstate,0.0
2021-08-03,RealEstate,0.05995
2021-08-04,RealEstate,0.146475
2021-08-05,RealEstate,0.0
2021-08-06,RealEstate,0.0
2021-08-09,RealEstate,0.148
2021-08-10,RealEstate,-0.0128375
2021-08-11,RealEstate,0.46645000000000003
2021-08-12,RealEstate,0.4393
2021-08-13,RealEstate,0.296
2021-08-16,RealEstate,0.0
2021-08-17,RealEstate,0.0549625
2021-08-18,RealEstate,0.296
2021-08-19,RealEstate,0.46618333333333334
2021-08-20,RealEstate,0.25
2021-08-23,RealEstate,0.296
2021-08-24,RealEstate,-0.1027
2021-08-25,RealEstate,0.296
2021-08-26,RealEstate,0.3034
2021-08-27,RealEstate,0.0
2021-08-30,RealEstate,0.050575
2021-08-31,RealEstate,-0.0353
2021-09-01,RealEstate,0.0
2021-09-02,RealEstate,0.2732
2021-09-03,RealEstate,0.0
2021-09-07,RealEstate,0.0516
2021-09-08,RealEstate,0.152525
2021-09-09,RealEstate,0.041800000000000004
2021-09-10,RealEstate,0.0
2021-09-13,RealEstate,0.2654666666666667
2021-09-14,RealEstate,0.0
2021-09-15,RealEstate,0.34040000000000004
2021-09-16,RealEstate,0.0
2021-09-17,RealEstate,0.023500000000000004
2021-09-20,RealEstate,0.0
2021-09-21,RealEstate,0.0732375
2021-09-22,RealEstate,0.17
2021-09-23,RealEstate,0.151725
2021-09-24,RealEstate,0.0
2021-09-27,RealEstate,0.0
2021-09-28,RealEstate,0.24671666666666667
2021-09-29,RealEstate,0.5267
2021-09-30,RealEstate,0.0
2021-10-01,RealEstate,0.3021
2021-10-04,RealEstate,0.0
2021-10-05,RealEstate,0.0
2021-10-06,RealEstate,0.0
2021-10-07,RealEstate,0.370275
2021-10-08,RealEstate,0.0
2021-10-11,RealEstate,0.50935
2021-10-12,RealEstate,0.100475
2021-10-13,RealEstate,0.0
2021-10-14,RealEstate,0.51885
2021-10-15,RealEstate,0.10780555555555554
2021-10-18,RealEstate,0.1514
2021-10-19,RealEstate,0.0
2021-10-20,RealEstate,0.1909
2021-10-21,RealEstate,0.125
2021-10-22,RealEstate,0.164
2021-10-25,RealEstate,0.7184
2021-10-26,RealEstate,0.10115
2021-10-27,RealEstate,0.1957
2021-10-28,RealEstate,0.151725
2021-10-29,RealEstate,0.17081666666666664
2021-11-01,RealEstate,0.16892222222222222
2021-11-02,RealEstate,0.0
2021-11-03,RealEstate,0.033716666666666666
2021-11-04,RealEstate,0.0
2021-11-05,RealEstate,0.1275
2021-11-08,RealEstate,0.0
2021-11-09,RealEstate,0.0166
2021-11-10,RealEstate,0.32257499999999995
2021-11-11,RealEstate,0.0
2021-11-12,RealEstate,0.26713333333333333
2021-11-15,RealEstate,0.2294
2021-11-16,RealEstate,0.13039777777777775
2021-11-17,RealEstate,0.0
2021-11-18,RealEstate,0.050575
2021-11-19,RealEstate,0.3968333333333333
2021-11-22,RealEstate,0.0
2021-11-23,RealEstate,0.24995833333333334
2021-11-24,RealEstate,0.0
2021-11-26,RealEstate,0.296
2021-11-29,RealEstate,0.31845
2021-11-30,RealEstate,0.052075
2021-12-01,RealEstate,0.0
2021-12-02,RealEstate,0.10115
2021-12-03,RealEstate,0.47250000000000003
2021-12-06,RealEstate,-0.1404
2021-12-07,RealEstate,0.033716666666666666
2021-12-08,RealEstate,0.0
2021-12-09,RealEstate,0.011499999999999996
2021-12-10,RealEstate,0.3243
2021-12-13,RealEstate,0.18130000000000002
2021-12-14,RealEstate,0.013486666666666666
2021-12-15,RealEstate,0.46525
2021-12-16,RealEstate,0.16858333333333334
2021-12-17,RealEstate,0.07655
2021-12-20,RealEstate,0.11009999999999998
2021-12-21,RealEstate,0.144975
2021-12-22,RealEstate,0.3446
2021-12-23,RealEstate,0.0
2021-12-27,RealEstate,0.0
2021-12-28,RealEstate,-0.031375
2021-12-29,RealEstate,0.21075
2021-12-30,RealEstate,0.15533333333333332
2021-12-31,RealEstate,0.2364833333333333
2022-01-03,RealEstate,0.04684999999999999
2022-01-04,RealEstate,0.10615000000000001
2022-01-05,RealEstate,0.30722499999999997
2022-01-06,RealEstate,0.1468
2022-01-07,RealEstate,0.19733333333333333
2022-01-10,RealEstate,0.0
2022-01-11,RealEstate,0.31845
2022-01-12,RealEstate,-0.1769666666666667
2022-01-13,RealEstate,-0.06778125
2022-01-14,RealEstate,0.11333333333333334
2022-01-18,RealEstate,0.09100000000000001
2022-01-19,RealEstate,-0.0502375
2022-01-20,RealEstate,0.296
2022-01-21,RealEstate,0.27708
2022-01-24,RealEstate,0.2862125
2022-01-25,RealEstate,0.16029
2022-01-26,RealEstate,0.35345000000000004
2022-01-27,RealEstate,0.1468
2022-01-28,RealEstate,0.30445
2022-01-31,RealEstate,0.013487499999999986
2022-02-01,RealEstate,0.42042999999999997
2022-02-02,RealEstate,0.28595
2022-02-03,RealEstate,0.1490875
2022-02-04,RealEstate,0.148
2022-02-07,RealEstate,0.0
2022-02-08,RealEstate,0.0781125
2022-02-09,RealEstate,0.14705000000000001
2022-02-10,RealEstate,0.06493
2022-02-11,RealEstate,0.184725
2022-02-14,RealEstate,0.050575
2022-02-15,RealEstate,0.4689875
2022-02-16,RealEstate,0.22130000000000002
2022-02-17,RealEstate,0.31550000000000006
2022-02-18,RealEstate,0.04166
2022-02-22,RealEstate,-0.02965
2022-02-23,RealEstate,0.13342125
2022-02-24,RealEstate,0.05957000000000001
2022-02-25,RealEstate,0.3482133333333333
2022-02-28,RealEstate,0.09272083333333334
2022-03-01,RealEstate,0.025216666666666665
2022-03-02,RealEstate,0.050575
2022-03-03,RealEstate,0.06597
2022-03-04,RealEstate,0.21821875000000002
2022-03-07,RealEstate,0.42413333333333336
2022-03-08,RealEstate,0.09067777777777779
2022-03-09,RealEstate,0.17
2022-03-10,RealEstate,-0.05643333333333333
2022-03-11,RealEstate,0.0425
2022-03-14,RealEstate,0.2841
2022-03-15,RealEstate,0.12754000000000001
2022-03-16,RealEstate,0.33696666666666664
2022-03-17,RealEstate,0.09536666666666667
2022-03-18,RealEstate,0.0
2022-03-21,RealEstate,0.07003000000000001
2022-03-22,RealEstate,0.09498666666666666
2022-03-23,RealEstate,0.03855000000000001
2022-03-24,RealEstate,0.4404
2022-03-25,RealEstate,0.06193333333333333
2022-03-28,RealEstate,0.16046666666666667
2022-03-29,RealEstate,0.09233333333333334
2022-03-30,RealEstate,0.21713333333333332
2022-03-31,RealEstate,0.3933166666666666
2022-04-01,RealEstate,0.025412500000000005
2022-04-04,RealEstate,0.369025
2022-04-05,RealEstate,0.13173125000000002
2022-04-06,RealEstate,0.15486
2022-04-07,RealEstate,0.1285333333333333
2022-04-08,RealEstate,0.08236
2022-04-11,RealEstate,0.09866666666666667
2022-04-12,RealEstate,-0.001720833333333338
2022-04-13,RealEstate,0.28442
2022-04-14,RealEstate,0.038125000000000006
2022-04-18,RealEstate,0.31415
2022-04-19,RealEstate,0.08480833333333333
2022-04-20,RealEstate,-0.09386399999999999
2022-04-21,RealEstate,-0.10165
2022-04-22,RealEstate,0.027645000000000003
2022-04-25,RealEstate,0.10115
2022-04-26,RealEstate,0.13704666666666668
2022-04-27,RealEstate,0.0
2022-04-28,RealEstate,0.05755625
2022-04-29,RealEstate,0.32335
2022-05-02,RealEstate,0.17865
2022-05-03,RealEstate,0.17020000000000002
2022-05-04,RealEstate,0.08510000000000001
2022-05-05,RealEstate,0.06919166666666668
2022-05-06,RealEstate,0.06193333333333333
2022-05-09,RealEstate,0.03733333333333333
2022-05-10,RealEstate,0.13553
2022-05-11,RealEstate,0.04052000000000001
2022-05-12,RealEstate,0.02968333333333334
2022-05-13,RealEstate,0.31751111111111113
2022-05-16,RealEstate,0.17701250000000002
2022-05-17,RealEstate,0.12654583333333333
2022-05-18,RealEstate,0.3404375
2022-05-19,RealEstate,-0.06143333333333333
2022-05-20,RealEstate,0.03650625
2022-05-23,RealEstate,0.07935999999999999
2022-05-24,RealEstate,0.098474
2022-05-25,RealEstate,0.32005
2022-05-26,RealEstate,0.256675
2022-05-27,RealEstate,0.14705000000000001
2022-05-31,RealEstate,0.1334875
2022-06-01,RealEstate,0.158525
2022-06-02,RealEstate,0.23835
2022-06-03,RealEstate,0.1390875
2022-06-06,RealEstate,0.2366625
2022-06-07,RealEstate,0.07598666666666666
2022-06-08,RealEstate,0.04432666666666667
2022-06-09,RealEstate,0.20451
2022-06-10,RealEstate,0.34031666666666666
2022-06-13,RealEstate,0.16952499999999998
2022-06-14,RealEstate,0.114735
2022-06-15,RealEstate,0.08678999999999999
2022-06-16,RealEstate,-0.03735
2022-06-17,RealEstate,0.1064875
2022-06-21,RealEstate,0.38482333333333335
2022-06-22,RealEstate,0.28150416666666667
2022-06-23,RealEstate,0.38398333333333334
2022-06-24,RealEstate,0.25239999999999996
2022-06-27,RealEstate,-0.1858
2022-06-28,RealEstate,0.08831
2022-06-29,RealEstate,0.0913
2022-06-30,RealEstate,0.1771625
2022-07-01,RealEstate,0.085
2022-07-05,RealEstate,0.09706
2022-07-06,RealEstate,0.21361666666666668
2022-07-07,RealEstate,-0.11352499999999999
2022-07-08,RealEstate,0.11005833333333334
2022-07-11,RealEstate,0.2759333333333333
2022-07-12,RealEstate,0.29322
2022-07-13,RealEstate,-0.00645
2022-07-14,RealEstate,0.23718333333333333
2022-07-15,RealEstate,0.1107
2022-07-18,RealEstate,-0.2455525
2022-07-19,RealEstate,0.12016249999999999
2022-07-20,RealEstate,-0.10491666666666666
2022-07-21,RealEstate,0.17764000000000002
2022-07-22,RealEstate,0.2966
2022-07-25,RealEstate,0.44436666666666663
2022-07-26,RealEstate,0.21288
2022-07-27,RealEstate,0.1748
2022-07-28,RealEstate,0.24497866666666662
2022-07-29,RealEstate,0.05896875
2022-08-01,RealEstate,0.26866
2022-08-02,RealEstate,0.2648625
2022-08-03,RealEstate,0.1672625
2022-08-04,RealEstate,-0.0021375000000000005
2022-08-05,RealEstate,0.1368666666666667
2022-08-08,RealEstate,0.2974666666666667
2022-08-09,RealEstate,0.1282
2022-08-10,RealEstate,0.29035
2022-08-11,RealEstate,0.12040000000000001
2022-08-12,RealEstate,0.3131
2022-08-15,RealEstate,0.022575
2022-08-16,RealEstate,-0.037562500000000026
2022-08-17,RealEstate,0.23690000000000003
2022-08-18,RealEstate,0.21993125
2022-08-19,RealEstate,0.05135
2022-08-22,RealEstate,0.3654
2022-08-23,RealEstate,0.3100275
2022-08-24,RealEstate,0.06698333333333333
2022-08-25,RealEstate,0.16047000000000003
2022-08-26,RealEstate,0.2196625
2022-08-29,RealEstate,0.35150000000000003
2022-08-30,RealEstate,0.08582291666666667
2022-08-31,RealEstate,0.27115
2022-09-01,RealEstate,0.22335
2022-09-02,RealEstate,0.34
2022-09-06,RealEstate,0.08510000000000001
2022-09-07,RealEstate,0.3640125
2022-09-08,RealEstate,0.06333333333333332
2022-09-09,RealEstate,0.39463333333333334
2022-09-12,RealEstate,0.5379
2022-09-13,RealEstate,0.29308055555555557
2022-09-14,RealEstate,0.1181375
2022-09-15,RealEstate,0.21225000000000002
2022-09-16,RealEstate,0.316625
2022-09-19,RealEstate,0.2793325
2022-09-20,RealEstate,0.25734666666666667
2022-09-21,RealEstate,0.22997083333333335
2022-09-22,RealEstate,0.065825
2022-09-23,RealEstate,-0.05183
2022-09-26,RealEstate,0.07544444444444445
2022-09-27,RealEstate,0.07312142857142859
2022-09-28,RealEstate,0.31421666666666664
2022-09-29,RealEstate,-0.08837916666666666
2022-09-30,RealEstate,0.0
2022-10-03,RealEstate,0.40345000000000003
2022-10-04,RealEstate,0.386425
2022-10-05,RealEstate,0.33353
2022-10-06,RealEstate,0.27059999999999995
2022-10-07,RealEstate,0.0
2022-10-10,RealEstate,0.05740624999999999
2022-10-11,RealEstate,0.10796999999999998
2022-10-12,RealEstate,-0.013233333333333338
2022-10-13,RealEstate,0.156225
2022-10-14,RealEstate,0.0
2022-10-17,RealEstate,-0.020899999999999974
2022-10-18,RealEstate,0.06738500000000003
2022-10-19,RealEstate,0.016858333333333333
2022-10-20,RealEstate,0.10345000000000001
2022-10-21,RealEstate,0.20095
2022-10-24,RealEstate,0.300555
2022-10-25,RealEstate,0.25793
2022-10-26,RealEstate,0.09152
2022-10-27,RealEstate,0.0858875
2022-10-28,RealEstate,-0.005024000000000001
2022-10-31,RealEstate,0.0
2022-11-01,RealEstate,0.19326714285714286
2022-11-02,RealEstate,0.042145833333333334
2022-11-03,RealEstate,0.07867222222222221
2022-11-04,RealEstate,-0.008838888888888891
2022-11-07,RealEstate,-0.2732
2022-11-08,RealEstate,0.12118125
2022-11-09,RealEstate,0.3119
2022-11-10,RealEstate,0.10115
2022-11-11,RealEstate,0.10293749999999999
2022-11-14,RealEstate,0.5327999999999999
2022-11-15,RealEstate,0.15305555555555558
2022-11-16,RealEstate,0.4939
2022-11-17,RealEstate,0.27128888888888886
2022-11-18,RealEstate,0.0
2022-11-21,RealEstate,-0.13486666666666666
2022-11-22,RealEstate,0.156525
2022-11-23,RealEstate,-0.41169999999999995
2022-11-25,RealEstate,0.22020000000000003
2022-11-28,RealEstate,0.3744666666666667
2022-11-29,RealEstate,0.47812499999999997
2022-11-30,RealEstate,0.0
2022-12-01,RealEstate,0.14885
2022-12-02,RealEstate,0.261275
2022-12-05,RealEstate,0.1661
2022-12-06,RealEstate,0.31845
2022-12-07,RealEstate,0.25445
2022-12-08,RealEstate,0.33755
2022-12-09,RealEstate,0.0
2022-12-12,RealEstate,0.39794999999999997
2022-12-13,RealEstate,0.06743333333333333
2022-12-14,RealEstate,-0.1591
2022-12-15,RealEstate,0.05666666666666667
2022-12-16,RealEstate,0.08631666666666667
2022-12-19,RealEstate,0.5194
2022-12-20,RealEstate,0.16439499999999999
2022-12-21,RealEstate,0.056537500000000004
2022-12-22,RealEstate,-0.043444444444444445
2022-12-23,RealEstate,0.0
2022-12-27,RealEstate,0.0
2022-12-28,RealEstate,0.276205
2022-12-29,RealEstate,0.42046666666666666
2022-12-30,RealEstate,0.10115
2023-01-03,RealEstate,0.07955
2023-01-04,RealEstate,0.21816250000000004
2023-01-05,RealEstate,0.1806
2023-01-06,RealEstate,0.19153333333333333
2023-01-09,RealEstate,0.063325
2023-01-10,RealEstate,-0.02993333333333333
2023-01-11,RealEstate,0.085
2023-01-12,RealEstate,0.06363333333333333
2023-01-13,RealEstate,0.045325000000000004
2023-01-17,RealEstate,0.033716666666666666
2023-01-18,RealEstate,0.1320625
2023-01-19,RealEstate,0.0021444444444444458
2023-01-20,RealEstate,0.10142499999999999
2023-01-23,RealEstate,0.07547777777777777
2023-01-24,RealEstate,0.07724666666666666
2023-01-25,RealEstate,0.3297875
2023-01-26,RealEstate,0.26082222222222223
2023-01-27,RealEstate,0.05325555555555555
2023-01-30,RealEstate,0.3066
2023-01-31,RealEstate,0.23276874999999997
2023-02-01,RealEstate,0.12202500000000001
2023-02-02,RealEstate,0.27355
2023-02-03,RealEstate,0.1418125
2023-02-06,RealEstate,0.10512777777777778
2023-02-07,RealEstate,0.17055904761904764
2023-02-08,RealEstate,0.06042222222222222
2023-02-09,RealEstate,0.0
2023-02-10,RealEstate,0.1639375
2023-02-13,RealEstate,0.4179166666666667
2023-02-14,RealEstate,0.44425
2023-02-15,RealEstate,0.15886
2023-02-16,RealEstate,0.008577777777777778
2023-02-17,RealEstate,0.022638888888888892
2023-02-21,RealEstate,0.0
2023-02-22,RealEstate,0.057897222222222225
2023-02-23,RealEstate,0.09192708333333333
2023-02-24,RealEstate,0.05041500000000001
2023-02-27,RealEstate,0.0
2023-02-28,RealEstate,0.09504
2023-03-01,RealEstate,0.16455
2023-03-02,RealEstate,0.028475
2023-03-03,RealEstate,0.23394444444444443
2023-03-06,RealEstate,-0.0129
2023-03-07,RealEstate,0.04136
2023-03-08,RealEstate,0.1101
2023-03-09,RealEstate,0.237625
2023-03-10,RealEstate,0.0627125
2023-03-13,RealEstate,0.26161999999999996
2023-03-14,RealEstate,0.021646666666666665
2023-03-15,RealEstate,0.20270000000000002
2023-03-16,RealEstate,0.1579425
2023-03-17,RealEstate,0.23317500000000002
2023-03-20,RealEstate,0.1994375
2023-03-21,RealEstate,0.050725000000000006
2023-03-22,RealEstate,0.44950833333333334
2023-03-23,RealEstate,0.23206666666666667
2023-03-24,RealEstate,0.1365
2023-03-27,RealEstate,0.17
2023-03-28,RealEstate,0.06766333333333334
2023-03-29,RealEstate,0.148
2023-03-30,RealEstate,0.2021888888888889
2023-03-31,RealEstate,0.11796111111111111
2023-04-03,RealEstate,0.24450000000000002
2023-04-04,RealEstate,0.08531000000000002
2023-04-05,RealEstate,0.16390625
2023-04-06,RealEstate,0.10591428571428572
2023-04-10,RealEstate,0.11836250000000001
2023-04-11,RealEstate,0.07998166666666667
2023-04-12,RealEstate,0.4405625
2023-04-13,RealEstate,0.22360000000000002
2023-04-14,RealEstate,-0.025675
2023-04-17,RealEstate,0.12273333333333332
2023-04-18,RealEstate,0.0132375
2023-04-19,RealEstate,0.08707083333333333
2023-04-20,RealEstate,0.07776250000000001
2023-04-21,RealEstate,0.11643125
2023-04-24,RealEstate,0.08679166666666666
2023-04-25,RealEstate,0.17015333333333332
2023-04-26,RealEstate,0.07972666666666667
2023-04-27,RealEstate,-0.09560833333333334
2023-04-28,RealEstate,0.03125
2023-05-01,RealEstate,0.2121333333333333
2023-05-02,RealEstate,0.12618888888888888
2023-05-03,RealEstate,0.04447333333333333
2023-05-04,RealEstate,0.0049111111111111065
2023-05-05,RealEstate,0.08319666666666667
2023-05-08,RealEstate,0.22796000000000002
2023-05-09,RealEstate,0.11322666666666667
2023-05-10,RealEstate,0.2023
2023-05-11,RealEstate,-0.012758333333333335
2023-05-12,RealEstate,0.04404
2023-05-15,RealEstate,0.31845
2023-05-16,RealEstate,0.16914583333333333
2023-05-17,RealEstate,0.11315
2023-05-18,RealEstate,0.11333333333333334
2023-05-19,RealEstate,0.09217291666666666
2023-05-22,RealEstate,0.0
2023-05-23,RealEstate,0.159
2023-05-24,RealEstate,0.08045
2023-05-25,RealEstate,0.2897
2023-05-26,RealEstate,0.059500000000000004
2023-05-30,RealEstate,0.0
2023-05-31,RealEstate,0.15797
2023-06-01,RealEstate,0.2308
2023-06-02,RealEstate,0.15113333333333334
2023-06-05,RealEstate,0.043
2023-06-06,RealEstate,0.11005555555555556
2023-06-07,RealEstate,0.13066666666666665
2023-06-08,RealEstate,0.4215
2023-06-09,RealEstate,0.054165
2023-06-12,RealEstate,0.18206666666666668
2023-06-13,RealEstate,0.224
2023-06-14,RealEstate,0.0
2023-06-15,RealEstate,0.204175
2023-06-16,RealEstate,0.14985
2023-06-20,RealEstate,-0.24613333333333332
2023-06-21,RealEstate,0.0
2023-06-22,RealEstate,0.0
2023-06-23,RealEstate,0.046345000000000004
2023-06-26,RealEstate,0.11247666666666664
2023-06-27,RealEstate,0.19596249999999998
2023-06-28,RealEstate,0.33015
2023-06-29,RealEstate,0.14466666666666667
2023-06-30,RealEstate,0.23190000000000002
2023-07-03,RealEstate,0.018575
2023-07-05,RealEstate,0.19841499999999998
2023-07-06,RealEstate,0.28352222222222223
2023-07-07,RealEstate,0.09404666666666665
2023-07-10,RealEstate,0.0252875
2023-07-11,RealEstate,0.2540166666666667
2023-07-12,RealEstate,0.1909
2023-07-13,RealEstate,0.1755
2023-07-14,RealEstate,0.15039583333333334
2023-07-17,RealEstate,0.0416875
2023-07-18,RealEstate,0.20958133333333331
2023-07-19,RealEstate,0.07444333333333333
2023-07-20,RealEstate,0.19180000000000003
2023-07-21,RealEstate,-0.01686095238095238
2023-07-24,RealEstate,0.18051666666666666
2023-07-25,RealEstate,0.25472333333333336
2023-07-26,RealEstate,0.08721999999999999
2023-07-27,RealEstate,0.06558666666666667
2023-07-28,RealEstate,0.15286
2023-07-31,RealEstate,0.2247866666666667
2023-08-01,RealEstate,0.12699375000000002
2023-08-02,RealEstate,0.08504
2023-08-03,RealEstate,0.1345633333333333
2023-08-04,RealEstate,0.03721666666666666
2023-08-07,RealEstate,-0.08166000000000001
2023-08-08,RealEstate,0.014333333333333333
2023-08-09,RealEstate,0.0
2023-08-10,RealEstate,-0.03062
2023-08-11,RealEstate,0.326865
2023-08-14,RealEstate,0.156225
2023-08-15,RealEstate,0.06265833333333333
2023-08-16,RealEstate,0.08895
2023-08-17,RealEstate,0.1997625
2023-08-18,RealEstate,0.07299833333333332
2023-08-21,RealEstate,0.16151666666666667
2023-08-22,RealEstate,0.169625
2023-08-23,RealEstate,0.11513333333333332
2023-08-24,RealEstate,0.0
2023-08-25,RealEstate,0.06904
2023-08-28,RealEstate,0.05138333333333333
2023-08-29,RealEstate,0.24765
2023-08-30,RealEstate,0.16419999999999998
2023-08-31,RealEstate,0.1784
2023-09-01,RealEstate,0.29594750000000003
2023-09-05,RealEstate,0.29386
2023-09-06,RealEstate,0.12004333333333334
2023-09-07,RealEstate,0.32030000000000003
2023-09-08,RealEstate,0.02266666666666667
2023-09-11,RealEstate,0.255
2023-09-12,RealEstate,0.24696600000000002
2023-09-13,RealEstate,-0.19063333333333332
2023-09-14,RealEstate,0.06656666666666666
2023-09-15,RealEstate,0.0502375
2023-09-18,RealEstate,0.2822766666666666
2023-09-19,RealEstate,0.18226666666666666
2023-09-20,RealEstate,0.2783
2023-09-21,RealEstate,0.4331875
2023-09-22,RealEstate,0.2136458333333333
2023-09-25,RealEstate,0.09035000000000001
2023-09-26,RealEstate,0.08711666666666666
2023-09-27,RealEstate,0.19356666666666666
2023-09-28,RealEstate,0.176875
2023-09-29,RealEstate,0.4616
2023-10-02,RealEstate,0.21230000000000002
2023-10-03,RealEstate,0.3861375
2023-10-04,RealEstate,0.16413000000000003
2023-10-05,RealEstate,0.169775
2023-10-06,RealEstate,0.2085125
2023-10-09,RealEstate,0.18730000000000002
2023-10-10,RealEstate,0.21775
2023-10-11,RealEstate,0.15531250000000002
2023-10-12,RealEstate,0.0
2023-10-13,RealEstate,0.33874666666666664
2023-10-16,RealEstate,0.26335
2023-10-17,RealEstate,0.13651125
2023-10-18,RealEstate,-0.07978750000000001
2023-10-19,RealEstate,0.1412875
2023-10-20,RealEstate,0.00418642857142857
2023-10-23,RealEstate,0.23720999999999998
2023-10-24,RealEstate,0.20670000000000002
2023-10-25,RealEstate,0.21791999999999997
2023-10-26,RealEstate,0.16055
2023-10-27,RealEstate,0.031609375
2023-10-30,RealEstate,0.124825
2023-10-31,RealEstate,0.23247672727272728
2023-11-01,RealEstate,0.14568333333333333
2023-11-02,RealEstate,0.06804444444444445
2023-11-03,RealEstate,0.19801666666666667
2023-11-06,RealEstate,0.035750000000000004
2023-11-07,RealEstate,0.08673750000000001
2023-11-08,RealEstate,0.2852
2023-11-09,RealEstate,-0.0784
2023-11-10,RealEstate,0.18625625
2023-11-13,RealEstate,-0.11866666666666666
2023-11-14,RealEstate,0.127965
2023-11-15,RealEstate,0.24080000000000001
2023-11-16,RealEstate,0.3395
2023-11-17,RealEstate,0.15621000000000002
2023-11-20,RealEstate,-0.008862499999999999
2023-11-21,RealEstate,0.09648333333333334
2023-11-22,RealEstate,0.18286666666666665
2023-11-24,RealEstate,-0.02435555555555555
2023-11-27,RealEstate,0.033716666666666666
2023-11-28,RealEstate,0.07268782051282051
2023-11-29,RealEstate,0.2063333333333333
2023-11-30,RealEstate,0.12497833333333333
2023-12-01,RealEstate,0.10236250000000001
2023-12-04,RealEstate,0.09654
2023-12-05,RealEstate,0.2098
2023-12-06,RealEstate,0.1496125
2023-12-07,RealEstate,0.14734583333333334
2023-12-08,RealEstate,0.11
2023-12-11,RealEstate,0.074
2023-12-12,RealEstate,0.06682333333333333
2023-12-13,RealEstate,0.08254333333333333
2023-12-14,RealEstate,0.23891
2023-12-15,RealEstate,0.063965
2023-12-18,RealEstate,0.040225
2023-12-19,RealEstate,0.24529166666666666
2023-12-20,RealEstate,0.0
2023-12-21,RealEstate,0.0
2023-12-22,RealEstate,0.0
2023-12-26,RealEstate,0.0
2023-12-27,RealEstate,0.0
2023-12-28,RealEstate,0.0
2023-12-29,RealEstate,0.0
2020-01-03,Tech,0.07698871794871795
2020-01-06,Tech,0.09808526785714286
2020-01-07,Tech,-0.013116666666666665
2020-01-08,Tech,0.00910267857142857
2020-01-09,Tech,0.087443125
2020-01-10,Tech,0.09154333333333334
2020-01-13,Tech,0.30686583333333334
2020-01-14,Tech,0.20091575
2020-01-15,Tech,0.22985333333333333
2020-01-16,Tech,0.018463666666666673
2020-01-17,Tech,0.22213055555555555
2020-01-21,Tech,0.07141555777555778
2020-01-22,Tech,0.017946666666666677
2020-01-23,Tech,0.185395
2020-01-24,Tech,0.03489592592592593
2020-01-27,Tech,0.06600430107526882
2020-01-28,Tech,-0.17687049999999999
2020-01-29,Tech,-0.01049423076923077
2020-01-30,Tech,0.14640099206349208
2020-01-31,Tech,-0.04123333333333333
2020-02-03,Tech,0.22208194444444446
2020-02-04,Tech,0.09122777777777778
2020-02-05,Tech,0.07460800000000001
2020-02-06,Tech,0.10227187500000001
2020-02-07,Tech,0.2868725
2020-02-10,Tech,0.1875942857142857
2020-02-11,Tech,0.15818833333333332
2020-02-12,Tech,0.04540538961038962
2020-02-13,Tech,0.0133675
2020-02-14,Tech,-0.046186363636363637
2020-02-18,Tech,0.024656586021505375
2020-02-19,Tech,-0.04732047619047619
2020-02-20,Tech,-0.012978253968253972
2020-02-21,Tech,0.041481333333333335
2020-02-24,Tech,-0.2589611428571429
2020-02-25,Tech,-0.009185303030303033
2020-02-26,Tech,0.019905000000000006
2020-02-27,Tech,0.2120025
2020-02-28,Tech,-0.090316
2020-03-02,Tech,0.2863
2020-03-03,Tech,0.06786600000000001
2020-03-04,Tech,0.002538000000000001
2020-03-05,Tech,0.3957859523809524
2020-03-06,Tech,0.14698033333333332
2020-03-09,Tech,0.044157538461538456
2020-03-10,Tech,-0.11020666666666665
2020-03-11,Tech,0.272895
2020-03-12,Tech,0.07748833333333334
2020-03-13,Tech,-0.04570857142857144
2020-03-16,Tech,-0.011568928571428572
2020-03-17,Tech,-0.10528666666666667
2020-03-18,Tech,0.12160083333333334
2020-03-19,Tech,-0.10072952380952382
2020-03-20,Tech,-0.10737666666666665
2020-03-23,Tech,0.19086
2020-03-24,Tech,0.18370166666666665
2020-03-25,Tech,0.43833520833333334
2020-03-26,Tech,0.0363425
2020-03-27,Tech,0.293434
2020-03-30,Tech,0.3283
2020-03-31,Tech,0.07616666666666666
2020-04-01,Tech,0.018877333333333336
2020-04-02,Tech,0.11331000000000002
2020-04-03,Tech,0.17213125
2020-04-06,Tech,-0.21993333333333334
2020-04-07,Tech,0.28716742424242425
2020-04-08,Tech,0.11083399999999999
2020-04-09,Tech,0.23468
2020-04-13,Tech,0.13129666666666667
2020-04-14,Tech,0.20702843137254903
2020-04-15,Tech,0.570381619047619
2020-04-16,Tech,0.123804
2020-04-17,Tech,0.30889855555555557
2020-04-20,Tech,0.09648407142857143
2020-04-21,Tech,0.24132791666666664
2020-04-22,Tech,-0.33475
2020-04-23,Tech,0.3060380952380952
2020-04-24,Tech,0.20845380952380954
2020-04-27,Tech,0.055976612903225795
2020-04-28,Tech,0.14598163636363637
2020-04-29,Tech,0.08751825396825397
2020-04-30,Tech,0.1726877142857143
2020-05-01,Tech,0.077652
2020-05-04,Tech,-0.16624500000000003
2020-05-05,Tech,0.3556464705882353
2020-05-06,Tech,0.22584375
2020-05-07,Tech,0.13226041666666666
2020-05-08,Tech,0.2666253333333334
2020-05-11,Tech,0.5527614285714286
2020-05-12,Tech,0.12826677777777779
2020-05-13,Tech,-0.04530033333333334
2020-05-14,Tech,0.14325277777777778
2020-05-15,Tech,0.15712666666666666
2020-05-18,Tech,-0.013872444444444432
2020-05-19,Tech,0.015536666666666667
2020-05-20,Tech,0.08420666666666667
2020-05-21,Tech,0.14307166666666668
2020-05-22,Tech,0.06271611111111111
2020-05-26,Tech,-0.17001400000000003
2020-05-27,Tech,0.07271580952380953
2020-05-28,Tech,-0.12060666666666668
2020-05-29,Tech,0.18455249999999998
2020-06-01,Tech,0.1457125
2020-06-02,Tech,0.15514666666666665
2020-06-03,Tech,0.26486875000000004
2020-06-04,Tech,0.246475
2020-06-05,Tech,0.19263833333333333
2020-06-08,Tech,0.03125
2020-06-09,Tech,0.17207
2020-06-10,Tech,0.13602190476190476
2020-06-11,Tech,0.151585
2020-06-12,Tech,0.24573833333333334
2020-06-15,Tech,0.10682083333333334
2020-06-16,Tech,0.18420833333333334
2020-06-17,Tech,0.1823875
2020-06-18,Tech,0.053137500000000004
2020-06-19,Tech,0.209825
2020-06-22,Tech,-0.12040000000000001
2020-06-23,Tech,0.1924352380952381
2020-06-24,Tech,0.07456666666666667
2020-06-25,Tech,-0.1557208333333333
2020-06-26,Tech,-0.42828333333333335
2020-06-29,Tech,-0.054025
2020-06-30,Tech,0.19183333333333333
2020-07-01,Tech,0.39919
2020-07-02,Tech,0.18099999999999997
2020-07-06,Tech,0.295125
2020-07-07,Tech,0.07276915584415584
2020-07-08,Tech,0.35015
2020-07-09,Tech,0.030240000000000013
2020-07-10,Tech,0.1812904761904762
2020-07-13,Tech,0.0
2020-07-14,Tech,0.32982500000000003
2020-07-15,Tech,0.10832
2020-07-16,Tech,0.078175
2020-07-17,Tech,-0.008471666666666655
2020-07-20,Tech,-0.05758
2020-07-21,Tech,0.1277673076923077
2020-07-22,Tech,0.23766
2020-07-23,Tech,0.2235722222222222
2020-07-24,Tech,0.2287962962962963
2020-07-27,Tech,0.19541746031746032
2020-07-28,Tech,0.16424583333333334
2020-07-29,Tech,0.08935357142857142
2020-07-30,Tech,0.23283190464426878
2020-07-31,Tech,0.040823611111111116
2020-08-03,Tech,0.26335
2020-08-04,Tech,0.15939222222222224
2020-08-05,Tech,0.14003060606060605
2020-08-06,Tech,0.08502410714285716
2020-08-07,Tech,0.03765833333333333
2020-08-10,Tech,0.31845
2020-08-11,Tech,0.12135
2020-08-12,Tech,0.24845166666666665
2020-08-13,Tech,-0.07413869047619048
2020-08-14,Tech,0.07164761904761904
2020-08-17,Tech,0.27919583333333337
2020-08-18,Tech,-0.0011175000000000074
2020-08-19,Tech,0.04107083333333334
2020-08-20,Tech,0.09380833333333333
2020-08-21,Tech,-0.1585777777777778
2020-08-24,Tech,0.06362333333333334
2020-08-25,Tech,0.01808611111111111
2020-08-26,Tech,0.05148625
2020-08-27,Tech,0.15337777777777775
2020-08-28,Tech,0.09855208333333333
2020-08-31,Tech,0.49533333333333335
2020-09-01,Tech,0.12472738095238096
2020-09-02,Tech,0.019481250000000006
2020-09-03,Tech,0.1919206349206349
2020-09-04,Tech,0.11674166666666665
2020-09-08,Tech,0.2797875
2020-09-09,Tech,0.15348125
2020-09-10,Tech,0.09683125000000001
2020-09-11,Tech,0.15872222222222224
2020-09-14,Tech,0.14094444444444443
2020-09-15,Tech,0.07650625
2020-09-16,Tech,-0.13607833333333333
2020-09-17,Tech,0.4053999999999999
2020-09-18,Tech,0.1552825396825397
2020-09-21,Tech,0.0
2020-09-22,Tech,0.10605555555555556
2020-09-23,Tech,0.10902222222222223
2020-09-24,Tech,-0.05135
2020-09-25,Tech,0.15489375
2020-09-28,Tech,-0.038233333333333334
2020-09-29,Tech,0.24196041666666665
2020-09-30,Tech,0.24405
2020-10-01,Tech,0.1002
2020-10-02,Tech,0.0
2020-10-05,Tech,0.16598666666666667
2020-10-06,Tech,0.1720866666666667
2020-10-07,Tech,-0.06944444444444443
2020-10-08,Tech,0.33195
2020-10-09,Tech,0.1166031746031746
2020-10-12,Tech,0.19190166666666666
2020-10-13,Tech,0.18307916666666668
2020-10-14,Tech,-0.05082222222222221
2020-10-15,Tech,0.007166666666666666
2020-10-16,Tech,0.18224583333333333
2020-10-19,Tech,0.13092222222222225
2020-10-20,Tech,0.026003124999999995
2020-10-21,Tech,0.05096250000000001
2020-10-22,Tech,0.17803750000000002
2020-10-23,Tech,0.27489375
2020-10-26,Tech,0.14285454545454546
2020-10-27,Tech,0.03721250000000001
2020-10-28,Tech,0.18401135714285716
2020-10-29,Tech,0.08401428571428571
2020-10-30,Tech,0.1512
2020-11-02,Tech,0.0929
2020-11-03,Tech,0.039889375
2020-11-04,Tech,0.19940000000000002
2020-11-05,Tech,0.10698333333333333
2020-11-06,Tech,0.1146
2020-11-09,Tech,0.21091666666666667
2020-11-10,Tech,-0.019691666666666663
2020-11-11,Tech,-0.02779666666666667
2020-11-12,Tech,0.21576031746031746
2020-11-13,Tech,0.23108333333333334
2020-11-16,Tech,-0.011291111111111104
2020-11-17,Tech,0.35775833333333334
2020-11-18,Tech,0.32852777777777775
2020-11-19,Tech,0.25051875
2020-11-20,Tech,-0.026587499999999993
2020-11-23,Tech,0.23048888888888888
2020-11-24,Tech,0.08877499999999999
2020-11-25,Tech,0.0
2020-11-27,Tech,0.12424444444444445
2020-11-30,Tech,0.27925
2020-12-01,Tech,0.03912708333333333
2020-12-02,Tech,0.03347083333333333
2020-12-03,Tech,0.20024375
2020-12-04,Tech,0.07207222222222222
2020-12-07,Tech,0.1880625
2020-12-08,Tech,0.08750972222222222
2020-12-09,Tech,0.1344875
2020-12-10,Tech,0.27175916666666666
2020-12-11,Tech,0.2950479166666667
2020-12-14,Tech,0.056598749999999996
2020-12-15,Tech,0.09489500000000001
2020-12-16,Tech,0.10724333333333334
2020-12-17,Tech,0.06743333333333333
2020-12-18,Tech,0.2908928571428571
2020-12-21,Tech,0.24072500000000002
2020-12-22,Tech,0.1041352380952381
2020-12-23,Tech,0.20185
2020-12-24,Tech,0.2049
2020-12-28,Tech,0.17547222222222222
2020-12-29,Tech,0.2431819444444445
2020-12-30,Tech,-0.09947999999999999
2020-12-31,Tech,0.21244375
2021-01-04,Tech,0.20435
2021-01-05,Tech,0.21894999999999998
2021-01-06,Tech,0.07074375
2021-01-07,Tech,0.15588444444444446
2021-01-08,Tech,0.031656666666666666
2021-01-11,Tech,0.042991666666666664
2021-01-12,Tech,0.06665173611111111
2021-01-13,Tech,0.066025
2021-01-14,Tech,0.089002950310559
2021-01-15,Tech,0.20546666666666666
2021-01-19,Tech,0.0901225
2021-01-20,Tech,0.07612423076923076
2021-01-21,Tech,0.13685833333333333
2021-01-22,Tech,0.21062916666666667
2021-01-25,Tech,0.16475416666666667
2021-01-26,Tech,0.14641923076923075
2021-01-27,Tech,0.1309216666666667
2021-01-28,Tech,0.35104722222222223
2021-01-29,Tech,-0.10381388888888887
2021-02-01,Tech,0.13175625
2021-02-02,Tech,0.2842746428571429
2021-02-03,Tech,0.40635
2021-02-04,Tech,0.2263208333333333
2021-02-05,Tech,0.12396940836940838
2021-02-08,Tech,0.21494166666666667
2021-02-09,Tech,0.19317499999999999
2021-02-10,Tech,0.05666666666666667
2021-02-11,Tech,-0.028625000000000005
2021-02-12,Tech,0.019776666666666665
2021-02-16,Tech,0.11841666666666668
2021-02-17,Tech,0.0483625
2021-02-18,Tech,0.2140022222222222
2021-02-19,Tech,0.088275
2021-02-22,Tech,0.19435
2021-02-23,Tech,0.23552499999999998
2021-02-24,Tech,0.2734979166666667
2021-02-25,Tech,0.11317777777777778
2021-02-26,Tech,-0.00785
2021-03-01,Tech,0.15510277777777778
2021-03-02,Tech,0.1295875
2021-03-03,Tech,-0.052466666666666655
2021-03-04,Tech,0.3404
2021-03-05,Tech,0.08723333333333333
2021-03-08,Tech,0.0881
2021-03-09,Tech,0.2642275
2021-03-10,Tech,-0.012631249999999997
2021-03-11,Tech,0.2083
2021-03-12,Tech,0.09921071428571429
2021-03-15,Tech,0.23511666666666667
2021-03-16,Tech,0.043179999999999996
2021-03-17,Tech,-0.0439
2021-03-18,Tech,0.32783333333333337
2021-03-19,Tech,0.1892222222222222
2021-03-22,Tech,0.148
2021-03-23,Tech,0.09926374999999998
2021-03-24,Tech,0.2548958333333333
2021-03-25,Tech,-0.03213125000000001
2021-03-26,Tech,-0.007349999999999992
2021-03-29,Tech,-0.01013749999999999
2021-03-30,Tech,0.1943
2021-03-31,Tech,0.35508888888888884
2021-04-01,Tech,0.09447777777777777
2021-04-05,Tech,0.0035975000000000174
2021-04-06,Tech,0.2286717948717949
2021-04-07,Tech,-0.07585111111111112
2021-04-08,Tech,0.13238333333333333
2021-04-09,Tech,0.06525
2021-04-12,Tech,0.20980277777777778
2021-04-13,Tech,0.09599374999999999
2021-04-14,Tech,0.1364388888888889
2021-04-15,Tech,0.09248333333333333
2021-04-16,Tech,0.20173750000000001
2021-04-19,Tech,0.021410000000000002
2021-04-20,Tech,0.050146190476190476
2021-04-21,Tech,0.08261250000000002
2021-04-22,Tech,0.034975
2021-04-23,Tech,0.16816625
2021-04-26,Tech,0.07584391025641025
2021-04-27,Tech,0.23827037037037038
2021-04-28,Tech,0.184735
2021-04-29,Tech,0.0677211038961039
2021-04-30,Tech,0.1355
2021-05-03,Tech,-0.012058333333333338
2021-05-04,Tech,0.04942361111111112
2021-05-05,Tech,-0.014508333333333337
2021-05-06,Tech,0.23646111111111112
2021-05-07,Tech,0.18491666666666665
2021-05-10,Tech,0.2519777777777778
2021-05-11,Tech,0.13262222222222222
2021-05-12,Tech,0.002299999999999999
2021-05-13,Tech,0.22020000000000003
2021-05-14,Tech,-0.0252875
2021-05-17,Tech,0.13693333333333332
2021-05-18,Tech,0.07626666666666666
2021-05-19,Tech,0.35885
2021-05-20,Tech,-0.19401428571428572
2021-05-21,Tech,0.16495583333333333
2021-05-24,Tech,0.2834
2021-05-25,Tech,0.33765
2021-05-26,Tech,-0.04800666666666666
2021-05-27,Tech,0.325525
2021-05-28,Tech,0.22606499999999996
2021-06-01,Tech,0.1454125
2021-06-02,Tech,0.09444000000000001
2021-06-03,Tech,0.13198333333333334
2021-06-04,Tech,0.08251666666666667
2021-06-07,Tech,0.15014333333333332
2021-06-08,Tech,0.234910625
2021-06-09,Tech,0.3763
2021-06-10,Tech,0.09991250000000002
2021-06-11,Tech,0.14963437500000001
2021-06-14,Tech,-0.007481249999999995
2021-06-15,Tech,-0.0324175
2021-06-16,Tech,0.0
2021-06-17,Tech,0.13639166666666666
2021-06-18,Tech,-0.029229259259259264
2021-06-21,Tech,0.09379749999999999
2021-06-22,Tech,0.129278125
2021-06-23,Tech,0.059400000000000015
2021-06-24,Tech,0.09089333333333334
2021-06-25,Tech,0.26868333333333333
2021-06-28,Tech,0.5199
2021-06-29,Tech,0.06652166666666667
2021-06-30,Tech,0.33261875
2021-07-01,Tech,0.10346444444444447
2021-07-02,Tech,0.16049166666666664
2021-07-06,Tech,-0.08375555555555557
2021-07-07,Tech,0.2590166666666667
2021-07-08,Tech,0.34613333333333335
2021-07-09,Tech,0.205025
2021-07-12,Tech,0.19395833333333332
2021-07-13,Tech,0.13435416666666666
2021-07-14,Tech,0.16463333333333333
2021-07-15,Tech,0.017360000000000004
2021-07-16,Tech,-0.010980000000000002
2021-07-19,Tech,0.09252961538461538
2021-07-20,Tech,-0.07344434523809523
2021-07-21,Tech,0.12433749999999999
2021-07-22,Tech,0.09964375
2021-07-23,Tech,0.024883333333333323
2021-07-26,Tech,-0.04767791666666667
2021-07-27,Tech,0.12623293269230768
2021-07-28,Tech,0.02640319865319865
2021-07-29,Tech,0.16874523809523811
2021-07-30,Tech,0.14758541666666666
2021-08-02,Tech,0.363025
2021-08-03,Tech,0.10725608465608466
2021-08-04,Tech,0.10389583333333334
2021-08-05,Tech,-0.05041249999999999
2021-08-06,Tech,0.10112559523809525
2021-08-09,Tech,0.07719000000000001
2021-08-10,Tech,0.054343749999999996
2021-08-11,Tech,0.010589999999999999
2021-08-12,Tech,0.0
2021-08-13,Tech,0.3098666666666667
2021-08-16,Tech,0.038825
2021-08-17,Tech,0.03813333333333333
2021-08-18,Tech,-0.02628666666666667
2021-08-19,Tech,0.30077175
2021-08-20,Tech,0.0635257142857143
2021-08-23,Tech,-0.09684999999999999
2021-08-24,Tech,0.1289818181818182
2021-08-25,Tech,0.016232275132275133
2021-08-26,Tech,0.017075
2021-08-27,Tech,0.313285
2021-08-30,Tech,-0.013375000000000008
2021-08-31,Tech,0.33759833333333333
2021-09-01,Tech,-0.02590833333333334
2021-09-02,Tech,-0.040555555555555546
2021-09-03,Tech,0.3245375
2021-09-07,Tech,0.22229166666666667
2021-09-08,Tech,0.1948952380952381
2021-09-09,Tech,0.1008625
2021-09-10,Tech,0.18947166666666665
2021-09-13,Tech,-0.10527333333333336
2021-09-14,Tech,0.052699666666666665
2021-09-15,Tech,0.194275
2021-09-16,Tech,0.08303035714285714
2021-09-17,Tech,0.20064333333333334
2021-09-20,Tech,-0.004446666666666654
2021-09-21,Tech,0.29294333333333333
2021-09-22,Tech,0.1111717857142857
2021-09-23,Tech,0.08091866666666667
2021-09-24,Tech,0.04324833333333335
2021-09-27,Tech,0.17522000000000001
2021-09-28,Tech,0.18366033333333334
2021-09-29,Tech,0.151244
2021-09-30,Tech,0.21318166666666666
2021-10-01,Tech,0.16957166666666665
2021-10-04,Tech,-0.171766
2021-10-05,Tech,0.16395857142857145
2021-10-06,Tech,0.13896000000000003
2021-10-07,Tech,0.067530625
2021-10-08,Tech,-0.010751666666666677
2021-10-11,Tech,0.05983433333333334
2021-10-12,Tech,0.09324444444444445
2021-10-13,Tech,0.21382933333333334
2021-10-14,Tech,0.11946333333333334
2021-10-15,Tech,0.066945
2021-10-18,Tech,0.160025
2021-10-19,Tech,0.07923111904761905
2021-10-20,Tech,0.2747116666666667
2021-10-21,Tech,0.13825333333333334
2021-10-22,Tech,0.087662
2021-10-25,Tech,0.25826777777777776
2021-10-26,Tech,-0.028914583333333327
2021-10-27,Tech,0.09469119047619048
2021-10-28,Tech,0.040735654761904765
2021-10-29,Tech,0.25319
2021-11-01,Tech,0.075685
2021-11-02,Tech,0.25267833333333334
2021-11-03,Tech,0.15081666666666665
2021-11-04,Tech,0.20185400000000003
2021-11-05,Tech,0.2003686944634313
2021-11-08,Tech,-0.02313666666666666
2021-11-09,Tech,0.063098
2021-11-10,Tech,0.10620833333333335
2021-11-11,Tech,0.09087277777777779
2021-11-12,Tech,0.23189924242424242
2021-11-15,Tech,0.093175
2021-11-16,Tech,0.16868333333333332
2021-11-17,Tech,0.22037234848484846
2021-11-18,Tech,0.04954183006535948
2021-11-19,Tech,0.0751326765188834
2021-11-22,Tech,0.11994342105263157
2021-11-23,Tech,0.18750116666666666
2021-11-24,Tech,0.33617600000000003
2021-11-26,Tech,-0.031169444444444437
2021-11-29,Tech,-0.037750000000000006
2021-11-30,Tech,0.12805257142857143
2021-12-01,Tech,0.02141722222222222
2021-12-02,Tech,-0.06669999999999998
2021-12-03,Tech,0.17711696969696972
2021-12-06,Tech,0.1792810267857143
2021-12-07,Tech,0.1554797121212121
2021-12-08,Tech,0.18975738687782806
2021-12-09,Tech,0.05381041666666666
2021-12-10,Tech,0.13742472727272725
2021-12-13,Tech,0.06850606060606061
2021-12-14,Tech,0.08031590909090909
2021-12-15,Tech,0.02925833333333333
2021-12-16,Tech,0.20407466666666668
2021-12-17,Tech,0.08213541666666667
2021-12-20,Tech,-0.12269000000000001
2021-12-21,Tech,0.022605000000000007
2021-12-22,Tech,0.1621288888888889
2021-12-23,Tech,0.5457966666666667
2021-12-27,Tech,0.12270833333333334
2021-12-28,Tech,0.163495625
2021-12-29,Tech,0.18943031818181819
2021-12-30,Tech,0.12633944444444442
2021-12-31,Tech,0.15874000000000002
2022-01-03,Tech,0.2338704285714286
2022-01-04,Tech,0.33599940476190476
2022-01-05,Tech,0.061587843137254905
2022-01-06,Tech,0.1351387272727273
2022-01-07,Tech,0.15982
2022-01-10,Tech,-0.05661
2022-01-11,Tech,0.0809375
2022-01-12,Tech,0.11937288888888889
2022-01-13,Tech,0.14554
2022-01-14,Tech,0.22538711111111112
2022-01-18,Tech,0.20481952380952378
2022-01-19,Tech,0.18140290476190477
2022-01-20,Tech,0.17442541666666667
2022-01-21,Tech,0.22160061904761905
2022-01-24,Tech,0.10918674242424242
2022-01-25,Tech,0.15312506604506604
2022-01-26,Tech,0.030626333333333332
2022-01-27,Tech,0.06644259968102073
2022-01-28,Tech,0.12878164772727274
2022-01-31,Tech,0.1749627619047619
2022-02-01,Tech,0.09670966666666667
2022-02-02,Tech,0.12699370370370372
2022-02-03,Tech,0.18780171179883945
2022-02-04,Tech,0.14016726984126984
2022-02-07,Tech,0.04717638888888889
2022-02-08,Tech,0.08864738095238094
2022-02-09,Tech,0.2332439285714286
2022-02-10,Tech,0.14765569230769232
2022-02-11,Tech,0.07351
2022-02-14,Tech,0.04092277777777777
2022-02-15,Tech,0.053582275641025634
2022-02-16,Tech,0.12729388235294117
2022-02-17,Tech,0.14363227450980393
2022-02-18,Tech,0.1114956
2022-02-22,Tech,0.14117266666666667
2022-02-23,Tech,0.14458807142857144
2022-02-24,Tech,0.21207666666666664
2022-02-25,Tech,0.06595333333333334
2022-02-28,Tech,-0.052860714285714275
2022-03-01,Tech,0.14586272727272726
2022-03-02,Tech,0.1823533333333333
2022-03-03,Tech,0.18203000000000003
2022-03-04,Tech,0.06495651515151515
2022-03-07,Tech,0.05196861904761905
2022-03-08,Tech,0.01842061904761905
2022-03-09,Tech,0.15661666666666668
2022-03-10,Tech,0.07840942857142856
2022-03-11,Tech,0.2778336923076923
2022-03-14,Tech,0.07941400000000001
2022-03-15,Tech,0.26458244444444445
2022-03-16,Tech,0.09321386868686868
2022-03-17,Tech,0.17171030844155843
2022-03-18,Tech,0.07387716666666666
2022-03-21,Tech,0.1473853333333333
2022-03-22,Tech,0.10049066666666664
2022-03-23,Tech,0.12455219047619046
2022-03-24,Tech,0.06218736363636364
2022-03-25,Tech,0.11436908158508156
2022-03-28,Tech,0.13006791666666667
2022-03-29,Tech,0.26842
2022-03-30,Tech,0.08175369047619048
2022-03-31,Tech,0.14768283333333335
2022-04-01,Tech,0.1397956349206349
2022-04-04,Tech,0.09031396736596738
2022-04-05,Tech,0.11491586466165413
2022-04-06,Tech,0.036602932692307695
2022-04-07,Tech,0.1552212857142857
2022-04-08,Tech,0.2936221428571429
2022-04-11,Tech,0.38193333333333335
2022-04-12,Tech,0.234682331002331
2022-04-13,Tech,0.12285428571428572
2022-04-14,Tech,0.12568166666666664
2022-04-18,Tech,0.006591666666666667
2022-04-19,Tech,0.09197
2022-04-20,Tech,0.17060755555555557
2022-04-21,Tech,0.17537625
2022-04-22,Tech,0.04024880952380952
2022-04-25,Tech,0.027360000000000002
2022-04-26,Tech,0.1535740238095238
2022-04-27,Tech,0.135942
2022-04-28,Tech,0.12966955555555554
2022-04-29,Tech,0.025824289772727275
2022-05-02,Tech,0.0014425108225108194
2022-05-03,Tech,0.04577086580086581
2022-05-04,Tech,-0.014621587301587297
2022-05-05,Tech,-0.028433573717948718
2022-05-06,Tech,0.27581316666666666
2022-05-09,Tech,0.07282428571428572
2022-05-10,Tech,0.0890825641025641
2022-05-11,Tech,0.19980564102564102
2022-05-12,Tech,0.10732678571428571
2022-05-13,Tech,0.03639452380952381
2022-05-16,Tech,0.09926212121212122
2022-05-17,Tech,0.017866
2022-05-18,Tech,0.16402091575091576
2022-05-19,Tech,0.269345
2022-05-20,Tech,0.18032017045454546
2022-05-23,Tech,0.2797958333333333
2022-05-24,Tech,0.1603996591478697
2022-05-25,Tech,0.24001999999999998
2022-05-26,Tech,0.0241180808080808
2022-05-27,Tech,0.2421684210526316
2022-05-31,Tech,-0.004007777777777782
2022-06-01,Tech,0.2941422222222222
2022-06-02,Tech,0.1893076388888889
2022-06-03,Tech,0.10932380952380952
2022-06-06,Tech,0.11425733333333335
2022-06-07,Tech,0.06840833333333333
2022-06-08,Tech,0.06256533333333333
2022-06-09,Tech,0.09099093750000001
2022-06-10,Tech,0.065266
2022-06-13,Tech,0.04853750000000001
2022-06-14,Tech,0.12153770634920633
2022-06-15,Tech,0.1344104761904762
2022-06-16,Tech,0.23473300000000002
2022-06-17,Tech,0.08834822510822511
2022-06-21,Tech,0.11698958333333334
2022-06-22,Tech,0.11818778205128204
2022-06-23,Tech,0.18884190476190477
2022-06-24,Tech,0.1661
2022-06-27,Tech,-0.009807999999999994
2022-06-28,Tech,0.2142255238095238
2022-06-29,Tech,0.07973964285714286
2022-06-30,Tech,0.16612555555555555
2022-07-01,Tech,0.12980755555555556
2022-07-05,Tech,0.17648452380952379
2022-07-06,Tech,0.1578659722222222
2022-07-07,Tech,0.131968
2022-07-08,Tech,0.06432939682539682
2022-07-11,Tech,0.09711866666666667
2022-07-12,Tech,0.2371707142857143
2022-07-13,Tech,0.1152452380952381
2022-07-14,Tech,0.019836031746031747
2022-07-15,Tech,0.15716000000000002
2022-07-18,Tech,0.15673071428571428
2022-07-19,Tech,0.23793557142857144
2022-07-20,Tech,0.040014
2022-07-21,Tech,0.13325464285714286
2022-07-22,Tech,0.19003333333333333
2022-07-25,Tech,0.20978
2022-07-26,Tech,0.07361013636363636
2022-07-27,Tech,0.023094444444444442
2022-07-28,Tech,0.13333233766233765
2022-07-29,Tech,0.04346784090909091
2022-08-01,Tech,0.22549713450292397
2022-08-02,Tech,0.20560694444444444
2022-08-03,Tech,-0.04006928571428571
2022-08-04,Tech,0.13570142857142858
2022-08-05,Tech,0.050596666666666665
2022-08-08,Tech,0.1328666666666667
2022-08-09,Tech,0.08761037037037037
2022-08-10,Tech,0.0713476923076923
2022-08-11,Tech,0.08451339682539682
2022-08-12,Tech,0.09493837662337663
2022-08-15,Tech,0.27806766666666666
2022-08-16,Tech,0.17435819047619047
2022-08-17,Tech,0.19299066666666667
2022-08-18,Tech,0.09979444444444445
2022-08-19,Tech,0.10242
2022-08-22,Tech,0.16227
2022-08-23,Tech,0.25741533333333333
2022-08-24,Tech,0.041184
2022-08-25,Tech,0.14824991596638654
2022-08-26,Tech,0.16537916666666666
2022-08-29,Tech,0.1917832380952381
2022-08-30,Tech,0.07502333333333333
2022-08-31,Tech,0.11686649999999998
2022-09-01,Tech,0.09135833333333333
2022-09-02,Tech,0.007841267507002809
2022-09-06,Tech,0.22613571428571427
2022-09-07,Tech,0.10662194444444444
2022-09-08,Tech,0.11469166666666668
2022-09-09,Tech,0.02906000000000001
2022-09-12,Tech,0.14664866666666668
2022-09-13,Tech,0.03785035714285714
2022-09-14,Tech,0.025618333333333333
2022-09-15,Tech,0.09731583333333334
2022-09-16,Tech,-0.007140478260869556
2022-09-19,Tech,0.053075714285714296
2022-09-20,Tech,0.09093066666666666
2022-09-21,Tech,0.08809869047619048
2022-09-22,Tech,0.03157551282051283
2022-09-23,Tech,0.1434662857142857
2022-09-26,Tech,0.02783228571428572
2022-09-27,Tech,0.08646011904761904
2022-09-28,Tech,0.18781806349206348
2022-09-29,Tech,-0.012209844155844151
2022-09-30,Tech,0.0904715
2022-10-03,Tech,-0.1387766666666667
2022-10-04,Tech,0.3092648809523809
2022-10-05,Tech,0.1498364935064935
2022-10-06,Tech,0.11293427777777779
2022-10-07,Tech,-0.0929625
2022-10-10,Tech,0.0563086842105263
2022-10-11,Tech,0.07669666666666666
2022-10-12,Tech,-0.022358333333333334
2022-10-13,Tech,-0.029268888888888872
2022-10-14,Tech,0.002154999999999997
2022-10-17,Tech,0.07374
2022-10-18,Tech,0.061792
2022-10-19,Tech,0.13744
2022-10-20,Tech,-0.09869666666666668
2022-10-21,Tech,0.20392000000000002
2022-10-24,Tech,0.026856
2022-10-25,Tech,-0.0023473809523809524
2022-10-26,Tech,-0.026002499999999998
2022-10-27,Tech,0.27627999999999997
2022-10-28,Tech,0.01415511111111111
2022-10-31,Tech,0.08755189393939393
2022-11-01,Tech,0.1395535
2022-11-02,Tech,0.10052133333333332
2022-11-03,Tech,0.13055866666666666
2022-11-04,Tech,0.03133273809523809
2022-11-07,Tech,0.0695
2022-11-08,Tech,0.1505207619047619
2022-11-09,Tech,0.09983095238095238
2022-11-10,Tech,0.057275000000000006
2022-11-11,Tech,0.07427292307692308
2022-11-14,Tech,0.1276092857142857
2022-11-15,Tech,0.07508962148962149
2022-11-16,Tech,0.13655250000000002
2022-11-17,Tech,-0.01643138888888889
2022-11-18,Tech,0.08650733333333334
2022-11-21,Tech,0.28147500000000003
2022-11-22,Tech,0.176582
2022-11-23,Tech,0.004435
2022-11-25,Tech,0.21851875
2022-11-28,Tech,-0.003799999999999989
2022-11-29,Tech,0.11016784615384616
2022-11-30,Tech,-0.08916533333333333
2022-12-01,Tech,0.09827666666666666
2022-12-02,Tech,0.19348100000000001
2022-12-05,Tech,0.06956190476190476
2022-12-06,Tech,0.06731428571428572
2022-12-07,Tech,0.006490666666666675
2022-12-08,Tech,0.21540485714285715
2022-12-09,Tech,0.097485
2022-12-12,Tech,0.13170625000000002
2022-12-13,Tech,0.10959714285714287
2022-12-14,Tech,0.16212529761904762
2022-12-15,Tech,0.004423333333333332
2022-12-16,Tech,-0.06620595238095238
2022-12-19,Tech,0.13426104166666666
2022-12-20,Tech,0.012095333333333328
2022-12-21,Tech,0.20069375
2022-12-22,Tech,0.18500171428571427
2022-12-23,Tech,-0.11699016666666666
2022-12-27,Tech,0.09710083333333332
2022-12-28,Tech,-0.024002744588744594
2022-12-29,Tech,0.1082625
2022-12-30,Tech,0.17852666666666667
2023-01-03,Tech,0.044517714285714285
2023-01-04,Tech,0.0988496229260935
2023-01-05,Tech,0.0344045
2023-01-06,Tech,0.22351533333333334
2023-01-09,Tech,0.2309652380952381
2023-01-10,Tech,0.12115619047619046
2023-01-11,Tech,0.23811809523809524
2023-01-12,Tech,0.06118666666666667
2023-01-13,Tech,0.05665833333333333
2023-01-17,Tech,0.100065
2023-01-18,Tech,0.12548147619047617
2023-01-19,Tech,0.18735714285714286
2023-01-20,Tech,0.06193333333333333
2023-01-23,Tech,0.06466866666666667
2023-01-24,Tech,0.04196040100250627
2023-01-25,Tech,0.111053125
2023-01-26,Tech,0.061449166666666666
2023-01-27,Tech,0.09490663492063492
2023-01-30,Tech,-0.0020923148148148116
2023-01-31,Tech,0.08135
2023-02-01,Tech,-0.006035378787878785
2023-02-02,Tech,-0.06427003813882533
2023-02-03,Tech,0.21009666666666668
2023-02-06,Tech,-0.045935833333333335
2023-02-07,Tech,0.20531083333333333
2023-02-08,Tech,0.19244266666666668
2023-02-09,Tech,0.10057160714285714
2023-02-10,Tech,0.21136499999999997
2023-02-13,Tech,0.026444444444444444
2023-02-14,Tech,0.20688285714285715
2023-02-15,Tech,0.21975484848484847
2023-02-16,Tech,-0.009739999999999993
2023-02-17,Tech,0.17857883116883116
2023-02-21,Tech,0.09892727272727272
2023-02-22,Tech,0.11084727272727272
2023-02-23,Tech,0.112917
2023-02-24,Tech,0.014443166666666674
2023-02-27,Tech,0.000439833333333331
2023-02-28,Tech,0.10289992063492064
2023-03-01,Tech,0.31204464285714284
2023-03-02,Tech,0.183314126984127
2023-03-03,Tech,0.08108595238095237
2023-03-06,Tech,0.2062848888888889
2023-03-07,Tech,0.07911199999999999
2023-03-08,Tech,0.11298444444444444
2023-03-09,Tech,0.08803611111111112
2023-03-10,Tech,0.1660287878787879
2023-03-13,Tech,0.06640625
2023-03-14,Tech,0.058681000000000004
2023-03-15,Tech,0.19093854166666666
2023-03-16,Tech,-0.012914761904761905
2023-03-17,Tech,0.11155481818181819
2023-03-20,Tech,0.054474749999999995
2023-03-21,Tech,0.14129133333333332
2023-03-22,Tech,0.076383
2023-03-23,Tech,0.0671015037593985
2023-03-24,Tech,0.1406757142857143
2023-03-27,Tech,0.04642119047619048
2023-03-28,Tech,0.14500497435897436
2023-03-29,Tech,0.12816
2023-03-30,Tech,0.10061
2023-03-31,Tech,0.16753085714285715
2023-04-03,Tech,0.17308566666666667
2023-04-04,Tech,0.15019211060204163
2023-04-05,Tech,0.13741923376623377
2023-04-06,Tech,0.1010967105263158
2023-04-10,Tech,0.3205784615384616
2023-04-11,Tech,0.1816367177559283
2023-04-12,Tech,0.062146
2023-04-13,Tech,0.12446133333333334
2023-04-14,Tech,0.047861551587301585
2023-04-17,Tech,0.1956424761904762
2023-04-18,Tech,0.13280434523809523
2023-04-19,Tech,0.23545190476190475
2023-04-20,Tech,0.14301999999999998
2023-04-21,Tech,0.05578266666666667
2023-04-24,Tech,0.11072671428571428
2023-04-25,Tech,0.2665737777777778
2023-04-26,Tech,0.2505552380952381
2023-04-27,Tech,0.15250950000000002
2023-04-28,Tech,0.08589166666666667
2023-05-01,Tech,0.07181678571428571
2023-05-02,Tech,0.11088849206349208
2023-05-03,Tech,0.05433625000000001
2023-05-04,Tech,0.13492896280190397
2023-05-05,Tech,0.05870332539682539
2023-05-08,Tech,0.019781904761904757
2023-05-09,Tech,0.13794771428571428
2023-05-10,Tech,0.001918910256410264
2023-05-11,Tech,0.108165
2023-05-12,Tech,0.020914488636363634
2023-05-15,Tech,0.095375
2023-05-16,Tech,0.17601240259740258
2023-05-17,Tech,0.09343666666666667
2023-05-18,Tech,0.14877263636363636
2023-05-19,Tech,0.11387083333333334
2023-05-22,Tech,0.23859750000000002
2023-05-23,Tech,0.02401346886446886
2023-05-24,Tech,0.23763
2023-05-25,Tech,0.035610555555555555
2023-05-26,Tech,0.20089055256799937
2023-05-30,Tech,0.13152178861788616
2023-05-31,Tech,0.11756933572567782
2023-06-01,Tech,0.10126848049052398
2023-06-02,Tech,0.16287252252252254
2023-06-05,Tech,0.08822628571428573
2023-06-06,Tech,0.07863474025974027
2023-06-07,Tech,0.020368761904761903
2023-06-08,Tech,0.16101533333333334
2023-06-09,Tech,0.11442140259740259
2023-06-12,Tech,0.06031517543859649
2023-06-13,Tech,0.117506
2023-06-14,Tech,0.12919062184873947
2023-06-15,Tech,0.22483330384785494
2023-06-16,Tech,0.13358736908253038
2023-06-20,Tech,0.1324245543478261
2023-06-21,Tech,0.08854297872340426
2023-06-22,Tech,0.0010769000000000028
2023-06-23,Tech,0.09655476190476191
2023-06-26,Tech,0.144575873015873
2023-06-27,Tech,0.16265189898989899
2023-06-28,Tech,0.18720566666666666
2023-06-29,Tech,0.06356904034272758
2023-06-30,Tech,0.08187301785714288
2023-07-03,Tech,0.051834301075268804
2023-07-05,Tech,0.30290447619047617
2023-07-06,Tech,0.14558209523809523
2023-07-07,Tech,0.02953605838605839
2023-07-10,Tech,0.010512500000000003
2023-07-11,Tech,0.12032349282296653
2023-07-12,Tech,0.1353016446886447
2023-07-13,Tech,0.12270209523809524
2023-07-14,Tech,0.17219555555555557
2023-07-17,Tech,0.13538973076923078
2023-07-18,Tech,0.12574874725274726
2023-07-19,Tech,0.27812781159420286
2023-07-20,Tech,0.20007999999999998
2023-07-21,Tech,0.0767508986013986
2023-07-24,Tech,0.05638270707070707
2023-07-25,Tech,0.17272381818181817
2023-07-26,Tech,0.019382809523809524
2023-07-27,Tech,0.07270494755244755
2023-07-28,Tech,0.07864740919867237
2023-07-31,Tech,0.2580620996860282
2023-08-01,Tech,0.19268152777777778
2023-08-02,Tech,0.20948194117647062
2023-08-03,Tech,0.04898979823813583
2023-08-04,Tech,0.05921790043290043
2023-08-07,Tech,0.06560716666666667
2023-08-08,Tech,0.04432166666666667
2023-08-09,Tech,0.12280142857142858
2023-08-10,Tech,0.13290449999999998
2023-08-11,Tech,0.05378964705882352
2023-08-14,Tech,0.1464437037037037
2023-08-15,Tech,0.13544012987012988
2023-08-16,Tech,0.14408557142857142
2023-08-17,Tech,0.1368229292929293
2023-08-18,Tech,0.06090689458689458
2023-08-21,Tech,0.21295125
2023-08-22,Tech,0.04861909814323608
2023-08-23,Tech,0.09600395238095237
2023-08-24,Tech,0.17819881818181818
2023-08-25,Tech,0.13618988014722797
2023-08-28,Tech,0.039431914893617026
2023-08-29,Tech,0.1928673464124528
2023-08-30,Tech,0.15843557142857143
2023-08-31,Tech,0.13504923436041083
2023-09-01,Tech,0.06660115873015873
2023-09-05,Tech,0.19308714285714287
2023-09-06,Tech,0.2168468238095238
2023-09-07,Tech,0.111524
2023-09-08,Tech,0.14306831944444445
2023-09-11,Tech,0.08128822066822068
2023-09-12,Tech,0.21560957298136646
2023-09-13,Tech,0.0569659
2023-09-14,Tech,0.3511223809523809
2023-09-15,Tech,0.1817830462962963
2023-09-18,Tech,-0.009784778225806447
2023-09-19,Tech,0.16021608956560682
2023-09-20,Tech,0.10251416666666666
2023-09-21,Tech,0.05181746031746033
2023-09-22,Tech,0.19356929166666664
2023-09-25,Tech,0.09927849206349207
2023-09-26,Tech,0.07650407203907203
2023-09-27,Tech,0.07229428571428573
2023-09-28,Tech,0.13169413333333332
2023-09-29,Tech,0.01473066666666667
2023-10-02,Tech,0.08306324675324675
2023-10-03,Tech,0.2007124855144855
2023-10-04,Tech,0.2419584188034188
2023-10-05,Tech,0.08288796923076923
2023-10-06,Tech,0.19214897435897432
2023-10-09,Tech,0.055070769230769236
2023-10-10,Tech,0.1259139681020734
2023-10-11,Tech,0.13123307692307692
2023-10-12,Tech,0.18174037614237615
2023-10-13,Tech,0.11349491666666667
2023-10-16,Tech,0.16645828571428573
2023-10-17,Tech,0.14096538095238093
2023-10-18,Tech,0.07524467210807768
2023-10-19,Tech,0.04115320810971974
2023-10-20,Tech,0.11662679487179486
2023-10-23,Tech,0.12302640096618359
2023-10-24,Tech,0.13968819444444444
2023-10-25,Tech,0.17183583416583417
2023-10-26,Tech,0.15566983918128657
2023-10-27,Tech,0.11379068907563025
2023-10-30,Tech,0.18725419017763845
2023-10-31,Tech,0.03933752980352981
2023-11-01,Tech,0.11477004174573055
2023-11-02,Tech,0.09540184265010351
2023-11-03,Tech,0.1831495111111111
2023-11-06,Tech,0.1469646666666667
2023-11-07,Tech,0.17298536363636363
2023-11-08,Tech,0.3440489898989899
2023-11-09,Tech,0.04945816666666667
2023-11-10,Tech,0.2358506666666667
2023-11-13,Tech,0.24779168840579713
2023-11-14,Tech,0.16490440211640212
2023-11-15,Tech,0.26826717554858936
2023-11-16,Tech,0.07499481962481963
2023-11-17,Tech,0.11446924603174605
2023-11-20,Tech,0.13920559999999998
2023-11-21,Tech,0.20629570921985815
2023-11-22,Tech,0.13417788011695905
2023-11-24,Tech,0.09295460784313726
2023-11-27,Tech,0.10754170033670034
2023-11-28,Tech,0.17230810457516338
2023-11-29,Tech,0.16176678571428574
2023-11-30,Tech,0.20310357142857144
2023-12-01,Tech,0.082137
2023-12-04,Tech,0.07004760784313727
2023-12-05,Tech,0.1755841176470588
2023-12-06,Tech,0.15453813725490198
2023-12-07,Tech,0.1846508888888889
2023-12-08,Tech,0.10266650476190475
2023-12-11,Tech,0.18113311813992458
2023-12-12,Tech,0.12338530612244898
2023-12-13,Tech,0.0967335
2023-12-14,Tech,0.1724762745098039
2023-12-15,Tech,0.144896
2023-12-18,Tech,0.10970402020202022
2023-12-19,Tech,0.11164903061224489
2023-12-20,Tech,0.14781666666666668
2023-12-21,Tech,-0.012939999999999997
2023-12-22,Tech,0.10733749999999999
2023-12-26,Tech,0.09534000000000001
2023-12-27,Tech,0.21273
2023-12-28,Tech,0.181675
2023-12-29,Tech,0.08514999999999999
2020-01-03,Utilities,0.6369
2020-01-06,Utilities,0.14085
2020-01-07,Utilities,0.011312500000000003
2020-01-08,Utilities,0.6369
2020-01-09,Utilities,0.27973333333333333
2020-01-10,Utilities,0.074
2020-01-13,Utilities,0.15612083333333332
2020-01-14,Utilities,0.006599999999999999
2020-01-15,Utilities,0.2927166666666667
2020-01-16,Utilities,0.11571250000000001
2020-01-17,Utilities,0.15306041666666667
2020-01-21,Utilities,0.15105022222222222
2020-01-22,Utilities,0.17614000000000002
2020-01-23,Utilities,0.132628125
2020-01-24,Utilities,-0.035124999999999997
2020-01-27,Utilities,0.19892800000000002
2020-01-28,Utilities,0.00028968253968254115
2020-01-29,Utilities,0.019550000000000005
2020-01-30,Utilities,0.16526875000000002
2020-01-31,Utilities,0.21473166666666665
2020-02-03,Utilities,0.14127499999999998
2020-02-04,Utilities,0.25201250000000003
2020-02-05,Utilities,0.1489375
2020-02-06,Utilities,0.03190333333333333
2020-02-07,Utilities,0.18895
2020-02-10,Utilities,0.17757291666666666
2020-02-11,Utilities,0.14358125
2020-02-12,Utilities,0.21769464285714285
2020-02-13,Utilities,0.34718194444444445
2020-02-14,Utilities,0.2005325
2020-02-18,Utilities,0.158316875
2020-02-19,Utilities,0.27051180555555554
2020-02-20,Utilities,0.17388181818181817
2020-02-21,Utilities,0.10578635897435898
2020-02-24,Utilities,0.39232
2020-02-25,Utilities,0.056410666666666665
2020-02-26,Utilities,0.20475416666666665
2020-02-27,Utilities,0.15936666666666666
2020-02-28,Utilities,0.29736583333333333
2020-03-02,Utilities,-0.049600000000000005
2020-03-03,Utilities,0.22934666666666664
2020-03-04,Utilities,0.0071874999999999994
2020-03-05,Utilities,0.5907116666666666
2020-03-06,Utilities,0.09324166666666667
2020-03-09,Utilities,0.1729125
2020-03-10,Utilities,-0.21495416666666667
2020-03-11,Utilities,0.27871250000000003
2020-03-12,Utilities,0.04209166666666667
2020-03-13,Utilities,0.0020351190476190426
2020-03-16,Utilities,0.1466625
2020-03-17,Utilities,0.24945047619047617
2020-03-18,Utilities,0.23060833333333336
2020-03-19,Utilities,0.31138750000000004
2020-03-20,Utilities,0.23957777777777778
2020-03-23,Utilities,0.11968958333333332
2020-03-24,Utilities,-0.018350357142857158
2020-03-25,Utilities,0.38545
2020-03-26,Utilities,0.3668125
2020-03-27,Utilities,0.12445000000000002
2020-03-30,Utilities,0.4932744444444444
2020-03-31,Utilities,0.16967232142857144
2020-04-01,Utilities,-0.17609375
2020-04-02,Utilities,-0.05755833333333332
2020-04-03,Utilities,0.07491666666666667
2020-04-06,Utilities,0.27299999999999996
2020-04-07,Utilities,0.4456645833333333
2020-04-08,Utilities,0.23341583333333332
2020-04-09,Utilities,0.13875
2020-04-13,Utilities,0.48927499999999996
2020-04-14,Utilities,-0.002799702380952382
2020-04-15,Utilities,0.22797999999999996
2020-04-16,Utilities,0.05419625
2020-04-17,Utilities,0.260425
2020-04-20,Utilities,0.3832455357142857
2020-04-21,Utilities,-0.02623933333333333
2020-04-22,Utilities,-0.07370000000000002
2020-04-23,Utilities,0.01571682692307692
2020-04-24,Utilities,0.1772125
2020-04-27,Utilities,-0.004883333333333332
2020-04-28,Utilities,0.25231597222222224
2020-04-29,Utilities,0.29459444444444444
2020-04-30,Utilities,0.09706666666666668
2020-05-01,Utilities,0.11175000000000002
2020-05-04,Utilities,0.144221875
2020-05-05,Utilities,0.19535
2020-05-06,Utilities,0.2008365
2020-05-07,Utilities,0.16502916666666667
2020-05-08,Utilities,0.14364333333333335
2020-05-11,Utilities,0.09584340909090909
2020-05-12,Utilities,0.20210208333333335
2020-05-13,Utilities,0.19717430555555554
2020-05-14,Utilities,0.3302333333333333
2020-05-15,Utilities,0.156695
2020-05-18,Utilities,0.28302499999999997
2020-05-19,Utilities,0.09799791666666667
2020-05-20,Utilities,0.704375
2020-05-21,Utilities,-0.2553
2020-05-22,Utilities,0.34404666666666667
2020-05-26,Utilities,0.06715000000000002
2020-05-27,Utilities,0.32959999999999995
2020-05-28,Utilities,0.1546875
2020-05-29,Utilities,0.1964
2020-06-01,Utilities,0.21403541666666667
2020-06-02,Utilities,0.10221666666666668
2020-06-03,Utilities,0.21880833333333335
2020-06-04,Utilities,0.0
2020-06-05,Utilities,-0.060719999999999996
2020-06-08,Utilities,0.10298333333333333
2020-06-09,Utilities,0.2732
2020-06-10,Utilities,0.7906
2020-06-11,Utilities,0.1418
2020-06-12,Utilities,0.0
2020-06-15,Utilities,0.30694999999999995
2020-06-16,Utilities,0.54005
2020-06-17,Utilities,0.41805000000000003
2020-06-18,Utilities,0.0
2020-06-19,Utilities,0.4316
2020-06-22,Utilities,0.32135
2020-06-23,Utilities,-0.11163888888888888
2020-06-24,Utilities,0.0683
2020-06-25,Utilities,-0.1027
2020-06-26,Utilities,0.0
2020-06-29,Utilities,0.11333333333333334
2020-06-30,Utilities,0.0
2020-07-01,Utilities,0.17
2020-07-02,Utilities,0.176
2020-07-06,Utilities,0.8074
2020-07-07,Utilities,0.23985845410628018
2020-07-08,Utilities,-0.1796
2020-07-09,Utilities,-0.09633611111111111
2020-07-10,Utilities,0.17556666666666665
2020-07-13,Utilities,0.36819999999999997
2020-07-14,Utilities,0.020249999999999997
2020-07-15,Utilities,0.2732
2020-07-16,Utilities,0.529
2020-07-17,Utilities,0.142975
2020-07-20,Utilities,0.3197
2020-07-21,Utilities,0.0131
2020-07-22,Utilities,0.1495
2020-07-23,Utilities,0.0
2020-07-24,Utilities,0.15332500000000002
2020-07-27,Utilities,0.2648
2020-07-28,Utilities,-0.013293749999999993
2020-07-29,Utilities,0.2202
2020-07-30,Utilities,0.17923333333333333
2020-07-31,Utilities,0.08778333333333332
2020-08-03,Utilities,0.173875
2020-08-04,Utilities,0.3444666666666667
2020-08-05,Utilities,0.3929666666666667
2020-08-06,Utilities,-0.03423333333333333
2020-08-07,Utilities,0.067925
2020-08-10,Utilities,0.0
2020-08-11,Utilities,0.03229444444444445
2020-08-12,Utilities,0.3568
2020-08-13,Utilities,0.02732
2020-08-14,Utilities,0.0
2020-08-17,Utilities,0.6369
2020-08-18,Utilities,0.473775
2020-08-19,Utilities,0.4576
2020-08-20,Utilities,0.0
2020-08-21,Utilities,0.18508
2020-08-24,Utilities,0.32785
2020-08-25,Utilities,-0.03001666666666669
2020-08-26,Utilities,0.1806
2020-08-27,Utilities,0.35112999999999994
2020-08-28,Utilities,0.0
2020-08-31,Utilities,0.0
2020-09-01,Utilities,0.03904333333333333
2020-09-02,Utilities,0.0
2020-09-03,Utilities,0.5934666666666667
2020-09-04,Utilities,0.49135
2020-09-08,Utilities,0.2023
2020-09-09,Utilities,-0.16006857142857142
2020-09-10,Utilities,0.743
2020-09-11,Utilities,0.0
2020-09-14,Utilities,0.0
2020-09-15,Utilities,0.11473749999999999
2020-09-16,Utilities,0.03600833333333333
2020-09-17,Utilities,0.1192125
2020-09-18,Utilities,0.0
2020-09-21,Utilities,0.0
2020-09-22,Utilities,0.5574
2020-09-23,Utilities,0.4404
2020-09-24,Utilities,0.0
2020-09-25,Utilities,0.0
2020-09-28,Utilities,0.0
2020-09-29,Utilities,0.10927333333333333
2020-09-30,Utilities,0.1366
2020-10-01,Utilities,0.35623999999999995
2020-10-02,Utilities,0.4404
2020-10-05,Utilities,0.5106
2020-10-06,Utilities,0.6166375
2020-10-07,Utilities,0.34676666666666667
2020-10-08,Utilities,0.22766666666666668
2020-10-09,Utilities,0.0
2020-10-12,Utilities,0.2023
2020-10-13,Utilities,0.4767
2020-10-14,Utilities,-0.022499999999999992
2020-10-15,Utilities,0.2732
2020-10-16,Utilities,0.5719
2020-10-19,Utilities,0.0
2020-10-20,Utilities,0.39605
2020-10-21,Utilities,0.0
2020-10-22,Utilities,0.09961666666666667
2020-10-23,Utilities,0.16886666666666664
2020-10-26,Utilities,0.204175
2020-10-27,Utilities,0.0643875
2020-10-28,Utilities,0.08895
2020-10-29,Utilities,0.0
2020-10-30,Utilities,0.10744999999999999
2020-11-02,Utilities,0.1366
2020-11-03,Utilities,-0.02381666666666667
2020-11-04,Utilities,0.28595
2020-11-05,Utilities,0.016541666666666666
2020-11-06,Utilities,0.326075
2020-11-09,Utilities,0.14980000000000002
2020-11-10,Utilities,0.15142857142857144
2020-11-11,Utilities,0.2732
2020-11-12,Utilities,0.14784999999999998
2020-11-13,Utilities,0.3165166666666667
2020-11-16,Utilities,0.0
2020-11-17,Utilities,-0.11735
2020-11-18,Utilities,0.0
2020-11-19,Utilities,0.2083
2020-11-20,Utilities,-0.039775
2020-11-23,Utilities,0.05303333333333333
2020-11-24,Utilities,0.3072166666666667
2020-11-25,Utilities,0.2023
2020-11-27,Utilities,0.37870000000000004
2020-11-30,Utilities,0.5267
2020-12-01,Utilities,0.1361125
2020-12-02,Utilities,0.2732
2020-12-03,Utilities,0.2823875
2020-12-04,Utilities,0.0
2020-12-07,Utilities,0.22615000000000002
2020-12-08,Utilities,0.2732
2020-12-09,Utilities,0.33873333333333333
2020-12-10,Utilities,0.57375
2020-12-11,Utilities,0.12511666666666665
2020-12-14,Utilities,0.14049999999999999
2020-12-15,Utilities,0.13331666666666667
2020-12-16,Utilities,0.0
2020-12-17,Utilities,0.0
2020-12-18,Utilities,0.20631666666666668
2020-12-21,Utilities,0.2732
2020-12-22,Utilities,0.211175
2020-12-23,Utilities,0.148
2020-12-24,Utilities,0.1366
2020-12-28,Utilities,0.0
2020-12-29,Utilities,0.45315
2020-12-30,Utilities,0.0
2020-12-31,Utilities,0.0
2021-01-04,Utilities,0.4404
2021-01-05,Utilities,0.196125
2021-01-06,Utilities,0.21230000000000002
2021-01-07,Utilities,0.0
2021-01-08,Utilities,0.1366
2021-01-11,Utilities,0.16861666666666666
2021-01-12,Utilities,0.3454
2021-01-13,Utilities,0.40635
2021-01-14,Utilities,0.20827777777777778
2021-01-15,Utilities,-0.3818
2021-01-19,Utilities,0.4404
2021-01-20,Utilities,0.045533333333333335
2021-01-21,Utilities,0.050575
2021-01-22,Utilities,0.0
2021-01-25,Utilities,0.1661
2021-01-26,Utilities,0.19028333333333336
2021-01-27,Utilities,0.1979375
2021-01-28,Utilities,0.4959
2021-01-29,Utilities,0.31026666666666664
2021-02-01,Utilities,0.18926666666666667
2021-02-02,Utilities,0.5081
2021-02-03,Utilities,0.2732
2021-02-04,Utilities,0.11023888888888889
2021-02-05,Utilities,0.2809
2021-02-08,Utilities,0.11273333333333334
2021-02-09,Utilities,0.21815
2021-02-10,Utilities,0.2732
2021-02-11,Utilities,0.211575
2021-02-12,Utilities,-0.012074999999999999
2021-02-16,Utilities,0.18653333333333333
2021-02-17,Utilities,0.4229625
2021-02-18,Utilities,0.2889
2021-02-19,Utilities,0.23835
2021-02-22,Utilities,0.60075
2021-02-23,Utilities,0.2732
2021-02-24,Utilities,0.12096666666666667
2021-02-25,Utilities,-0.05313333333333333
2021-02-26,Utilities,0.0
2021-03-01,Utilities,-0.09866666666666667
2021-03-02,Utilities,0.0623
2021-03-03,Utilities,-0.07089999999999999
2021-03-04,Utilities,0.2023
2021-03-05,Utilities,0.5563
2021-03-08,Utilities,0.19469999999999998
2021-03-09,Utilities,-0.100475
2021-03-10,Utilities,-0.0853
2021-03-11,Utilities,0.3919
2021-03-12,Utilities,0.0
2021-03-15,Utilities,0.28175
2021-03-16,Utilities,0.24906666666666666
2021-03-17,Utilities,0.06388888888888888
2021-03-18,Utilities,0.0
2021-03-19,Utilities,0.17
2021-03-22,Utilities,0.0
2021-03-23,Utilities,0.0
2021-03-24,Utilities,0.0683
2021-03-25,Utilities,0.0
2021-03-26,Utilities,0.44489999999999996
2021-03-29,Utilities,0.296
2021-03-30,Utilities,0.47358749999999994
2021-03-31,Utilities,0.0
2021-04-01,Utilities,0.1366
2021-04-05,Utilities,0.07048888888888889
2021-04-06,Utilities,0.08873333333333333
2021-04-07,Utilities,0.0
2021-04-08,Utilities,0.1366
2021-04-09,Utilities,0.3996
2021-04-12,Utilities,0.2732
2021-04-13,Utilities,0.33926666666666666
2021-04-14,Utilities,0.0758888888888889
2021-04-15,Utilities,0.4279625
2021-04-16,Utilities,0.36005
2021-04-19,Utilities,0.0
2021-04-20,Utilities,0.113075
2021-04-21,Utilities,0.3276
2021-04-22,Utilities,0.1815357142857143
2021-04-23,Utilities,0.18547499999999997
2021-04-26,Utilities,0.09106666666666667
2021-04-27,Utilities,0.10916666666666668
2021-04-28,Utilities,0.07541666666666667
2021-04-29,Utilities,0.17826666666666666
2021-04-30,Utilities,0.0
2021-05-03,Utilities,0.197405
2021-05-04,Utilities,0.33525
2021-05-05,Utilities,0.3594
2021-05-06,Utilities,0.07373333333333333
2021-05-07,Utilities,0.0
2021-05-10,Utilities,0.1897333333333333
2021-05-11,Utilities,0.4433392857142857
2021-05-12,Utilities,0.0
2021-05-13,Utilities,0.22503333333333334
2021-05-14,Utilities,0.1909
2021-05-17,Utilities,0.5106
2021-05-18,Utilities,0.1366
2021-05-19,Utilities,0.1806
2021-05-20,Utilities,0.6908
2021-05-21,Utilities,0.19334999999999997
2021-05-24,Utilities,0.21230000000000002
2021-05-25,Utilities,0.28036666666666665
2021-05-26,Utilities,0.2732
2021-05-27,Utilities,0.3715
2021-05-28,Utilities,0.36345
2021-06-01,Utilities,0.2732
2021-06-02,Utilities,0.20101666666666665
2021-06-03,Utilities,0.43463333333333337
2021-06-04,Utilities,0.0
2021-06-07,Utilities,0.62465
2021-06-08,Utilities,0.0
2021-06-09,Utilities,0.2083
2021-06-10,Utilities,0.1366
2021-06-11,Utilities,0.0
2021-06-14,Utilities,0.0
2021-06-15,Utilities,0.23534166666666667
2021-06-16,Utilities,0.6249
2021-06-17,Utilities,0.0
2021-06-18,Utilities,0.4019
2021-06-21,Utilities,0.0
2021-06-22,Utilities,0.12572708333333332
2021-06-23,Utilities,0.0
2021-06-24,Utilities,-0.13797500000000001
2021-06-25,Utilities,0.5488500000000001
2021-06-28,Utilities,0.7096
2021-06-29,Utilities,0.34165
2021-06-30,Utilities,0.29583333333333334
2021-07-01,Utilities,0.24695
2021-07-02,Utilities,0.1366
2021-07-06,Utilities,0.2732
2021-07-07,Utilities,0.2214
2021-07-08,Utilities,0.296
2021-07-09,Utilities,0.6348499999999999
2021-07-12,Utilities,0.1366
2021-07-13,Utilities,0.09106666666666667
2021-07-14,Utilities,0.10455
2021-07-15,Utilities,0.34
2021-07-16,Utilities,-0.3182
2021-07-19,Utilities,0.3231833333333333
2021-07-20,Utilities,0.056833333333333326
2021-07-21,Utilities,0.1366
2021-07-22,Utilities,-0.07955
2021-07-23,Utilities,0.10423750000000001
2021-07-26,Utilities,0.25210000000000005
2021-07-27,Utilities,0.33912916666666665
2021-07-28,Utilities,0.0
2021-07-29,Utilities,0.0
2021-07-30,Utilities,0.16463333333333333
2021-08-02,Utilities,0.0
2021-08-03,Utilities,-0.15541666666666665
2021-08-04,Utilities,0.0
2021-08-05,Utilities,0.1366
2021-08-06,Utilities,0.17333333333333334
2021-08-09,Utilities,0.166275
2021-08-10,Utilities,0.2533166666666667
2021-08-11,Utilities,0.2436
2021-08-12,Utilities,0.0683
2021-08-13,Utilities,0.060275
2021-08-16,Utilities,0.243
2021-08-17,Utilities,0.14350416666666668
2021-08-18,Utilities,0.296
2021-08-19,Utilities,0.0
2021-08-20,Utilities,0.0
2021-08-23,Utilities,0.5144333333333333
2021-08-24,Utilities,-0.006933333333333329
2021-08-25,Utilities,-0.07744444444444444
2021-08-26,Utilities,0.0116
2021-08-27,Utilities,0.0
2021-08-30,Utilities,0.0
2021-08-31,Utilities,0.36600000000000005
2021-09-01,Utilities,-0.1366
2021-09-02,Utilities,0.1733
2021-09-03,Utilities,0.29569999999999996
2021-09-07,Utilities,0.0
2021-09-08,Utilities,0.057208333333333326
2021-09-09,Utilities,0.0
2021-09-10,Utilities,0.0
2021-09-13,Utilities,0.36124999999999996
2021-09-14,Utilities,0.12365
2021-09-15,Utilities,0.0
2021-09-16,Utilities,0.5488500000000001
2021-09-17,Utilities,0.17020000000000002
2021-09-20,Utilities,-0.3182
2021-09-21,Utilities,0.16972500000000001
2021-09-22,Utilities,0.42405
2021-09-23,Utilities,0.5917
2021-09-24,Utilities,0.37877500000000003
2021-09-27,Utilities,0.0
2021-09-28,Utilities,0.3046125
2021-09-29,Utilities,-0.01466666666666667
2021-09-30,Utilities,0.26335
2021-10-01,Utilities,-0.13302222222222224
2021-10-04,Utilities,0.0
2021-10-05,Utilities,-0.13883333333333334
2021-10-06,Utilities,0.0683
2021-10-07,Utilities,0.0
2021-10-08,Utilities,0.4939
2021-10-11,Utilities,0.0
2021-10-12,Utilities,0.15591666666666665
2021-10-13,Utilities,0.0
2021-10-14,Utilities,-0.1909
2021-10-15,Utilities,-0.042899999999999994
2021-10-18,Utilities,0.2772
2021-10-19,Utilities,0.16975
2021-10-20,Utilities,0.03612
2021-10-21,Utilities,0.30424666666666667
2021-10-22,Utilities,0.0
2021-10-25,Utilities,0.3538
2021-10-26,Utilities,0.3654
2021-10-27,Utilities,0.1366
2021-10-28,Utilities,0.0734
2021-10-29,Utilities,-0.13874999999999998
2021-11-01,Utilities,0.2732
2021-11-02,Utilities,0.2936
2021-11-03,Utilities,0.0
2021-11-04,Utilities,0.01811666666666668
2021-11-05,Utilities,0.08942499999999999
2021-11-08,Utilities,0.18638333333333335
2021-11-09,Utilities,0.09106666666666667
2021-11-10,Utilities,-0.015749999999999993
2021-11-11,Utilities,0.0
2021-11-12,Utilities,-0.0043
2021-11-15,Utilities,0.4215
2021-11-16,Utilities,0.5260833333333333
2021-11-17,Utilities,0.11315
2021-11-18,Utilities,0.31845
2021-11-19,Utilities,0.09866666666666667
2021-11-22,Utilities,0.29295
2021-11-23,Utilities,0.17057777777777774
2021-11-24,Utilities,0.0
2021-11-26,Utilities,0.34
2021-11-29,Utilities,0.0
2021-11-30,Utilities,0.23775000000000002
2021-12-01,Utilities,0.292825
2021-12-02,Utilities,0.045533333333333335
2021-12-03,Utilities,0.0
2021-12-06,Utilities,0.4153
2021-12-07,Utilities,0.2612333333333333
2021-12-08,Utilities,0.424975
2021-12-09,Utilities,-0.2732
2021-12-10,Utilities,0.0
2021-12-13,Utilities,0.296
2021-12-14,Utilities,0.35165
2021-12-15,Utilities,0.1815
2021-12-16,Utilities,0.09106666666666667
2021-12-17,Utilities,0.0
2021-12-20,Utilities,0.0
2021-12-21,Utilities,0.2880666666666667
2021-12-22,Utilities,0.5794
2021-12-23,Utilities,0.0
2021-12-27,Utilities,0.4576
2021-12-28,Utilities,-0.10115
2021-12-29,Utilities,-0.01056666666666665
2021-12-30,Utilities,0.2197166666666667
2021-12-31,Utilities,0.429075
2022-01-03,Utilities,0.1366
2022-01-04,Utilities,0.07545
2022-01-05,Utilities,0.20779999999999998
2022-01-06,Utilities,0.20395000000000002
2022-01-07,Utilities,0.296
2022-01-10,Utilities,0.14880000000000002
2022-01-11,Utilities,0.4137375
2022-01-12,Utilities,0.148
2022-01-13,Utilities,0.0
2022-01-14,Utilities,0.26381666666666664
2022-01-18,Utilities,0.129225
2022-01-19,Utilities,0.38975333333333334
2022-01-20,Utilities,0.1315366666666667
2022-01-21,Utilities,0.3859375
2022-01-24,Utilities,0.20318
2022-01-25,Utilities,0.06109166666666666
2022-01-26,Utilities,0.32624166666666665
2022-01-27,Utilities,0.30034999999999995
2022-01-28,Utilities,0.2808083333333333
2022-01-31,Utilities,0.22712666666666664
2022-02-01,Utilities,0.17562499999999998
2022-02-02,Utilities,0.3771
2022-02-03,Utilities,0.2650666666666667
2022-02-04,Utilities,0.40759999999999996
2022-02-07,Utilities,0.262725
2022-02-08,Utilities,0.14033333333333334
2022-02-09,Utilities,0.26043333333333335
2022-02-10,Utilities,0.34496666666666664
2022-02-11,Utilities,0.22026399999999996
2022-02-14,Utilities,0.147532
2022-02-15,Utilities,0.24825999999999998
2022-02-16,Utilities,0.2973
2022-02-17,Utilities,0.15103333333333332
2022-02-18,Utilities,0.17450333333333334
2022-02-22,Utilities,0.007506249999999999
2022-02-23,Utilities,0.03414133333333334
2022-02-24,Utilities,0.0758888888888889
2022-02-25,Utilities,0.04601666666666666
2022-02-28,Utilities,0.1591
2022-03-01,Utilities,0.2690722222222222
2022-03-02,Utilities,0.11189166666666667
2022-03-03,Utilities,0.0
2022-03-04,Utilities,-0.1591
2022-03-07,Utilities,0.19538333333333335
2022-03-08,Utilities,0.21910833333333332
2022-03-09,Utilities,0.05769999999999999
2022-03-10,Utilities,0.035449999999999995
2022-03-11,Utilities,0.062360000000000006
2022-03-14,Utilities,0.5574
2022-03-15,Utilities,0.07681666666666666
2022-03-16,Utilities,0.23775000000000002
2022-03-17,Utilities,0.15
2022-03-18,Utilities,0.07665
2022-03-21,Utilities,0.4019
2022-03-22,Utilities,-0.00516
2022-03-23,Utilities,0.47209999999999996
2022-03-24,Utilities,0.2732
2022-03-25,Utilities,0.2732
2022-03-28,Utilities,0.06589999999999999
2022-03-29,Utilities,0.37665333333333334
2022-03-30,Utilities,0.06812666666666667
2022-03-31,Utilities,0.5673333333333334
2022-04-01,Utilities,0.2969625
2022-04-04,Utilities,0.38966666666666666
2022-04-05,Utilities,0.1858
2022-04-06,Utilities,0.27115
2022-04-07,Utilities,0.38558333333333333
2022-04-08,Utilities,0.17498888888888886
2022-04-11,Utilities,0.0
2022-04-12,Utilities,0.2553
2022-04-13,Utilities,0.284875
2022-04-14,Utilities,0.0
2022-04-18,Utilities,0.22555
2022-04-19,Utilities,0.23904999999999998
2022-04-20,Utilities,0.2612666666666667
2022-04-21,Utilities,0.0129
2022-04-22,Utilities,0.094915
2022-04-25,Utilities,0.13824533333333333
2022-04-26,Utilities,0.20026875
2022-04-27,Utilities,0.3597
2022-04-28,Utilities,0.11397222222222221
2022-04-29,Utilities,0.11132666666666666
2022-05-02,Utilities,0.3003777777777778
2022-05-03,Utilities,0.19405777777777777
2022-05-04,Utilities,0.24270999999999998
2022-05-05,Utilities,-0.022058730158730156
2022-05-06,Utilities,0.03735333333333333
2022-05-09,Utilities,0.108155
2022-05-10,Utilities,0.061818749999999985
2022-05-11,Utilities,0.0
2022-05-12,Utilities,0.17556666666666665
2022-05-13,Utilities,0.007808333333333336
2022-05-16,Utilities,0.331775
2022-05-17,Utilities,0.2732
2022-05-18,Utilities,0.31206
2022-05-19,Utilities,0.0
2022-05-20,Utilities,0.276575
2022-05-23,Utilities,0.06638055555555555
2022-05-24,Utilities,0.1938625
2022-05-25,Utilities,0.21023750000000002
2022-05-26,Utilities,0.18213333333333334
2022-05-27,Utilities,0.16945
2022-05-31,Utilities,0.3818
2022-06-01,Utilities,0.21101166666666665
2022-06-02,Utilities,0.4337125
2022-06-03,Utilities,0.5295
2022-06-06,Utilities,0.18145
2022-06-07,Utilities,0.1417111111111111
2022-06-08,Utilities,0.20395
2022-06-09,Utilities,0.3246666666666667
2022-06-10,Utilities,0.10734666666666666
2022-06-13,Utilities,0.2335375
2022-06-14,Utilities,0.10225
2022-06-15,Utilities,0.1557166666666667
2022-06-16,Utilities,0.0
2022-06-17,Utilities,0.03946000000000001
2022-06-21,Utilities,0.1525
2022-06-22,Utilities,0.17663333333333334
2022-06-23,Utilities,0.3825033333333333
2022-06-24,Utilities,0.255
2022-06-27,Utilities,0.1591
2022-06-28,Utilities,0.14325000000000002
2022-06-29,Utilities,0.19215416666666668
2022-06-30,Utilities,0.19032499999999997
2022-07-01,Utilities,0.14246
2022-07-05,Utilities,-0.055299999999999995
2022-07-06,Utilities,0.27973333333333333
2022-07-07,Utilities,0.4032
2022-07-08,Utilities,0.44795
2022-07-11,Utilities,0.16378333333333334
2022-07-12,Utilities,0.15499166666666667
2022-07-13,Utilities,0.0
2022-07-14,Utilities,0.13396666666666665
2022-07-15,Utilities,0.10898333333333333
2022-07-18,Utilities,0.29412
2022-07-19,Utilities,0.21922533333333333
2022-07-20,Utilities,0.24207916666666668
2022-07-21,Utilities,0.047725
2022-07-22,Utilities,0.10825
2022-07-25,Utilities,0.03426
2022-07-26,Utilities,0.18688333333333332
2022-07-27,Utilities,0.19828800000000002
2022-07-28,Utilities,0.16386
2022-07-29,Utilities,0.17211714285714286
2022-08-01,Utilities,0.27461
2022-08-02,Utilities,0.1512
2022-08-03,Utilities,0.22416250000000001
2022-08-04,Utilities,0.134932
2022-08-05,Utilities,0.2568114285714286
2022-08-08,Utilities,0.0719625
2022-08-09,Utilities,0.07984250000000001
2022-08-10,Utilities,0.13548
2022-08-11,Utilities,0.2230233333333333
2022-08-12,Utilities,-0.022133333333333345
2022-08-15,Utilities,0.4136
2022-08-16,Utilities,0.2270625
2022-08-17,Utilities,0.13069375
2022-08-18,Utilities,0.3844
2022-08-19,Utilities,0.32965
2022-08-22,Utilities,0.09446666666666666
2022-08-23,Utilities,0.3041916666666667
2022-08-24,Utilities,0.050875000000000004
2022-08-25,Utilities,0.388975
2022-08-26,Utilities,0.24612
2022-08-29,Utilities,0.2049
2022-08-30,Utilities,0.360375
2022-08-31,Utilities,0.04425
2022-09-01,Utilities,0.22106666666666666
2022-09-02,Utilities,0.11444000000000001
2022-09-06,Utilities,0.1264111111111111
2022-09-07,Utilities,0.2709875
2022-09-08,Utilities,0.19389
2022-09-09,Utilities,0.15284333333333336
2022-09-12,Utilities,0.3106875
2022-09-13,Utilities,0.23996666666666666
2022-09-14,Utilities,0.0086
2022-09-15,Utilities,0.3314666666666667
2022-09-16,Utilities,0.29800166666666666
2022-09-19,Utilities,0.3941733333333334
2022-09-20,Utilities,0.22746
2022-09-21,Utilities,0.0851
2022-09-22,Utilities,0.3902
2022-09-23,Utilities,0.14293958333333334
2022-09-26,Utilities,0.19818333333333335
2022-09-27,Utilities,0.57756
2022-09-28,Utilities,0.12478333333333334
2022-09-29,Utilities,-0.04951666666666665
2022-09-30,Utilities,0.3818
2022-10-03,Utilities,0.0593
2022-10-04,Utilities,0.08222499999999999
2022-10-05,Utilities,0.11873124999999998
2022-10-06,Utilities,0.22012
2022-10-07,Utilities,0.1245375
2022-10-10,Utilities,0.2694833333333333
2022-10-11,Utilities,0.45730000000000004
2022-10-12,Utilities,0.2722333333333333
2022-10-13,Utilities,0.022766666666666668
2022-10-14,Utilities,0.1366
2022-10-17,Utilities,0.2151
2022-10-18,Utilities,-0.09354
2022-10-19,Utilities,0.4255
2022-10-20,Utilities,-0.0050416666666666665
2022-10-21,Utilities,0.12504666666666667
2022-10-24,Utilities,0.11818499999999998
2022-10-25,Utilities,0.22193999999999997
2022-10-26,Utilities,0.10206666666666667
2022-10-27,Utilities,0.16080833333333333
2022-10-28,Utilities,0.09596666666666667
2022-10-31,Utilities,0.18228333333333332
2022-11-01,Utilities,0.3995866666666667
2022-11-02,Utilities,0.4153
2022-11-03,Utilities,0.20775
2022-11-04,Utilities,0.15884791666666667
2022-11-07,Utilities,0.14405
2022-11-08,Utilities,-0.012233333333333332
2022-11-09,Utilities,0.1897333333333333
2022-11-10,Utilities,0.09595000000000001
2022-11-11,Utilities,0.395275
2022-11-14,Utilities,0.11735999999999999
2022-11-15,Utilities,0.048155
2022-11-16,Utilities,0.2755
2022-11-17,Utilities,0.2215875
2022-11-18,Utilities,0.0
2022-11-21,Utilities,0.07875
2022-11-22,Utilities,0.0860625
2022-11-23,Utilities,0.0
2022-11-25,Utilities,0.24009999999999998
2022-11-28,Utilities,0.217675
2022-11-29,Utilities,0.2553
2022-11-30,Utilities,0.17276666666666665
2022-12-01,Utilities,0.16963333333333333
2022-12-02,Utilities,0.24657500000000002
2022-12-05,Utilities,0.42545
2022-12-06,Utilities,0.20786875
2022-12-07,Utilities,-0.038275
2022-12-08,Utilities,0.3615333333333333
2022-12-09,Utilities,-0.11315
2022-12-12,Utilities,0.09625833333333333
2022-12-13,Utilities,0.300475
2022-12-14,Utilities,0.17884375000000002
2022-12-15,Utilities,0.0
2022-12-16,Utilities,0.40754999999999997
2022-12-19,Utilities,0.31727500000000003
2022-12-20,Utilities,0.27981666666666666
2022-12-21,Utilities,0.4362583333333333
2022-12-22,Utilities,0.45505
2022-12-23,Utilities,0.0
2022-12-27,Utilities,0.45930000000000004
2022-12-28,Utilities,0.13076444444444446
2022-12-29,Utilities,0.1366
2022-12-30,Utilities,0.015149999999999997
2023-01-03,Utilities,0.07731999999999999
2023-01-04,Utilities,0.135575
2023-01-05,Utilities,0.19968750000000002
2023-01-06,Utilities,0.18598333333333333
2023-01-09,Utilities,0.04500000000000001
2023-01-10,Utilities,0.07377666666666667
2023-01-11,Utilities,-0.125
2023-01-12,Utilities,0.08693333333333335
2023-01-13,Utilities,0.16933333333333334
2023-01-17,Utilities,0.29478333333333334
2023-01-18,Utilities,0.21316249999999998
2023-01-19,Utilities,0.2732
2023-01-20,Utilities,0.16392
2023-01-23,Utilities,0.15063888888888888
2023-01-24,Utilities,0.20159666666666665
2023-01-25,Utilities,0.24128750000000002
2023-01-26,Utilities,0.19643
2023-01-27,Utilities,0.14764
2023-01-30,Utilities,0.17973333333333333
2023-01-31,Utilities,0.12533333333333335
2023-02-01,Utilities,0.23127083333333331
2023-02-02,Utilities,-0.02065
2023-02-03,Utilities,0.29441666666666666
2023-02-06,Utilities,0.33467083333333336
2023-02-07,Utilities,0.15076666666666666
2023-02-08,Utilities,0.2514208333333333
2023-02-09,Utilities,0.238755303030303
2023-02-10,Utilities,0.21886
2023-02-13,Utilities,0.09106666666666667
2023-02-14,Utilities,0.22849583333333334
2023-02-15,Utilities,0.12393000000000001
2023-02-16,Utilities,0.221775
2023-02-17,Utilities,0.19308645833333332
2023-02-21,Utilities,0.04086666666666666
2023-02-22,Utilities,0.048961111111111115
2023-02-23,Utilities,0.18041666666666667
2023-02-24,Utilities,0.07072
2023-02-27,Utilities,0.083665
2023-02-28,Utilities,0.173532
2023-03-01,Utilities,0.227525
2023-03-02,Utilities,0.35366666666666663
2023-03-03,Utilities,0.09106666666666667
2023-03-06,Utilities,0.03463333333333334
2023-03-07,Utilities,0.0440125
2023-03-08,Utilities,0.08139666666666667
2023-03-09,Utilities,-0.018375000000000016
2023-03-10,Utilities,0.07955
2023-03-13,Utilities,0.27644583333333334
2023-03-14,Utilities,0.3269875
2023-03-15,Utilities,-0.004044444444444443
2023-03-16,Utilities,0.29046875
2023-03-17,Utilities,0.1459
2023-03-20,Utilities,0.23022083333333332
2023-03-21,Utilities,0.13736666666666666
2023-03-22,Utilities,0.2442375
2023-03-23,Utilities,0.045533333333333335
2023-03-24,Utilities,0.10625000000000001
2023-03-27,Utilities,0.35015
2023-03-28,Utilities,0.09494375
2023-03-29,Utilities,0.39759374999999997
2023-03-30,Utilities,0.07046250000000001
2023-03-31,Utilities,0.2148625
2023-04-03,Utilities,0.1426111111111111
2023-04-04,Utilities,0.30360624999999997
2023-04-05,Utilities,0.18112083333333334
2023-04-06,Utilities,0.135575
2023-04-10,Utilities,0.349725
2023-04-11,Utilities,0.31014
2023-04-12,Utilities,0.08196
2023-04-13,Utilities,0.3095111111111111
2023-04-14,Utilities,0.1800225
2023-04-17,Utilities,0.14492333333333335
2023-04-18,Utilities,0.08781875
2023-04-19,Utilities,0.08896066666666666
2023-04-20,Utilities,0.27201333333333333
2023-04-21,Utilities,0.11793066666666667
2023-04-24,Utilities,0.0
2023-04-25,Utilities,0.07439423076923077
2023-04-26,Utilities,0.14902
2023-04-27,Utilities,0.22783333333333333
2023-04-28,Utilities,0.15072666666666665
2023-05-01,Utilities,0.08052333333333332
2023-05-02,Utilities,0.03741
2023-05-03,Utilities,0.21361666666666665
2023-05-04,Utilities,0.14476
2023-05-05,Utilities,0.053005555555555556
2023-05-08,Utilities,0.11216666666666666
2023-05-09,Utilities,0.2549166666666667
2023-05-10,Utilities,0.1557892857142857
2023-05-11,Utilities,0.19761333333333334
2023-05-12,Utilities,0.29835833333333334
2023-05-15,Utilities,0.12914375
2023-05-16,Utilities,0.2668166666666667
2023-05-17,Utilities,0.23775000000000002
2023-05-18,Utilities,0.1247375
2023-05-19,Utilities,0.17556666666666665
2023-05-22,Utilities,0.1827
2023-05-23,Utilities,0.10899999999999999
2023-05-24,Utilities,-0.3612
2023-05-25,Utilities,0.1728
2023-05-26,Utilities,0.04933333333333333
2023-05-30,Utilities,0.22503333333333334
2023-05-31,Utilities,0.11341666666666667
2023-06-01,Utilities,0.3891
2023-06-02,Utilities,0.20077333333333333
2023-06-05,Utilities,0.2436
2023-06-06,Utilities,0.08196
2023-06-07,Utilities,0.0
2023-06-08,Utilities,0.4035166666666667
2023-06-09,Utilities,0.15345999999999999
2023-06-12,Utilities,0.09582708333333334
2023-06-13,Utilities,0.16839166666666666
2023-06-14,Utilities,0.07782666666666668
2023-06-15,Utilities,0.4089583333333333
2023-06-16,Utilities,-0.041666666666666664
2023-06-20,Utilities,0.34970000000000007
2023-06-21,Utilities,-0.1314
2023-06-22,Utilities,0.21825555555555556
2023-06-23,Utilities,0.289875
2023-06-26,Utilities,0.19664166666666666
2023-06-27,Utilities,0.31494666666666665
2023-06-28,Utilities,0.23006500000000002
2023-06-29,Utilities,0.09106666666666667
2023-06-30,Utilities,0.20905
2023-07-03,Utilities,0.16813
2023-07-05,Utilities,0.18412777777777778
2023-07-06,Utilities,0.32635000000000003
2023-07-07,Utilities,0.17359733333333333
2023-07-10,Utilities,0.24284444444444445
2023-07-11,Utilities,0.19278000000000003
2023-07-12,Utilities,0.22027166666666664
2023-07-13,Utilities,0.09106666666666667
2023-07-14,Utilities,0.0562
2023-07-17,Utilities,0.19321666666666668
2023-07-18,Utilities,0.0937375
2023-07-19,Utilities,0.26611999999999997
2023-07-20,Utilities,-0.0143
2023-07-21,Utilities,0.38201111111111113
2023-07-24,Utilities,0.0969
2023-07-25,Utilities,0.06353333333333333
2023-07-26,Utilities,0.173956
2023-07-27,Utilities,0.43438333333333334
2023-07-28,Utilities,0.03963714285714286
2023-07-31,Utilities,0.033716666666666666
2023-08-01,Utilities,0.3491
2023-08-02,Utilities,0.09626
2023-08-03,Utilities,0.012009999999999998
2023-08-04,Utilities,0.07632333333333333
2023-08-07,Utilities,0.100984
2023-08-08,Utilities,0.091735
2023-08-09,Utilities,0.051699999999999996
2023-08-10,Utilities,0.23204999999999998
2023-08-11,Utilities,0.09966
2023-08-14,Utilities,0.20358333333333334
2023-08-15,Utilities,0.4170333333333333
2023-08-16,Utilities,0.030355555555555556
2023-08-17,Utilities,0.1909
2023-08-18,Utilities,0.3325166666666667
2023-08-21,Utilities,0.142075
2023-08-22,Utilities,-0.08815999999999999
2023-08-23,Utilities,0.0
2023-08-24,Utilities,0.081655
2023-08-25,Utilities,0.10653541666666667
2023-08-28,Utilities,0.17226666666666668
2023-08-29,Utilities,0.04334583333333333
2023-08-30,Utilities,0.30974999999999997
2023-08-31,Utilities,0.19699166666666668
2023-09-01,Utilities,0.154555
2023-09-05,Utilities,0.2977375
2023-09-06,Utilities,0.1665
2023-09-07,Utilities,0.08006727272727272
2023-09-08,Utilities,0.27001
2023-09-11,Utilities,0.14417666666666668
2023-09-12,Utilities,-0.12352666666666665
2023-09-13,Utilities,-0.03693333333333333
2023-09-14,Utilities,0.13178
2023-09-15,Utilities,0.21654
2023-09-18,Utilities,0.27118333333333333
2023-09-19,Utilities,0.11584444444444446
2023-09-20,Utilities,0.3801666666666667
2023-09-21,Utilities,0.17329166666666668
2023-09-22,Utilities,0.018453333333333318
2023-09-25,Utilities,-0.025675
2023-09-26,Utilities,0.2463888888888889
2023-09-27,Utilities,0.28165
2023-09-28,Utilities,-0.007531333333333334
2023-09-29,Utilities,0.11423055555555556
2023-10-02,Utilities,0.490372
2023-10-03,Utilities,0.21872904761904763
2023-10-04,Utilities,0.18224500000000002
2023-10-05,Utilities,0.10316666666666667
2023-10-06,Utilities,0.17467166666666667
2023-10-09,Utilities,0.17071
2023-10-10,Utilities,0.007808333333333336
2023-10-11,Utilities,0.28176666666666667
2023-10-12,Utilities,0.07206666666666665
2023-10-13,Utilities,0.09213125000000001
2023-10-16,Utilities,0.44453333333333334
2023-10-17,Utilities,0.07195
2023-10-18,Utilities,0.20010833333333333
2023-10-19,Utilities,0.1298875
2023-10-20,Utilities,0.1417
2023-10-23,Utilities,0.187475
2023-10-24,Utilities,-0.082775
2023-10-25,Utilities,-0.0024916666666666607
2023-10-26,Utilities,0.14581111111111114
2023-10-27,Utilities,0.2806598571428571
2023-10-30,Utilities,0.3041682539682539
2023-10-31,Utilities,0.168775
2023-11-01,Utilities,0.065905
2023-11-02,Utilities,0.035853333333333334
2023-11-03,Utilities,0.1673585396825397
2023-11-06,Utilities,0.02921785714285715
2023-11-07,Utilities,0.20941875000000001
2023-11-08,Utilities,0.242475
2023-11-09,Utilities,0.14740666666666666
2023-11-10,Utilities,0.318625
2023-11-13,Utilities,0.3923625
2023-11-14,Utilities,0.09435833333333334
2023-11-15,Utilities,0.39180000000000004
2023-11-16,Utilities,0.0
2023-11-17,Utilities,0.27993999999999997
2023-11-20,Utilities,0.14132499999999998
2023-11-21,Utilities,0.1366
2023-11-22,Utilities,0.026019999999999998
2023-11-24,Utilities,0.21307333333333334
2023-11-27,Utilities,0.17715
2023-11-28,Utilities,0.2371375
2023-11-29,Utilities,0.0683
2023-11-30,Utilities,0.17829166666666665
2023-12-01,Utilities,0.3484555555555556
2023-12-04,Utilities,0.27263333333333334
2023-12-05,Utilities,0.3710333333333333
2023-12-06,Utilities,0.1531
2023-12-07,Utilities,0.23564444444444443
2023-12-08,Utilities,0.16547499999999998
2023-12-11,Utilities,0.03415
2023-12-12,Utilities,0.10922799999999999
2023-12-13,Utilities,0.06729
2023-12-14,Utilities,0.14765833333333334
2023-12-15,Utilities,0.23744666666666667
2023-12-18,Utilities,0.08417777777777778
2023-12-19,Utilities,0.10245
2023-12-20,Utilities,0.0
2023-12-21,Utilities,0.0
2023-12-22,Utilities,0.0
2023-12-26,Utilities,0.0
2023-12-27,Utilities,0.0
2023-12-28,Utilities,0.0
2023-12-29,Utilities,0.0
